#pragma once

#include <Arduino.h>

// Generated from base-alarm.wav.
const uint8_t BASE_ALARM_WAV[] PROGMEM = {
  0x52, 0x49, 0x46, 0x46, 0x10, 0x70, 0x00, 0x00, 0x57, 0x41, 0x56, 0x45,
  0x66, 0x6D, 0x74, 0x20, 0x10, 0x00, 0x00, 0x00, 0x01, 0x00, 0x01, 0x00,
  0x22, 0x56, 0x00, 0x00, 0x44, 0xAC, 0x00, 0x00, 0x02, 0x00, 0x10, 0x00,
  0x64, 0x61, 0x74, 0x61, 0xEC, 0x6F, 0x00, 0x00, 0x00, 0x00, 0x0D, 0x00,
  0x1A, 0x00, 0x28, 0x00, 0x35, 0x00, 0x42, 0x00, 0x4F, 0x00, 0x5C, 0x00,
  0x6A, 0x00, 0x77, 0x00, 0x84, 0x00, 0x91, 0x00, 0x9F, 0x00, 0xAC, 0x00,
  0xB9, 0x00, 0xC6, 0x00, 0xD3, 0x00, 0xE1, 0x00, 0xEE, 0x00, 0xFB, 0x00,
  0x08, 0x01, 0x15, 0x01, 0x23, 0x01, 0x30, 0x01, 0x3D, 0x01, 0x4A, 0x01,
  0x57, 0x01, 0x65, 0x01, 0x72, 0x01, 0x7F, 0x01, 0x8C, 0x01, 0x99, 0x01,
  0xA7, 0x01, 0xB4, 0x01, 0xC1, 0x01, 0xCE, 0x01, 0xDC, 0x01, 0xE9, 0x01,
  0xF6, 0x01, 0x03, 0x02, 0x10, 0x02, 0x1E, 0x02, 0xD5, 0xFD, 0xC8, 0xFD,
  0xBB, 0xFD, 0xAE, 0xFD, 0xA0, 0xFD, 0x93, 0xFD, 0x86, 0xFD, 0x79, 0xFD,
  0x6C, 0xFD, 0x5E, 0xFD, 0x51, 0xFD, 0x44, 0xFD, 0x37, 0xFD, 0x29, 0xFD,
  0x1C, 0xFD, 0x0F, 0xFD, 0x02, 0xFD, 0xF5, 0xFC, 0xE7, 0xFC, 0xDA, 0xFC,
  0xCD, 0xFC, 0xC0, 0xFC, 0xB3, 0xFC, 0xA5, 0xFC, 0x98, 0xFC, 0x8B, 0xFC,
  0x7E, 0xFC, 0x71, 0xFC, 0x63, 0xFC, 0x56, 0xFC, 0x49, 0xFC, 0x3C, 0xFC,
  0x2F, 0xFC, 0x21, 0xFC, 0x14, 0xFC, 0x07, 0xFC, 0xFA, 0xFB, 0xEC, 0xFB,
  0xDF, 0xFB, 0xD2, 0xFB, 0xC5, 0xFB, 0xB8, 0xFB, 0x56, 0x04, 0x63, 0x04,
  0x70, 0x04, 0x7D, 0x04, 0x8A, 0x04, 0x98, 0x04, 0xA5, 0x04, 0xB2, 0x04,
  0xBF, 0x04, 0xCC, 0x04, 0xDA, 0x04, 0xE7, 0x04, 0xF4, 0x04, 0x01, 0x05,
  0x0E, 0x05, 0x1C, 0x05, 0x29, 0x05, 0x36, 0x05, 0x43, 0x05, 0x51, 0x05,
  0x5E, 0x05, 0x6B, 0x05, 0x78, 0x05, 0x85, 0x05, 0x93, 0x05, 0xA0, 0x05,
  0xAD, 0x05, 0xBA, 0x05, 0xC7, 0x05, 0xD5, 0x05, 0xE2, 0x05, 0xEF, 0x05,
  0xFC, 0x05, 0x09, 0x06, 0x17, 0x06, 0x24, 0x06, 0x31, 0x06, 0x3E, 0x06,
  0x4C, 0x06, 0x59, 0x06, 0x66, 0x06, 0x73, 0x06, 0x80, 0x06, 0x72, 0xF9,
  0x65, 0xF9, 0x58, 0xF9, 0x4B, 0xF9, 0x3E, 0xF9, 0x30, 0xF9, 0x23, 0xF9,
  0x16, 0xF9, 0x09, 0xF9, 0xFC, 0xF8, 0xEE, 0xF8, 0xE1, 0xF8, 0xD4, 0xF8,
  0xC7, 0xF8, 0xBA, 0xF8, 0xAC, 0xF8, 0x9F, 0xF8, 0x92, 0xF8, 0x85, 0xF8,
  0x77, 0xF8, 0x6A, 0xF8, 0x5D, 0xF8, 0x50, 0xF8, 0x43, 0xF8, 0x35, 0xF8,
  0x28, 0xF8, 0x1B, 0xF8, 0x0E, 0xF8, 0x01, 0xF8, 0xF3, 0xF7, 0xE6, 0xF7,
  0xD9, 0xF7, 0xCC, 0xF7, 0xBF, 0xF7, 0xB1, 0xF7, 0xA4, 0xF7, 0x97, 0xF7,
  0x8A, 0xF7, 0x7C, 0xF7, 0x6F, 0xF7, 0x62, 0xF7, 0x55, 0xF7, 0xB8, 0x08,
  0xC6, 0x08, 0xD3, 0x08, 0xE0, 0x08, 0xED, 0x08, 0xFA, 0x08, 0x08, 0x09,
  0x15, 0x09, 0x22, 0x09, 0x2F, 0x09, 0x3C, 0x09, 0x4A, 0x09, 0x57, 0x09,
  0x64, 0x09, 0x71, 0x09, 0x7E, 0x09, 0x8C, 0x09, 0x99, 0x09, 0xA6, 0x09,
  0xB3, 0x09, 0xC1, 0x09, 0xCE, 0x09, 0xDB, 0x09, 0xE8, 0x09, 0xF5, 0x09,
  0x03, 0x0A, 0x10, 0x0A, 0x1D, 0x0A, 0x2A, 0x0A, 0x37, 0x0A, 0x45, 0x0A,
  0x52, 0x0A, 0x5F, 0x0A, 0x6C, 0x0A, 0x79, 0x0A, 0x87, 0x0A, 0x94, 0x0A,
  0xA1, 0x0A, 0xAE, 0x0A, 0xBC, 0x0A, 0xC9, 0x0A, 0xD6, 0x0A, 0xE3, 0x0A,
  0x10, 0xF5, 0x02, 0xF5, 0xF5, 0xF4, 0xE8, 0xF4, 0xDB, 0xF4, 0xCE, 0xF4,
  0xC0, 0xF4, 0xB3, 0xF4, 0xA6, 0xF4, 0x99, 0xF4, 0x8C, 0xF4, 0x7E, 0xF4,
  0x71, 0xF4, 0x64, 0xF4, 0x57, 0xF4, 0x4A, 0xF4, 0x3C, 0xF4, 0x2F, 0xF4,
  0x22, 0xF4, 0x15, 0xF4, 0x07, 0xF4, 0xFA, 0xF3, 0xED, 0xF3, 0xE0, 0xF3,
  0xD3, 0xF3, 0xC5, 0xF3, 0xB8, 0xF3, 0xAB, 0xF3, 0x9E, 0xF3, 0x91, 0xF3,
  0x83, 0xF3, 0x76, 0xF3, 0x69, 0xF3, 0x5C, 0xF3, 0x4F, 0xF3, 0x41, 0xF3,
  0x34, 0xF3, 0x27, 0xF3, 0x1A, 0xF3, 0x0C, 0xF3, 0xFF, 0xF2, 0xF2, 0xF2,
  0x1B, 0x0D, 0x28, 0x0D, 0x36, 0x0D, 0x43, 0x0D, 0x50, 0x0D, 0x5D, 0x0D,
  0x6A, 0x0D, 0x78, 0x0D, 0x85, 0x0D, 0x92, 0x0D, 0x9F, 0x0D, 0xAC, 0x0D,
  0xBA, 0x0D, 0xC7, 0x0D, 0xD4, 0x0D, 0xE1, 0x0D, 0xEE, 0x0D, 0xFC, 0x0D,
  0x09, 0x0E, 0x16, 0x0E, 0x23, 0x0E, 0x31, 0x0E, 0x3E, 0x0E, 0x4B, 0x0E,
  0x58, 0x0E, 0x65, 0x0E, 0x73, 0x0E, 0x80, 0x0E, 0x8D, 0x0E, 0x9A, 0x0E,
  0xA7, 0x0E, 0xB5, 0x0E, 0xC2, 0x0E, 0xCF, 0x0E, 0xDC, 0x0E, 0xE9, 0x0E,
  0xF7, 0x0E, 0x04, 0x0F, 0x11, 0x0F, 0x1E, 0x0F, 0x2B, 0x0F, 0x39, 0x0F,
  0xBA, 0xF0, 0xAD, 0xF0, 0xA0, 0xF0, 0x92, 0xF0, 0x85, 0xF0, 0x78, 0xF0,
  0x6B, 0xF0, 0x5E, 0xF0, 0x50, 0xF0, 0x43, 0xF0, 0x36, 0xF0, 0x29, 0xF0,
  0x1C, 0xF0, 0x0E, 0xF0, 0x01, 0xF0, 0xF4, 0xEF, 0xE7, 0xEF, 0xDA, 0xEF,
  0xCC, 0xEF, 0xBF, 0xEF, 0xB2, 0xEF, 0xA5, 0xEF, 0x97, 0xEF, 0x8A, 0xEF,
  0x7D, 0xEF, 0x70, 0xEF, 0x63, 0xEF, 0x55, 0xEF, 0x48, 0xEF, 0x3B, 0xEF,
  0x2E, 0xEF, 0x21, 0xEF, 0x13, 0xEF, 0x06, 0xEF, 0xF9, 0xEE, 0xEC, 0xEE,
  0xDF, 0xEE, 0xD1, 0xEE, 0xC4, 0xEE, 0xB7, 0xEE, 0xAA, 0xEE, 0x9D, 0xEE,
  0x8F, 0xEE, 0x7E, 0x11, 0x8B, 0x11, 0x98, 0x11, 0xA6, 0x11, 0xB3, 0x11,
  0xC0, 0x11, 0xCD, 0x11, 0xDA, 0x11, 0xE8, 0x11, 0xF5, 0x11, 0x02, 0x12,
  0x0F, 0x12, 0x1C, 0x12, 0x2A, 0x12, 0x37, 0x12, 0x44, 0x12, 0x51, 0x12,
  0x5E, 0x12, 0x6C, 0x12, 0x79, 0x12, 0x86, 0x12, 0x93, 0x12, 0xA1, 0x12,
  0xAE, 0x12, 0xBB, 0x12, 0xC8, 0x12, 0xD5, 0x12, 0xE3, 0x12, 0xF0, 0x12,
  0xFD, 0x12, 0x0A, 0x13, 0x17, 0x13, 0x25, 0x13, 0x32, 0x13, 0x3F, 0x13,
  0x4C, 0x13, 0x59, 0x13, 0x67, 0x13, 0x74, 0x13, 0x81, 0x13, 0x8E, 0x13,
  0x9B, 0x13, 0x57, 0xEC, 0x4A, 0xEC, 0x3D, 0xEC, 0x30, 0xEC, 0x22, 0xEC,
  0x15, 0xEC, 0x08, 0xEC, 0xFB, 0xEB, 0xEE, 0xEB, 0xE0, 0xEB, 0xD3, 0xEB,
  0xC6, 0xEB, 0xB9, 0xEB, 0xAC, 0xEB, 0x9E, 0xEB, 0x91, 0xEB, 0x85, 0xEB,
  0x85, 0xEB, 0x85, 0xEB, 0x85, 0xEB, 0x85, 0xEB, 0x85, 0xEB, 0x85, 0xEB,
  0x85, 0xEB, 0x85, 0xEB, 0x85, 0xEB, 0x85, 0xEB, 0x85, 0xEB, 0x85, 0xEB,
  0x85, 0xEB, 0x85, 0xEB, 0x85, 0xEB, 0x85, 0xEB, 0x85, 0xEB, 0x85, 0xEB,
  0x85, 0xEB, 0x85, 0xEB, 0x85, 0xEB, 0x85, 0xEB, 0x85, 0xEB, 0x85, 0xEB,
  0x85, 0xEB, 0x85, 0xEB, 0x7B, 0x14, 0x7B, 0x14, 0x7B, 0x14, 0x7B, 0x14,
  0x7B, 0x14, 0x7B, 0x14, 0x7B, 0x14, 0x7B, 0x14, 0x7B, 0x14, 0x7B, 0x14,
  0x7B, 0x14, 0x7B, 0x14, 0x7B, 0x14, 0x7B, 0x14, 0x7B, 0x14, 0x7B, 0x14,
  0x7B, 0x14, 0x7B, 0x14, 0x7B, 0x14, 0x7B, 0x14, 0x7B, 0x14, 0x7B, 0x14,
  0x7B, 0x14, 0x7B, 0x14, 0x7B, 0x14, 0x7B, 0x14, 0x7B, 0x14, 0x7B, 0x14,
  0x7B, 0x14, 0x7B, 0x14, 0x7B, 0x14, 0x7B, 0x14, 0x7B, 0x14, 0x7B, 0x14,
  0x7B, 0x14, 0x7B, 0x14, 0x7B, 0x14, 0x7B, 0x14, 0x7B, 0x14, 0x7B, 0x14,
  0x7B, 0x14, 0x7B, 0x14, 0x85, 0xEB, 0x85, 0xEB, 0x85, 0xEB, 0x85, 0xEB,
  0x85, 0xEB, 0x85, 0xEB, 0x85, 0xEB, 0x85, 0xEB, 0x85, 0xEB, 0x85, 0xEB,
  0x85, 0xEB, 0x85, 0xEB, 0x85, 0xEB, 0x85, 0xEB, 0x85, 0xEB, 0x85, 0xEB,
  0x85, 0xEB, 0x85, 0xEB, 0x85, 0xEB, 0x85, 0xEB, 0x85, 0xEB, 0x85, 0xEB,
  0x85, 0xEB, 0x85, 0xEB, 0x85, 0xEB, 0x85, 0xEB, 0x85, 0xEB, 0x85, 0xEB,
  0x85, 0xEB, 0x85, 0xEB, 0x85, 0xEB, 0x85, 0xEB, 0x85, 0xEB, 0x85, 0xEB,
  0x85, 0xEB, 0x85, 0xEB, 0x85, 0xEB, 0x85, 0xEB, 0x85, 0xEB, 0x85, 0xEB,
  0x85, 0xEB, 0x85, 0xEB, 0x7B, 0x14, 0x7B, 0x14, 0x7B, 0x14, 0x7B, 0x14,
  0x7B, 0x14, 0x7B, 0x14, 0x7B, 0x14, 0x7B, 0x14, 0x7B, 0x14, 0x7B, 0x14,
  0x7B, 0x14, 0x7B, 0x14, 0x7B, 0x14, 0x7B, 0x14, 0x7B, 0x14, 0x7B, 0x14,
  0x7B, 0x14, 0x7B, 0x14, 0x7B, 0x14, 0x7B, 0x14, 0x7B, 0x14, 0x7B, 0x14,
  0x7B, 0x14, 0x7B, 0x14, 0x7B, 0x14, 0x7B, 0x14, 0x7B, 0x14, 0x7B, 0x14,
  0x7B, 0x14, 0x7B, 0x14, 0x7B, 0x14, 0x7B, 0x14, 0x7B, 0x14, 0x7B, 0x14,
  0x7B, 0x14, 0x7B, 0x14, 0x7B, 0x14, 0x7B, 0x14, 0x7B, 0x14, 0x7B, 0x14,
  0x7B, 0x14, 0x7B, 0x14, 0x7B, 0x14, 0x85, 0xEB, 0x85, 0xEB, 0x85, 0xEB,
  0x85, 0xEB, 0x85, 0xEB, 0x85, 0xEB, 0x85, 0xEB, 0x85, 0xEB, 0x85, 0xEB,
  0x85, 0xEB, 0x85, 0xEB, 0x85, 0xEB, 0x85, 0xEB, 0x85, 0xEB, 0x85, 0xEB,
  0x85, 0xEB, 0x85, 0xEB, 0x85, 0xEB, 0x85, 0xEB, 0x85, 0xEB, 0x85, 0xEB,
  0x85, 0xEB, 0x85, 0xEB, 0x85, 0xEB, 0x85, 0xEB, 0x85, 0xEB, 0x85, 0xEB,
  0x85, 0xEB, 0x85, 0xEB, 0x85, 0xEB, 0x85, 0xEB, 0x85, 0xEB, 0x85, 0xEB,
  0x85, 0xEB, 0x85, 0xEB, 0x85, 0xEB, 0x85, 0xEB, 0x85, 0xEB, 0x85, 0xEB,
  0x85, 0xEB, 0x85, 0xEB, 0x85, 0xEB, 0x7B, 0x14, 0x7B, 0x14, 0x7B, 0x14,
  0x7B, 0x14, 0x7B, 0x14, 0x7B, 0x14, 0x7B, 0x14, 0x7B, 0x14, 0x7B, 0x14,
  0x7B, 0x14, 0x7B, 0x14, 0x7B, 0x14, 0x7B, 0x14, 0x7B, 0x14, 0x7B, 0x14,
  0x7B, 0x14, 0x7B, 0x14, 0x7B, 0x14, 0x7B, 0x14, 0x7B, 0x14, 0x7B, 0x14,
  0x7B, 0x14, 0x7B, 0x14, 0x7B, 0x14, 0x7B, 0x14, 0x7B, 0x14, 0x7B, 0x14,
  0x7B, 0x14, 0x7B, 0x14, 0x7B, 0x14, 0x7B, 0x14, 0x7B, 0x14, 0x7B, 0x14,
  0x7B, 0x14, 0x7B, 0x14, 0x7B, 0x14, 0x7B, 0x14, 0x7B, 0x14, 0x7B, 0x14,
  0x7B, 0x14, 0x7B, 0x14, 0x7B, 0x14, 0x7B, 0x14, 0x85, 0xEB, 0x85, 0xEB,
  0x85, 0xEB, 0x85, 0xEB, 0x85, 0xEB, 0x85, 0xEB, 0x85, 0xEB, 0x85, 0xEB,
  0x85, 0xEB, 0x85, 0xEB, 0x85, 0xEB, 0x85, 0xEB, 0x85, 0xEB, 0x85, 0xEB,
  0x85, 0xEB, 0x85, 0xEB, 0x85, 0xEB, 0x85, 0xEB, 0x85, 0xEB, 0x85, 0xEB,
  0x85, 0xEB, 0x85, 0xEB, 0x85, 0xEB, 0x85, 0xEB, 0x85, 0xEB, 0x85, 0xEB,
  0x85, 0xEB, 0x85, 0xEB, 0x85, 0xEB, 0x85, 0xEB, 0x85, 0xEB, 0x85, 0xEB,
  0x85, 0xEB, 0x85, 0xEB, 0x85, 0xEB, 0x85, 0xEB, 0x85, 0xEB, 0x85, 0xEB,
  0x85, 0xEB, 0x85, 0xEB, 0x85, 0xEB, 0x85, 0xEB, 0x7B, 0x14, 0x7B, 0x14,
  0x7B, 0x14, 0x7B, 0x14, 0x7B, 0x14, 0x7B, 0x14, 0x7B, 0x14, 0x7B, 0x14,
  0x7B, 0x14, 0x7B, 0x14, 0x7B, 0x14, 0x7B, 0x14, 0x7B, 0x14, 0x7B, 0x14,
  0x7B, 0x14, 0x7B, 0x14, 0x7B, 0x14, 0x7B, 0x14, 0x7B, 0x14, 0x7B, 0x14,
  0x7B, 0x14, 0x7B, 0x14, 0x7B, 0x14, 0x7B, 0x14, 0x7B, 0x14, 0x7B, 0x14,
  0x7B, 0x14, 0x7B, 0x14, 0x7B, 0x14, 0x7B, 0x14, 0x7B, 0x14, 0x7B, 0x14,
  0x7B, 0x14, 0x7B, 0x14, 0x7B, 0x14, 0x7B, 0x14, 0x7B, 0x14, 0x7B, 0x14,
  0x7B, 0x14, 0x7B, 0x14, 0x7B, 0x14, 0x7B, 0x14, 0x85, 0xEB, 0x85, 0xEB,
  0x85, 0xEB, 0x85, 0xEB, 0x85, 0xEB, 0x85, 0xEB, 0x85, 0xEB, 0x85, 0xEB,
  0x85, 0xEB, 0x85, 0xEB, 0x85, 0xEB, 0x85, 0xEB, 0x85, 0xEB, 0x85, 0xEB,
  0x85, 0xEB, 0x85, 0xEB, 0x85, 0xEB, 0x85, 0xEB, 0x85, 0xEB, 0x85, 0xEB,
  0x85, 0xEB, 0x85, 0xEB, 0x85, 0xEB, 0x85, 0xEB, 0x85, 0xEB, 0x85, 0xEB,
  0x85, 0xEB, 0x85, 0xEB, 0x85, 0xEB, 0x85, 0xEB, 0x85, 0xEB, 0x85, 0xEB,
  0x85, 0xEB, 0x85, 0xEB, 0x85, 0xEB, 0x85, 0xEB, 0x85, 0xEB, 0x85, 0xEB,
  0x85, 0xEB, 0x85, 0xEB, 0x85, 0xEB, 0x85, 0xEB, 0x85, 0xEB, 0x7B, 0x14,
  0x7B, 0x14, 0x7B, 0x14, 0x7B, 0x14, 0x7B, 0x14, 0x7B, 0x14, 0x7B, 0x14,
  0x7B, 0x14, 0x7B, 0x14, 0x7B, 0x14, 0x7B, 0x14, 0x7B, 0x14, 0x7B, 0x14,
  0x7B, 0x14, 0x7B, 0x14, 0x7B, 0x14, 0x7B, 0x14, 0x7B, 0x14, 0x7B, 0x14,
  0x7B, 0x14, 0x7B, 0x14, 0x7B, 0x14, 0x7B, 0x14, 0x7B, 0x14, 0x7B, 0x14,
  0x7B, 0x14, 0x7B, 0x14, 0x7B, 0x14, 0x7B, 0x14, 0x7B, 0x14, 0x7B, 0x14,
  0x7B, 0x14, 0x7B, 0x14, 0x7B, 0x14, 0x7B, 0x14, 0x7B, 0x14, 0x7B, 0x14,
  0x7B, 0x14, 0x7B, 0x14, 0x7B, 0x14, 0x7B, 0x14, 0x7B, 0x14, 0x85, 0xEB,
  0x85, 0xEB, 0x85, 0xEB, 0x85, 0xEB, 0x85, 0xEB, 0x85, 0xEB, 0x85, 0xEB,
  0x85, 0xEB, 0x85, 0xEB, 0x85, 0xEB, 0x85, 0xEB, 0x85, 0xEB, 0x85, 0xEB,
  0x85, 0xEB, 0x85, 0xEB, 0x85, 0xEB, 0x85, 0xEB, 0x85, 0xEB, 0x85, 0xEB,
  0x85, 0xEB, 0x85, 0xEB, 0x85, 0xEB, 0x85, 0xEB, 0x85, 0xEB, 0x85, 0xEB,
  0x85, 0xEB, 0x85, 0xEB, 0x85, 0xEB, 0x85, 0xEB, 0x85, 0xEB, 0x85, 0xEB,
  0x85, 0xEB, 0x85, 0xEB, 0x85, 0xEB, 0x85, 0xEB, 0x85, 0xEB, 0x85, 0xEB,
  0x85, 0xEB, 0x85, 0xEB, 0x85, 0xEB, 0x85, 0xEB, 0x85, 0xEB, 0x85, 0xEB,
  0x7B, 0x14, 0x7B, 0x14, 0x7B, 0x14, 0x7B, 0x14, 0x7B, 0x14, 0x7B, 0x14,
  0x7B, 0x14, 0x7B, 0x14, 0x7B, 0x14, 0x7B, 0x14, 0x7B, 0x14, 0x7B, 0x14,
  0x7B, 0x14, 0x7B, 0x14, 0x7B, 0x14, 0x7B, 0x14, 0x7B, 0x14, 0x7B, 0x14,
  0x7B, 0x14, 0x7B, 0x14, 0x7B, 0x14, 0x7B, 0x14, 0x7B, 0x14, 0x7B, 0x14,
  0x7B, 0x14, 0x7B, 0x14, 0x7B, 0x14, 0x7B, 0x14, 0x7B, 0x14, 0x7B, 0x14,
  0x7B, 0x14, 0x7B, 0x14, 0x7B, 0x14, 0x7B, 0x14, 0x7B, 0x14, 0x7B, 0x14,
  0x7B, 0x14, 0x7B, 0x14, 0x7B, 0x14, 0x7B, 0x14, 0x7B, 0x14, 0x7B, 0x14,
  0x85, 0xEB, 0x85, 0xEB, 0x85, 0xEB, 0x85, 0xEB, 0x85, 0xEB, 0x85, 0xEB,
  0x85, 0xEB, 0x85, 0xEB, 0x85, 0xEB, 0x85, 0xEB, 0x85, 0xEB, 0x85, 0xEB,
  0x85, 0xEB, 0x85, 0xEB, 0x85, 0xEB, 0x85, 0xEB, 0x85, 0xEB, 0x85, 0xEB,
  0x85, 0xEB, 0x85, 0xEB, 0x85, 0xEB, 0x85, 0xEB, 0x85, 0xEB, 0x85, 0xEB,
  0x85, 0xEB, 0x85, 0xEB, 0x85, 0xEB, 0x85, 0xEB, 0x85, 0xEB, 0x85, 0xEB,
  0x85, 0xEB, 0x85, 0xEB, 0x85, 0xEB, 0x85, 0xEB, 0x85, 0xEB, 0x85, 0xEB,
  0x85, 0xEB, 0x85, 0xEB, 0x85, 0xEB, 0x85, 0xEB, 0x85, 0xEB, 0x85, 0xEB,
  0x7B, 0x14, 0x7B, 0x14, 0x7B, 0x14, 0x7B, 0x14, 0x7B, 0x14, 0x7B, 0x14,
  0x7B, 0x14, 0x7B, 0x14, 0x7B, 0x14, 0x7B, 0x14, 0x7B, 0x14, 0x7B, 0x14,
  0x7B, 0x14, 0x7B, 0x14, 0x7B, 0x14, 0x7B, 0x14, 0x7B, 0x14, 0x7B, 0x14,
  0x7B, 0x14, 0x7B, 0x14, 0x7B, 0x14, 0x7B, 0x14, 0x7B, 0x14, 0x7B, 0x14,
  0x7B, 0x14, 0x7B, 0x14, 0x7B, 0x14, 0x7B, 0x14, 0x7B, 0x14, 0x7B, 0x14,
  0x7B, 0x14, 0x7B, 0x14, 0x7B, 0x14, 0x7B, 0x14, 0x7B, 0x14, 0x7B, 0x14,
  0x7B, 0x14, 0x7B, 0x14, 0x7B, 0x14, 0x7B, 0x14, 0x7B, 0x14, 0x7B, 0x14,
  0x7B, 0x14, 0x85, 0xEB, 0x85, 0xEB, 0x85, 0xEB, 0x85, 0xEB, 0x85, 0xEB,
  0x85, 0xEB, 0x85, 0xEB, 0x85, 0xEB, 0x85, 0xEB, 0x85, 0xEB, 0x85, 0xEB,
  0x85, 0xEB, 0x85, 0xEB, 0x85, 0xEB, 0x85, 0xEB, 0x85, 0xEB, 0x85, 0xEB,
  0x85, 0xEB, 0x85, 0xEB, 0x85, 0xEB, 0x85, 0xEB, 0x85, 0xEB, 0x85, 0xEB,
  0x85, 0xEB, 0x85, 0xEB, 0x85, 0xEB, 0x85, 0xEB, 0x85, 0xEB, 0x85, 0xEB,
  0x85, 0xEB, 0x85, 0xEB, 0x85, 0xEB, 0x85, 0xEB, 0x85, 0xEB, 0x85, 0xEB,
  0x85, 0xEB, 0x85, 0xEB, 0x85, 0xEB, 0x85, 0xEB, 0x85, 0xEB, 0x85, 0xEB,
  0x85, 0xEB, 0x7B, 0x14, 0x7B, 0x14, 0x7B, 0x14, 0x7B, 0x14, 0x7B, 0x14,
  0x7B, 0x14, 0x7B, 0x14, 0x7B, 0x14, 0x7B, 0x14, 0x7B, 0x14, 0x7B, 0x14,
  0x7B, 0x14, 0x7B, 0x14, 0x7B, 0x14, 0x7B, 0x14, 0x7B, 0x14, 0x7B, 0x14,
  0x7B, 0x14, 0x7B, 0x14, 0x7B, 0x14, 0x7B, 0x14, 0x7B, 0x14, 0x7B, 0x14,
  0x7B, 0x14, 0x7B, 0x14, 0x7B, 0x14, 0x7B, 0x14, 0x7B, 0x14, 0x7B, 0x14,
  0x7B, 0x14, 0x7B, 0x14, 0x7B, 0x14, 0x7B, 0x14, 0x7B, 0x14, 0x7B, 0x14,
  0x7B, 0x14, 0x7B, 0x14, 0x7B, 0x14, 0x7B, 0x14, 0x7B, 0x14, 0x7B, 0x14,
  0x7B, 0x14, 0x7B, 0x14, 0x85, 0xEB, 0x85, 0xEB, 0x85, 0xEB, 0x85, 0xEB,
  0x85, 0xEB, 0x85, 0xEB, 0x85, 0xEB, 0x85, 0xEB, 0x85, 0xEB, 0x85, 0xEB,
  0x85, 0xEB, 0x85, 0xEB, 0x85, 0xEB, 0x85, 0xEB, 0x85, 0xEB, 0x85, 0xEB,
  0x85, 0xEB, 0x85, 0xEB, 0x85, 0xEB, 0x85, 0xEB, 0x85, 0xEB, 0x85, 0xEB,
  0x85, 0xEB, 0x85, 0xEB, 0x85, 0xEB, 0x85, 0xEB, 0x85, 0xEB, 0x85, 0xEB,
  0x85, 0xEB, 0x85, 0xEB, 0x85, 0xEB, 0x85, 0xEB, 0x85, 0xEB, 0x85, 0xEB,
  0x85, 0xEB, 0x85, 0xEB, 0x85, 0xEB, 0x85, 0xEB, 0x85, 0xEB, 0x85, 0xEB,
  0x85, 0xEB, 0x85, 0xEB, 0x7B, 0x14, 0x7B, 0x14, 0x7B, 0x14, 0x7B, 0x14,
  0x7B, 0x14, 0x7B, 0x14, 0x7B, 0x14, 0x7B, 0x14, 0x7B, 0x14, 0x7B, 0x14,
  0x7B, 0x14, 0x7B, 0x14, 0x7B, 0x14, 0x7B, 0x14, 0x7B, 0x14, 0x7B, 0x14,
  0x7B, 0x14, 0x7B, 0x14, 0x7B, 0x14, 0x7B, 0x14, 0x7B, 0x14, 0x7B, 0x14,
  0x7B, 0x14, 0x7B, 0x14, 0x7B, 0x14, 0x7B, 0x14, 0x7B, 0x14, 0x7B, 0x14,
  0x7B, 0x14, 0x7B, 0x14, 0x7B, 0x14, 0x7B, 0x14, 0x7B, 0x14, 0x7B, 0x14,
  0x7B, 0x14, 0x7B, 0x14, 0x7B, 0x14, 0x7B, 0x14, 0x7B, 0x14, 0x7B, 0x14,
  0x7B, 0x14, 0x7B, 0x14, 0x85, 0xEB, 0x85, 0xEB, 0x85, 0xEB, 0x85, 0xEB,
  0x85, 0xEB, 0x85, 0xEB, 0x85, 0xEB, 0x85, 0xEB, 0x85, 0xEB, 0x85, 0xEB,
  0x85, 0xEB, 0x85, 0xEB, 0x85, 0xEB, 0x85, 0xEB, 0x85, 0xEB, 0x85, 0xEB,
  0x85, 0xEB, 0x85, 0xEB, 0x85, 0xEB, 0x85, 0xEB, 0x85, 0xEB, 0x85, 0xEB,
  0x85, 0xEB, 0x85, 0xEB, 0x85, 0xEB, 0x85, 0xEB, 0x85, 0xEB, 0x85, 0xEB,
  0x85, 0xEB, 0x85, 0xEB, 0x85, 0xEB, 0x85, 0xEB, 0x85, 0xEB, 0x85, 0xEB,
  0x85, 0xEB, 0x85, 0xEB, 0x85, 0xEB, 0x85, 0xEB, 0x85, 0xEB, 0x85, 0xEB,
  0x85, 0xEB, 0x85, 0xEB, 0x85, 0xEB, 0x7B, 0x14, 0x7B, 0x14, 0x7B, 0x14,
  0x7B, 0x14, 0x7B, 0x14, 0x7B, 0x14, 0x7B, 0x14, 0x7B, 0x14, 0x7B, 0x14,
  0x7B, 0x14, 0x7B, 0x14, 0x7B, 0x14, 0x7B, 0x14, 0x7B, 0x14, 0x7B, 0x14,
  0x7B, 0x14, 0x7B, 0x14, 0x7B, 0x14, 0x7B, 0x14, 0x7B, 0x14, 0x7B, 0x14,
  0x7B, 0x14, 0x7B, 0x14, 0x7B, 0x14, 0x7B, 0x14, 0x7B, 0x14, 0x7B, 0x14,
  0x7B, 0x14, 0x7B, 0x14, 0x7B, 0x14, 0x7B, 0x14, 0x7B, 0x14, 0x7B, 0x14,
  0x7B, 0x14, 0x7B, 0x14, 0x7B, 0x14, 0x7B, 0x14, 0x7B, 0x14, 0x7B, 0x14,
  0x7B, 0x14, 0x7B, 0x14, 0x7B, 0x14, 0x85, 0xEB, 0x85, 0xEB, 0x85, 0xEB,
  0x85, 0xEB, 0x85, 0xEB, 0x85, 0xEB, 0x85, 0xEB, 0x85, 0xEB, 0x85, 0xEB,
  0x85, 0xEB, 0x85, 0xEB, 0x85, 0xEB, 0x85, 0xEB, 0x85, 0xEB, 0x85, 0xEB,
  0x85, 0xEB, 0x85, 0xEB, 0x85, 0xEB, 0x85, 0xEB, 0x85, 0xEB, 0x85, 0xEB,
  0x85, 0xEB, 0x85, 0xEB, 0x85, 0xEB, 0x85, 0xEB, 0x85, 0xEB, 0x85, 0xEB,
  0x85, 0xEB, 0x85, 0xEB, 0x85, 0xEB, 0x85, 0xEB, 0x85, 0xEB, 0x85, 0xEB,
  0x85, 0xEB, 0x85, 0xEB, 0x85, 0xEB, 0x85, 0xEB, 0x85, 0xEB, 0x85, 0xEB,
  0x85, 0xEB, 0x85, 0xEB, 0x85, 0xEB, 0x85, 0xEB, 0x7B, 0x14, 0x7B, 0x14,
  0x7B, 0x14, 0x7B, 0x14, 0x7B, 0x14, 0x7B, 0x14, 0x7B, 0x14, 0x7B, 0x14,
  0x7B, 0x14, 0x7B, 0x14, 0x7B, 0x14, 0x7B, 0x14, 0x7B, 0x14, 0x7B, 0x14,
  0x7B, 0x14, 0x7B, 0x14, 0x7B, 0x14, 0x7B, 0x14, 0x7B, 0x14, 0x7B, 0x14,
  0x7B, 0x14, 0x7B, 0x14, 0x7B, 0x14, 0x7B, 0x14, 0x7B, 0x14, 0x7B, 0x14,
  0x7B, 0x14, 0x7B, 0x14, 0x7B, 0x14, 0x7B, 0x14, 0x7B, 0x14, 0x7B, 0x14,
  0x7B, 0x14, 0x7B, 0x14, 0x7B, 0x14, 0x7B, 0x14, 0x7B, 0x14, 0x7B, 0x14,
  0x7B, 0x14, 0x7B, 0x14, 0x7B, 0x14, 0x7B, 0x14, 0x85, 0xEB, 0x85, 0xEB,
  0x85, 0xEB, 0x85, 0xEB, 0x85, 0xEB, 0x85, 0xEB, 0x85, 0xEB, 0x85, 0xEB,
  0x85, 0xEB, 0x85, 0xEB, 0x85, 0xEB, 0x85, 0xEB, 0x85, 0xEB, 0x85, 0xEB,
  0x85, 0xEB, 0x85, 0xEB, 0x85, 0xEB, 0x85, 0xEB, 0x85, 0xEB, 0x85, 0xEB,
  0x85, 0xEB, 0x85, 0xEB, 0x85, 0xEB, 0x85, 0xEB, 0x85, 0xEB, 0x85, 0xEB,
  0x85, 0xEB, 0x85, 0xEB, 0x85, 0xEB, 0x85, 0xEB, 0x85, 0xEB, 0x85, 0xEB,
  0x85, 0xEB, 0x85, 0xEB, 0x85, 0xEB, 0x85, 0xEB, 0x85, 0xEB, 0x85, 0xEB,
  0x85, 0xEB, 0x85, 0xEB, 0x85, 0xEB, 0x85, 0xEB, 0x7B, 0x14, 0x7B, 0x14,
  0x7B, 0x14, 0x7B, 0x14, 0x7B, 0x14, 0x7B, 0x14, 0x7B, 0x14, 0x7B, 0x14,
  0x7B, 0x14, 0x7B, 0x14, 0x7B, 0x14, 0x7B, 0x14, 0x7B, 0x14, 0x7B, 0x14,
  0x7B, 0x14, 0x7B, 0x14, 0x7B, 0x14, 0x7B, 0x14, 0x7B, 0x14, 0x7B, 0x14,
  0x7B, 0x14, 0x7B, 0x14, 0x7B, 0x14, 0x7B, 0x14, 0x7B, 0x14, 0x7B, 0x14,
  0x7B, 0x14, 0x7B, 0x14, 0x7B, 0x14, 0x7B, 0x14, 0x7B, 0x14, 0x7B, 0x14,
  0x7B, 0x14, 0x7B, 0x14, 0x7B, 0x14, 0x7B, 0x14, 0x7B, 0x14, 0x7B, 0x14,
  0x7B, 0x14, 0x7B, 0x14, 0x7B, 0x14, 0x7B, 0x14, 0x7B, 0x14, 0x85, 0xEB,
  0x85, 0xEB, 0x85, 0xEB, 0x85, 0xEB, 0x85, 0xEB, 0x85, 0xEB, 0x85, 0xEB,
  0x85, 0xEB, 0x85, 0xEB, 0x85, 0xEB, 0x85, 0xEB, 0x85, 0xEB, 0x85, 0xEB,
  0x85, 0xEB, 0x85, 0xEB, 0x85, 0xEB, 0x85, 0xEB, 0x85, 0xEB, 0x85, 0xEB,
  0x85, 0xEB, 0x85, 0xEB, 0x85, 0xEB, 0x85, 0xEB, 0x85, 0xEB, 0x85, 0xEB,
  0x85, 0xEB, 0x85, 0xEB, 0x85, 0xEB, 0x85, 0xEB, 0x85, 0xEB, 0x85, 0xEB,
  0x85, 0xEB, 0x85, 0xEB, 0x85, 0xEB, 0x85, 0xEB, 0x85, 0xEB, 0x85, 0xEB,
  0x85, 0xEB, 0x85, 0xEB, 0x85, 0xEB, 0x85, 0xEB, 0x85, 0xEB, 0x7B, 0x14,
  0x7B, 0x14, 0x7B, 0x14, 0x7B, 0x14, 0x7B, 0x14, 0x7B, 0x14, 0x7B, 0x14,
  0x7B, 0x14, 0x7B, 0x14, 0x7B, 0x14, 0x7B, 0x14, 0x7B, 0x14, 0x7B, 0x14,
  0x7B, 0x14, 0x7B, 0x14, 0x78, 0x14, 0x73, 0x14, 0x6F, 0x14, 0x6A, 0x14,
  0x66, 0x14, 0x62, 0x14, 0x5D, 0x14, 0x59, 0x14, 0x54, 0x14, 0x50, 0x14,
  0x4C, 0x14, 0x47, 0x14, 0x43, 0x14, 0x3E, 0x14, 0x3A, 0x14, 0x36, 0x14,
  0x31, 0x14, 0x2D, 0x14, 0x28, 0x14, 0x24, 0x14, 0x20, 0x14, 0x1B, 0x14,
  0x17, 0x14, 0x12, 0x14, 0x0E, 0x14, 0x0A, 0x14, 0x05, 0x14, 0x01, 0x14,
  0x04, 0xEC, 0x08, 0xEC, 0x0C, 0xEC, 0x11, 0xEC, 0x15, 0xEC, 0x1A, 0xEC,
  0x1E, 0xEC, 0x22, 0xEC, 0x27, 0xEC, 0x2B, 0xEC, 0x30, 0xEC, 0x34, 0xEC,
  0x38, 0xEC, 0x3D, 0xEC, 0x41, 0xEC, 0x46, 0xEC, 0x4A, 0xEC, 0x4E, 0xEC,
  0x53, 0xEC, 0x57, 0xEC, 0x5C, 0xEC, 0x60, 0xEC, 0x65, 0xEC, 0x69, 0xEC,
  0x6D, 0xEC, 0x72, 0xEC, 0x76, 0xEC, 0x7B, 0xEC, 0x7F, 0xEC, 0x83, 0xEC,
  0x88, 0xEC, 0x8C, 0xEC, 0x91, 0xEC, 0x95, 0xEC, 0x99, 0xEC, 0x9E, 0xEC,
  0xA2, 0xEC, 0xA7, 0xEC, 0xAB, 0xEC, 0xAF, 0xEC, 0xB4, 0xEC, 0xB8, 0xEC,
  0x43, 0x13, 0x3F, 0x13, 0x3B, 0x13, 0x36, 0x13, 0x32, 0x13, 0x2D, 0x13,
  0x29, 0x13, 0x25, 0x13, 0x20, 0x13, 0x1C, 0x13, 0x17, 0x13, 0x13, 0x13,
  0x0F, 0x13, 0x0A, 0x13, 0x06, 0x13, 0x01, 0x13, 0xFD, 0x12, 0xF9, 0x12,
  0xF4, 0x12, 0xF0, 0x12, 0xEB, 0x12, 0xE7, 0x12, 0xE3, 0x12, 0xDE, 0x12,
  0xDA, 0x12, 0xD5, 0x12, 0xD1, 0x12, 0xCD, 0x12, 0xC8, 0x12, 0xC4, 0x12,
  0xBF, 0x12, 0xBB, 0x12, 0xB7, 0x12, 0xB2, 0x12, 0xAE, 0x12, 0xA9, 0x12,
  0xA5, 0x12, 0xA1, 0x12, 0x9C, 0x12, 0x98, 0x12, 0x93, 0x12, 0x8F, 0x12,
  0x76, 0xED, 0x7A, 0xED, 0x7E, 0xED, 0x83, 0xED, 0x87, 0xED, 0x8C, 0xED,
  0x90, 0xED, 0x94, 0xED, 0x99, 0xED, 0x9D, 0xED, 0xA2, 0xED, 0xA6, 0xED,
  0xAA, 0xED, 0xAF, 0xED, 0xB3, 0xED, 0xB8, 0xED, 0xBC, 0xED, 0xC0, 0xED,
  0xC5, 0xED, 0xC9, 0xED, 0xCE, 0xED, 0xD2, 0xED, 0xD6, 0xED, 0xDB, 0xED,
  0xDF, 0xED, 0xE4, 0xED, 0xE8, 0xED, 0xEC, 0xED, 0xF1, 0xED, 0xF5, 0xED,
  0xFA, 0xED, 0xFE, 0xED, 0x02, 0xEE, 0x07, 0xEE, 0x0B, 0xEE, 0x10, 0xEE,
  0x14, 0xEE, 0x18, 0xEE, 0x1D, 0xEE, 0x21, 0xEE, 0x26, 0xEE, 0x2A, 0xEE,
  0x2E, 0xEE, 0xCD, 0x11, 0xC9, 0x11, 0xC4, 0x11, 0xC0, 0x11, 0xBC, 0x11,
  0xB7, 0x11, 0xB3, 0x11, 0xAE, 0x11, 0xAA, 0x11, 0xA6, 0x11, 0xA1, 0x11,
  0x9D, 0x11, 0x98, 0x11, 0x94, 0x11, 0x90, 0x11, 0x8B, 0x11, 0x87, 0x11,
  0x82, 0x11, 0x7E, 0x11, 0x7A, 0x11, 0x75, 0x11, 0x71, 0x11, 0x6C, 0x11,
  0x68, 0x11, 0x63, 0x11, 0x5F, 0x11, 0x5B, 0x11, 0x56, 0x11, 0x52, 0x11,
  0x4D, 0x11, 0x49, 0x11, 0x45, 0x11, 0x40, 0x11, 0x3C, 0x11, 0x37, 0x11,
  0x33, 0x11, 0x2F, 0x11, 0x2A, 0x11, 0x26, 0x11, 0x21, 0x11, 0x1D, 0x11,
  0x19, 0x11, 0xEC, 0xEE, 0xF0, 0xEE, 0xF5, 0xEE, 0xF9, 0xEE, 0xFD, 0xEE,
  0x02, 0xEF, 0x06, 0xEF, 0x0B, 0xEF, 0x0F, 0xEF, 0x13, 0xEF, 0x18, 0xEF,
  0x1C, 0xEF, 0x21, 0xEF, 0x25, 0xEF, 0x29, 0xEF, 0x2E, 0xEF, 0x32, 0xEF,
  0x37, 0xEF, 0x3B, 0xEF, 0x3F, 0xEF, 0x44, 0xEF, 0x48, 0xEF, 0x4D, 0xEF,
  0x51, 0xEF, 0x55, 0xEF, 0x5A, 0xEF, 0x5E, 0xEF, 0x63, 0xEF, 0x67, 0xEF,
  0x6B, 0xEF, 0x70, 0xEF, 0x74, 0xEF, 0x79, 0xEF, 0x7D, 0xEF, 0x81, 0xEF,
  0x86, 0xEF, 0x8A, 0xEF, 0x8F, 0xEF, 0x93, 0xEF, 0x97, 0xEF, 0x9C, 0xEF,
  0xA0, 0xEF, 0xA5, 0xEF, 0x57, 0x10, 0x53, 0x10, 0x4E, 0x10, 0x4A, 0x10,
  0x45, 0x10, 0x41, 0x10, 0x3C, 0x10, 0x38, 0x10, 0x34, 0x10, 0x2F, 0x10,
  0x2B, 0x10, 0x26, 0x10, 0x22, 0x10, 0x1E, 0x10, 0x19, 0x10, 0x15, 0x10,
  0x10, 0x10, 0x0C, 0x10, 0x08, 0x10, 0x03, 0x10, 0xFF, 0x0F, 0xFA, 0x0F,
  0xF6, 0x0F, 0xF2, 0x0F, 0xED, 0x0F, 0xE9, 0x0F, 0xE4, 0x0F, 0xE0, 0x0F,
  0xDC, 0x0F, 0xD7, 0x0F, 0xD3, 0x0F, 0xCE, 0x0F, 0xCA, 0x0F, 0xC6, 0x0F,
  0xC1, 0x0F, 0xBD, 0x0F, 0xB8, 0x0F, 0xB4, 0x0F, 0xB0, 0x0F, 0xAB, 0x0F,
  0xA7, 0x0F, 0xA2, 0x0F, 0x62, 0xF0, 0x66, 0xF0, 0x6B, 0xF0, 0x6F, 0xF0,
  0x74, 0xF0, 0x78, 0xF0, 0x7C, 0xF0, 0x81, 0xF0, 0x85, 0xF0, 0x8A, 0xF0,
  0x8E, 0xF0, 0x92, 0xF0, 0x97, 0xF0, 0x9B, 0xF0, 0xA0, 0xF0, 0xA4, 0xF0,
  0xA8, 0xF0, 0xAD, 0xF0, 0xB1, 0xF0, 0xB6, 0xF0, 0xBA, 0xF0, 0xBE, 0xF0,
  0xC3, 0xF0, 0xC7, 0xF0, 0xCC, 0xF0, 0xD0, 0xF0, 0xD5, 0xF0, 0xD9, 0xF0,
  0xDD, 0xF0, 0xE2, 0xF0, 0xE6, 0xF0, 0xEB, 0xF0, 0xEF, 0xF0, 0xF3, 0xF0,
  0xF8, 0xF0, 0xFC, 0xF0, 0x01, 0xF1, 0x05, 0xF1, 0x09, 0xF1, 0x0E, 0xF1,
  0x12, 0xF1, 0x17, 0xF1, 0xE5, 0x0E, 0xE1, 0x0E, 0xDC, 0x0E, 0xD8, 0x0E,
  0xD3, 0x0E, 0xCF, 0x0E, 0xCB, 0x0E, 0xC6, 0x0E, 0xC2, 0x0E, 0xBD, 0x0E,
  0xB9, 0x0E, 0xB5, 0x0E, 0xB0, 0x0E, 0xAC, 0x0E, 0xA7, 0x0E, 0xA3, 0x0E,
  0x9F, 0x0E, 0x9A, 0x0E, 0x96, 0x0E, 0x91, 0x0E, 0x8D, 0x0E, 0x89, 0x0E,
  0x84, 0x0E, 0x80, 0x0E, 0x7B, 0x0E, 0x77, 0x0E, 0x73, 0x0E, 0x6E, 0x0E,
  0x6A, 0x0E, 0x65, 0x0E, 0x61, 0x0E, 0x5D, 0x0E, 0x58, 0x0E, 0x54, 0x0E,
  0x4F, 0x0E, 0x4B, 0x0E, 0x47, 0x0E, 0x42, 0x0E, 0x3E, 0x0E, 0x39, 0x0E,
  0x35, 0x0E, 0x31, 0x0E, 0x2C, 0x0E, 0xD8, 0xF1, 0xDD, 0xF1, 0xE1, 0xF1,
  0xE5, 0xF1, 0xEA, 0xF1, 0xEE, 0xF1, 0xF3, 0xF1, 0xF7, 0xF1, 0xFC, 0xF1,
  0x00, 0xF2, 0x04, 0xF2, 0x09, 0xF2, 0x0D, 0xF2, 0x12, 0xF2, 0x16, 0xF2,
  0x1A, 0xF2, 0x1F, 0xF2, 0x23, 0xF2, 0x28, 0xF2, 0x2C, 0xF2, 0x30, 0xF2,
  0x35, 0xF2, 0x39, 0xF2, 0x3E, 0xF2, 0x42, 0xF2, 0x46, 0xF2, 0x4B, 0xF2,
  0x4F, 0xF2, 0x54, 0xF2, 0x58, 0xF2, 0x5C, 0xF2, 0x61, 0xF2, 0x65, 0xF2,
  0x6A, 0xF2, 0x6E, 0xF2, 0x72, 0xF2, 0x77, 0xF2, 0x7B, 0xF2, 0x80, 0xF2,
  0x84, 0xF2, 0x88, 0xF2, 0x8D, 0xF2, 0x6F, 0x0D, 0x6A, 0x0D, 0x66, 0x0D,
  0x62, 0x0D, 0x5D, 0x0D, 0x59, 0x0D, 0x54, 0x0D, 0x50, 0x0D, 0x4C, 0x0D,
  0x47, 0x0D, 0x43, 0x0D, 0x3E, 0x0D, 0x3A, 0x0D, 0x36, 0x0D, 0x31, 0x0D,
  0x2D, 0x0D, 0x28, 0x0D, 0x24, 0x0D, 0x20, 0x0D, 0x1B, 0x0D, 0x17, 0x0D,
  0x12, 0x0D, 0x0E, 0x0D, 0x0A, 0x0D, 0x05, 0x0D, 0x01, 0x0D, 0xFC, 0x0C,
  0xF8, 0x0C, 0xF4, 0x0C, 0xEF, 0x0C, 0xEB, 0x0C, 0xE6, 0x0C, 0xE2, 0x0C,
  0xDD, 0x0C, 0xD9, 0x0C, 0xD5, 0x0C, 0xD0, 0x0C, 0xCC, 0x0C, 0xC7, 0x0C,
  0xC3, 0x0C, 0xBF, 0x0C, 0xBA, 0x0C, 0xB6, 0x0C, 0x4F, 0xF3, 0x53, 0xF3,
  0x57, 0xF3, 0x5C, 0xF3, 0x60, 0xF3, 0x65, 0xF3, 0x69, 0xF3, 0x6D, 0xF3,
  0x72, 0xF3, 0x76, 0xF3, 0x7B, 0xF3, 0x7F, 0xF3, 0x83, 0xF3, 0x88, 0xF3,
  0x8C, 0xF3, 0x91, 0xF3, 0x95, 0xF3, 0x99, 0xF3, 0x9E, 0xF3, 0xA2, 0xF3,
  0xA7, 0xF3, 0xAB, 0xF3, 0xAF, 0xF3, 0xB4, 0xF3, 0xB8, 0xF3, 0xBD, 0xF3,
  0xC1, 0xF3, 0xC5, 0xF3, 0xCA, 0xF3, 0xCE, 0xF3, 0xD3, 0xF3, 0xD7, 0xF3,
  0xDB, 0xF3, 0xE0, 0xF3, 0xE4, 0xF3, 0xE9, 0xF3, 0xED, 0xF3, 0xF1, 0xF3,
  0xF6, 0xF3, 0xFA, 0xF3, 0xFF, 0xF3, 0x03, 0xF4, 0xF9, 0x0B, 0xF4, 0x0B,
  0xF0, 0x0B, 0xEB, 0x0B, 0xE7, 0x0B, 0xE3, 0x0B, 0xDE, 0x0B, 0xDA, 0x0B,
  0xD5, 0x0B, 0xD1, 0x0B, 0xCC, 0x0B, 0xC8, 0x0B, 0xC4, 0x0B, 0xBF, 0x0B,
  0xBB, 0x0B, 0xB6, 0x0B, 0xB2, 0x0B, 0xAE, 0x0B, 0xA9, 0x0B, 0xA5, 0x0B,
  0xA0, 0x0B, 0x9C, 0x0B, 0x98, 0x0B, 0x93, 0x0B, 0x8F, 0x0B, 0x8A, 0x0B,
  0x86, 0x0B, 0x82, 0x0B, 0x7D, 0x0B, 0x79, 0x0B, 0x74, 0x0B, 0x70, 0x0B,
  0x6C, 0x0B, 0x67, 0x0B, 0x63, 0x0B, 0x5E, 0x0B, 0x5A, 0x0B, 0x56, 0x0B,
  0x51, 0x0B, 0x4D, 0x0B, 0x48, 0x0B, 0x44, 0x0B, 0xC0, 0xF4, 0xC5, 0xF4,
  0xC9, 0xF4, 0xCE, 0xF4, 0xD2, 0xF4, 0xD6, 0xF4, 0xDB, 0xF4, 0xDF, 0xF4,
  0xE4, 0xF4, 0xE8, 0xF4, 0xEC, 0xF4, 0xF1, 0xF4, 0xF5, 0xF4, 0xFA, 0xF4,
  0xFE, 0xF4, 0x02, 0xF5, 0x07, 0xF5, 0x0B, 0xF5, 0x10, 0xF5, 0x14, 0xF5,
  0x18, 0xF5, 0x1D, 0xF5, 0x21, 0xF5, 0x26, 0xF5, 0x2A, 0xF5, 0x2E, 0xF5,
  0x33, 0xF5, 0x37, 0xF5, 0x3C, 0xF5, 0x40, 0xF5, 0x44, 0xF5, 0x49, 0xF5,
  0x4D, 0xF5, 0x52, 0xF5, 0x56, 0xF5, 0x5B, 0xF5, 0x5F, 0xF5, 0x63, 0xF5,
  0x68, 0xF5, 0x6C, 0xF5, 0x71, 0xF5, 0x75, 0xF5, 0x79, 0xF5, 0x82, 0x0A,
  0x7E, 0x0A, 0x79, 0x0A, 0x75, 0x0A, 0x71, 0x0A, 0x6C, 0x0A, 0x68, 0x0A,
  0x63, 0x0A, 0x5F, 0x0A, 0x5B, 0x0A, 0x56, 0x0A, 0x52, 0x0A, 0x4D, 0x0A,
  0x49, 0x0A, 0x45, 0x0A, 0x40, 0x0A, 0x3C, 0x0A, 0x37, 0x0A, 0x33, 0x0A,
  0x2F, 0x0A, 0x2A, 0x0A, 0x26, 0x0A, 0x21, 0x0A, 0x1D, 0x0A, 0x19, 0x0A,
  0x14, 0x0A, 0x10, 0x0A, 0x0B, 0x0A, 0x07, 0x0A, 0x03, 0x0A, 0xFE, 0x09,
  0xFA, 0x09, 0xF5, 0x09, 0xF1, 0x09, 0xED, 0x09, 0xE8, 0x09, 0xE4, 0x09,
  0xDF, 0x09, 0xDB, 0x09, 0xD7, 0x09, 0xD2, 0x09, 0xCE, 0x09, 0x37, 0xF6,
  0x3B, 0xF6, 0x3F, 0xF6, 0x44, 0xF6, 0x48, 0xF6, 0x4D, 0xF6, 0x51, 0xF6,
  0x55, 0xF6, 0x5A, 0xF6, 0x5E, 0xF6, 0x63, 0xF6, 0x67, 0xF6, 0x6B, 0xF6,
  0x70, 0xF6, 0x74, 0xF6, 0x79, 0xF6, 0x7D, 0xF6, 0x82, 0xF6, 0x86, 0xF6,
  0x8A, 0xF6, 0x8F, 0xF6, 0x93, 0xF6, 0x98, 0xF6, 0x9C, 0xF6, 0xA0, 0xF6,
  0xA5, 0xF6, 0xA9, 0xF6, 0xAE, 0xF6, 0xB2, 0xF6, 0xB6, 0xF6, 0xBB, 0xF6,
  0xBF, 0xF6, 0xC4, 0xF6, 0xC8, 0xF6, 0xCC, 0xF6, 0xD1, 0xF6, 0xD5, 0xF6,
  0xDA, 0xF6, 0xDE, 0xF6, 0xE2, 0xF6, 0xE7, 0xF6, 0xEB, 0xF6, 0xF0, 0xF6,
  0x0C, 0x09, 0x08, 0x09, 0x03, 0x09, 0xFF, 0x08, 0xFA, 0x08, 0xF6, 0x08,
  0xF2, 0x08, 0xED, 0x08, 0xE9, 0x08, 0xE4, 0x08, 0xE0, 0x08, 0xDC, 0x08,
  0xD7, 0x08, 0xD3, 0x08, 0xCE, 0x08, 0xCA, 0x08, 0xC6, 0x08, 0xC1, 0x08,
  0xBD, 0x08, 0xB8, 0x08, 0xB4, 0x08, 0xB0, 0x08, 0xAB, 0x08, 0xA7, 0x08,
  0xA2, 0x08, 0x9E, 0x08, 0x9A, 0x08, 0x95, 0x08, 0x91, 0x08, 0x8C, 0x08,
  0x88, 0x08, 0x84, 0x08, 0x7F, 0x08, 0x7B, 0x08, 0x76, 0x08, 0x72, 0x08,
  0x6D, 0x08, 0x69, 0x08, 0x65, 0x08, 0x60, 0x08, 0x5C, 0x08, 0x57, 0x08,
  0xAD, 0xF7, 0xB1, 0xF7, 0xB6, 0xF7, 0xBA, 0xF7, 0xBF, 0xF7, 0xC3, 0xF7,
  0xC7, 0xF7, 0xCC, 0xF7, 0xD0, 0xF7, 0xD5, 0xF7, 0xD9, 0xF7, 0xDD, 0xF7,
  0xE2, 0xF7, 0xE6, 0xF7, 0xEB, 0xF7, 0xEF, 0xF7, 0xF3, 0xF7, 0xF8, 0xF7,
  0xFC, 0xF7, 0x01, 0xF8, 0x05, 0xF8, 0x09, 0xF8, 0x0E, 0xF8, 0x12, 0xF8,
  0x17, 0xF8, 0x1B, 0xF8, 0x1F, 0xF8, 0x24, 0xF8, 0x28, 0xF8, 0x2D, 0xF8,
  0x31, 0xF8, 0x35, 0xF8, 0x3A, 0xF8, 0x3E, 0xF8, 0x43, 0xF8, 0x47, 0xF8,
  0x4B, 0xF8, 0x50, 0xF8, 0x54, 0xF8, 0x59, 0xF8, 0x5D, 0xF8, 0x61, 0xF8,
  0x66, 0xF8, 0x96, 0x07, 0x91, 0x07, 0x8D, 0x07, 0x89, 0x07, 0x84, 0x07,
  0x80, 0x07, 0x7B, 0x07, 0x77, 0x07, 0x73, 0x07, 0x6E, 0x07, 0x6A, 0x07,
  0x65, 0x07, 0x61, 0x07, 0x5D, 0x07, 0x58, 0x07, 0x54, 0x07, 0x4F, 0x07,
  0x4B, 0x07, 0x46, 0x07, 0x42, 0x07, 0x3E, 0x07, 0x39, 0x07, 0x35, 0x07,
  0x30, 0x07, 0x2C, 0x07, 0x28, 0x07, 0x23, 0x07, 0x1F, 0x07, 0x1A, 0x07,
  0x16, 0x07, 0x12, 0x07, 0x0D, 0x07, 0x09, 0x07, 0x04, 0x07, 0x00, 0x07,
  0xFC, 0x06, 0xF7, 0x06, 0xF3, 0x06, 0xEE, 0x06, 0xEA, 0x06, 0xE6, 0x06,
  0xE1, 0x06, 0x23, 0xF9, 0x28, 0xF9, 0x2C, 0xF9, 0x30, 0xF9, 0x35, 0xF9,
  0x39, 0xF9, 0x3E, 0xF9, 0x42, 0xF9, 0x46, 0xF9, 0x4B, 0xF9, 0x4F, 0xF9,
  0x54, 0xF9, 0x58, 0xF9, 0x5C, 0xF9, 0x61, 0xF9, 0x65, 0xF9, 0x6A, 0xF9,
  0x6E, 0xF9, 0x72, 0xF9, 0x77, 0xF9, 0x7B, 0xF9, 0x80, 0xF9, 0x84, 0xF9,
  0x88, 0xF9, 0x8D, 0xF9, 0x91, 0xF9, 0x96, 0xF9, 0x9A, 0xF9, 0x9E, 0xF9,
  0xA3, 0xF9, 0xA7, 0xF9, 0xAC, 0xF9, 0xB0, 0xF9, 0xB4, 0xF9, 0xB9, 0xF9,
  0xBD, 0xF9, 0xC2, 0xF9, 0xC6, 0xF9, 0xCA, 0xF9, 0xCF, 0xF9, 0xD3, 0xF9,
  0xD8, 0xF9, 0x24, 0x06, 0x1F, 0x06, 0x1B, 0x06, 0x17, 0x06, 0x12, 0x06,
  0x0E, 0x06, 0x09, 0x06, 0x05, 0x06, 0x01, 0x06, 0xFC, 0x05, 0xF8, 0x05,
  0xF3, 0x05, 0xEF, 0x05, 0xEB, 0x05, 0xE6, 0x05, 0xE2, 0x05, 0xDD, 0x05,
  0xD9, 0x05, 0xD5, 0x05, 0xD0, 0x05, 0xCC, 0x05, 0xC7, 0x05, 0xC3, 0x05,
  0xBF, 0x05, 0xBA, 0x05, 0xB6, 0x05, 0xB1, 0x05, 0xAD, 0x05, 0xA9, 0x05,
  0xA4, 0x05, 0xA0, 0x05, 0x9B, 0x05, 0x97, 0x05, 0x93, 0x05, 0x8E, 0x05,
  0x8A, 0x05, 0x85, 0x05, 0x81, 0x05, 0x7D, 0x05, 0x78, 0x05, 0x74, 0x05,
  0x6F, 0x05, 0x6B, 0x05, 0x99, 0xFA, 0x9E, 0xFA, 0xA2, 0xFA, 0xA7, 0xFA,
  0xAB, 0xFA, 0xAF, 0xFA, 0xB4, 0xFA, 0xB8, 0xFA, 0xBD, 0xFA, 0xC1, 0xFA,
  0xC5, 0xFA, 0xCA, 0xFA, 0xCE, 0xFA, 0xD3, 0xFA, 0xD7, 0xFA, 0xDB, 0xFA,
  0xE0, 0xFA, 0xE4, 0xFA, 0xE9, 0xFA, 0xED, 0xFA, 0xF2, 0xFA, 0xF6, 0xFA,
  0xFA, 0xFA, 0xFF, 0xFA, 0x03, 0xFB, 0x08, 0xFB, 0x0C, 0xFB, 0x10, 0xFB,
  0x15, 0xFB, 0x19, 0xFB, 0x1E, 0xFB, 0x22, 0xFB, 0x26, 0xFB, 0x2B, 0xFB,
  0x2F, 0xFB, 0x34, 0xFB, 0x38, 0xFB, 0x3C, 0xFB, 0x41, 0xFB, 0x45, 0xFB,
  0x4A, 0xFB, 0x4E, 0xFB, 0xAE, 0x04, 0xA9, 0x04, 0xA5, 0x04, 0xA0, 0x04,
  0x9C, 0x04, 0x98, 0x04, 0x93, 0x04, 0x8F, 0x04, 0x8A, 0x04, 0x86, 0x04,
  0x82, 0x04, 0x7D, 0x04, 0x79, 0x04, 0x74, 0x04, 0x70, 0x04, 0x6C, 0x04,
  0x67, 0x04, 0x63, 0x04, 0x5E, 0x04, 0x5A, 0x04, 0x56, 0x04, 0x51, 0x04,
  0x4D, 0x04, 0x48, 0x04, 0x44, 0x04, 0x40, 0x04, 0x3B, 0x04, 0x37, 0x04,
  0x32, 0x04, 0x2E, 0x04, 0x2A, 0x04, 0x25, 0x04, 0x21, 0x04, 0x1C, 0x04,
  0x18, 0x04, 0x14, 0x04, 0x0F, 0x04, 0x0B, 0x04, 0x06, 0x04, 0x02, 0x04,
  0xFE, 0x03, 0xF9, 0x03, 0xF5, 0x03, 0x10, 0xFC, 0x14, 0xFC, 0x19, 0xFC,
  0x1D, 0xFC, 0x21, 0xFC, 0x26, 0xFC, 0x2A, 0xFC, 0x2F, 0xFC, 0x33, 0xFC,
  0x37, 0xFC, 0x3C, 0xFC, 0x40, 0xFC, 0x45, 0xFC, 0x49, 0xFC, 0x4D, 0xFC,
  0x52, 0xFC, 0x56, 0xFC, 0x5B, 0xFC, 0x5F, 0xFC, 0x63, 0xFC, 0x68, 0xFC,
  0x6C, 0xFC, 0x71, 0xFC, 0x75, 0xFC, 0x79, 0xFC, 0x7E, 0xFC, 0x82, 0xFC,
  0x87, 0xFC, 0x8B, 0xFC, 0x8F, 0xFC, 0x94, 0xFC, 0x98, 0xFC, 0x9D, 0xFC,
  0xA1, 0xFC, 0xA5, 0xFC, 0xAA, 0xFC, 0xAE, 0xFC, 0xB3, 0xFC, 0xB7, 0xFC,
  0xBB, 0xFC, 0xC0, 0xFC, 0xC4, 0xFC, 0x37, 0x03, 0x33, 0x03, 0x2F, 0x03,
  0x2A, 0x03, 0x26, 0x03, 0x21, 0x03, 0x1D, 0x03, 0x19, 0x03, 0x14, 0x03,
  0x10, 0x03, 0x0B, 0x03, 0x07, 0x03, 0x03, 0x03, 0xFE, 0x02, 0xFA, 0x02,
  0xF5, 0x02, 0xF1, 0x02, 0xED, 0x02, 0xE8, 0x02, 0xE4, 0x02, 0xDF, 0x02,
  0xDB, 0x02, 0xD7, 0x02, 0xD2, 0x02, 0xCE, 0x02, 0xC9, 0x02, 0xC5, 0x02,
  0xC0, 0x02, 0xBC, 0x02, 0xB8, 0x02, 0xB3, 0x02, 0xAF, 0x02, 0xAA, 0x02,
  0xA6, 0x02, 0xA2, 0x02, 0x9D, 0x02, 0x99, 0x02, 0x94, 0x02, 0x90, 0x02,
  0x8C, 0x02, 0x87, 0x02, 0x83, 0x02, 0x82, 0xFD, 0x86, 0xFD, 0x8A, 0xFD,
  0x8F, 0xFD, 0x93, 0xFD, 0x98, 0xFD, 0x9C, 0xFD, 0xA0, 0xFD, 0xA5, 0xFD,
  0xA9, 0xFD, 0xAE, 0xFD, 0xB2, 0xFD, 0xB6, 0xFD, 0xBB, 0xFD, 0xBF, 0xFD,
  0xC4, 0xFD, 0xC8, 0xFD, 0xCC, 0xFD, 0xD1, 0xFD, 0xD5, 0xFD, 0xDA, 0xFD,
  0xDE, 0xFD, 0xE2, 0xFD, 0xE7, 0xFD, 0xEB, 0xFD, 0xF0, 0xFD, 0xF4, 0xFD,
  0xF8, 0xFD, 0xFD, 0xFD, 0x01, 0xFE, 0x06, 0xFE, 0x0A, 0xFE, 0x0E, 0xFE,
  0x13, 0xFE, 0x17, 0xFE, 0x1C, 0xFE, 0x20, 0xFE, 0x24, 0xFE, 0x29, 0xFE,
  0x2D, 0xFE, 0x32, 0xFE, 0x36, 0xFE, 0x3A, 0xFE, 0xC1, 0x01, 0xBD, 0x01,
  0xB8, 0x01, 0xB4, 0x01, 0xAF, 0x01, 0xAB, 0x01, 0xA7, 0x01, 0xA2, 0x01,
  0x9E, 0x01, 0x99, 0x01, 0x95, 0x01, 0x91, 0x01, 0x8C, 0x01, 0x88, 0x01,
  0x83, 0x01, 0x7F, 0x01, 0x7B, 0x01, 0x76, 0x01, 0x72, 0x01, 0x6D, 0x01,
  0x69, 0x01, 0x65, 0x01, 0x60, 0x01, 0x5C, 0x01, 0x57, 0x01, 0x53, 0x01,
  0x4F, 0x01, 0x4A, 0x01, 0x46, 0x01, 0x41, 0x01, 0x3D, 0x01, 0x39, 0x01,
  0x34, 0x01, 0x30, 0x01, 0x2B, 0x01, 0x27, 0x01, 0x23, 0x01, 0x1E, 0x01,
  0x1A, 0x01, 0x15, 0x01, 0x11, 0x01, 0x0D, 0x01, 0xF8, 0xFE, 0xFC, 0xFE,
  0x01, 0xFF, 0x05, 0xFF, 0x09, 0xFF, 0x0E, 0xFF, 0x12, 0xFF, 0x17, 0xFF,
  0x1B, 0xFF, 0x1F, 0xFF, 0x24, 0xFF, 0x28, 0xFF, 0x2D, 0xFF, 0x31, 0xFF,
  0x35, 0xFF, 0x3A, 0xFF, 0x3E, 0xFF, 0x43, 0xFF, 0x47, 0xFF, 0x4B, 0xFF,
  0x50, 0xFF, 0x54, 0xFF, 0x59, 0xFF, 0x5D, 0xFF, 0x61, 0xFF, 0x66, 0xFF,
  0x6A, 0xFF, 0x6F, 0xFF, 0x73, 0xFF, 0x78, 0xFF, 0x7C, 0xFF, 0x80, 0xFF,
  0x85, 0xFF, 0x89, 0xFF, 0x8E, 0xFF, 0x92, 0xFF, 0x96, 0xFF, 0x9B, 0xFF,
  0x9F, 0xFF, 0xA4, 0xFF, 0xA8, 0xFF, 0xAC, 0xFF, 0xB1, 0xFF, 0x4B, 0x00,
  0x46, 0x00, 0x42, 0x00, 0x3E, 0x00, 0x39, 0x00, 0x35, 0x00, 0x30, 0x00,
  0x2C, 0x00, 0x28, 0x00, 0x23, 0x00, 0x1F, 0x00, 0x1A, 0x00, 0x16, 0x00,
  0x12, 0x00, 0x0D, 0x00, 0x09, 0x00, 0x04, 0x00, 0x00, 0x00, 0x00, 0x00,
  0x00, 0x00, 0x00, 0x00, 0x00, 0x00, 0x00, 0x00, 0x00, 0x00, 0x00, 0x00,
  0x00, 0x00, 0x00, 0x00, 0x00, 0x00, 0x00, 0x00, 0x00, 0x00, 0x00, 0x00,
  0x00, 0x00, 0x00, 0x00, 0x00, 0x00, 0x00, 0x00, 0x00, 0x00, 0x00, 0x00,
  0x00, 0x00, 0x00, 0x00, 0x00, 0x00, 0x00, 0x00, 0x00, 0x00, 0x00, 0x00,
  0x00, 0x00, 0x00, 0x00, 0x00, 0x00, 0x00, 0x00, 0x00, 0x00, 0x00, 0x00,
  0x00, 0x00, 0x00, 0x00, 0x00, 0x00, 0x00, 0x00, 0x00, 0x00, 0x00, 0x00,
  0x00, 0x00, 0x00, 0x00, 0x00, 0x00, 0x00, 0x00, 0x00, 0x00, 0x00, 0x00,
  0x00, 0x00, 0x00, 0x00, 0x00, 0x00, 0x00, 0x00, 0x00, 0x00, 0x00, 0x00,
  0x00, 0x00, 0x00, 0x00, 0x00, 0x00, 0x00, 0x00, 0x00, 0x00, 0x00, 0x00,
  0x00, 0x00, 0x00, 0x00, 0x00, 0x00, 0x00, 0x00, 0x00, 0x00, 0x00, 0x00,
  0x00, 0x00, 0x00, 0x00, 0x00, 0x00, 0x00, 0x00, 0x00, 0x00, 0x00, 0x00,
  0x00, 0x00, 0x00, 0x00, 0x00, 0x00, 0x00, 0x00, 0x00, 0x00, 0x00, 0x00,
  0x00, 0x00, 0x00, 0x00, 0x00, 0x00, 0x00, 0x00, 0x00, 0x00, 0x00, 0x00,
  0x00, 0x00, 0x00, 0x00, 0x00, 0x00, 0x00, 0x00, 0x00, 0x00, 0x00, 0x00,
  0x00, 0x00, 0x00, 0x00, 0x00, 0x00, 0x00, 0x00, 0x00, 0x00, 0x00, 0x00,
  0x00, 0x00, 0x00, 0x00, 0x00, 0x00, 0x00, 0x00, 0x00, 0x00, 0x00, 0x00,
  0x00, 0x00, 0x00, 0x00, 0x00, 0x00, 0x00, 0x00, 0x00, 0x00, 0x00, 0x00,
  0x00, 0x00, 0x00, 0x00, 0x00, 0x00, 0x00, 0x00, 0x00, 0x00, 0x00, 0x00,
  0x00, 0x00, 0x00, 0x00, 0x00, 0x00, 0x00, 0x00, 0x00, 0x00, 0x00, 0x00,
  0x00, 0x00, 0x00, 0x00, 0x00, 0x00, 0x00, 0x00, 0x00, 0x00, 0x00, 0x00,
  0x00, 0x00, 0x00, 0x00, 0x00, 0x00, 0x00, 0x00, 0x00, 0x00, 0x00, 0x00,
  0x00, 0x00, 0x00, 0x00, 0x00, 0x00, 0x00, 0x00, 0x00, 0x00, 0x00, 0x00,
  0x00, 0x00, 0x00, 0x00, 0x00, 0x00, 0x00, 0x00, 0x00, 0x00, 0x00, 0x00,
  0x00, 0x00, 0x00, 0x00, 0x00, 0x00, 0x00, 0x00, 0x00, 0x00, 0x00, 0x00,
  0x00, 0x00, 0x00, 0x00, 0x00, 0x00, 0x00, 0x00, 0x00, 0x00, 0x00, 0x00,
  0x00, 0x00, 0x00, 0x00, 0x00, 0x00, 0x00, 0x00, 0x00, 0x00, 0x00, 0x00,
  0x00, 0x00, 0x00, 0x00, 0x00, 0x00, 0x00, 0x00, 0x00, 0x00, 0x00, 0x00,
  0x00, 0x00, 0x00, 0x00, 0x00, 0x00, 0x00, 0x00, 0x00, 0x00, 0x00, 0x00,
  0x00, 0x00, 0x00, 0x00, 0x00, 0x00, 0x00, 0x00, 0x00, 0x00, 0x00, 0x00,
  0x00, 0x00, 0x00, 0x00, 0x00, 0x00, 0x00, 0x00, 0x00, 0x00, 0x00, 0x00,
  0x00, 0x00, 0x00, 0x00, 0x00, 0x00, 0x00, 0x00, 0x00, 0x00, 0x00, 0x00,
  0x00, 0x00, 0x00, 0x00, 0x00, 0x00, 0x00, 0x00, 0x00, 0x00, 0x00, 0x00,
  0x00, 0x00, 0x00, 0x00, 0x00, 0x00, 0x00, 0x00, 0x00, 0x00, 0x00, 0x00,
  0x00, 0x00, 0x00, 0x00, 0x00, 0x00, 0x00, 0x00, 0x00, 0x00, 0x00, 0x00,
  0x00, 0x00, 0x00, 0x00, 0x00, 0x00, 0x00, 0x00, 0x00, 0x00, 0x00, 0x00,
  0x00, 0x00, 0x00, 0x00, 0x00, 0x00, 0x00, 0x00, 0x00, 0x00, 0x00, 0x00,
  0x00, 0x00, 0x00, 0x00, 0x00, 0x00, 0x00, 0x00, 0x00, 0x00, 0x00, 0x00,
  0x00, 0x00, 0x00, 0x00, 0x00, 0x00, 0x00, 0x00, 0x00, 0x00, 0x00, 0x00,
  0x00, 0x00, 0x00, 0x00, 0x00, 0x00, 0x00, 0x00, 0x00, 0x00, 0x00, 0x00,
  0x00, 0x00, 0x00, 0x00, 0x00, 0x00, 0x00, 0x00, 0x00, 0x00, 0x00, 0x00,
  0x00, 0x00, 0x00, 0x00, 0x00, 0x00, 0x00, 0x00, 0x00, 0x00, 0x00, 0x00,
  0x00, 0x00, 0x00, 0x00, 0x00, 0x00, 0x00, 0x00, 0x00, 0x00, 0x00, 0x00,
  0x00, 0x00, 0x00, 0x00, 0x00, 0x00, 0x00, 0x00, 0x00, 0x00, 0x00, 0x00,
  0x00, 0x00, 0x00, 0x00, 0x00, 0x00, 0x00, 0x00, 0x00, 0x00, 0x00, 0x00,
  0x00, 0x00, 0x00, 0x00, 0x00, 0x00, 0x00, 0x00, 0x00, 0x00, 0x00, 0x00,
  0x00, 0x00, 0x00, 0x00, 0x00, 0x00, 0x00, 0x00, 0x00, 0x00, 0x00, 0x00,
  0x00, 0x00, 0x00, 0x00, 0x00, 0x00, 0x00, 0x00, 0x00, 0x00, 0x00, 0x00,
  0x00, 0x00, 0x00, 0x00, 0x00, 0x00, 0x00, 0x00, 0x00, 0x00, 0x00, 0x00,
  0x00, 0x00, 0x00, 0x00, 0x00, 0x00, 0x00, 0x00, 0x00, 0x00, 0x00, 0x00,
  0x00, 0x00, 0x00, 0x00, 0x00, 0x00, 0x00, 0x00, 0x00, 0x00, 0x00, 0x00,
  0x00, 0x00, 0x00, 0x00, 0x00, 0x00, 0x00, 0x00, 0x00, 0x00, 0x00, 0x00,
  0x00, 0x00, 0x00, 0x00, 0x00, 0x00, 0x00, 0x00, 0x00, 0x00, 0x00, 0x00,
  0x00, 0x00, 0x00, 0x00, 0x00, 0x00, 0x00, 0x00, 0x00, 0x00, 0x00, 0x00,
  0x00, 0x00, 0x00, 0x00, 0x00, 0x00, 0x00, 0x00, 0x00, 0x00, 0x00, 0x00,
  0x00, 0x00, 0x00, 0x00, 0x00, 0x00, 0x00, 0x00, 0x00, 0x00, 0x00, 0x00,
  0x00, 0x00, 0x00, 0x00, 0x00, 0x00, 0x00, 0x00, 0x00, 0x00, 0x00, 0x00,
  0x00, 0x00, 0x00, 0x00, 0x00, 0x00, 0x00, 0x00, 0x00, 0x00, 0x00, 0x00,
  0x00, 0x00, 0x00, 0x00, 0x00, 0x00, 0x00, 0x00, 0x00, 0x00, 0x00, 0x00,
  0x00, 0x00, 0x00, 0x00, 0x00, 0x00, 0x00, 0x00, 0x00, 0x00, 0x00, 0x00,
  0x00, 0x00, 0x00, 0x00, 0x00, 0x00, 0x00, 0x00, 0x00, 0x00, 0x00, 0x00,
  0x00, 0x00, 0x00, 0x00, 0x00, 0x00, 0x00, 0x00, 0x00, 0x00, 0x00, 0x00,
  0x00, 0x00, 0x00, 0x00, 0x00, 0x00, 0x00, 0x00, 0x00, 0x00, 0x00, 0x00,
  0x00, 0x00, 0x00, 0x00, 0x00, 0x00, 0x00, 0x00, 0x00, 0x00, 0x00, 0x00,
  0x00, 0x00, 0x00, 0x00, 0x00, 0x00, 0x00, 0x00, 0x00, 0x00, 0x00, 0x00,
  0x00, 0x00, 0x00, 0x00, 0x00, 0x00, 0x00, 0x00, 0x00, 0x00, 0x00, 0x00,
  0x00, 0x00, 0x00, 0x00, 0x00, 0x00, 0x00, 0x00, 0x00, 0x00, 0x00, 0x00,
  0x00, 0x00, 0x00, 0x00, 0x00, 0x00, 0x00, 0x00, 0x00, 0x00, 0x00, 0x00,
  0x00, 0x00, 0x00, 0x00, 0x00, 0x00, 0x00, 0x00, 0x00, 0x00, 0x00, 0x00,
  0x00, 0x00, 0x00, 0x00, 0x00, 0x00, 0x00, 0x00, 0x00, 0x00, 0x00, 0x00,
  0x00, 0x00, 0x00, 0x00, 0x00, 0x00, 0x00, 0x00, 0x00, 0x00, 0x00, 0x00,
  0x00, 0x00, 0x00, 0x00, 0x00, 0x00, 0x00, 0x00, 0x00, 0x00, 0x00, 0x00,
  0x00, 0x00, 0x00, 0x00, 0x00, 0x00, 0x00, 0x00, 0x00, 0x00, 0x00, 0x00,
  0x00, 0x00, 0x00, 0x00, 0x00, 0x00, 0x00, 0x00, 0x00, 0x00, 0x00, 0x00,
  0x00, 0x00, 0x00, 0x00, 0x00, 0x00, 0x00, 0x00, 0x00, 0x00, 0x00, 0x00,
  0x00, 0x00, 0x00, 0x00, 0x00, 0x00, 0x00, 0x00, 0x00, 0x00, 0x00, 0x00,
  0x00, 0x00, 0x00, 0x00, 0x00, 0x00, 0x00, 0x00, 0x00, 0x00, 0x00, 0x00,
  0x00, 0x00, 0x00, 0x00, 0x00, 0x00, 0x00, 0x00, 0x00, 0x00, 0x00, 0x00,
  0x00, 0x00, 0x00, 0x00, 0x00, 0x00, 0x00, 0x00, 0x00, 0x00, 0x00, 0x00,
  0x00, 0x00, 0x00, 0x00, 0x00, 0x00, 0x00, 0x00, 0x00, 0x00, 0x00, 0x00,
  0x00, 0x00, 0x00, 0x00, 0x00, 0x00, 0x00, 0x00, 0x00, 0x00, 0x00, 0x00,
  0x00, 0x00, 0x00, 0x00, 0x00, 0x00, 0x00, 0x00, 0x00, 0x00, 0x00, 0x00,
  0x00, 0x00, 0x00, 0x00, 0x00, 0x00, 0x00, 0x00, 0x00, 0x00, 0x00, 0x00,
  0x00, 0x00, 0x00, 0x00, 0x00, 0x00, 0x00, 0x00, 0x00, 0x00, 0x00, 0x00,
  0x00, 0x00, 0x00, 0x00, 0x00, 0x00, 0x00, 0x00, 0x00, 0x00, 0x00, 0x00,
  0x00, 0x00, 0x00, 0x00, 0x00, 0x00, 0x00, 0x00, 0x00, 0x00, 0x00, 0x00,
  0x00, 0x00, 0x00, 0x00, 0x00, 0x00, 0x00, 0x00, 0x00, 0x00, 0x00, 0x00,
  0x00, 0x00, 0x00, 0x00, 0x00, 0x00, 0x00, 0x00, 0x00, 0x00, 0x00, 0x00,
  0x00, 0x00, 0x00, 0x00, 0x00, 0x00, 0x00, 0x00, 0x00, 0x00, 0x00, 0x00,
  0x00, 0x00, 0x00, 0x00, 0x00, 0x00, 0x00, 0x00, 0x00, 0x00, 0x00, 0x00,
  0x00, 0x00, 0x00, 0x00, 0x00, 0x00, 0x00, 0x00, 0x00, 0x00, 0x00, 0x00,
  0x00, 0x00, 0x00, 0x00, 0x00, 0x00, 0x00, 0x00, 0x00, 0x00, 0x00, 0x00,
  0x00, 0x00, 0x00, 0x00, 0x00, 0x00, 0x00, 0x00, 0x00, 0x00, 0x00, 0x00,
  0x00, 0x00, 0x00, 0x00, 0x00, 0x00, 0x00, 0x00, 0x00, 0x00, 0x00, 0x00,
  0x00, 0x00, 0x00, 0x00, 0x00, 0x00, 0x00, 0x00, 0x00, 0x00, 0x00, 0x00,
  0x00, 0x00, 0x00, 0x00, 0x00, 0x00, 0x00, 0x00, 0x00, 0x00, 0x00, 0x00,
  0x00, 0x00, 0x00, 0x00, 0x00, 0x00, 0x00, 0x00, 0x00, 0x00, 0x00, 0x00,
  0x00, 0x00, 0x00, 0x00, 0x00, 0x00, 0x00, 0x00, 0x00, 0x00, 0x00, 0x00,
  0x00, 0x00, 0x00, 0x00, 0x00, 0x00, 0x00, 0x00, 0x00, 0x00, 0x00, 0x00,
  0x00, 0x00, 0x00, 0x00, 0x00, 0x00, 0x00, 0x00, 0x00, 0x00, 0x00, 0x00,
  0x00, 0x00, 0x00, 0x00, 0x00, 0x00, 0x00, 0x00, 0x00, 0x00, 0x00, 0x00,
  0x00, 0x00, 0x00, 0x00, 0x00, 0x00, 0x00, 0x00, 0x00, 0x00, 0x00, 0x00,
  0x00, 0x00, 0x00, 0x00, 0x00, 0x00, 0x00, 0x00, 0x00, 0x00, 0x00, 0x00,
  0x00, 0x00, 0x00, 0x00, 0x00, 0x00, 0x00, 0x00, 0x00, 0x00, 0x00, 0x00,
  0x00, 0x00, 0x00, 0x00, 0x00, 0x00, 0x00, 0x00, 0x00, 0x00, 0x00, 0x00,
  0x00, 0x00, 0x00, 0x00, 0x00, 0x00, 0x00, 0x00, 0x00, 0x00, 0x00, 0x00,
  0x00, 0x00, 0x00, 0x00, 0x00, 0x00, 0x00, 0x00, 0x00, 0x00, 0x00, 0x00,
  0x00, 0x00, 0x00, 0x00, 0x00, 0x00, 0x00, 0x00, 0x00, 0x00, 0x00, 0x00,
  0x00, 0x00, 0x00, 0x00, 0x00, 0x00, 0x00, 0x00, 0x00, 0x00, 0x00, 0x00,
  0x00, 0x00, 0x00, 0x00, 0x00, 0x00, 0x00, 0x00, 0x00, 0x00, 0x00, 0x00,
  0x00, 0x00, 0x00, 0x00, 0x00, 0x00, 0x00, 0x00, 0x00, 0x00, 0x00, 0x00,
  0x00, 0x00, 0x00, 0x00, 0x00, 0x00, 0x00, 0x00, 0x00, 0x00, 0x00, 0x00,
  0x00, 0x00, 0x00, 0x00, 0x00, 0x00, 0x00, 0x00, 0x00, 0x00, 0x00, 0x00,
  0x00, 0x00, 0x00, 0x00, 0x00, 0x00, 0x00, 0x00, 0x00, 0x00, 0x00, 0x00,
  0x00, 0x00, 0x00, 0x00, 0x00, 0x00, 0x00, 0x00, 0x00, 0x00, 0x00, 0x00,
  0x00, 0x00, 0x00, 0x00, 0x00, 0x00, 0x00, 0x00, 0x00, 0x00, 0x00, 0x00,
  0x00, 0x00, 0x00, 0x00, 0x00, 0x00, 0x00, 0x00, 0x00, 0x00, 0x00, 0x00,
  0x00, 0x00, 0x00, 0x00, 0x00, 0x00, 0x00, 0x00, 0x00, 0x00, 0x00, 0x00,
  0x00, 0x00, 0x00, 0x00, 0x00, 0x00, 0x00, 0x00, 0x00, 0x00, 0x00, 0x00,
  0x00, 0x00, 0x00, 0x00, 0x00, 0x00, 0x00, 0x00, 0x00, 0x00, 0x00, 0x00,
  0x00, 0x00, 0x00, 0x00, 0x00, 0x00, 0x00, 0x00, 0x00, 0x00, 0x00, 0x00,
  0x00, 0x00, 0x00, 0x00, 0x00, 0x00, 0x00, 0x00, 0x00, 0x00, 0x00, 0x00,
  0x00, 0x00, 0x00, 0x00, 0x00, 0x00, 0x00, 0x00, 0x00, 0x00, 0x00, 0x00,
  0x00, 0x00, 0x00, 0x00, 0x00, 0x00, 0x00, 0x00, 0x00, 0x00, 0x00, 0x00,
  0x00, 0x00, 0x00, 0x00, 0x00, 0x00, 0x00, 0x00, 0x00, 0x00, 0x00, 0x00,
  0x00, 0x00, 0x00, 0x00, 0x00, 0x00, 0x00, 0x00, 0x00, 0x00, 0x00, 0x00,
  0x00, 0x00, 0x00, 0x00, 0x00, 0x00, 0x00, 0x00, 0x00, 0x00, 0x00, 0x00,
  0x00, 0x00, 0x00, 0x00, 0x00, 0x00, 0x00, 0x00, 0x00, 0x00, 0x00, 0x00,
  0x00, 0x00, 0x00, 0x00, 0x00, 0x00, 0x00, 0x00, 0x00, 0x00, 0x00, 0x00,
  0x00, 0x00, 0x00, 0x00, 0x00, 0x00, 0x00, 0x00, 0x00, 0x00, 0x00, 0x00,
  0x00, 0x00, 0x00, 0x00, 0x00, 0x00, 0x00, 0x00, 0x00, 0x00, 0x00, 0x00,
  0x00, 0x00, 0x00, 0x00, 0x00, 0x00, 0x00, 0x00, 0x00, 0x00, 0x00, 0x00,
  0x00, 0x00, 0x00, 0x00, 0x00, 0x00, 0x00, 0x00, 0x00, 0x00, 0x00, 0x00,
  0x00, 0x00, 0x00, 0x00, 0x00, 0x00, 0x00, 0x00, 0x00, 0x00, 0x00, 0x00,
  0x00, 0x00, 0x00, 0x00, 0x00, 0x00, 0x00, 0x00, 0x00, 0x00, 0x00, 0x00,
  0x00, 0x00, 0x00, 0x00, 0x00, 0x00, 0x00, 0x00, 0x00, 0x00, 0x00, 0x00,
  0x00, 0x00, 0x00, 0x00, 0x00, 0x00, 0x00, 0x00, 0x00, 0x00, 0x00, 0x00,
  0x00, 0x00, 0x00, 0x00, 0x00, 0x00, 0x00, 0x00, 0x00, 0x00, 0x00, 0x00,
  0x00, 0x00, 0x00, 0x00, 0x00, 0x00, 0x00, 0x00, 0x00, 0x00, 0x00, 0x00,
  0x00, 0x00, 0x00, 0x00, 0x00, 0x00, 0x00, 0x00, 0x00, 0x00, 0x00, 0x00,
  0x00, 0x00, 0x00, 0x00, 0x00, 0x00, 0x00, 0x00, 0x00, 0x00, 0x00, 0x00,
  0x00, 0x00, 0x00, 0x00, 0x00, 0x00, 0x00, 0x00, 0x00, 0x00, 0x00, 0x00,
  0x00, 0x00, 0x00, 0x00, 0x00, 0x00, 0x00, 0x00, 0x00, 0x00, 0x00, 0x00,
  0x00, 0x00, 0x00, 0x00, 0x00, 0x00, 0x00, 0x00, 0x00, 0x00, 0x00, 0x00,
  0x00, 0x00, 0x00, 0x00, 0x00, 0x00, 0x00, 0x00, 0x00, 0x00, 0x00, 0x00,
  0x00, 0x00, 0x00, 0x00, 0x00, 0x00, 0x00, 0x00, 0x00, 0x00, 0x00, 0x00,
  0x00, 0x00, 0x00, 0x00, 0x00, 0x00, 0x00, 0x00, 0x00, 0x00, 0x00, 0x00,
  0x00, 0x00, 0x00, 0x00, 0x00, 0x00, 0x00, 0x00, 0x00, 0x00, 0x0D, 0x00,
  0x1A, 0x00, 0x28, 0x00, 0x35, 0x00, 0x42, 0x00, 0x4F, 0x00, 0x5C, 0x00,
  0x6A, 0x00, 0x77, 0x00, 0x84, 0x00, 0x91, 0x00, 0x9F, 0x00, 0xAC, 0x00,
  0xB9, 0x00, 0xC6, 0x00, 0xD3, 0x00, 0xE1, 0x00, 0xEE, 0x00, 0xFB, 0x00,
  0x08, 0x01, 0x15, 0x01, 0x23, 0x01, 0x30, 0x01, 0x3D, 0x01, 0x4A, 0x01,
  0x57, 0x01, 0x65, 0x01, 0x72, 0x01, 0x7F, 0x01, 0x8C, 0x01, 0x99, 0x01,
  0xA7, 0x01, 0xB4, 0x01, 0xC1, 0x01, 0xCE, 0x01, 0xDC, 0x01, 0xE9, 0x01,
  0xF6, 0x01, 0x03, 0x02, 0x10, 0x02, 0x1E, 0x02, 0x2B, 0x02, 0x38, 0x02,
  0x45, 0x02, 0x52, 0x02, 0x60, 0x02, 0x6D, 0x02, 0x7A, 0x02, 0x87, 0x02,
  0x94, 0x02, 0xA2, 0x02, 0xAF, 0x02, 0xBC, 0x02, 0xC9, 0x02, 0xD7, 0x02,
  0xE4, 0x02, 0xF1, 0x02, 0xFE, 0x02, 0x0B, 0x03, 0x19, 0x03, 0xDA, 0xFC,
  0xCD, 0xFC, 0xC0, 0xFC, 0xB3, 0xFC, 0xA5, 0xFC, 0x98, 0xFC, 0x8B, 0xFC,
  0x7E, 0xFC, 0x71, 0xFC, 0x63, 0xFC, 0x56, 0xFC, 0x49, 0xFC, 0x3C, 0xFC,
  0x2F, 0xFC, 0x21, 0xFC, 0x14, 0xFC, 0x07, 0xFC, 0xFA, 0xFB, 0xEC, 0xFB,
  0xDF, 0xFB, 0xD2, 0xFB, 0xC5, 0xFB, 0xB8, 0xFB, 0xAA, 0xFB, 0x9D, 0xFB,
  0x90, 0xFB, 0x83, 0xFB, 0x76, 0xFB, 0x68, 0xFB, 0x5B, 0xFB, 0x4E, 0xFB,
  0x41, 0xFB, 0x34, 0xFB, 0x26, 0xFB, 0x19, 0xFB, 0x0C, 0xFB, 0xFF, 0xFA,
  0xF2, 0xFA, 0xE4, 0xFA, 0xD7, 0xFA, 0xCA, 0xFA, 0xBD, 0xFA, 0xAF, 0xFA,
  0xA2, 0xFA, 0x95, 0xFA, 0x88, 0xFA, 0x7B, 0xFA, 0x6D, 0xFA, 0x60, 0xFA,
  0x53, 0xFA, 0x46, 0xFA, 0x39, 0xFA, 0x2B, 0xFA, 0x1E, 0xFA, 0x11, 0xFA,
  0x04, 0xFA, 0xF7, 0xF9, 0xE9, 0xF9, 0xDC, 0xF9, 0xCF, 0xF9, 0xC2, 0xF9,
  0x4C, 0x06, 0x59, 0x06, 0x66, 0x06, 0x73, 0x06, 0x80, 0x06, 0x8E, 0x06,
  0x9B, 0x06, 0xA8, 0x06, 0xB5, 0x06, 0xC2, 0x06, 0xD0, 0x06, 0xDD, 0x06,
  0xEA, 0x06, 0xF7, 0x06, 0x04, 0x07, 0x12, 0x07, 0x1F, 0x07, 0x2C, 0x07,
  0x39, 0x07, 0x46, 0x07, 0x54, 0x07, 0x61, 0x07, 0x6E, 0x07, 0x7B, 0x07,
  0x89, 0x07, 0x96, 0x07, 0xA3, 0x07, 0xB0, 0x07, 0xBD, 0x07, 0xCB, 0x07,
  0xD8, 0x07, 0xE5, 0x07, 0xF2, 0x07, 0xFF, 0x07, 0x0D, 0x08, 0x1A, 0x08,
  0x27, 0x08, 0x34, 0x08, 0x41, 0x08, 0x4F, 0x08, 0x5C, 0x08, 0x69, 0x08,
  0x76, 0x08, 0x84, 0x08, 0x91, 0x08, 0x9E, 0x08, 0xAB, 0x08, 0xB8, 0x08,
  0xC6, 0x08, 0xD3, 0x08, 0xE0, 0x08, 0xED, 0x08, 0xFA, 0x08, 0x08, 0x09,
  0x15, 0x09, 0x22, 0x09, 0x2F, 0x09, 0x3C, 0x09, 0x4A, 0x09, 0x57, 0x09,
  0x64, 0x09, 0x8F, 0xF6, 0x82, 0xF6, 0x74, 0xF6, 0x67, 0xF6, 0x5A, 0xF6,
  0x4D, 0xF6, 0x3F, 0xF6, 0x32, 0xF6, 0x25, 0xF6, 0x18, 0xF6, 0x0B, 0xF6,
  0xFD, 0xF5, 0xF0, 0xF5, 0xE3, 0xF5, 0xD6, 0xF5, 0xC9, 0xF5, 0xBB, 0xF5,
  0xAE, 0xF5, 0xA1, 0xF5, 0x94, 0xF5, 0x87, 0xF5, 0x79, 0xF5, 0x6C, 0xF5,
  0x5F, 0xF5, 0x52, 0xF5, 0x44, 0xF5, 0x37, 0xF5, 0x2A, 0xF5, 0x1D, 0xF5,
  0x10, 0xF5, 0x02, 0xF5, 0xF5, 0xF4, 0xE8, 0xF4, 0xDB, 0xF4, 0xCE, 0xF4,
  0xC0, 0xF4, 0xB3, 0xF4, 0xA6, 0xF4, 0x99, 0xF4, 0x8C, 0xF4, 0x7E, 0xF4,
  0x71, 0xF4, 0x64, 0xF4, 0x57, 0xF4, 0x4A, 0xF4, 0x3C, 0xF4, 0x2F, 0xF4,
  0x22, 0xF4, 0x15, 0xF4, 0x07, 0xF4, 0xFA, 0xF3, 0xED, 0xF3, 0xE0, 0xF3,
  0xD3, 0xF3, 0xC5, 0xF3, 0xB8, 0xF3, 0xAB, 0xF3, 0x9E, 0xF3, 0x91, 0xF3,
  0x83, 0xF3, 0x76, 0xF3, 0x97, 0x0C, 0xA4, 0x0C, 0xB1, 0x0C, 0xBF, 0x0C,
  0xCC, 0x0C, 0xD9, 0x0C, 0xE6, 0x0C, 0xF4, 0x0C, 0x01, 0x0D, 0x0E, 0x0D,
  0x1B, 0x0D, 0x28, 0x0D, 0x36, 0x0D, 0x43, 0x0D, 0x50, 0x0D, 0x5D, 0x0D,
  0x6A, 0x0D, 0x78, 0x0D, 0x85, 0x0D, 0x92, 0x0D, 0x9F, 0x0D, 0xAC, 0x0D,
  0xBA, 0x0D, 0xC7, 0x0D, 0xD4, 0x0D, 0xE1, 0x0D, 0xEE, 0x0D, 0xFC, 0x0D,
  0x09, 0x0E, 0x16, 0x0E, 0x23, 0x0E, 0x31, 0x0E, 0x3E, 0x0E, 0x4B, 0x0E,
  0x58, 0x0E, 0x65, 0x0E, 0x73, 0x0E, 0x80, 0x0E, 0x8D, 0x0E, 0x9A, 0x0E,
  0xA7, 0x0E, 0xB5, 0x0E, 0xC2, 0x0E, 0xCF, 0x0E, 0xDC, 0x0E, 0xE9, 0x0E,
  0xF7, 0x0E, 0x04, 0x0F, 0x11, 0x0F, 0x1E, 0x0F, 0x2B, 0x0F, 0x39, 0x0F,
  0x46, 0x0F, 0x53, 0x0F, 0x60, 0x0F, 0x6E, 0x0F, 0x7B, 0x0F, 0x88, 0x0F,
  0x95, 0x0F, 0xA2, 0x0F, 0xB0, 0x0F, 0xBD, 0x0F, 0x36, 0xF0, 0x29, 0xF0,
  0x1C, 0xF0, 0x0E, 0xF0, 0x01, 0xF0, 0xF4, 0xEF, 0xE7, 0xEF, 0xDA, 0xEF,
  0xCC, 0xEF, 0xBF, 0xEF, 0xB2, 0xEF, 0xA5, 0xEF, 0x97, 0xEF, 0x8A, 0xEF,
  0x7D, 0xEF, 0x70, 0xEF, 0x63, 0xEF, 0x55, 0xEF, 0x48, 0xEF, 0x3B, 0xEF,
  0x2E, 0xEF, 0x21, 0xEF, 0x13, 0xEF, 0x06, 0xEF, 0xF9, 0xEE, 0xEC, 0xEE,
  0xDF, 0xEE, 0xD1, 0xEE, 0xC4, 0xEE, 0xB7, 0xEE, 0xAA, 0xEE, 0x9D, 0xEE,
  0x8F, 0xEE, 0x82, 0xEE, 0x75, 0xEE, 0x68, 0xEE, 0x5A, 0xEE, 0x4D, 0xEE,
  0x40, 0xEE, 0x33, 0xEE, 0x26, 0xEE, 0x18, 0xEE, 0x0B, 0xEE, 0xFE, 0xED,
  0xF1, 0xED, 0xE4, 0xED, 0xD6, 0xED, 0xC9, 0xED, 0xBC, 0xED, 0xAF, 0xED,
  0xA2, 0xED, 0x94, 0xED, 0x87, 0xED, 0x7A, 0xED, 0x6D, 0xED, 0x5F, 0xED,
  0x52, 0xED, 0x45, 0xED, 0x38, 0xED, 0x2B, 0xED, 0x1D, 0xED, 0xF0, 0x12,
  0xFD, 0x12, 0x0A, 0x13, 0x17, 0x13, 0x25, 0x13, 0x32, 0x13, 0x3F, 0x13,
  0x4C, 0x13, 0x59, 0x13, 0x67, 0x13, 0x74, 0x13, 0x81, 0x13, 0x8E, 0x13,
  0x9B, 0x13, 0xA9, 0x13, 0xB6, 0x13, 0xC3, 0x13, 0xD0, 0x13, 0xDE, 0x13,
  0xEB, 0x13, 0xF8, 0x13, 0x05, 0x14, 0x12, 0x14, 0x20, 0x14, 0x2D, 0x14,
  0x3A, 0x14, 0x47, 0x14, 0x54, 0x14, 0x62, 0x14, 0x6F, 0x14, 0x7B, 0x14,
  0x7B, 0x14, 0x7B, 0x14, 0x7B, 0x14, 0x7B, 0x14, 0x7B, 0x14, 0x7B, 0x14,
  0x7B, 0x14, 0x7B, 0x14, 0x7B, 0x14, 0x7B, 0x14, 0x7B, 0x14, 0x7B, 0x14,
  0x7B, 0x14, 0x7B, 0x14, 0x7B, 0x14, 0x7B, 0x14, 0x7B, 0x14, 0x7B, 0x14,
  0x7B, 0x14, 0x7B, 0x14, 0x7B, 0x14, 0x7B, 0x14, 0x7B, 0x14, 0x7B, 0x14,
  0x7B, 0x14, 0x7B, 0x14, 0x7B, 0x14, 0x7B, 0x14, 0x7B, 0x14, 0x7B, 0x14,
  0x85, 0xEB, 0x85, 0xEB, 0x85, 0xEB, 0x85, 0xEB, 0x85, 0xEB, 0x85, 0xEB,
  0x85, 0xEB, 0x85, 0xEB, 0x85, 0xEB, 0x85, 0xEB, 0x85, 0xEB, 0x85, 0xEB,
  0x85, 0xEB, 0x85, 0xEB, 0x85, 0xEB, 0x85, 0xEB, 0x85, 0xEB, 0x85, 0xEB,
  0x85, 0xEB, 0x85, 0xEB, 0x85, 0xEB, 0x85, 0xEB, 0x85, 0xEB, 0x85, 0xEB,
  0x85, 0xEB, 0x85, 0xEB, 0x85, 0xEB, 0x85, 0xEB, 0x85, 0xEB, 0x85, 0xEB,
  0x85, 0xEB, 0x85, 0xEB, 0x85, 0xEB, 0x85, 0xEB, 0x85, 0xEB, 0x85, 0xEB,
  0x85, 0xEB, 0x85, 0xEB, 0x85, 0xEB, 0x85, 0xEB, 0x85, 0xEB, 0x85, 0xEB,
  0x85, 0xEB, 0x85, 0xEB, 0x85, 0xEB, 0x85, 0xEB, 0x85, 0xEB, 0x85, 0xEB,
  0x85, 0xEB, 0x85, 0xEB, 0x85, 0xEB, 0x85, 0xEB, 0x85, 0xEB, 0x85, 0xEB,
  0x85, 0xEB, 0x85, 0xEB, 0x85, 0xEB, 0x85, 0xEB, 0x85, 0xEB, 0x85, 0xEB,
  0x85, 0xEB, 0x7B, 0x14, 0x7B, 0x14, 0x7B, 0x14, 0x7B, 0x14, 0x7B, 0x14,
  0x7B, 0x14, 0x7B, 0x14, 0x7B, 0x14, 0x7B, 0x14, 0x7B, 0x14, 0x7B, 0x14,
  0x7B, 0x14, 0x7B, 0x14, 0x7B, 0x14, 0x7B, 0x14, 0x7B, 0x14, 0x7B, 0x14,
  0x7B, 0x14, 0x7B, 0x14, 0x7B, 0x14, 0x7B, 0x14, 0x7B, 0x14, 0x7B, 0x14,
  0x7B, 0x14, 0x7B, 0x14, 0x7B, 0x14, 0x7B, 0x14, 0x7B, 0x14, 0x7B, 0x14,
  0x7B, 0x14, 0x7B, 0x14, 0x7B, 0x14, 0x7B, 0x14, 0x7B, 0x14, 0x7B, 0x14,
  0x7B, 0x14, 0x7B, 0x14, 0x7B, 0x14, 0x7B, 0x14, 0x7B, 0x14, 0x7B, 0x14,
  0x7B, 0x14, 0x7B, 0x14, 0x7B, 0x14, 0x7B, 0x14, 0x7B, 0x14, 0x7B, 0x14,
  0x7B, 0x14, 0x7B, 0x14, 0x7B, 0x14, 0x7B, 0x14, 0x7B, 0x14, 0x7B, 0x14,
  0x7B, 0x14, 0x7B, 0x14, 0x7B, 0x14, 0x7B, 0x14, 0x7B, 0x14, 0x7B, 0x14,
  0x7B, 0x14, 0x7B, 0x14, 0x7B, 0x14, 0x85, 0xEB, 0x85, 0xEB, 0x85, 0xEB,
  0x85, 0xEB, 0x85, 0xEB, 0x85, 0xEB, 0x85, 0xEB, 0x85, 0xEB, 0x85, 0xEB,
  0x85, 0xEB, 0x85, 0xEB, 0x85, 0xEB, 0x85, 0xEB, 0x85, 0xEB, 0x85, 0xEB,
  0x85, 0xEB, 0x85, 0xEB, 0x85, 0xEB, 0x85, 0xEB, 0x85, 0xEB, 0x85, 0xEB,
  0x85, 0xEB, 0x85, 0xEB, 0x85, 0xEB, 0x85, 0xEB, 0x85, 0xEB, 0x85, 0xEB,
  0x85, 0xEB, 0x85, 0xEB, 0x85, 0xEB, 0x85, 0xEB, 0x85, 0xEB, 0x85, 0xEB,
  0x85, 0xEB, 0x85, 0xEB, 0x85, 0xEB, 0x85, 0xEB, 0x85, 0xEB, 0x85, 0xEB,
  0x85, 0xEB, 0x85, 0xEB, 0x85, 0xEB, 0x85, 0xEB, 0x85, 0xEB, 0x85, 0xEB,
  0x85, 0xEB, 0x85, 0xEB, 0x85, 0xEB, 0x85, 0xEB, 0x85, 0xEB, 0x85, 0xEB,
  0x85, 0xEB, 0x85, 0xEB, 0x85, 0xEB, 0x85, 0xEB, 0x85, 0xEB, 0x85, 0xEB,
  0x85, 0xEB, 0x85, 0xEB, 0x85, 0xEB, 0x85, 0xEB, 0x7B, 0x14, 0x7B, 0x14,
  0x7B, 0x14, 0x7B, 0x14, 0x7B, 0x14, 0x7B, 0x14, 0x7B, 0x14, 0x7B, 0x14,
  0x7B, 0x14, 0x7B, 0x14, 0x7B, 0x14, 0x7B, 0x14, 0x7B, 0x14, 0x7B, 0x14,
  0x7B, 0x14, 0x7B, 0x14, 0x7B, 0x14, 0x7B, 0x14, 0x7B, 0x14, 0x7B, 0x14,
  0x7B, 0x14, 0x7B, 0x14, 0x7B, 0x14, 0x7B, 0x14, 0x7B, 0x14, 0x7B, 0x14,
  0x7B, 0x14, 0x7B, 0x14, 0x7B, 0x14, 0x7B, 0x14, 0x7B, 0x14, 0x7B, 0x14,
  0x7B, 0x14, 0x7B, 0x14, 0x7B, 0x14, 0x7B, 0x14, 0x7B, 0x14, 0x7B, 0x14,
  0x7B, 0x14, 0x7B, 0x14, 0x7B, 0x14, 0x7B, 0x14, 0x7B, 0x14, 0x7B, 0x14,
  0x7B, 0x14, 0x7B, 0x14, 0x7B, 0x14, 0x7B, 0x14, 0x7B, 0x14, 0x7B, 0x14,
  0x7B, 0x14, 0x7B, 0x14, 0x7B, 0x14, 0x7B, 0x14, 0x7B, 0x14, 0x7B, 0x14,
  0x7B, 0x14, 0x7B, 0x14, 0x7B, 0x14, 0x7B, 0x14, 0x7B, 0x14, 0x85, 0xEB,
  0x85, 0xEB, 0x85, 0xEB, 0x85, 0xEB, 0x85, 0xEB, 0x85, 0xEB, 0x85, 0xEB,
  0x85, 0xEB, 0x85, 0xEB, 0x85, 0xEB, 0x85, 0xEB, 0x85, 0xEB, 0x85, 0xEB,
  0x85, 0xEB, 0x85, 0xEB, 0x85, 0xEB, 0x85, 0xEB, 0x85, 0xEB, 0x85, 0xEB,
  0x85, 0xEB, 0x85, 0xEB, 0x85, 0xEB, 0x85, 0xEB, 0x85, 0xEB, 0x85, 0xEB,
  0x85, 0xEB, 0x85, 0xEB, 0x85, 0xEB, 0x85, 0xEB, 0x85, 0xEB, 0x85, 0xEB,
  0x85, 0xEB, 0x85, 0xEB, 0x85, 0xEB, 0x85, 0xEB, 0x85, 0xEB, 0x85, 0xEB,
  0x85, 0xEB, 0x85, 0xEB, 0x85, 0xEB, 0x85, 0xEB, 0x85, 0xEB, 0x85, 0xEB,
  0x85, 0xEB, 0x85, 0xEB, 0x85, 0xEB, 0x85, 0xEB, 0x85, 0xEB, 0x85, 0xEB,
  0x85, 0xEB, 0x85, 0xEB, 0x85, 0xEB, 0x85, 0xEB, 0x85, 0xEB, 0x85, 0xEB,
  0x85, 0xEB, 0x85, 0xEB, 0x85, 0xEB, 0x85, 0xEB, 0x85, 0xEB, 0x85, 0xEB,
  0x85, 0xEB, 0x7B, 0x14, 0x7B, 0x14, 0x7B, 0x14, 0x7B, 0x14, 0x7B, 0x14,
  0x7B, 0x14, 0x7B, 0x14, 0x7B, 0x14, 0x7B, 0x14, 0x7B, 0x14, 0x7B, 0x14,
  0x7B, 0x14, 0x7B, 0x14, 0x7B, 0x14, 0x7B, 0x14, 0x7B, 0x14, 0x7B, 0x14,
  0x7B, 0x14, 0x7B, 0x14, 0x7B, 0x14, 0x7B, 0x14, 0x7B, 0x14, 0x7B, 0x14,
  0x7B, 0x14, 0x7B, 0x14, 0x7B, 0x14, 0x7B, 0x14, 0x7B, 0x14, 0x7B, 0x14,
  0x7B, 0x14, 0x7B, 0x14, 0x7B, 0x14, 0x7B, 0x14, 0x7B, 0x14, 0x7B, 0x14,
  0x7B, 0x14, 0x7B, 0x14, 0x7B, 0x14, 0x7B, 0x14, 0x7B, 0x14, 0x7B, 0x14,
  0x7B, 0x14, 0x7B, 0x14, 0x7B, 0x14, 0x7B, 0x14, 0x7B, 0x14, 0x7B, 0x14,
  0x7B, 0x14, 0x7B, 0x14, 0x7B, 0x14, 0x7B, 0x14, 0x7B, 0x14, 0x7B, 0x14,
  0x7B, 0x14, 0x7B, 0x14, 0x7B, 0x14, 0x7B, 0x14, 0x7B, 0x14, 0x7B, 0x14,
  0x7B, 0x14, 0x7B, 0x14, 0x85, 0xEB, 0x85, 0xEB, 0x85, 0xEB, 0x85, 0xEB,
  0x85, 0xEB, 0x85, 0xEB, 0x85, 0xEB, 0x85, 0xEB, 0x85, 0xEB, 0x85, 0xEB,
  0x85, 0xEB, 0x85, 0xEB, 0x85, 0xEB, 0x85, 0xEB, 0x85, 0xEB, 0x85, 0xEB,
  0x85, 0xEB, 0x85, 0xEB, 0x85, 0xEB, 0x85, 0xEB, 0x85, 0xEB, 0x85, 0xEB,
  0x85, 0xEB, 0x85, 0xEB, 0x85, 0xEB, 0x85, 0xEB, 0x85, 0xEB, 0x85, 0xEB,
  0x85, 0xEB, 0x85, 0xEB, 0x85, 0xEB, 0x85, 0xEB, 0x85, 0xEB, 0x85, 0xEB,
  0x85, 0xEB, 0x85, 0xEB, 0x85, 0xEB, 0x85, 0xEB, 0x85, 0xEB, 0x85, 0xEB,
  0x85, 0xEB, 0x85, 0xEB, 0x85, 0xEB, 0x85, 0xEB, 0x85, 0xEB, 0x85, 0xEB,
  0x85, 0xEB, 0x85, 0xEB, 0x85, 0xEB, 0x85, 0xEB, 0x85, 0xEB, 0x85, 0xEB,
  0x85, 0xEB, 0x85, 0xEB, 0x85, 0xEB, 0x85, 0xEB, 0x85, 0xEB, 0x85, 0xEB,
  0x85, 0xEB, 0x85, 0xEB, 0x85, 0xEB, 0x7B, 0x14, 0x7B, 0x14, 0x7B, 0x14,
  0x7B, 0x14, 0x7B, 0x14, 0x7B, 0x14, 0x7B, 0x14, 0x7B, 0x14, 0x7B, 0x14,
  0x7B, 0x14, 0x7B, 0x14, 0x7B, 0x14, 0x7B, 0x14, 0x7B, 0x14, 0x7B, 0x14,
  0x7B, 0x14, 0x7B, 0x14, 0x7B, 0x14, 0x7B, 0x14, 0x7B, 0x14, 0x7B, 0x14,
  0x7B, 0x14, 0x7B, 0x14, 0x7B, 0x14, 0x7B, 0x14, 0x7B, 0x14, 0x7B, 0x14,
  0x7B, 0x14, 0x7B, 0x14, 0x7B, 0x14, 0x7B, 0x14, 0x7B, 0x14, 0x7B, 0x14,
  0x7B, 0x14, 0x7B, 0x14, 0x7B, 0x14, 0x7B, 0x14, 0x7B, 0x14, 0x7B, 0x14,
  0x7B, 0x14, 0x7B, 0x14, 0x7B, 0x14, 0x7B, 0x14, 0x7B, 0x14, 0x7B, 0x14,
  0x7B, 0x14, 0x7B, 0x14, 0x7B, 0x14, 0x7B, 0x14, 0x7B, 0x14, 0x7B, 0x14,
  0x7B, 0x14, 0x7B, 0x14, 0x7B, 0x14, 0x7B, 0x14, 0x7B, 0x14, 0x7B, 0x14,
  0x7B, 0x14, 0x7B, 0x14, 0x7B, 0x14, 0x7B, 0x14, 0x85, 0xEB, 0x85, 0xEB,
  0x85, 0xEB, 0x85, 0xEB, 0x85, 0xEB, 0x85, 0xEB, 0x85, 0xEB, 0x85, 0xEB,
  0x85, 0xEB, 0x85, 0xEB, 0x85, 0xEB, 0x85, 0xEB, 0x85, 0xEB, 0x85, 0xEB,
  0x85, 0xEB, 0x85, 0xEB, 0x85, 0xEB, 0x85, 0xEB, 0x85, 0xEB, 0x85, 0xEB,
  0x85, 0xEB, 0x85, 0xEB, 0x85, 0xEB, 0x85, 0xEB, 0x85, 0xEB, 0x85, 0xEB,
  0x85, 0xEB, 0x85, 0xEB, 0x85, 0xEB, 0x85, 0xEB, 0x85, 0xEB, 0x85, 0xEB,
  0x85, 0xEB, 0x85, 0xEB, 0x85, 0xEB, 0x85, 0xEB, 0x85, 0xEB, 0x85, 0xEB,
  0x85, 0xEB, 0x85, 0xEB, 0x85, 0xEB, 0x85, 0xEB, 0x85, 0xEB, 0x85, 0xEB,
  0x85, 0xEB, 0x85, 0xEB, 0x85, 0xEB, 0x85, 0xEB, 0x85, 0xEB, 0x85, 0xEB,
  0x85, 0xEB, 0x85, 0xEB, 0x85, 0xEB, 0x85, 0xEB, 0x85, 0xEB, 0x85, 0xEB,
  0x85, 0xEB, 0x85, 0xEB, 0x85, 0xEB, 0x85, 0xEB, 0x85, 0xEB, 0x85, 0xEB,
  0x7B, 0x14, 0x7B, 0x14, 0x7B, 0x14, 0x7B, 0x14, 0x7B, 0x14, 0x7B, 0x14,
  0x7B, 0x14, 0x7B, 0x14, 0x7B, 0x14, 0x7B, 0x14, 0x7B, 0x14, 0x7B, 0x14,
  0x7B, 0x14, 0x7B, 0x14, 0x7B, 0x14, 0x7B, 0x14, 0x7B, 0x14, 0x7B, 0x14,
  0x7B, 0x14, 0x7B, 0x14, 0x7B, 0x14, 0x7B, 0x14, 0x7B, 0x14, 0x7B, 0x14,
  0x7B, 0x14, 0x7B, 0x14, 0x7B, 0x14, 0x7B, 0x14, 0x7B, 0x14, 0x7B, 0x14,
  0x7B, 0x14, 0x7B, 0x14, 0x7B, 0x14, 0x7B, 0x14, 0x7B, 0x14, 0x7B, 0x14,
  0x7B, 0x14, 0x7B, 0x14, 0x7B, 0x14, 0x7B, 0x14, 0x7B, 0x14, 0x7B, 0x14,
  0x7B, 0x14, 0x7B, 0x14, 0x7B, 0x14, 0x7B, 0x14, 0x7B, 0x14, 0x7B, 0x14,
  0x7B, 0x14, 0x7B, 0x14, 0x7B, 0x14, 0x7B, 0x14, 0x7B, 0x14, 0x7B, 0x14,
  0x7B, 0x14, 0x7B, 0x14, 0x7B, 0x14, 0x7B, 0x14, 0x7B, 0x14, 0x7B, 0x14,
  0x7B, 0x14, 0x85, 0xEB, 0x85, 0xEB, 0x85, 0xEB, 0x85, 0xEB, 0x85, 0xEB,
  0x85, 0xEB, 0x85, 0xEB, 0x85, 0xEB, 0x85, 0xEB, 0x85, 0xEB, 0x85, 0xEB,
  0x85, 0xEB, 0x85, 0xEB, 0x85, 0xEB, 0x85, 0xEB, 0x85, 0xEB, 0x85, 0xEB,
  0x85, 0xEB, 0x85, 0xEB, 0x85, 0xEB, 0x85, 0xEB, 0x85, 0xEB, 0x85, 0xEB,
  0x85, 0xEB, 0x85, 0xEB, 0x85, 0xEB, 0x85, 0xEB, 0x85, 0xEB, 0x85, 0xEB,
  0x85, 0xEB, 0x85, 0xEB, 0x85, 0xEB, 0x85, 0xEB, 0x85, 0xEB, 0x85, 0xEB,
  0x85, 0xEB, 0x85, 0xEB, 0x85, 0xEB, 0x85, 0xEB, 0x85, 0xEB, 0x85, 0xEB,
  0x85, 0xEB, 0x85, 0xEB, 0x85, 0xEB, 0x85, 0xEB, 0x85, 0xEB, 0x85, 0xEB,
  0x85, 0xEB, 0x85, 0xEB, 0x85, 0xEB, 0x85, 0xEB, 0x85, 0xEB, 0x85, 0xEB,
  0x85, 0xEB, 0x85, 0xEB, 0x85, 0xEB, 0x85, 0xEB, 0x85, 0xEB, 0x85, 0xEB,
  0x85, 0xEB, 0x85, 0xEB, 0x7B, 0x14, 0x7B, 0x14, 0x7B, 0x14, 0x7B, 0x14,
  0x7B, 0x14, 0x7B, 0x14, 0x7B, 0x14, 0x7B, 0x14, 0x7B, 0x14, 0x7B, 0x14,
  0x7B, 0x14, 0x7B, 0x14, 0x7B, 0x14, 0x7B, 0x14, 0x7B, 0x14, 0x7B, 0x14,
  0x7B, 0x14, 0x7B, 0x14, 0x7B, 0x14, 0x7B, 0x14, 0x7B, 0x14, 0x7B, 0x14,
  0x7B, 0x14, 0x7B, 0x14, 0x7B, 0x14, 0x7B, 0x14, 0x7B, 0x14, 0x7B, 0x14,
  0x7B, 0x14, 0x7B, 0x14, 0x7B, 0x14, 0x7B, 0x14, 0x7B, 0x14, 0x7B, 0x14,
  0x7B, 0x14, 0x7B, 0x14, 0x7B, 0x14, 0x7B, 0x14, 0x7B, 0x14, 0x7B, 0x14,
  0x7B, 0x14, 0x7B, 0x14, 0x7B, 0x14, 0x7B, 0x14, 0x7B, 0x14, 0x7B, 0x14,
  0x7B, 0x14, 0x7B, 0x14, 0x7B, 0x14, 0x7B, 0x14, 0x7B, 0x14, 0x7B, 0x14,
  0x7B, 0x14, 0x7B, 0x14, 0x7B, 0x14, 0x7B, 0x14, 0x7B, 0x14, 0x7B, 0x14,
  0x7B, 0x14, 0x7B, 0x14, 0x7B, 0x14, 0x85, 0xEB, 0x85, 0xEB, 0x85, 0xEB,
  0x85, 0xEB, 0x85, 0xEB, 0x85, 0xEB, 0x85, 0xEB, 0x85, 0xEB, 0x85, 0xEB,
  0x85, 0xEB, 0x85, 0xEB, 0x85, 0xEB, 0x85, 0xEB, 0x85, 0xEB, 0x85, 0xEB,
  0x85, 0xEB, 0x85, 0xEB, 0x85, 0xEB, 0x85, 0xEB, 0x85, 0xEB, 0x85, 0xEB,
  0x85, 0xEB, 0x85, 0xEB, 0x85, 0xEB, 0x85, 0xEB, 0x85, 0xEB, 0x85, 0xEB,
  0x85, 0xEB, 0x85, 0xEB, 0x85, 0xEB, 0x85, 0xEB, 0x85, 0xEB, 0x85, 0xEB,
  0x85, 0xEB, 0x85, 0xEB, 0x85, 0xEB, 0x85, 0xEB, 0x85, 0xEB, 0x85, 0xEB,
  0x85, 0xEB, 0x85, 0xEB, 0x85, 0xEB, 0x85, 0xEB, 0x85, 0xEB, 0x85, 0xEB,
  0x85, 0xEB, 0x85, 0xEB, 0x85, 0xEB, 0x85, 0xEB, 0x85, 0xEB, 0x85, 0xEB,
  0x85, 0xEB, 0x85, 0xEB, 0x85, 0xEB, 0x85, 0xEB, 0x85, 0xEB, 0x85, 0xEB,
  0x85, 0xEB, 0x85, 0xEB, 0x85, 0xEB, 0x85, 0xEB, 0x85, 0xEB, 0x7B, 0x14,
  0x7B, 0x14, 0x7B, 0x14, 0x7B, 0x14, 0x7B, 0x14, 0x7B, 0x14, 0x7B, 0x14,
  0x7B, 0x14, 0x7B, 0x14, 0x7B, 0x14, 0x7B, 0x14, 0x7B, 0x14, 0x7B, 0x14,
  0x7B, 0x14, 0x7B, 0x14, 0x7B, 0x14, 0x7B, 0x14, 0x7B, 0x14, 0x7B, 0x14,
  0x7B, 0x14, 0x7B, 0x14, 0x7B, 0x14, 0x7B, 0x14, 0x7B, 0x14, 0x7B, 0x14,
  0x7B, 0x14, 0x7B, 0x14, 0x7B, 0x14, 0x7B, 0x14, 0x7B, 0x14, 0x7B, 0x14,
  0x7B, 0x14, 0x7B, 0x14, 0x7B, 0x14, 0x7B, 0x14, 0x7B, 0x14, 0x7B, 0x14,
  0x7B, 0x14, 0x7B, 0x14, 0x7B, 0x14, 0x7B, 0x14, 0x7B, 0x14, 0x7B, 0x14,
  0x7B, 0x14, 0x7B, 0x14, 0x7B, 0x14, 0x7B, 0x14, 0x7B, 0x14, 0x7B, 0x14,
  0x7B, 0x14, 0x7B, 0x14, 0x7B, 0x14, 0x7B, 0x14, 0x7B, 0x14, 0x7B, 0x14,
  0x7B, 0x14, 0x7B, 0x14, 0x7B, 0x14, 0x7B, 0x14, 0x7B, 0x14, 0x7B, 0x14,
  0x85, 0xEB, 0x85, 0xEB, 0x85, 0xEB, 0x85, 0xEB, 0x85, 0xEB, 0x85, 0xEB,
  0x85, 0xEB, 0x85, 0xEB, 0x85, 0xEB, 0x85, 0xEB, 0x85, 0xEB, 0x85, 0xEB,
  0x85, 0xEB, 0x85, 0xEB, 0x85, 0xEB, 0x85, 0xEB, 0x85, 0xEB, 0x85, 0xEB,
  0x85, 0xEB, 0x85, 0xEB, 0x85, 0xEB, 0x85, 0xEB, 0x85, 0xEB, 0x85, 0xEB,
  0x85, 0xEB, 0x85, 0xEB, 0x85, 0xEB, 0x85, 0xEB, 0x85, 0xEB, 0x85, 0xEB,
  0x85, 0xEB, 0x85, 0xEB, 0x85, 0xEB, 0x85, 0xEB, 0x85, 0xEB, 0x85, 0xEB,
  0x85, 0xEB, 0x85, 0xEB, 0x85, 0xEB, 0x85, 0xEB, 0x85, 0xEB, 0x85, 0xEB,
  0x85, 0xEB, 0x85, 0xEB, 0x85, 0xEB, 0x85, 0xEB, 0x85, 0xEB, 0x85, 0xEB,
  0x85, 0xEB, 0x85, 0xEB, 0x85, 0xEB, 0x85, 0xEB, 0x85, 0xEB, 0x85, 0xEB,
  0x85, 0xEB, 0x85, 0xEB, 0x85, 0xEB, 0x85, 0xEB, 0x85, 0xEB, 0x85, 0xEB,
  0x85, 0xEB, 0x7B, 0x14, 0x7B, 0x14, 0x7B, 0x14, 0x7B, 0x14, 0x7B, 0x14,
  0x7B, 0x14, 0x7B, 0x14, 0x7B, 0x14, 0x7B, 0x14, 0x7B, 0x14, 0x7B, 0x14,
  0x7B, 0x14, 0x7B, 0x14, 0x7B, 0x14, 0x7B, 0x14, 0x7B, 0x14, 0x7B, 0x14,
  0x7B, 0x14, 0x7B, 0x14, 0x7B, 0x14, 0x7B, 0x14, 0x7B, 0x14, 0x7B, 0x14,
  0x7B, 0x14, 0x7B, 0x14, 0x7B, 0x14, 0x7B, 0x14, 0x7B, 0x14, 0x7B, 0x14,
  0x7B, 0x14, 0x7B, 0x14, 0x7B, 0x14, 0x7B, 0x14, 0x7B, 0x14, 0x7B, 0x14,
  0x7B, 0x14, 0x7B, 0x14, 0x7B, 0x14, 0x7B, 0x14, 0x7B, 0x14, 0x7B, 0x14,
  0x7B, 0x14, 0x7B, 0x14, 0x7B, 0x14, 0x7B, 0x14, 0x7B, 0x14, 0x7B, 0x14,
  0x7B, 0x14, 0x7B, 0x14, 0x7B, 0x14, 0x7B, 0x14, 0x7B, 0x14, 0x7B, 0x14,
  0x7B, 0x14, 0x7B, 0x14, 0x7B, 0x14, 0x7B, 0x14, 0x7B, 0x14, 0x7B, 0x14,
  0x7B, 0x14, 0x7B, 0x14, 0x85, 0xEB, 0x85, 0xEB, 0x85, 0xEB, 0x85, 0xEB,
  0x85, 0xEB, 0x85, 0xEB, 0x85, 0xEB, 0x85, 0xEB, 0x85, 0xEB, 0x85, 0xEB,
  0x85, 0xEB, 0x85, 0xEB, 0x85, 0xEB, 0x85, 0xEB, 0x85, 0xEB, 0x85, 0xEB,
  0x85, 0xEB, 0x85, 0xEB, 0x85, 0xEB, 0x85, 0xEB, 0x85, 0xEB, 0x85, 0xEB,
  0x85, 0xEB, 0x85, 0xEB, 0x85, 0xEB, 0x85, 0xEB, 0x85, 0xEB, 0x85, 0xEB,
  0x85, 0xEB, 0x85, 0xEB, 0x85, 0xEB, 0x85, 0xEB, 0x85, 0xEB, 0x85, 0xEB,
  0x85, 0xEB, 0x85, 0xEB, 0x85, 0xEB, 0x85, 0xEB, 0x85, 0xEB, 0x85, 0xEB,
  0x85, 0xEB, 0x85, 0xEB, 0x85, 0xEB, 0x85, 0xEB, 0x85, 0xEB, 0x85, 0xEB,
  0x85, 0xEB, 0x85, 0xEB, 0x88, 0xEB, 0x8D, 0xEB, 0x91, 0xEB, 0x96, 0xEB,
  0x9A, 0xEB, 0x9E, 0xEB, 0xA3, 0xEB, 0xA7, 0xEB, 0xAC, 0xEB, 0xB0, 0xEB,
  0xB4, 0xEB, 0xB9, 0xEB, 0xBD, 0xEB, 0xC2, 0xEB, 0x3A, 0x14, 0x36, 0x14,
  0x31, 0x14, 0x2D, 0x14, 0x28, 0x14, 0x24, 0x14, 0x20, 0x14, 0x1B, 0x14,
  0x17, 0x14, 0x12, 0x14, 0x0E, 0x14, 0x0A, 0x14, 0x05, 0x14, 0x01, 0x14,
  0xFC, 0x13, 0xF8, 0x13, 0xF4, 0x13, 0xEF, 0x13, 0xEB, 0x13, 0xE6, 0x13,
  0xE2, 0x13, 0xDE, 0x13, 0xD9, 0x13, 0xD5, 0x13, 0xD0, 0x13, 0xCC, 0x13,
  0xC8, 0x13, 0xC3, 0x13, 0xBF, 0x13, 0xBA, 0x13, 0xB6, 0x13, 0xB2, 0x13,
  0xAD, 0x13, 0xA9, 0x13, 0xA4, 0x13, 0xA0, 0x13, 0x9B, 0x13, 0x97, 0x13,
  0x93, 0x13, 0x8E, 0x13, 0x8A, 0x13, 0x85, 0x13, 0x81, 0x13, 0x7D, 0x13,
  0x78, 0x13, 0x74, 0x13, 0x6F, 0x13, 0x6B, 0x13, 0x67, 0x13, 0x62, 0x13,
  0x5E, 0x13, 0x59, 0x13, 0x55, 0x13, 0x51, 0x13, 0x4C, 0x13, 0x48, 0x13,
  0x43, 0x13, 0x3F, 0x13, 0x3B, 0x13, 0x36, 0x13, 0x32, 0x13, 0xD3, 0xEC,
  0xD7, 0xEC, 0xDB, 0xEC, 0xE0, 0xEC, 0xE4, 0xEC, 0xE9, 0xEC, 0xED, 0xEC,
  0xF1, 0xEC, 0xF6, 0xEC, 0xFA, 0xEC, 0xFF, 0xEC, 0x03, 0xED, 0x07, 0xED,
  0x0C, 0xED, 0x10, 0xED, 0x15, 0xED, 0x19, 0xED, 0x1D, 0xED, 0x22, 0xED,
  0x26, 0xED, 0x2B, 0xED, 0x2F, 0xED, 0x33, 0xED, 0x38, 0xED, 0x3C, 0xED,
  0x41, 0xED, 0x45, 0xED, 0x49, 0xED, 0x4E, 0xED, 0x52, 0xED, 0x57, 0xED,
  0x5B, 0xED, 0x5F, 0xED, 0x64, 0xED, 0x68, 0xED, 0x6D, 0xED, 0x71, 0xED,
  0x76, 0xED, 0x7A, 0xED, 0x7E, 0xED, 0x83, 0xED, 0x87, 0xED, 0x8C, 0xED,
  0x90, 0xED, 0x94, 0xED, 0x99, 0xED, 0x9D, 0xED, 0xA2, 0xED, 0xA6, 0xED,
  0xAA, 0xED, 0xAF, 0xED, 0xB3, 0xED, 0xB8, 0xED, 0xBC, 0xED, 0xC0, 0xED,
  0xC5, 0xED, 0xC9, 0xED, 0xCE, 0xED, 0xD2, 0xED, 0xD6, 0xED, 0xDB, 0xED,
  0x21, 0x12, 0x1C, 0x12, 0x18, 0x12, 0x14, 0x12, 0x0F, 0x12, 0x0B, 0x12,
  0x06, 0x12, 0x02, 0x12, 0xFE, 0x11, 0xF9, 0x11, 0xF5, 0x11, 0xF0, 0x11,
  0xEC, 0x11, 0xE8, 0x11, 0xE3, 0x11, 0xDF, 0x11, 0xDA, 0x11, 0xD6, 0x11,
  0xD2, 0x11, 0xCD, 0x11, 0xC9, 0x11, 0xC4, 0x11, 0xC0, 0x11, 0xBC, 0x11,
  0xB7, 0x11, 0xB3, 0x11, 0xAE, 0x11, 0xAA, 0x11, 0xA6, 0x11, 0xA1, 0x11,
  0x9D, 0x11, 0x98, 0x11, 0x94, 0x11, 0x90, 0x11, 0x8B, 0x11, 0x87, 0x11,
  0x82, 0x11, 0x7E, 0x11, 0x7A, 0x11, 0x75, 0x11, 0x71, 0x11, 0x6C, 0x11,
  0x68, 0x11, 0x63, 0x11, 0x5F, 0x11, 0x5B, 0x11, 0x56, 0x11, 0x52, 0x11,
  0x4D, 0x11, 0x49, 0x11, 0x45, 0x11, 0x40, 0x11, 0x3C, 0x11, 0x37, 0x11,
  0x33, 0x11, 0x2F, 0x11, 0x2A, 0x11, 0x26, 0x11, 0x21, 0x11, 0x1D, 0x11,
  0x19, 0x11, 0xEC, 0xEE, 0xF0, 0xEE, 0xF5, 0xEE, 0xF9, 0xEE, 0xFD, 0xEE,
  0x02, 0xEF, 0x06, 0xEF, 0x0B, 0xEF, 0x0F, 0xEF, 0x13, 0xEF, 0x18, 0xEF,
  0x1C, 0xEF, 0x21, 0xEF, 0x25, 0xEF, 0x29, 0xEF, 0x2E, 0xEF, 0x32, 0xEF,
  0x37, 0xEF, 0x3B, 0xEF, 0x3F, 0xEF, 0x44, 0xEF, 0x48, 0xEF, 0x4D, 0xEF,
  0x51, 0xEF, 0x55, 0xEF, 0x5A, 0xEF, 0x5E, 0xEF, 0x63, 0xEF, 0x67, 0xEF,
  0x6B, 0xEF, 0x70, 0xEF, 0x74, 0xEF, 0x79, 0xEF, 0x7D, 0xEF, 0x81, 0xEF,
  0x86, 0xEF, 0x8A, 0xEF, 0x8F, 0xEF, 0x93, 0xEF, 0x97, 0xEF, 0x9C, 0xEF,
  0xA0, 0xEF, 0xA5, 0xEF, 0xA9, 0xEF, 0xAD, 0xEF, 0xB2, 0xEF, 0xB6, 0xEF,
  0xBB, 0xEF, 0xBF, 0xEF, 0xC4, 0xEF, 0xC8, 0xEF, 0xCC, 0xEF, 0xD1, 0xEF,
  0xD5, 0xEF, 0xDA, 0xEF, 0xDE, 0xEF, 0xE2, 0xEF, 0xE7, 0xEF, 0xEB, 0xEF,
  0xF0, 0xEF, 0xF4, 0xEF, 0x08, 0x10, 0x03, 0x10, 0xFF, 0x0F, 0xFA, 0x0F,
  0xF6, 0x0F, 0xF2, 0x0F, 0xED, 0x0F, 0xE9, 0x0F, 0xE4, 0x0F, 0xE0, 0x0F,
  0xDC, 0x0F, 0xD7, 0x0F, 0xD3, 0x0F, 0xCE, 0x0F, 0xCA, 0x0F, 0xC6, 0x0F,
  0xC1, 0x0F, 0xBD, 0x0F, 0xB8, 0x0F, 0xB4, 0x0F, 0xB0, 0x0F, 0xAB, 0x0F,
  0xA7, 0x0F, 0xA2, 0x0F, 0x9E, 0x0F, 0x9A, 0x0F, 0x95, 0x0F, 0x91, 0x0F,
  0x8C, 0x0F, 0x88, 0x0F, 0x84, 0x0F, 0x7F, 0x0F, 0x7B, 0x0F, 0x76, 0x0F,
  0x72, 0x0F, 0x6E, 0x0F, 0x69, 0x0F, 0x65, 0x0F, 0x60, 0x0F, 0x5C, 0x0F,
  0x58, 0x0F, 0x53, 0x0F, 0x4F, 0x0F, 0x4A, 0x0F, 0x46, 0x0F, 0x42, 0x0F,
  0x3D, 0x0F, 0x39, 0x0F, 0x34, 0x0F, 0x30, 0x0F, 0x2B, 0x0F, 0x27, 0x0F,
  0x23, 0x0F, 0x1E, 0x0F, 0x1A, 0x0F, 0x15, 0x0F, 0x11, 0x0F, 0x0D, 0x0F,
  0x08, 0x0F, 0x04, 0x0F, 0xFF, 0x0E, 0xFB, 0x0E, 0x09, 0xF1, 0x0E, 0xF1,
  0x12, 0xF1, 0x17, 0xF1, 0x1B, 0xF1, 0x1F, 0xF1, 0x24, 0xF1, 0x28, 0xF1,
  0x2D, 0xF1, 0x31, 0xF1, 0x35, 0xF1, 0x3A, 0xF1, 0x3E, 0xF1, 0x43, 0xF1,
  0x47, 0xF1, 0x4B, 0xF1, 0x50, 0xF1, 0x54, 0xF1, 0x59, 0xF1, 0x5D, 0xF1,
  0x61, 0xF1, 0x66, 0xF1, 0x6A, 0xF1, 0x6F, 0xF1, 0x73, 0xF1, 0x77, 0xF1,
  0x7C, 0xF1, 0x80, 0xF1, 0x85, 0xF1, 0x89, 0xF1, 0x8D, 0xF1, 0x92, 0xF1,
  0x96, 0xF1, 0x9B, 0xF1, 0x9F, 0xF1, 0xA3, 0xF1, 0xA8, 0xF1, 0xAC, 0xF1,
  0xB1, 0xF1, 0xB5, 0xF1, 0xB9, 0xF1, 0xBE, 0xF1, 0xC2, 0xF1, 0xC7, 0xF1,
  0xCB, 0xF1, 0xCF, 0xF1, 0xD4, 0xF1, 0xD8, 0xF1, 0xDD, 0xF1, 0xE1, 0xF1,
  0xE5, 0xF1, 0xEA, 0xF1, 0xEE, 0xF1, 0xF3, 0xF1, 0xF7, 0xF1, 0xFC, 0xF1,
  0x00, 0xF2, 0x04, 0xF2, 0x09, 0xF2, 0x0D, 0xF2, 0x12, 0xF2, 0xEA, 0x0D,
  0xE6, 0x0D, 0xE1, 0x0D, 0xDD, 0x0D, 0xD8, 0x0D, 0xD4, 0x0D, 0xD0, 0x0D,
  0xCB, 0x0D, 0xC7, 0x0D, 0xC2, 0x0D, 0xBE, 0x0D, 0xBA, 0x0D, 0xB5, 0x0D,
  0xB1, 0x0D, 0xAC, 0x0D, 0xA8, 0x0D, 0xA4, 0x0D, 0x9F, 0x0D, 0x9B, 0x0D,
  0x96, 0x0D, 0x92, 0x0D, 0x8E, 0x0D, 0x89, 0x0D, 0x85, 0x0D, 0x80, 0x0D,
  0x7C, 0x0D, 0x78, 0x0D, 0x73, 0x0D, 0x6F, 0x0D, 0x6A, 0x0D, 0x66, 0x0D,
  0x62, 0x0D, 0x5D, 0x0D, 0x59, 0x0D, 0x54, 0x0D, 0x50, 0x0D, 0x4C, 0x0D,
  0x47, 0x0D, 0x43, 0x0D, 0x3E, 0x0D, 0x3A, 0x0D, 0x36, 0x0D, 0x31, 0x0D,
  0x2D, 0x0D, 0x28, 0x0D, 0x24, 0x0D, 0x20, 0x0D, 0x1B, 0x0D, 0x17, 0x0D,
  0x12, 0x0D, 0x0E, 0x0D, 0x0A, 0x0D, 0x05, 0x0D, 0x01, 0x0D, 0xFC, 0x0C,
  0xF8, 0x0C, 0xF4, 0x0C, 0xEF, 0x0C, 0xEB, 0x0C, 0xE6, 0x0C, 0xE2, 0x0C,
  0x23, 0xF3, 0x27, 0xF3, 0x2B, 0xF3, 0x30, 0xF3, 0x34, 0xF3, 0x39, 0xF3,
  0x3D, 0xF3, 0x41, 0xF3, 0x46, 0xF3, 0x4A, 0xF3, 0x4F, 0xF3, 0x53, 0xF3,
  0x57, 0xF3, 0x5C, 0xF3, 0x60, 0xF3, 0x65, 0xF3, 0x69, 0xF3, 0x6D, 0xF3,
  0x72, 0xF3, 0x76, 0xF3, 0x7B, 0xF3, 0x7F, 0xF3, 0x83, 0xF3, 0x88, 0xF3,
  0x8C, 0xF3, 0x91, 0xF3, 0x95, 0xF3, 0x99, 0xF3, 0x9E, 0xF3, 0xA2, 0xF3,
  0xA7, 0xF3, 0xAB, 0xF3, 0xAF, 0xF3, 0xB4, 0xF3, 0xB8, 0xF3, 0xBD, 0xF3,
  0xC1, 0xF3, 0xC5, 0xF3, 0xCA, 0xF3, 0xCE, 0xF3, 0xD3, 0xF3, 0xD7, 0xF3,
  0xDB, 0xF3, 0xE0, 0xF3, 0xE4, 0xF3, 0xE9, 0xF3, 0xED, 0xF3, 0xF1, 0xF3,
  0xF6, 0xF3, 0xFA, 0xF3, 0xFF, 0xF3, 0x03, 0xF4, 0x07, 0xF4, 0x0C, 0xF4,
  0x10, 0xF4, 0x15, 0xF4, 0x19, 0xF4, 0x1D, 0xF4, 0x22, 0xF4, 0x26, 0xF4,
  0x2B, 0xF4, 0xD1, 0x0B, 0xCC, 0x0B, 0xC8, 0x0B, 0xC4, 0x0B, 0xBF, 0x0B,
  0xBB, 0x0B, 0xB6, 0x0B, 0xB2, 0x0B, 0xAE, 0x0B, 0xA9, 0x0B, 0xA5, 0x0B,
  0xA0, 0x0B, 0x9C, 0x0B, 0x98, 0x0B, 0x93, 0x0B, 0x8F, 0x0B, 0x8A, 0x0B,
  0x86, 0x0B, 0x82, 0x0B, 0x7D, 0x0B, 0x79, 0x0B, 0x74, 0x0B, 0x70, 0x0B,
  0x6C, 0x0B, 0x67, 0x0B, 0x63, 0x0B, 0x5E, 0x0B, 0x5A, 0x0B, 0x56, 0x0B,
  0x51, 0x0B, 0x4D, 0x0B, 0x48, 0x0B, 0x44, 0x0B, 0x40, 0x0B, 0x3B, 0x0B,
  0x37, 0x0B, 0x32, 0x0B, 0x2E, 0x0B, 0x2A, 0x0B, 0x25, 0x0B, 0x21, 0x0B,
  0x1C, 0x0B, 0x18, 0x0B, 0x14, 0x0B, 0x0F, 0x0B, 0x0B, 0x0B, 0x06, 0x0B,
  0x02, 0x0B, 0xFE, 0x0A, 0xF9, 0x0A, 0xF5, 0x0A, 0xF0, 0x0A, 0xEC, 0x0A,
  0xE8, 0x0A, 0xE3, 0x0A, 0xDF, 0x0A, 0xDA, 0x0A, 0xD6, 0x0A, 0xD2, 0x0A,
  0xCD, 0x0A, 0xC9, 0x0A, 0xC4, 0x0A, 0x40, 0xF5, 0x44, 0xF5, 0x49, 0xF5,
  0x4D, 0xF5, 0x52, 0xF5, 0x56, 0xF5, 0x5B, 0xF5, 0x5F, 0xF5, 0x63, 0xF5,
  0x68, 0xF5, 0x6C, 0xF5, 0x71, 0xF5, 0x75, 0xF5, 0x79, 0xF5, 0x7E, 0xF5,
  0x82, 0xF5, 0x87, 0xF5, 0x8B, 0xF5, 0x8F, 0xF5, 0x94, 0xF5, 0x98, 0xF5,
  0x9D, 0xF5, 0xA1, 0xF5, 0xA5, 0xF5, 0xAA, 0xF5, 0xAE, 0xF5, 0xB3, 0xF5,
  0xB7, 0xF5, 0xBB, 0xF5, 0xC0, 0xF5, 0xC4, 0xF5, 0xC9, 0xF5, 0xCD, 0xF5,
  0xD1, 0xF5, 0xD6, 0xF5, 0xDA, 0xF5, 0xDF, 0xF5, 0xE3, 0xF5, 0xE7, 0xF5,
  0xEC, 0xF5, 0xF0, 0xF5, 0xF5, 0xF5, 0xF9, 0xF5, 0xFD, 0xF5, 0x02, 0xF6,
  0x06, 0xF6, 0x0B, 0xF6, 0x0F, 0xF6, 0x13, 0xF6, 0x18, 0xF6, 0x1C, 0xF6,
  0x21, 0xF6, 0x25, 0xF6, 0x29, 0xF6, 0x2E, 0xF6, 0x32, 0xF6, 0x37, 0xF6,
  0x3B, 0xF6, 0x3F, 0xF6, 0x44, 0xF6, 0x48, 0xF6, 0xB3, 0x09, 0xAF, 0x09,
  0xAB, 0x09, 0xA6, 0x09, 0xA2, 0x09, 0x9D, 0x09, 0x99, 0x09, 0x95, 0x09,
  0x90, 0x09, 0x8C, 0x09, 0x87, 0x09, 0x83, 0x09, 0x7E, 0x09, 0x7A, 0x09,
  0x76, 0x09, 0x71, 0x09, 0x6D, 0x09, 0x68, 0x09, 0x64, 0x09, 0x60, 0x09,
  0x5B, 0x09, 0x57, 0x09, 0x52, 0x09, 0x4E, 0x09, 0x4A, 0x09, 0x45, 0x09,
  0x41, 0x09, 0x3C, 0x09, 0x38, 0x09, 0x34, 0x09, 0x2F, 0x09, 0x2B, 0x09,
  0x26, 0x09, 0x22, 0x09, 0x1E, 0x09, 0x19, 0x09, 0x15, 0x09, 0x10, 0x09,
  0x0C, 0x09, 0x08, 0x09, 0x03, 0x09, 0xFF, 0x08, 0xFA, 0x08, 0xF6, 0x08,
  0xF2, 0x08, 0xED, 0x08, 0xE9, 0x08, 0xE4, 0x08, 0xE0, 0x08, 0xDC, 0x08,
  0xD7, 0x08, 0xD3, 0x08, 0xCE, 0x08, 0xCA, 0x08, 0xC6, 0x08, 0xC1, 0x08,
  0xBD, 0x08, 0xB8, 0x08, 0xB4, 0x08, 0xB0, 0x08, 0xAB, 0x08, 0x59, 0xF7,
  0x5E, 0xF7, 0x62, 0xF7, 0x66, 0xF7, 0x6B, 0xF7, 0x6F, 0xF7, 0x74, 0xF7,
  0x78, 0xF7, 0x7C, 0xF7, 0x81, 0xF7, 0x85, 0xF7, 0x8A, 0xF7, 0x8E, 0xF7,
  0x93, 0xF7, 0x97, 0xF7, 0x9B, 0xF7, 0xA0, 0xF7, 0xA4, 0xF7, 0xA9, 0xF7,
  0xAD, 0xF7, 0xB1, 0xF7, 0xB6, 0xF7, 0xBA, 0xF7, 0xBF, 0xF7, 0xC3, 0xF7,
  0xC7, 0xF7, 0xCC, 0xF7, 0xD0, 0xF7, 0xD5, 0xF7, 0xD9, 0xF7, 0xDD, 0xF7,
  0xE2, 0xF7, 0xE6, 0xF7, 0xEB, 0xF7, 0xEF, 0xF7, 0xF3, 0xF7, 0xF8, 0xF7,
  0xFC, 0xF7, 0x01, 0xF8, 0x05, 0xF8, 0x09, 0xF8, 0x0E, 0xF8, 0x12, 0xF8,
  0x17, 0xF8, 0x1B, 0xF8, 0x1F, 0xF8, 0x24, 0xF8, 0x28, 0xF8, 0x2D, 0xF8,
  0x31, 0xF8, 0x35, 0xF8, 0x3A, 0xF8, 0x3E, 0xF8, 0x43, 0xF8, 0x47, 0xF8,
  0x4B, 0xF8, 0x50, 0xF8, 0x54, 0xF8, 0x59, 0xF8, 0x5D, 0xF8, 0x61, 0xF8,
  0x9A, 0x07, 0x96, 0x07, 0x91, 0x07, 0x8D, 0x07, 0x89, 0x07, 0x84, 0x07,
  0x80, 0x07, 0x7B, 0x07, 0x77, 0x07, 0x73, 0x07, 0x6E, 0x07, 0x6A, 0x07,
  0x65, 0x07, 0x61, 0x07, 0x5D, 0x07, 0x58, 0x07, 0x54, 0x07, 0x4F, 0x07,
  0x4B, 0x07, 0x46, 0x07, 0x42, 0x07, 0x3E, 0x07, 0x39, 0x07, 0x35, 0x07,
  0x30, 0x07, 0x2C, 0x07, 0x28, 0x07, 0x23, 0x07, 0x1F, 0x07, 0x1A, 0x07,
  0x16, 0x07, 0x12, 0x07, 0x0D, 0x07, 0x09, 0x07, 0x04, 0x07, 0x00, 0x07,
  0xFC, 0x06, 0xF7, 0x06, 0xF3, 0x06, 0xEE, 0x06, 0xEA, 0x06, 0xE6, 0x06,
  0xE1, 0x06, 0xDD, 0x06, 0xD8, 0x06, 0xD4, 0x06, 0xD0, 0x06, 0xCB, 0x06,
  0xC7, 0x06, 0xC2, 0x06, 0xBE, 0x06, 0xBA, 0x06, 0xB5, 0x06, 0xB1, 0x06,
  0xAC, 0x06, 0xA8, 0x06, 0xA4, 0x06, 0x9F, 0x06, 0x9B, 0x06, 0x96, 0x06,
  0x92, 0x06, 0x8E, 0x06, 0x77, 0xF9, 0x7B, 0xF9, 0x80, 0xF9, 0x84, 0xF9,
  0x88, 0xF9, 0x8D, 0xF9, 0x91, 0xF9, 0x96, 0xF9, 0x9A, 0xF9, 0x9E, 0xF9,
  0xA3, 0xF9, 0xA7, 0xF9, 0xAC, 0xF9, 0xB0, 0xF9, 0xB4, 0xF9, 0xB9, 0xF9,
  0xBD, 0xF9, 0xC2, 0xF9, 0xC6, 0xF9, 0xCA, 0xF9, 0xCF, 0xF9, 0xD3, 0xF9,
  0xD8, 0xF9, 0xDC, 0xF9, 0xE1, 0xF9, 0xE5, 0xF9, 0xE9, 0xF9, 0xEE, 0xF9,
  0xF2, 0xF9, 0xF7, 0xF9, 0xFB, 0xF9, 0xFF, 0xF9, 0x04, 0xFA, 0x08, 0xFA,
  0x0D, 0xFA, 0x11, 0xFA, 0x15, 0xFA, 0x1A, 0xFA, 0x1E, 0xFA, 0x23, 0xFA,
  0x27, 0xFA, 0x2B, 0xFA, 0x30, 0xFA, 0x34, 0xFA, 0x39, 0xFA, 0x3D, 0xFA,
  0x41, 0xFA, 0x46, 0xFA, 0x4A, 0xFA, 0x4F, 0xFA, 0x53, 0xFA, 0x57, 0xFA,
  0x5C, 0xFA, 0x60, 0xFA, 0x65, 0xFA, 0x69, 0xFA, 0x6D, 0xFA, 0x72, 0xFA,
  0x76, 0xFA, 0x7B, 0xFA, 0x7F, 0xFA, 0x7D, 0x05, 0x78, 0x05, 0x74, 0x05,
  0x6F, 0x05, 0x6B, 0x05, 0x67, 0x05, 0x62, 0x05, 0x5E, 0x05, 0x59, 0x05,
  0x55, 0x05, 0x51, 0x05, 0x4C, 0x05, 0x48, 0x05, 0x43, 0x05, 0x3F, 0x05,
  0x3B, 0x05, 0x36, 0x05, 0x32, 0x05, 0x2D, 0x05, 0x29, 0x05, 0x25, 0x05,
  0x20, 0x05, 0x1C, 0x05, 0x17, 0x05, 0x13, 0x05, 0x0E, 0x05, 0x0A, 0x05,
  0x06, 0x05, 0x01, 0x05, 0xFD, 0x04, 0xF8, 0x04, 0xF4, 0x04, 0xF0, 0x04,
  0xEB, 0x04, 0xE7, 0x04, 0xE2, 0x04, 0xDE, 0x04, 0xDA, 0x04, 0xD5, 0x04,
  0xD1, 0x04, 0xCC, 0x04, 0xC8, 0x04, 0xC4, 0x04, 0xBF, 0x04, 0xBB, 0x04,
  0xB6, 0x04, 0xB2, 0x04, 0xAE, 0x04, 0xA9, 0x04, 0xA5, 0x04, 0xA0, 0x04,
  0x9C, 0x04, 0x98, 0x04, 0x93, 0x04, 0x8F, 0x04, 0x8A, 0x04, 0x86, 0x04,
  0x82, 0x04, 0x7D, 0x04, 0x79, 0x04, 0x74, 0x04, 0x90, 0xFB, 0x94, 0xFB,
  0x99, 0xFB, 0x9D, 0xFB, 0xA2, 0xFB, 0xA6, 0xFB, 0xAA, 0xFB, 0xAF, 0xFB,
  0xB3, 0xFB, 0xB8, 0xFB, 0xBC, 0xFB, 0xC0, 0xFB, 0xC5, 0xFB, 0xC9, 0xFB,
  0xCE, 0xFB, 0xD2, 0xFB, 0xD6, 0xFB, 0xDB, 0xFB, 0xDF, 0xFB, 0xE4, 0xFB,
  0xE8, 0xFB, 0xEC, 0xFB, 0xF1, 0xFB, 0xF5, 0xFB, 0xFA, 0xFB, 0xFE, 0xFB,
  0x02, 0xFC, 0x07, 0xFC, 0x0B, 0xFC, 0x10, 0xFC, 0x14, 0xFC, 0x19, 0xFC,
  0x1D, 0xFC, 0x21, 0xFC, 0x26, 0xFC, 0x2A, 0xFC, 0x2F, 0xFC, 0x33, 0xFC,
  0x37, 0xFC, 0x3C, 0xFC, 0x40, 0xFC, 0x45, 0xFC, 0x49, 0xFC, 0x4D, 0xFC,
  0x52, 0xFC, 0x56, 0xFC, 0x5B, 0xFC, 0x5F, 0xFC, 0x63, 0xFC, 0x68, 0xFC,
  0x6C, 0xFC, 0x71, 0xFC, 0x75, 0xFC, 0x79, 0xFC, 0x7E, 0xFC, 0x82, 0xFC,
  0x87, 0xFC, 0x8B, 0xFC, 0x8F, 0xFC, 0x94, 0xFC, 0x98, 0xFC, 0x63, 0x03,
  0x5F, 0x03, 0x5B, 0x03, 0x56, 0x03, 0x52, 0x03, 0x4D, 0x03, 0x49, 0x03,
  0x45, 0x03, 0x40, 0x03, 0x3C, 0x03, 0x37, 0x03, 0x33, 0x03, 0x2F, 0x03,
  0x2A, 0x03, 0x26, 0x03, 0x21, 0x03, 0x1D, 0x03, 0x19, 0x03, 0x14, 0x03,
  0x10, 0x03, 0x0B, 0x03, 0x07, 0x03, 0x03, 0x03, 0xFE, 0x02, 0xFA, 0x02,
  0xF5, 0x02, 0xF1, 0x02, 0xED, 0x02, 0xE8, 0x02, 0xE4, 0x02, 0xDF, 0x02,
  0xDB, 0x02, 0xD7, 0x02, 0xD2, 0x02, 0xCE, 0x02, 0xC9, 0x02, 0xC5, 0x02,
  0xC0, 0x02, 0xBC, 0x02, 0xB8, 0x02, 0xB3, 0x02, 0xAF, 0x02, 0xAA, 0x02,
  0xA6, 0x02, 0xA2, 0x02, 0x9D, 0x02, 0x99, 0x02, 0x94, 0x02, 0x90, 0x02,
  0x8C, 0x02, 0x87, 0x02, 0x83, 0x02, 0x7E, 0x02, 0x7A, 0x02, 0x76, 0x02,
  0x71, 0x02, 0x6D, 0x02, 0x68, 0x02, 0x64, 0x02, 0x60, 0x02, 0x5B, 0x02,
  0x57, 0x02, 0xAE, 0xFD, 0xB2, 0xFD, 0xB6, 0xFD, 0xBB, 0xFD, 0xBF, 0xFD,
  0xC4, 0xFD, 0xC8, 0xFD, 0xCC, 0xFD, 0xD1, 0xFD, 0xD5, 0xFD, 0xDA, 0xFD,
  0xDE, 0xFD, 0xE2, 0xFD, 0xE7, 0xFD, 0xEB, 0xFD, 0xF0, 0xFD, 0xF4, 0xFD,
  0xF8, 0xFD, 0xFD, 0xFD, 0x01, 0xFE, 0x06, 0xFE, 0x0A, 0xFE, 0x0E, 0xFE,
  0x13, 0xFE, 0x17, 0xFE, 0x1C, 0xFE, 0x20, 0xFE, 0x24, 0xFE, 0x29, 0xFE,
  0x2D, 0xFE, 0x32, 0xFE, 0x36, 0xFE, 0x3A, 0xFE, 0x3F, 0xFE, 0x43, 0xFE,
  0x48, 0xFE, 0x4C, 0xFE, 0x51, 0xFE, 0x55, 0xFE, 0x59, 0xFE, 0x5E, 0xFE,
  0x62, 0xFE, 0x67, 0xFE, 0x6B, 0xFE, 0x6F, 0xFE, 0x74, 0xFE, 0x78, 0xFE,
  0x7D, 0xFE, 0x81, 0xFE, 0x85, 0xFE, 0x8A, 0xFE, 0x8E, 0xFE, 0x93, 0xFE,
  0x97, 0xFE, 0x9B, 0xFE, 0xA0, 0xFE, 0xA4, 0xFE, 0xA9, 0xFE, 0xAD, 0xFE,
  0xB1, 0xFE, 0xB6, 0xFE, 0x46, 0x01, 0x41, 0x01, 0x3D, 0x01, 0x39, 0x01,
  0x34, 0x01, 0x30, 0x01, 0x2B, 0x01, 0x27, 0x01, 0x23, 0x01, 0x1E, 0x01,
  0x1A, 0x01, 0x15, 0x01, 0x11, 0x01, 0x0D, 0x01, 0x08, 0x01, 0x04, 0x01,
  0xFF, 0x00, 0xFB, 0x00, 0xF7, 0x00, 0xF2, 0x00, 0xEE, 0x00, 0xE9, 0x00,
  0xE5, 0x00, 0xE1, 0x00, 0xDC, 0x00, 0xD8, 0x00, 0xD3, 0x00, 0xCF, 0x00,
  0xCB, 0x00, 0xC6, 0x00, 0xC2, 0x00, 0xBD, 0x00, 0xB9, 0x00, 0xB5, 0x00,
  0xB0, 0x00, 0xAC, 0x00, 0xA7, 0x00, 0xA3, 0x00, 0x9F, 0x00, 0x9A, 0x00,
  0x96, 0x00, 0x91, 0x00, 0x8D, 0x00, 0x88, 0x00, 0x84, 0x00, 0x80, 0x00,
  0x7B, 0x00, 0x77, 0x00, 0x72, 0x00, 0x6E, 0x00, 0x6A, 0x00, 0x65, 0x00,
  0x61, 0x00, 0x5C, 0x00, 0x58, 0x00, 0x54, 0x00, 0x4F, 0x00, 0x4B, 0x00,
  0x46, 0x00, 0x42, 0x00, 0x3E, 0x00, 0xC7, 0xFF, 0xCB, 0xFF, 0xD0, 0xFF,
  0xD4, 0xFF, 0xD8, 0xFF, 0xDD, 0xFF, 0xE1, 0xFF, 0xE6, 0xFF, 0xEA, 0xFF,
  0xEE, 0xFF, 0xF3, 0xFF, 0xF7, 0xFF, 0xFC, 0xFF, 0x00, 0x00, 0x00, 0x00,
  0x00, 0x00, 0x00, 0x00, 0x00, 0x00, 0x00, 0x00, 0x00, 0x00, 0x00, 0x00,
  0x00, 0x00, 0x00, 0x00, 0x00, 0x00, 0x00, 0x00, 0x00, 0x00, 0x00, 0x00,
  0x00, 0x00, 0x00, 0x00, 0x00, 0x00, 0x00, 0x00, 0x00, 0x00, 0x00, 0x00,
  0x00, 0x00, 0x00, 0x00, 0x00, 0x00, 0x00, 0x00, 0x00, 0x00, 0x00, 0x00,
  0x00, 0x00, 0x00, 0x00, 0x00, 0x00, 0x00, 0x00, 0x00, 0x00, 0x00, 0x00,
  0x00, 0x00, 0x00, 0x00, 0x00, 0x00, 0x00, 0x00, 0x00, 0x00, 0x00, 0x00,
  0x00, 0x00, 0x00, 0x00, 0x00, 0x00, 0x00, 0x00, 0x00, 0x00, 0x00, 0x00,
  0x00, 0x00, 0x00, 0x00, 0x00, 0x00, 0x00, 0x00, 0x00, 0x00, 0x00, 0x00,
  0x00, 0x00, 0x00, 0x00, 0x00, 0x00, 0x00, 0x00, 0x00, 0x00, 0x00, 0x00,
  0x00, 0x00, 0x00, 0x00, 0x00, 0x00, 0x00, 0x00, 0x00, 0x00, 0x00, 0x00,
  0x00, 0x00, 0x00, 0x00, 0x00, 0x00, 0x00, 0x00, 0x00, 0x00, 0x00, 0x00,
  0x00, 0x00, 0x00, 0x00, 0x00, 0x00, 0x00, 0x00, 0x00, 0x00, 0x00, 0x00,
  0x00, 0x00, 0x00, 0x00, 0x00, 0x00, 0x00, 0x00, 0x00, 0x00, 0x00, 0x00,
  0x00, 0x00, 0x00, 0x00, 0x00, 0x00, 0x00, 0x00, 0x00, 0x00, 0x00, 0x00,
  0x00, 0x00, 0x00, 0x00, 0x00, 0x00, 0x00, 0x00, 0x00, 0x00, 0x00, 0x00,
  0x00, 0x00, 0x00, 0x00, 0x00, 0x00, 0x00, 0x00, 0x00, 0x00, 0x00, 0x00,
  0x00, 0x00, 0x00, 0x00, 0x00, 0x00, 0x00, 0x00, 0x00, 0x00, 0x00, 0x00,
  0x00, 0x00, 0x00, 0x00, 0x00, 0x00, 0x00, 0x00, 0x00, 0x00, 0x00, 0x00,
  0x00, 0x00, 0x00, 0x00, 0x00, 0x00, 0x00, 0x00, 0x00, 0x00, 0x00, 0x00,
  0x00, 0x00, 0x00, 0x00, 0x00, 0x00, 0x00, 0x00, 0x00, 0x00, 0x00, 0x00,
  0x00, 0x00, 0x00, 0x00, 0x00, 0x00, 0x00, 0x00, 0x00, 0x00, 0x00, 0x00,
  0x00, 0x00, 0x00, 0x00, 0x00, 0x00, 0x00, 0x00, 0x00, 0x00, 0x00, 0x00,
  0x00, 0x00, 0x00, 0x00, 0x00, 0x00, 0x00, 0x00, 0x00, 0x00, 0x00, 0x00,
  0x00, 0x00, 0x00, 0x00, 0x00, 0x00, 0x00, 0x00, 0x00, 0x00, 0x00, 0x00,
  0x00, 0x00, 0x00, 0x00, 0x00, 0x00, 0x00, 0x00, 0x00, 0x00, 0x00, 0x00,
  0x00, 0x00, 0x00, 0x00, 0x00, 0x00, 0x00, 0x00, 0x00, 0x00, 0x00, 0x00,
  0x00, 0x00, 0x00, 0x00, 0x00, 0x00, 0x00, 0x00, 0x00, 0x00, 0x00, 0x00,
  0x00, 0x00, 0x00, 0x00, 0x00, 0x00, 0x00, 0x00, 0x00, 0x00, 0x00, 0x00,
  0x00, 0x00, 0x00, 0x00, 0x00, 0x00, 0x00, 0x00, 0x00, 0x00, 0x00, 0x00,
  0x00, 0x00, 0x00, 0x00, 0x00, 0x00, 0x00, 0x00, 0x00, 0x00, 0x00, 0x00,
  0x00, 0x00, 0x00, 0x00, 0x00, 0x00, 0x00, 0x00, 0x00, 0x00, 0x00, 0x00,
  0x00, 0x00, 0x00, 0x00, 0x00, 0x00, 0x00, 0x00, 0x00, 0x00, 0x00, 0x00,
  0x00, 0x00, 0x00, 0x00, 0x00, 0x00, 0x00, 0x00, 0x00, 0x00, 0x00, 0x00,
  0x00, 0x00, 0x00, 0x00, 0x00, 0x00, 0x00, 0x00, 0x00, 0x00, 0x00, 0x00,
  0x00, 0x00, 0x00, 0x00, 0x00, 0x00, 0x00, 0x00, 0x00, 0x00, 0x00, 0x00,
  0x00, 0x00, 0x00, 0x00, 0x00, 0x00, 0x00, 0x00, 0x00, 0x00, 0x00, 0x00,
  0x00, 0x00, 0x00, 0x00, 0x00, 0x00, 0x00, 0x00, 0x00, 0x00, 0x00, 0x00,
  0x00, 0x00, 0x00, 0x00, 0x00, 0x00, 0x00, 0x00, 0x00, 0x00, 0x00, 0x00,
  0x00, 0x00, 0x00, 0x00, 0x00, 0x00, 0x00, 0x00, 0x00, 0x00, 0x00, 0x00,
  0x00, 0x00, 0x00, 0x00, 0x00, 0x00, 0x00, 0x00, 0x00, 0x00, 0x00, 0x00,
  0x00, 0x00, 0x00, 0x00, 0x00, 0x00, 0x00, 0x00, 0x00, 0x00, 0x00, 0x00,
  0x00, 0x00, 0x00, 0x00, 0x00, 0x00, 0x00, 0x00, 0x00, 0x00, 0x00, 0x00,
  0x00, 0x00, 0x00, 0x00, 0x00, 0x00, 0x00, 0x00, 0x00, 0x00, 0x00, 0x00,
  0x00, 0x00, 0x00, 0x00, 0x00, 0x00, 0x00, 0x00, 0x00, 0x00, 0x00, 0x00,
  0x00, 0x00, 0x00, 0x00, 0x00, 0x00, 0x00, 0x00, 0x00, 0x00, 0x00, 0x00,
  0x00, 0x00, 0x00, 0x00, 0x00, 0x00, 0x00, 0x00, 0x00, 0x00, 0x00, 0x00,
  0x00, 0x00, 0x00, 0x00, 0x00, 0x00, 0x00, 0x00, 0x00, 0x00, 0x00, 0x00,
  0x00, 0x00, 0x00, 0x00, 0x00, 0x00, 0x00, 0x00, 0x00, 0x00, 0x00, 0x00,
  0x00, 0x00, 0x00, 0x00, 0x00, 0x00, 0x00, 0x00, 0x00, 0x00, 0x00, 0x00,
  0x00, 0x00, 0x00, 0x00, 0x00, 0x00, 0x00, 0x00, 0x00, 0x00, 0x00, 0x00,
  0x00, 0x00, 0x00, 0x00, 0x00, 0x00, 0x00, 0x00, 0x00, 0x00, 0x00, 0x00,
  0x00, 0x00, 0x00, 0x00, 0x00, 0x00, 0x00, 0x00, 0x00, 0x00, 0x00, 0x00,
  0x00, 0x00, 0x00, 0x00, 0x00, 0x00, 0x00, 0x00, 0x00, 0x00, 0x00, 0x00,
  0x00, 0x00, 0x00, 0x00, 0x00, 0x00, 0x00, 0x00, 0x00, 0x00, 0x00, 0x00,
  0x00, 0x00, 0x00, 0x00, 0x00, 0x00, 0x00, 0x00, 0x00, 0x00, 0x00, 0x00,
  0x00, 0x00, 0x00, 0x00, 0x00, 0x00, 0x00, 0x00, 0x00, 0x00, 0x00, 0x00,
  0x00, 0x00, 0x00, 0x00, 0x00, 0x00, 0x00, 0x00, 0x00, 0x00, 0x00, 0x00,
  0x00, 0x00, 0x00, 0x00, 0x00, 0x00, 0x00, 0x00, 0x00, 0x00, 0x00, 0x00,
  0x00, 0x00, 0x00, 0x00, 0x00, 0x00, 0x00, 0x00, 0x00, 0x00, 0x00, 0x00,
  0x00, 0x00, 0x00, 0x00, 0x00, 0x00, 0x00, 0x00, 0x00, 0x00, 0x00, 0x00,
  0x00, 0x00, 0x00, 0x00, 0x00, 0x00, 0x00, 0x00, 0x00, 0x00, 0x00, 0x00,
  0x00, 0x00, 0x00, 0x00, 0x00, 0x00, 0x00, 0x00, 0x00, 0x00, 0x00, 0x00,
  0x00, 0x00, 0x00, 0x00, 0x00, 0x00, 0x00, 0x00, 0x00, 0x00, 0x00, 0x00,
  0x00, 0x00, 0x00, 0x00, 0x00, 0x00, 0x00, 0x00, 0x00, 0x00, 0x00, 0x00,
  0x00, 0x00, 0x00, 0x00, 0x00, 0x00, 0x00, 0x00, 0x00, 0x00, 0x00, 0x00,
  0x00, 0x00, 0x00, 0x00, 0x00, 0x00, 0x00, 0x00, 0x00, 0x00, 0x00, 0x00,
  0x00, 0x00, 0x00, 0x00, 0x00, 0x00, 0x00, 0x00, 0x00, 0x00, 0x00, 0x00,
  0x00, 0x00, 0x00, 0x00, 0x00, 0x00, 0x00, 0x00, 0x00, 0x00, 0x00, 0x00,
  0x00, 0x00, 0x00, 0x00, 0x00, 0x00, 0x00, 0x00, 0x00, 0x00, 0x00, 0x00,
  0x00, 0x00, 0x00, 0x00, 0x00, 0x00, 0x00, 0x00, 0x00, 0x00, 0x00, 0x00,
  0x00, 0x00, 0x00, 0x00, 0x00, 0x00, 0x00, 0x00, 0x00, 0x00, 0x00, 0x00,
  0x00, 0x00, 0x00, 0x00, 0x00, 0x00, 0x00, 0x00, 0x00, 0x00, 0x00, 0x00,
  0x00, 0x00, 0x00, 0x00, 0x00, 0x00, 0x00, 0x00, 0x00, 0x00, 0x00, 0x00,
  0x00, 0x00, 0x00, 0x00, 0x00, 0x00, 0x00, 0x00, 0x00, 0x00, 0x00, 0x00,
  0x00, 0x00, 0x00, 0x00, 0x00, 0x00, 0x00, 0x00, 0x00, 0x00, 0x00, 0x00,
  0x00, 0x00, 0x00, 0x00, 0x00, 0x00, 0x00, 0x00, 0x00, 0x00, 0x00, 0x00,
  0x00, 0x00, 0x00, 0x00, 0x00, 0x00, 0x00, 0x00, 0x00, 0x00, 0x00, 0x00,
  0x00, 0x00, 0x00, 0x00, 0x00, 0x00, 0x00, 0x00, 0x00, 0x00, 0x00, 0x00,
  0x00, 0x00, 0x00, 0x00, 0x00, 0x00, 0x00, 0x00, 0x00, 0x00, 0x00, 0x00,
  0x00, 0x00, 0x00, 0x00, 0x00, 0x00, 0x00, 0x00, 0x00, 0x00, 0x00, 0x00,
  0x00, 0x00, 0x00, 0x00, 0x00, 0x00, 0x00, 0x00, 0x00, 0x00, 0x00, 0x00,
  0x00, 0x00, 0x00, 0x00, 0x00, 0x00, 0x00, 0x00, 0x00, 0x00, 0x00, 0x00,
  0x00, 0x00, 0x00, 0x00, 0x00, 0x00, 0x00, 0x00, 0x00, 0x00, 0x00, 0x00,
  0x00, 0x00, 0x00, 0x00, 0x00, 0x00, 0x00, 0x00, 0x00, 0x00, 0x00, 0x00,
  0x00, 0x00, 0x00, 0x00, 0x00, 0x00, 0x00, 0x00, 0x00, 0x00, 0x00, 0x00,
  0x00, 0x00, 0x00, 0x00, 0x00, 0x00, 0x00, 0x00, 0x00, 0x00, 0x00, 0x00,
  0x00, 0x00, 0x00, 0x00, 0x00, 0x00, 0x00, 0x00, 0x00, 0x00, 0x00, 0x00,
  0x00, 0x00, 0x00, 0x00, 0x00, 0x00, 0x00, 0x00, 0x00, 0x00, 0x00, 0x00,
  0x00, 0x00, 0x00, 0x00, 0x00, 0x00, 0x00, 0x00, 0x00, 0x00, 0x00, 0x00,
  0x00, 0x00, 0x00, 0x00, 0x00, 0x00, 0x00, 0x00, 0x00, 0x00, 0x00, 0x00,
  0x00, 0x00, 0x00, 0x00, 0x00, 0x00, 0x00, 0x00, 0x00, 0x00, 0x00, 0x00,
  0x00, 0x00, 0x00, 0x00, 0x00, 0x00, 0x00, 0x00, 0x00, 0x00, 0x00, 0x00,
  0x00, 0x00, 0x00, 0x00, 0x00, 0x00, 0x00, 0x00, 0x00, 0x00, 0x00, 0x00,
  0x00, 0x00, 0x00, 0x00, 0x00, 0x00, 0x00, 0x00, 0x00, 0x00, 0x00, 0x00,
  0x00, 0x00, 0x00, 0x00, 0x00, 0x00, 0x00, 0x00, 0x00, 0x00, 0x00, 0x00,
  0x00, 0x00, 0x00, 0x00, 0x00, 0x00, 0x00, 0x00, 0x00, 0x00, 0x00, 0x00,
  0x00, 0x00, 0x00, 0x00, 0x00, 0x00, 0x00, 0x00, 0x00, 0x00, 0x00, 0x00,
  0x00, 0x00, 0x00, 0x00, 0x00, 0x00, 0x00, 0x00, 0x00, 0x00, 0x00, 0x00,
  0x00, 0x00, 0x00, 0x00, 0x00, 0x00, 0x00, 0x00, 0x00, 0x00, 0x00, 0x00,
  0x00, 0x00, 0x00, 0x00, 0x00, 0x00, 0x00, 0x00, 0x00, 0x00, 0x00, 0x00,
  0x00, 0x00, 0x00, 0x00, 0x00, 0x00, 0x00, 0x00, 0x00, 0x00, 0x00, 0x00,
  0x00, 0x00, 0x00, 0x00, 0x00, 0x00, 0x00, 0x00, 0x00, 0x00, 0x00, 0x00,
  0x00, 0x00, 0x00, 0x00, 0x00, 0x00, 0x00, 0x00, 0x00, 0x00, 0x00, 0x00,
  0x00, 0x00, 0x00, 0x00, 0x00, 0x00, 0x00, 0x00, 0x00, 0x00, 0x00, 0x00,
  0x00, 0x00, 0x00, 0x00, 0x00, 0x00, 0x00, 0x00, 0x00, 0x00, 0x00, 0x00,
  0x00, 0x00, 0x00, 0x00, 0x00, 0x00, 0x00, 0x00, 0x00, 0x00, 0x00, 0x00,
  0x00, 0x00, 0x00, 0x00, 0x00, 0x00, 0x00, 0x00, 0x00, 0x00, 0x00, 0x00,
  0x00, 0x00, 0x00, 0x00, 0x00, 0x00, 0x00, 0x00, 0x00, 0x00, 0x00, 0x00,
  0x00, 0x00, 0x00, 0x00, 0x00, 0x00, 0x00, 0x00, 0x00, 0x00, 0x00, 0x00,
  0x00, 0x00, 0x00, 0x00, 0x00, 0x00, 0x00, 0x00, 0x00, 0x00, 0x00, 0x00,
  0x00, 0x00, 0x00, 0x00, 0x00, 0x00, 0x00, 0x00, 0x00, 0x00, 0x00, 0x00,
  0x00, 0x00, 0x00, 0x00, 0x00, 0x00, 0x00, 0x00, 0x00, 0x00, 0x00, 0x00,
  0x00, 0x00, 0x00, 0x00, 0x00, 0x00, 0x00, 0x00, 0x00, 0x00, 0x00, 0x00,
  0x00, 0x00, 0x00, 0x00, 0x00, 0x00, 0x00, 0x00, 0x00, 0x00, 0x00, 0x00,
  0x00, 0x00, 0x00, 0x00, 0x00, 0x00, 0x00, 0x00, 0x00, 0x00, 0x00, 0x00,
  0x00, 0x00, 0x00, 0x00, 0x00, 0x00, 0x00, 0x00, 0x00, 0x00, 0x00, 0x00,
  0x00, 0x00, 0x00, 0x00, 0x00, 0x00, 0x00, 0x00, 0x00, 0x00, 0x00, 0x00,
  0x00, 0x00, 0x00, 0x00, 0x00, 0x00, 0x00, 0x00, 0x00, 0x00, 0x00, 0x00,
  0x00, 0x00, 0x00, 0x00, 0x00, 0x00, 0x00, 0x00, 0x00, 0x00, 0x00, 0x00,
  0x00, 0x00, 0x00, 0x00, 0x00, 0x00, 0x00, 0x00, 0x00, 0x00, 0x00, 0x00,
  0x00, 0x00, 0x00, 0x00, 0x00, 0x00, 0x00, 0x00, 0x00, 0x00, 0x00, 0x00,
  0x00, 0x00, 0x00, 0x00, 0x00, 0x00, 0x00, 0x00, 0x00, 0x00, 0x00, 0x00,
  0x00, 0x00, 0x00, 0x00, 0x00, 0x00, 0x00, 0x00, 0x00, 0x00, 0x00, 0x00,
  0x00, 0x00, 0x00, 0x00, 0x00, 0x00, 0x00, 0x00, 0x00, 0x00, 0x00, 0x00,
  0x00, 0x00, 0x00, 0x00, 0x00, 0x00, 0x00, 0x00, 0x00, 0x00, 0x00, 0x00,
  0x00, 0x00, 0x00, 0x00, 0x00, 0x00, 0x00, 0x00, 0x00, 0x00, 0x00, 0x00,
  0x00, 0x00, 0x00, 0x00, 0x00, 0x00, 0x00, 0x00, 0x00, 0x00, 0x00, 0x00,
  0x00, 0x00, 0x00, 0x00, 0x00, 0x00, 0x00, 0x00, 0x00, 0x00, 0x00, 0x00,
  0x00, 0x00, 0x00, 0x00, 0x00, 0x00, 0x00, 0x00, 0x00, 0x00, 0x00, 0x00,
  0x00, 0x00, 0x00, 0x00, 0x00, 0x00, 0x00, 0x00, 0x00, 0x00, 0x00, 0x00,
  0x00, 0x00, 0x00, 0x00, 0x00, 0x00, 0x00, 0x00, 0x00, 0x00, 0x00, 0x00,
  0x00, 0x00, 0x00, 0x00, 0x00, 0x00, 0x00, 0x00, 0x00, 0x00, 0x00, 0x00,
  0x00, 0x00, 0x00, 0x00, 0x00, 0x00, 0x00, 0x00, 0x00, 0x00, 0x00, 0x00,
  0x00, 0x00, 0x00, 0x00, 0x00, 0x00, 0x00, 0x00, 0x00, 0x00, 0x00, 0x00,
  0x00, 0x00, 0x00, 0x00, 0x00, 0x00, 0x00, 0x00, 0x00, 0x00, 0x00, 0x00,
  0x00, 0x00, 0x00, 0x00, 0x00, 0x00, 0x00, 0x00, 0x00, 0x00, 0x00, 0x00,
  0x00, 0x00, 0x00, 0x00, 0x00, 0x00, 0x00, 0x00, 0x00, 0x00, 0x00, 0x00,
  0x00, 0x00, 0x00, 0x00, 0x00, 0x00, 0x00, 0x00, 0x00, 0x00, 0x00, 0x00,
  0x00, 0x00, 0x00, 0x00, 0x00, 0x00, 0x00, 0x00, 0x00, 0x00, 0x00, 0x00,
  0x00, 0x00, 0x00, 0x00, 0x00, 0x00, 0x00, 0x00, 0x00, 0x00, 0x00, 0x00,
  0x00, 0x00, 0x00, 0x00, 0x00, 0x00, 0x00, 0x00, 0x00, 0x00, 0x00, 0x00,
  0x00, 0x00, 0x00, 0x00, 0x00, 0x00, 0x00, 0x00, 0x00, 0x00, 0x00, 0x00,
  0x00, 0x00, 0x00, 0x00, 0x00, 0x00, 0x00, 0x00, 0x00, 0x00, 0x00, 0x00,
  0x00, 0x00, 0x00, 0x00, 0x00, 0x00, 0x00, 0x00, 0x00, 0x00, 0x00, 0x00,
  0x00, 0x00, 0x00, 0x00, 0x00, 0x00, 0x00, 0x00, 0x00, 0x00, 0x00, 0x00,
  0x00, 0x00, 0x00, 0x00, 0x00, 0x00, 0x00, 0x00, 0x00, 0x00, 0x00, 0x00,
  0x00, 0x00, 0x00, 0x00, 0x00, 0x00, 0x00, 0x00, 0x00, 0x00, 0x0D, 0x00,
  0x1A, 0x00, 0x28, 0x00, 0x35, 0x00, 0x42, 0x00, 0x4F, 0x00, 0x5C, 0x00,
  0x6A, 0x00, 0x77, 0x00, 0x84, 0x00, 0x91, 0x00, 0x9F, 0x00, 0xAC, 0x00,
  0xB9, 0x00, 0xC6, 0x00, 0xD3, 0x00, 0xE1, 0x00, 0xEE, 0x00, 0xFB, 0x00,
  0x08, 0x01, 0x15, 0x01, 0x23, 0x01, 0x30, 0x01, 0x3D, 0x01, 0x4A, 0x01,
  0x57, 0x01, 0x65, 0x01, 0x72, 0x01, 0x7F, 0x01, 0x8C, 0x01, 0x99, 0x01,
  0xA7, 0x01, 0xB4, 0x01, 0xC1, 0x01, 0xCE, 0x01, 0xDC, 0x01, 0xE9, 0x01,
  0xF6, 0x01, 0x03, 0x02, 0x10, 0x02, 0x1E, 0x02, 0xD5, 0xFD, 0xC8, 0xFD,
  0xBB, 0xFD, 0xAE, 0xFD, 0xA0, 0xFD, 0x93, 0xFD, 0x86, 0xFD, 0x79, 0xFD,
  0x6C, 0xFD, 0x5E, 0xFD, 0x51, 0xFD, 0x44, 0xFD, 0x37, 0xFD, 0x29, 0xFD,
  0x1C, 0xFD, 0x0F, 0xFD, 0x02, 0xFD, 0xF5, 0xFC, 0xE7, 0xFC, 0xDA, 0xFC,
  0xCD, 0xFC, 0xC0, 0xFC, 0xB3, 0xFC, 0xA5, 0xFC, 0x98, 0xFC, 0x8B, 0xFC,
  0x7E, 0xFC, 0x71, 0xFC, 0x63, 0xFC, 0x56, 0xFC, 0x49, 0xFC, 0x3C, 0xFC,
  0x2F, 0xFC, 0x21, 0xFC, 0x14, 0xFC, 0x07, 0xFC, 0xFA, 0xFB, 0xEC, 0xFB,
  0xDF, 0xFB, 0xD2, 0xFB, 0xC5, 0xFB, 0xB8, 0xFB, 0x56, 0x04, 0x63, 0x04,
  0x70, 0x04, 0x7D, 0x04, 0x8A, 0x04, 0x98, 0x04, 0xA5, 0x04, 0xB2, 0x04,
  0xBF, 0x04, 0xCC, 0x04, 0xDA, 0x04, 0xE7, 0x04, 0xF4, 0x04, 0x01, 0x05,
  0x0E, 0x05, 0x1C, 0x05, 0x29, 0x05, 0x36, 0x05, 0x43, 0x05, 0x51, 0x05,
  0x5E, 0x05, 0x6B, 0x05, 0x78, 0x05, 0x85, 0x05, 0x93, 0x05, 0xA0, 0x05,
  0xAD, 0x05, 0xBA, 0x05, 0xC7, 0x05, 0xD5, 0x05, 0xE2, 0x05, 0xEF, 0x05,
  0xFC, 0x05, 0x09, 0x06, 0x17, 0x06, 0x24, 0x06, 0x31, 0x06, 0x3E, 0x06,
  0x4C, 0x06, 0x59, 0x06, 0x66, 0x06, 0x73, 0x06, 0x80, 0x06, 0x72, 0xF9,
  0x65, 0xF9, 0x58, 0xF9, 0x4B, 0xF9, 0x3E, 0xF9, 0x30, 0xF9, 0x23, 0xF9,
  0x16, 0xF9, 0x09, 0xF9, 0xFC, 0xF8, 0xEE, 0xF8, 0xE1, 0xF8, 0xD4, 0xF8,
  0xC7, 0xF8, 0xBA, 0xF8, 0xAC, 0xF8, 0x9F, 0xF8, 0x92, 0xF8, 0x85, 0xF8,
  0x77, 0xF8, 0x6A, 0xF8, 0x5D, 0xF8, 0x50, 0xF8, 0x43, 0xF8, 0x35, 0xF8,
  0x28, 0xF8, 0x1B, 0xF8, 0x0E, 0xF8, 0x01, 0xF8, 0xF3, 0xF7, 0xE6, 0xF7,
  0xD9, 0xF7, 0xCC, 0xF7, 0xBF, 0xF7, 0xB1, 0xF7, 0xA4, 0xF7, 0x97, 0xF7,
  0x8A, 0xF7, 0x7C, 0xF7, 0x6F, 0xF7, 0x62, 0xF7, 0x55, 0xF7, 0xB8, 0x08,
  0xC6, 0x08, 0xD3, 0x08, 0xE0, 0x08, 0xED, 0x08, 0xFA, 0x08, 0x08, 0x09,
  0x15, 0x09, 0x22, 0x09, 0x2F, 0x09, 0x3C, 0x09, 0x4A, 0x09, 0x57, 0x09,
  0x64, 0x09, 0x71, 0x09, 0x7E, 0x09, 0x8C, 0x09, 0x99, 0x09, 0xA6, 0x09,
  0xB3, 0x09, 0xC1, 0x09, 0xCE, 0x09, 0xDB, 0x09, 0xE8, 0x09, 0xF5, 0x09,
  0x03, 0x0A, 0x10, 0x0A, 0x1D, 0x0A, 0x2A, 0x0A, 0x37, 0x0A, 0x45, 0x0A,
  0x52, 0x0A, 0x5F, 0x0A, 0x6C, 0x0A, 0x79, 0x0A, 0x87, 0x0A, 0x94, 0x0A,
  0xA1, 0x0A, 0xAE, 0x0A, 0xBC, 0x0A, 0xC9, 0x0A, 0xD6, 0x0A, 0xE3, 0x0A,
  0x10, 0xF5, 0x02, 0xF5, 0xF5, 0xF4, 0xE8, 0xF4, 0xDB, 0xF4, 0xCE, 0xF4,
  0xC0, 0xF4, 0xB3, 0xF4, 0xA6, 0xF4, 0x99, 0xF4, 0x8C, 0xF4, 0x7E, 0xF4,
  0x71, 0xF4, 0x64, 0xF4, 0x57, 0xF4, 0x4A, 0xF4, 0x3C, 0xF4, 0x2F, 0xF4,
  0x22, 0xF4, 0x15, 0xF4, 0x07, 0xF4, 0xFA, 0xF3, 0xED, 0xF3, 0xE0, 0xF3,
  0xD3, 0xF3, 0xC5, 0xF3, 0xB8, 0xF3, 0xAB, 0xF3, 0x9E, 0xF3, 0x91, 0xF3,
  0x83, 0xF3, 0x76, 0xF3, 0x69, 0xF3, 0x5C, 0xF3, 0x4F, 0xF3, 0x41, 0xF3,
  0x34, 0xF3, 0x27, 0xF3, 0x1A, 0xF3, 0x0C, 0xF3, 0xFF, 0xF2, 0xF2, 0xF2,
  0x1B, 0x0D, 0x28, 0x0D, 0x36, 0x0D, 0x43, 0x0D, 0x50, 0x0D, 0x5D, 0x0D,
  0x6A, 0x0D, 0x78, 0x0D, 0x85, 0x0D, 0x92, 0x0D, 0x9F, 0x0D, 0xAC, 0x0D,
  0xBA, 0x0D, 0xC7, 0x0D, 0xD4, 0x0D, 0xE1, 0x0D, 0xEE, 0x0D, 0xFC, 0x0D,
  0x09, 0x0E, 0x16, 0x0E, 0x23, 0x0E, 0x31, 0x0E, 0x3E, 0x0E, 0x4B, 0x0E,
  0x58, 0x0E, 0x65, 0x0E, 0x73, 0x0E, 0x80, 0x0E, 0x8D, 0x0E, 0x9A, 0x0E,
  0xA7, 0x0E, 0xB5, 0x0E, 0xC2, 0x0E, 0xCF, 0x0E, 0xDC, 0x0E, 0xE9, 0x0E,
  0xF7, 0x0E, 0x04, 0x0F, 0x11, 0x0F, 0x1E, 0x0F, 0x2B, 0x0F, 0x39, 0x0F,
  0xBA, 0xF0, 0xAD, 0xF0, 0xA0, 0xF0, 0x92, 0xF0, 0x85, 0xF0, 0x78, 0xF0,
  0x6B, 0xF0, 0x5E, 0xF0, 0x50, 0xF0, 0x43, 0xF0, 0x36, 0xF0, 0x29, 0xF0,
  0x1C, 0xF0, 0x0E, 0xF0, 0x01, 0xF0, 0xF4, 0xEF, 0xE7, 0xEF, 0xDA, 0xEF,
  0xCC, 0xEF, 0xBF, 0xEF, 0xB2, 0xEF, 0xA5, 0xEF, 0x97, 0xEF, 0x8A, 0xEF,
  0x7D, 0xEF, 0x70, 0xEF, 0x63, 0xEF, 0x55, 0xEF, 0x48, 0xEF, 0x3B, 0xEF,
  0x2E, 0xEF, 0x21, 0xEF, 0x13, 0xEF, 0x06, 0xEF, 0xF9, 0xEE, 0xEC, 0xEE,
  0xDF, 0xEE, 0xD1, 0xEE, 0xC4, 0xEE, 0xB7, 0xEE, 0xAA, 0xEE, 0x9D, 0xEE,
  0x8F, 0xEE, 0x7E, 0x11, 0x8B, 0x11, 0x98, 0x11, 0xA6, 0x11, 0xB3, 0x11,
  0xC0, 0x11, 0xCD, 0x11, 0xDA, 0x11, 0xE8, 0x11, 0xF5, 0x11, 0x02, 0x12,
  0x0F, 0x12, 0x1C, 0x12, 0x2A, 0x12, 0x37, 0x12, 0x44, 0x12, 0x51, 0x12,
  0x5E, 0x12, 0x6C, 0x12, 0x79, 0x12, 0x86, 0x12, 0x93, 0x12, 0xA1, 0x12,
  0xAE, 0x12, 0xBB, 0x12, 0xC8, 0x12, 0xD5, 0x12, 0xE3, 0x12, 0xF0, 0x12,
  0xFD, 0x12, 0x0A, 0x13, 0x17, 0x13, 0x25, 0x13, 0x32, 0x13, 0x3F, 0x13,
  0x4C, 0x13, 0x59, 0x13, 0x67, 0x13, 0x74, 0x13, 0x81, 0x13, 0x8E, 0x13,
  0x9B, 0x13, 0x57, 0xEC, 0x4A, 0xEC, 0x3D, 0xEC, 0x30, 0xEC, 0x22, 0xEC,
  0x15, 0xEC, 0x08, 0xEC, 0xFB, 0xEB, 0xEE, 0xEB, 0xE0, 0xEB, 0xD3, 0xEB,
  0xC6, 0xEB, 0xB9, 0xEB, 0xAC, 0xEB, 0x9E, 0xEB, 0x91, 0xEB, 0x85, 0xEB,
  0x85, 0xEB, 0x85, 0xEB, 0x85, 0xEB, 0x85, 0xEB, 0x85, 0xEB, 0x85, 0xEB,
  0x85, 0xEB, 0x85, 0xEB, 0x85, 0xEB, 0x85, 0xEB, 0x85, 0xEB, 0x85, 0xEB,
  0x85, 0xEB, 0x85, 0xEB, 0x85, 0xEB, 0x85, 0xEB, 0x85, 0xEB, 0x85, 0xEB,
  0x85, 0xEB, 0x85, 0xEB, 0x85, 0xEB, 0x85, 0xEB, 0x85, 0xEB, 0x85, 0xEB,
  0x85, 0xEB, 0x85, 0xEB, 0x7B, 0x14, 0x7B, 0x14, 0x7B, 0x14, 0x7B, 0x14,
  0x7B, 0x14, 0x7B, 0x14, 0x7B, 0x14, 0x7B, 0x14, 0x7B, 0x14, 0x7B, 0x14,
  0x7B, 0x14, 0x7B, 0x14, 0x7B, 0x14, 0x7B, 0x14, 0x7B, 0x14, 0x7B, 0x14,
  0x7B, 0x14, 0x7B, 0x14, 0x7B, 0x14, 0x7B, 0x14, 0x7B, 0x14, 0x7B, 0x14,
  0x7B, 0x14, 0x7B, 0x14, 0x7B, 0x14, 0x7B, 0x14, 0x7B, 0x14, 0x7B, 0x14,
  0x7B, 0x14, 0x7B, 0x14, 0x7B, 0x14, 0x7B, 0x14, 0x7B, 0x14, 0x7B, 0x14,
  0x7B, 0x14, 0x7B, 0x14, 0x7B, 0x14, 0x7B, 0x14, 0x7B, 0x14, 0x7B, 0x14,
  0x7B, 0x14, 0x7B, 0x14, 0x85, 0xEB, 0x85, 0xEB, 0x85, 0xEB, 0x85, 0xEB,
  0x85, 0xEB, 0x85, 0xEB, 0x85, 0xEB, 0x85, 0xEB, 0x85, 0xEB, 0x85, 0xEB,
  0x85, 0xEB, 0x85, 0xEB, 0x85, 0xEB, 0x85, 0xEB, 0x85, 0xEB, 0x85, 0xEB,
  0x85, 0xEB, 0x85, 0xEB, 0x85, 0xEB, 0x85, 0xEB, 0x85, 0xEB, 0x85, 0xEB,
  0x85, 0xEB, 0x85, 0xEB, 0x85, 0xEB, 0x85, 0xEB, 0x85, 0xEB, 0x85, 0xEB,
  0x85, 0xEB, 0x85, 0xEB, 0x85, 0xEB, 0x85, 0xEB, 0x85, 0xEB, 0x85, 0xEB,
  0x85, 0xEB, 0x85, 0xEB, 0x85, 0xEB, 0x85, 0xEB, 0x85, 0xEB, 0x85, 0xEB,
  0x85, 0xEB, 0x85, 0xEB, 0x7B, 0x14, 0x7B, 0x14, 0x7B, 0x14, 0x7B, 0x14,
  0x7B, 0x14, 0x7B, 0x14, 0x7B, 0x14, 0x7B, 0x14, 0x7B, 0x14, 0x7B, 0x14,
  0x7B, 0x14, 0x7B, 0x14, 0x7B, 0x14, 0x7B, 0x14, 0x7B, 0x14, 0x7B, 0x14,
  0x7B, 0x14, 0x7B, 0x14, 0x7B, 0x14, 0x7B, 0x14, 0x7B, 0x14, 0x7B, 0x14,
  0x7B, 0x14, 0x7B, 0x14, 0x7B, 0x14, 0x7B, 0x14, 0x7B, 0x14, 0x7B, 0x14,
  0x7B, 0x14, 0x7B, 0x14, 0x7B, 0x14, 0x7B, 0x14, 0x7B, 0x14, 0x7B, 0x14,
  0x7B, 0x14, 0x7B, 0x14, 0x7B, 0x14, 0x7B, 0x14, 0x7B, 0x14, 0x7B, 0x14,
  0x7B, 0x14, 0x7B, 0x14, 0x7B, 0x14, 0x85, 0xEB, 0x85, 0xEB, 0x85, 0xEB,
  0x85, 0xEB, 0x85, 0xEB, 0x85, 0xEB, 0x85, 0xEB, 0x85, 0xEB, 0x85, 0xEB,
  0x85, 0xEB, 0x85, 0xEB, 0x85, 0xEB, 0x85, 0xEB, 0x85, 0xEB, 0x85, 0xEB,
  0x85, 0xEB, 0x85, 0xEB, 0x85, 0xEB, 0x85, 0xEB, 0x85, 0xEB, 0x85, 0xEB,
  0x85, 0xEB, 0x85, 0xEB, 0x85, 0xEB, 0x85, 0xEB, 0x85, 0xEB, 0x85, 0xEB,
  0x85, 0xEB, 0x85, 0xEB, 0x85, 0xEB, 0x85, 0xEB, 0x85, 0xEB, 0x85, 0xEB,
  0x85, 0xEB, 0x85, 0xEB, 0x85, 0xEB, 0x85, 0xEB, 0x85, 0xEB, 0x85, 0xEB,
  0x85, 0xEB, 0x85, 0xEB, 0x85, 0xEB, 0x7B, 0x14, 0x7B, 0x14, 0x7B, 0x14,
  0x7B, 0x14, 0x7B, 0x14, 0x7B, 0x14, 0x7B, 0x14, 0x7B, 0x14, 0x7B, 0x14,
  0x7B, 0x14, 0x7B, 0x14, 0x7B, 0x14, 0x7B, 0x14, 0x7B, 0x14, 0x7B, 0x14,
  0x7B, 0x14, 0x7B, 0x14, 0x7B, 0x14, 0x7B, 0x14, 0x7B, 0x14, 0x7B, 0x14,
  0x7B, 0x14, 0x7B, 0x14, 0x7B, 0x14, 0x7B, 0x14, 0x7B, 0x14, 0x7B, 0x14,
  0x7B, 0x14, 0x7B, 0x14, 0x7B, 0x14, 0x7B, 0x14, 0x7B, 0x14, 0x7B, 0x14,
  0x7B, 0x14, 0x7B, 0x14, 0x7B, 0x14, 0x7B, 0x14, 0x7B, 0x14, 0x7B, 0x14,
  0x7B, 0x14, 0x7B, 0x14, 0x7B, 0x14, 0x7B, 0x14, 0x85, 0xEB, 0x85, 0xEB,
  0x85, 0xEB, 0x85, 0xEB, 0x85, 0xEB, 0x85, 0xEB, 0x85, 0xEB, 0x85, 0xEB,
  0x85, 0xEB, 0x85, 0xEB, 0x85, 0xEB, 0x85, 0xEB, 0x85, 0xEB, 0x85, 0xEB,
  0x85, 0xEB, 0x85, 0xEB, 0x85, 0xEB, 0x85, 0xEB, 0x85, 0xEB, 0x85, 0xEB,
  0x85, 0xEB, 0x85, 0xEB, 0x85, 0xEB, 0x85, 0xEB, 0x85, 0xEB, 0x85, 0xEB,
  0x85, 0xEB, 0x85, 0xEB, 0x85, 0xEB, 0x85, 0xEB, 0x85, 0xEB, 0x85, 0xEB,
  0x85, 0xEB, 0x85, 0xEB, 0x85, 0xEB, 0x85, 0xEB, 0x85, 0xEB, 0x85, 0xEB,
  0x85, 0xEB, 0x85, 0xEB, 0x85, 0xEB, 0x85, 0xEB, 0x7B, 0x14, 0x7B, 0x14,
  0x7B, 0x14, 0x7B, 0x14, 0x7B, 0x14, 0x7B, 0x14, 0x7B, 0x14, 0x7B, 0x14,
  0x7B, 0x14, 0x7B, 0x14, 0x7B, 0x14, 0x7B, 0x14, 0x7B, 0x14, 0x7B, 0x14,
  0x7B, 0x14, 0x7B, 0x14, 0x7B, 0x14, 0x7B, 0x14, 0x7B, 0x14, 0x7B, 0x14,
  0x7B, 0x14, 0x7B, 0x14, 0x7B, 0x14, 0x7B, 0x14, 0x7B, 0x14, 0x7B, 0x14,
  0x7B, 0x14, 0x7B, 0x14, 0x7B, 0x14, 0x7B, 0x14, 0x7B, 0x14, 0x7B, 0x14,
  0x7B, 0x14, 0x7B, 0x14, 0x7B, 0x14, 0x7B, 0x14, 0x7B, 0x14, 0x7B, 0x14,
  0x7B, 0x14, 0x7B, 0x14, 0x7B, 0x14, 0x7B, 0x14, 0x85, 0xEB, 0x85, 0xEB,
  0x85, 0xEB, 0x85, 0xEB, 0x85, 0xEB, 0x85, 0xEB, 0x85, 0xEB, 0x85, 0xEB,
  0x85, 0xEB, 0x85, 0xEB, 0x85, 0xEB, 0x85, 0xEB, 0x85, 0xEB, 0x85, 0xEB,
  0x85, 0xEB, 0x85, 0xEB, 0x85, 0xEB, 0x85, 0xEB, 0x85, 0xEB, 0x85, 0xEB,
  0x85, 0xEB, 0x85, 0xEB, 0x85, 0xEB, 0x85, 0xEB, 0x85, 0xEB, 0x85, 0xEB,
  0x85, 0xEB, 0x85, 0xEB, 0x85, 0xEB, 0x85, 0xEB, 0x85, 0xEB, 0x85, 0xEB,
  0x85, 0xEB, 0x85, 0xEB, 0x85, 0xEB, 0x85, 0xEB, 0x85, 0xEB, 0x85, 0xEB,
  0x85, 0xEB, 0x85, 0xEB, 0x85, 0xEB, 0x85, 0xEB, 0x85, 0xEB, 0x7B, 0x14,
  0x7B, 0x14, 0x7B, 0x14, 0x7B, 0x14, 0x7B, 0x14, 0x7B, 0x14, 0x7B, 0x14,
  0x7B, 0x14, 0x7B, 0x14, 0x7B, 0x14, 0x7B, 0x14, 0x7B, 0x14, 0x7B, 0x14,
  0x7B, 0x14, 0x7B, 0x14, 0x7B, 0x14, 0x7B, 0x14, 0x7B, 0x14, 0x7B, 0x14,
  0x7B, 0x14, 0x7B, 0x14, 0x7B, 0x14, 0x7B, 0x14, 0x7B, 0x14, 0x7B, 0x14,
  0x7B, 0x14, 0x7B, 0x14, 0x7B, 0x14, 0x7B, 0x14, 0x7B, 0x14, 0x7B, 0x14,
  0x7B, 0x14, 0x7B, 0x14, 0x7B, 0x14, 0x7B, 0x14, 0x7B, 0x14, 0x7B, 0x14,
  0x7B, 0x14, 0x7B, 0x14, 0x7B, 0x14, 0x7B, 0x14, 0x7B, 0x14, 0x85, 0xEB,
  0x85, 0xEB, 0x85, 0xEB, 0x85, 0xEB, 0x85, 0xEB, 0x85, 0xEB, 0x85, 0xEB,
  0x85, 0xEB, 0x85, 0xEB, 0x85, 0xEB, 0x85, 0xEB, 0x85, 0xEB, 0x85, 0xEB,
  0x85, 0xEB, 0x85, 0xEB, 0x85, 0xEB, 0x85, 0xEB, 0x85, 0xEB, 0x85, 0xEB,
  0x85, 0xEB, 0x85, 0xEB, 0x85, 0xEB, 0x85, 0xEB, 0x85, 0xEB, 0x85, 0xEB,
  0x85, 0xEB, 0x85, 0xEB, 0x85, 0xEB, 0x85, 0xEB, 0x85, 0xEB, 0x85, 0xEB,
  0x85, 0xEB, 0x85, 0xEB, 0x85, 0xEB, 0x85, 0xEB, 0x85, 0xEB, 0x85, 0xEB,
  0x85, 0xEB, 0x85, 0xEB, 0x85, 0xEB, 0x85, 0xEB, 0x85, 0xEB, 0x85, 0xEB,
  0x7B, 0x14, 0x7B, 0x14, 0x7B, 0x14, 0x7B, 0x14, 0x7B, 0x14, 0x7B, 0x14,
  0x7B, 0x14, 0x7B, 0x14, 0x7B, 0x14, 0x7B, 0x14, 0x7B, 0x14, 0x7B, 0x14,
  0x7B, 0x14, 0x7B, 0x14, 0x7B, 0x14, 0x7B, 0x14, 0x7B, 0x14, 0x7B, 0x14,
  0x7B, 0x14, 0x7B, 0x14, 0x7B, 0x14, 0x7B, 0x14, 0x7B, 0x14, 0x7B, 0x14,
  0x7B, 0x14, 0x7B, 0x14, 0x7B, 0x14, 0x7B, 0x14, 0x7B, 0x14, 0x7B, 0x14,
  0x7B, 0x14, 0x7B, 0x14, 0x7B, 0x14, 0x7B, 0x14, 0x7B, 0x14, 0x7B, 0x14,
  0x7B, 0x14, 0x7B, 0x14, 0x7B, 0x14, 0x7B, 0x14, 0x7B, 0x14, 0x7B, 0x14,
  0x85, 0xEB, 0x85, 0xEB, 0x85, 0xEB, 0x85, 0xEB, 0x85, 0xEB, 0x85, 0xEB,
  0x85, 0xEB, 0x85, 0xEB, 0x85, 0xEB, 0x85, 0xEB, 0x85, 0xEB, 0x85, 0xEB,
  0x85, 0xEB, 0x85, 0xEB, 0x85, 0xEB, 0x85, 0xEB, 0x85, 0xEB, 0x85, 0xEB,
  0x85, 0xEB, 0x85, 0xEB, 0x85, 0xEB, 0x85, 0xEB, 0x85, 0xEB, 0x85, 0xEB,
  0x85, 0xEB, 0x85, 0xEB, 0x85, 0xEB, 0x85, 0xEB, 0x85, 0xEB, 0x85, 0xEB,
  0x85, 0xEB, 0x85, 0xEB, 0x85, 0xEB, 0x85, 0xEB, 0x85, 0xEB, 0x85, 0xEB,
  0x85, 0xEB, 0x85, 0xEB, 0x85, 0xEB, 0x85, 0xEB, 0x85, 0xEB, 0x85, 0xEB,
  0x7B, 0x14, 0x7B, 0x14, 0x7B, 0x14, 0x7B, 0x14, 0x7B, 0x14, 0x7B, 0x14,
  0x7B, 0x14, 0x7B, 0x14, 0x7B, 0x14, 0x7B, 0x14, 0x7B, 0x14, 0x7B, 0x14,
  0x7B, 0x14, 0x7B, 0x14, 0x7B, 0x14, 0x7B, 0x14, 0x7B, 0x14, 0x7B, 0x14,
  0x7B, 0x14, 0x7B, 0x14, 0x7B, 0x14, 0x7B, 0x14, 0x7B, 0x14, 0x7B, 0x14,
  0x7B, 0x14, 0x7B, 0x14, 0x7B, 0x14, 0x7B, 0x14, 0x7B, 0x14, 0x7B, 0x14,
  0x7B, 0x14, 0x7B, 0x14, 0x7B, 0x14, 0x7B, 0x14, 0x7B, 0x14, 0x7B, 0x14,
  0x7B, 0x14, 0x7B, 0x14, 0x7B, 0x14, 0x7B, 0x14, 0x7B, 0x14, 0x7B, 0x14,
  0x7B, 0x14, 0x85, 0xEB, 0x85, 0xEB, 0x85, 0xEB, 0x85, 0xEB, 0x85, 0xEB,
  0x85, 0xEB, 0x85, 0xEB, 0x85, 0xEB, 0x85, 0xEB, 0x85, 0xEB, 0x85, 0xEB,
  0x85, 0xEB, 0x85, 0xEB, 0x85, 0xEB, 0x85, 0xEB, 0x85, 0xEB, 0x85, 0xEB,
  0x85, 0xEB, 0x85, 0xEB, 0x85, 0xEB, 0x85, 0xEB, 0x85, 0xEB, 0x85, 0xEB,
  0x85, 0xEB, 0x85, 0xEB, 0x85, 0xEB, 0x85, 0xEB, 0x85, 0xEB, 0x85, 0xEB,
  0x85, 0xEB, 0x85, 0xEB, 0x85, 0xEB, 0x85, 0xEB, 0x85, 0xEB, 0x85, 0xEB,
  0x85, 0xEB, 0x85, 0xEB, 0x85, 0xEB, 0x85, 0xEB, 0x85, 0xEB, 0x85, 0xEB,
  0x85, 0xEB, 0x7B, 0x14, 0x7B, 0x14, 0x7B, 0x14, 0x7B, 0x14, 0x7B, 0x14,
  0x7B, 0x14, 0x7B, 0x14, 0x7B, 0x14, 0x7B, 0x14, 0x7B, 0x14, 0x7B, 0x14,
  0x7B, 0x14, 0x7B, 0x14, 0x7B, 0x14, 0x7B, 0x14, 0x7B, 0x14, 0x7B, 0x14,
  0x7B, 0x14, 0x7B, 0x14, 0x7B, 0x14, 0x7B, 0x14, 0x7B, 0x14, 0x7B, 0x14,
  0x7B, 0x14, 0x7B, 0x14, 0x7B, 0x14, 0x7B, 0x14, 0x7B, 0x14, 0x7B, 0x14,
  0x7B, 0x14, 0x7B, 0x14, 0x7B, 0x14, 0x7B, 0x14, 0x7B, 0x14, 0x7B, 0x14,
  0x7B, 0x14, 0x7B, 0x14, 0x7B, 0x14, 0x7B, 0x14, 0x7B, 0x14, 0x7B, 0x14,
  0x7B, 0x14, 0x7B, 0x14, 0x85, 0xEB, 0x85, 0xEB, 0x85, 0xEB, 0x85, 0xEB,
  0x85, 0xEB, 0x85, 0xEB, 0x85, 0xEB, 0x85, 0xEB, 0x85, 0xEB, 0x85, 0xEB,
  0x85, 0xEB, 0x85, 0xEB, 0x85, 0xEB, 0x85, 0xEB, 0x85, 0xEB, 0x85, 0xEB,
  0x85, 0xEB, 0x85, 0xEB, 0x85, 0xEB, 0x85, 0xEB, 0x85, 0xEB, 0x85, 0xEB,
  0x85, 0xEB, 0x85, 0xEB, 0x85, 0xEB, 0x85, 0xEB, 0x85, 0xEB, 0x85, 0xEB,
  0x85, 0xEB, 0x85, 0xEB, 0x85, 0xEB, 0x85, 0xEB, 0x85, 0xEB, 0x85, 0xEB,
  0x85, 0xEB, 0x85, 0xEB, 0x85, 0xEB, 0x85, 0xEB, 0x85, 0xEB, 0x85, 0xEB,
  0x85, 0xEB, 0x85, 0xEB, 0x7B, 0x14, 0x7B, 0x14, 0x7B, 0x14, 0x7B, 0x14,
  0x7B, 0x14, 0x7B, 0x14, 0x7B, 0x14, 0x7B, 0x14, 0x7B, 0x14, 0x7B, 0x14,
  0x7B, 0x14, 0x7B, 0x14, 0x7B, 0x14, 0x7B, 0x14, 0x7B, 0x14, 0x7B, 0x14,
  0x7B, 0x14, 0x7B, 0x14, 0x7B, 0x14, 0x7B, 0x14, 0x7B, 0x14, 0x7B, 0x14,
  0x7B, 0x14, 0x7B, 0x14, 0x7B, 0x14, 0x7B, 0x14, 0x7B, 0x14, 0x7B, 0x14,
  0x7B, 0x14, 0x7B, 0x14, 0x7B, 0x14, 0x7B, 0x14, 0x7B, 0x14, 0x7B, 0x14,
  0x7B, 0x14, 0x7B, 0x14, 0x7B, 0x14, 0x7B, 0x14, 0x7B, 0x14, 0x7B, 0x14,
  0x7B, 0x14, 0x7B, 0x14, 0x85, 0xEB, 0x85, 0xEB, 0x85, 0xEB, 0x85, 0xEB,
  0x85, 0xEB, 0x85, 0xEB, 0x85, 0xEB, 0x85, 0xEB, 0x85, 0xEB, 0x85, 0xEB,
  0x85, 0xEB, 0x85, 0xEB, 0x85, 0xEB, 0x85, 0xEB, 0x85, 0xEB, 0x85, 0xEB,
  0x85, 0xEB, 0x85, 0xEB, 0x85, 0xEB, 0x85, 0xEB, 0x85, 0xEB, 0x85, 0xEB,
  0x85, 0xEB, 0x85, 0xEB, 0x85, 0xEB, 0x85, 0xEB, 0x85, 0xEB, 0x85, 0xEB,
  0x85, 0xEB, 0x85, 0xEB, 0x85, 0xEB, 0x85, 0xEB, 0x85, 0xEB, 0x85, 0xEB,
  0x85, 0xEB, 0x85, 0xEB, 0x85, 0xEB, 0x85, 0xEB, 0x85, 0xEB, 0x85, 0xEB,
  0x85, 0xEB, 0x85, 0xEB, 0x85, 0xEB, 0x7B, 0x14, 0x7B, 0x14, 0x7B, 0x14,
  0x7B, 0x14, 0x7B, 0x14, 0x7B, 0x14, 0x7B, 0x14, 0x7B, 0x14, 0x7B, 0x14,
  0x7B, 0x14, 0x7B, 0x14, 0x7B, 0x14, 0x7B, 0x14, 0x7B, 0x14, 0x7B, 0x14,
  0x7B, 0x14, 0x7B, 0x14, 0x7B, 0x14, 0x7B, 0x14, 0x7B, 0x14, 0x7B, 0x14,
  0x7B, 0x14, 0x7B, 0x14, 0x7B, 0x14, 0x7B, 0x14, 0x7B, 0x14, 0x7B, 0x14,
  0x7B, 0x14, 0x7B, 0x14, 0x7B, 0x14, 0x7B, 0x14, 0x7B, 0x14, 0x7B, 0x14,
  0x7B, 0x14, 0x7B, 0x14, 0x7B, 0x14, 0x7B, 0x14, 0x7B, 0x14, 0x7B, 0x14,
  0x7B, 0x14, 0x7B, 0x14, 0x7B, 0x14, 0x85, 0xEB, 0x85, 0xEB, 0x85, 0xEB,
  0x85, 0xEB, 0x85, 0xEB, 0x85, 0xEB, 0x85, 0xEB, 0x85, 0xEB, 0x85, 0xEB,
  0x85, 0xEB, 0x85, 0xEB, 0x85, 0xEB, 0x85, 0xEB, 0x85, 0xEB, 0x85, 0xEB,
  0x85, 0xEB, 0x85, 0xEB, 0x85, 0xEB, 0x85, 0xEB, 0x85, 0xEB, 0x85, 0xEB,
  0x85, 0xEB, 0x85, 0xEB, 0x85, 0xEB, 0x85, 0xEB, 0x85, 0xEB, 0x85, 0xEB,
  0x85, 0xEB, 0x85, 0xEB, 0x85, 0xEB, 0x85, 0xEB, 0x85, 0xEB, 0x85, 0xEB,
  0x85, 0xEB, 0x85, 0xEB, 0x85, 0xEB, 0x85, 0xEB, 0x85, 0xEB, 0x85, 0xEB,
  0x85, 0xEB, 0x85, 0xEB, 0x85, 0xEB, 0x85, 0xEB, 0x7B, 0x14, 0x7B, 0x14,
  0x7B, 0x14, 0x7B, 0x14, 0x7B, 0x14, 0x7B, 0x14, 0x7B, 0x14, 0x7B, 0x14,
  0x7B, 0x14, 0x7B, 0x14, 0x7B, 0x14, 0x7B, 0x14, 0x7B, 0x14, 0x7B, 0x14,
  0x7B, 0x14, 0x7B, 0x14, 0x7B, 0x14, 0x7B, 0x14, 0x7B, 0x14, 0x7B, 0x14,
  0x7B, 0x14, 0x7B, 0x14, 0x7B, 0x14, 0x7B, 0x14, 0x7B, 0x14, 0x7B, 0x14,
  0x7B, 0x14, 0x7B, 0x14, 0x7B, 0x14, 0x7B, 0x14, 0x7B, 0x14, 0x7B, 0x14,
  0x7B, 0x14, 0x7B, 0x14, 0x7B, 0x14, 0x7B, 0x14, 0x7B, 0x14, 0x7B, 0x14,
  0x7B, 0x14, 0x7B, 0x14, 0x7B, 0x14, 0x7B, 0x14, 0x85, 0xEB, 0x85, 0xEB,
  0x85, 0xEB, 0x85, 0xEB, 0x85, 0xEB, 0x85, 0xEB, 0x85, 0xEB, 0x85, 0xEB,
  0x85, 0xEB, 0x85, 0xEB, 0x85, 0xEB, 0x85, 0xEB, 0x85, 0xEB, 0x85, 0xEB,
  0x85, 0xEB, 0x85, 0xEB, 0x85, 0xEB, 0x85, 0xEB, 0x85, 0xEB, 0x85, 0xEB,
  0x85, 0xEB, 0x85, 0xEB, 0x85, 0xEB, 0x85, 0xEB, 0x85, 0xEB, 0x85, 0xEB,
  0x85, 0xEB, 0x85, 0xEB, 0x85, 0xEB, 0x85, 0xEB, 0x85, 0xEB, 0x85, 0xEB,
  0x85, 0xEB, 0x85, 0xEB, 0x85, 0xEB, 0x85, 0xEB, 0x85, 0xEB, 0x85, 0xEB,
  0x85, 0xEB, 0x85, 0xEB, 0x85, 0xEB, 0x85, 0xEB, 0x7B, 0x14, 0x7B, 0x14,
  0x7B, 0x14, 0x7B, 0x14, 0x7B, 0x14, 0x7B, 0x14, 0x7B, 0x14, 0x7B, 0x14,
  0x7B, 0x14, 0x7B, 0x14, 0x7B, 0x14, 0x7B, 0x14, 0x7B, 0x14, 0x7B, 0x14,
  0x7B, 0x14, 0x7B, 0x14, 0x7B, 0x14, 0x7B, 0x14, 0x7B, 0x14, 0x7B, 0x14,
  0x7B, 0x14, 0x7B, 0x14, 0x7B, 0x14, 0x7B, 0x14, 0x7B, 0x14, 0x7B, 0x14,
  0x7B, 0x14, 0x7B, 0x14, 0x7B, 0x14, 0x7B, 0x14, 0x7B, 0x14, 0x7B, 0x14,
  0x7B, 0x14, 0x7B, 0x14, 0x7B, 0x14, 0x7B, 0x14, 0x7B, 0x14, 0x7B, 0x14,
  0x7B, 0x14, 0x7B, 0x14, 0x7B, 0x14, 0x7B, 0x14, 0x7B, 0x14, 0x85, 0xEB,
  0x85, 0xEB, 0x85, 0xEB, 0x85, 0xEB, 0x85, 0xEB, 0x85, 0xEB, 0x85, 0xEB,
  0x85, 0xEB, 0x85, 0xEB, 0x85, 0xEB, 0x85, 0xEB, 0x85, 0xEB, 0x85, 0xEB,
  0x85, 0xEB, 0x85, 0xEB, 0x85, 0xEB, 0x85, 0xEB, 0x85, 0xEB, 0x85, 0xEB,
  0x85, 0xEB, 0x85, 0xEB, 0x85, 0xEB, 0x85, 0xEB, 0x85, 0xEB, 0x85, 0xEB,
  0x85, 0xEB, 0x85, 0xEB, 0x85, 0xEB, 0x85, 0xEB, 0x85, 0xEB, 0x85, 0xEB,
  0x85, 0xEB, 0x85, 0xEB, 0x85, 0xEB, 0x85, 0xEB, 0x85, 0xEB, 0x85, 0xEB,
  0x85, 0xEB, 0x85, 0xEB, 0x85, 0xEB, 0x85, 0xEB, 0x85, 0xEB, 0x7B, 0x14,
  0x7B, 0x14, 0x7B, 0x14, 0x7B, 0x14, 0x7B, 0x14, 0x7B, 0x14, 0x7B, 0x14,
  0x7B, 0x14, 0x7B, 0x14, 0x7B, 0x14, 0x7B, 0x14, 0x7B, 0x14, 0x7B, 0x14,
  0x7B, 0x14, 0x7B, 0x14, 0x78, 0x14, 0x73, 0x14, 0x6F, 0x14, 0x6A, 0x14,
  0x66, 0x14, 0x62, 0x14, 0x5D, 0x14, 0x59, 0x14, 0x54, 0x14, 0x50, 0x14,
  0x4C, 0x14, 0x47, 0x14, 0x43, 0x14, 0x3E, 0x14, 0x3A, 0x14, 0x36, 0x14,
  0x31, 0x14, 0x2D, 0x14, 0x28, 0x14, 0x24, 0x14, 0x20, 0x14, 0x1B, 0x14,
  0x17, 0x14, 0x12, 0x14, 0x0E, 0x14, 0x0A, 0x14, 0x05, 0x14, 0x01, 0x14,
  0x04, 0xEC, 0x08, 0xEC, 0x0C, 0xEC, 0x11, 0xEC, 0x15, 0xEC, 0x1A, 0xEC,
  0x1E, 0xEC, 0x22, 0xEC, 0x27, 0xEC, 0x2B, 0xEC, 0x30, 0xEC, 0x34, 0xEC,
  0x38, 0xEC, 0x3D, 0xEC, 0x41, 0xEC, 0x46, 0xEC, 0x4A, 0xEC, 0x4E, 0xEC,
  0x53, 0xEC, 0x57, 0xEC, 0x5C, 0xEC, 0x60, 0xEC, 0x65, 0xEC, 0x69, 0xEC,
  0x6D, 0xEC, 0x72, 0xEC, 0x76, 0xEC, 0x7B, 0xEC, 0x7F, 0xEC, 0x83, 0xEC,
  0x88, 0xEC, 0x8C, 0xEC, 0x91, 0xEC, 0x95, 0xEC, 0x99, 0xEC, 0x9E, 0xEC,
  0xA2, 0xEC, 0xA7, 0xEC, 0xAB, 0xEC, 0xAF, 0xEC, 0xB4, 0xEC, 0xB8, 0xEC,
  0x43, 0x13, 0x3F, 0x13, 0x3B, 0x13, 0x36, 0x13, 0x32, 0x13, 0x2D, 0x13,
  0x29, 0x13, 0x25, 0x13, 0x20, 0x13, 0x1C, 0x13, 0x17, 0x13, 0x13, 0x13,
  0x0F, 0x13, 0x0A, 0x13, 0x06, 0x13, 0x01, 0x13, 0xFD, 0x12, 0xF9, 0x12,
  0xF4, 0x12, 0xF0, 0x12, 0xEB, 0x12, 0xE7, 0x12, 0xE3, 0x12, 0xDE, 0x12,
  0xDA, 0x12, 0xD5, 0x12, 0xD1, 0x12, 0xCD, 0x12, 0xC8, 0x12, 0xC4, 0x12,
  0xBF, 0x12, 0xBB, 0x12, 0xB7, 0x12, 0xB2, 0x12, 0xAE, 0x12, 0xA9, 0x12,
  0xA5, 0x12, 0xA1, 0x12, 0x9C, 0x12, 0x98, 0x12, 0x93, 0x12, 0x8F, 0x12,
  0x76, 0xED, 0x7A, 0xED, 0x7E, 0xED, 0x83, 0xED, 0x87, 0xED, 0x8C, 0xED,
  0x90, 0xED, 0x94, 0xED, 0x99, 0xED, 0x9D, 0xED, 0xA2, 0xED, 0xA6, 0xED,
  0xAA, 0xED, 0xAF, 0xED, 0xB3, 0xED, 0xB8, 0xED, 0xBC, 0xED, 0xC0, 0xED,
  0xC5, 0xED, 0xC9, 0xED, 0xCE, 0xED, 0xD2, 0xED, 0xD6, 0xED, 0xDB, 0xED,
  0xDF, 0xED, 0xE4, 0xED, 0xE8, 0xED, 0xEC, 0xED, 0xF1, 0xED, 0xF5, 0xED,
  0xFA, 0xED, 0xFE, 0xED, 0x02, 0xEE, 0x07, 0xEE, 0x0B, 0xEE, 0x10, 0xEE,
  0x14, 0xEE, 0x18, 0xEE, 0x1D, 0xEE, 0x21, 0xEE, 0x26, 0xEE, 0x2A, 0xEE,
  0x2E, 0xEE, 0xCD, 0x11, 0xC9, 0x11, 0xC4, 0x11, 0xC0, 0x11, 0xBC, 0x11,
  0xB7, 0x11, 0xB3, 0x11, 0xAE, 0x11, 0xAA, 0x11, 0xA6, 0x11, 0xA1, 0x11,
  0x9D, 0x11, 0x98, 0x11, 0x94, 0x11, 0x90, 0x11, 0x8B, 0x11, 0x87, 0x11,
  0x82, 0x11, 0x7E, 0x11, 0x7A, 0x11, 0x75, 0x11, 0x71, 0x11, 0x6C, 0x11,
  0x68, 0x11, 0x63, 0x11, 0x5F, 0x11, 0x5B, 0x11, 0x56, 0x11, 0x52, 0x11,
  0x4D, 0x11, 0x49, 0x11, 0x45, 0x11, 0x40, 0x11, 0x3C, 0x11, 0x37, 0x11,
  0x33, 0x11, 0x2F, 0x11, 0x2A, 0x11, 0x26, 0x11, 0x21, 0x11, 0x1D, 0x11,
  0x19, 0x11, 0xEC, 0xEE, 0xF0, 0xEE, 0xF5, 0xEE, 0xF9, 0xEE, 0xFD, 0xEE,
  0x02, 0xEF, 0x06, 0xEF, 0x0B, 0xEF, 0x0F, 0xEF, 0x13, 0xEF, 0x18, 0xEF,
  0x1C, 0xEF, 0x21, 0xEF, 0x25, 0xEF, 0x29, 0xEF, 0x2E, 0xEF, 0x32, 0xEF,
  0x37, 0xEF, 0x3B, 0xEF, 0x3F, 0xEF, 0x44, 0xEF, 0x48, 0xEF, 0x4D, 0xEF,
  0x51, 0xEF, 0x55, 0xEF, 0x5A, 0xEF, 0x5E, 0xEF, 0x63, 0xEF, 0x67, 0xEF,
  0x6B, 0xEF, 0x70, 0xEF, 0x74, 0xEF, 0x79, 0xEF, 0x7D, 0xEF, 0x81, 0xEF,
  0x86, 0xEF, 0x8A, 0xEF, 0x8F, 0xEF, 0x93, 0xEF, 0x97, 0xEF, 0x9C, 0xEF,
  0xA0, 0xEF, 0xA5, 0xEF, 0x57, 0x10, 0x53, 0x10, 0x4E, 0x10, 0x4A, 0x10,
  0x45, 0x10, 0x41, 0x10, 0x3C, 0x10, 0x38, 0x10, 0x34, 0x10, 0x2F, 0x10,
  0x2B, 0x10, 0x26, 0x10, 0x22, 0x10, 0x1E, 0x10, 0x19, 0x10, 0x15, 0x10,
  0x10, 0x10, 0x0C, 0x10, 0x08, 0x10, 0x03, 0x10, 0xFF, 0x0F, 0xFA, 0x0F,
  0xF6, 0x0F, 0xF2, 0x0F, 0xED, 0x0F, 0xE9, 0x0F, 0xE4, 0x0F, 0xE0, 0x0F,
  0xDC, 0x0F, 0xD7, 0x0F, 0xD3, 0x0F, 0xCE, 0x0F, 0xCA, 0x0F, 0xC6, 0x0F,
  0xC1, 0x0F, 0xBD, 0x0F, 0xB8, 0x0F, 0xB4, 0x0F, 0xB0, 0x0F, 0xAB, 0x0F,
  0xA7, 0x0F, 0xA2, 0x0F, 0x62, 0xF0, 0x66, 0xF0, 0x6B, 0xF0, 0x6F, 0xF0,
  0x74, 0xF0, 0x78, 0xF0, 0x7C, 0xF0, 0x81, 0xF0, 0x85, 0xF0, 0x8A, 0xF0,
  0x8E, 0xF0, 0x92, 0xF0, 0x97, 0xF0, 0x9B, 0xF0, 0xA0, 0xF0, 0xA4, 0xF0,
  0xA8, 0xF0, 0xAD, 0xF0, 0xB1, 0xF0, 0xB6, 0xF0, 0xBA, 0xF0, 0xBE, 0xF0,
  0xC3, 0xF0, 0xC7, 0xF0, 0xCC, 0xF0, 0xD0, 0xF0, 0xD5, 0xF0, 0xD9, 0xF0,
  0xDD, 0xF0, 0xE2, 0xF0, 0xE6, 0xF0, 0xEB, 0xF0, 0xEF, 0xF0, 0xF3, 0xF0,
  0xF8, 0xF0, 0xFC, 0xF0, 0x01, 0xF1, 0x05, 0xF1, 0x09, 0xF1, 0x0E, 0xF1,
  0x12, 0xF1, 0x17, 0xF1, 0xE5, 0x0E, 0xE1, 0x0E, 0xDC, 0x0E, 0xD8, 0x0E,
  0xD3, 0x0E, 0xCF, 0x0E, 0xCB, 0x0E, 0xC6, 0x0E, 0xC2, 0x0E, 0xBD, 0x0E,
  0xB9, 0x0E, 0xB5, 0x0E, 0xB0, 0x0E, 0xAC, 0x0E, 0xA7, 0x0E, 0xA3, 0x0E,
  0x9F, 0x0E, 0x9A, 0x0E, 0x96, 0x0E, 0x91, 0x0E, 0x8D, 0x0E, 0x89, 0x0E,
  0x84, 0x0E, 0x80, 0x0E, 0x7B, 0x0E, 0x77, 0x0E, 0x73, 0x0E, 0x6E, 0x0E,
  0x6A, 0x0E, 0x65, 0x0E, 0x61, 0x0E, 0x5D, 0x0E, 0x58, 0x0E, 0x54, 0x0E,
  0x4F, 0x0E, 0x4B, 0x0E, 0x47, 0x0E, 0x42, 0x0E, 0x3E, 0x0E, 0x39, 0x0E,
  0x35, 0x0E, 0x31, 0x0E, 0x2C, 0x0E, 0xD8, 0xF1, 0xDD, 0xF1, 0xE1, 0xF1,
  0xE5, 0xF1, 0xEA, 0xF1, 0xEE, 0xF1, 0xF3, 0xF1, 0xF7, 0xF1, 0xFC, 0xF1,
  0x00, 0xF2, 0x04, 0xF2, 0x09, 0xF2, 0x0D, 0xF2, 0x12, 0xF2, 0x16, 0xF2,
  0x1A, 0xF2, 0x1F, 0xF2, 0x23, 0xF2, 0x28, 0xF2, 0x2C, 0xF2, 0x30, 0xF2,
  0x35, 0xF2, 0x39, 0xF2, 0x3E, 0xF2, 0x42, 0xF2, 0x46, 0xF2, 0x4B, 0xF2,
  0x4F, 0xF2, 0x54, 0xF2, 0x58, 0xF2, 0x5C, 0xF2, 0x61, 0xF2, 0x65, 0xF2,
  0x6A, 0xF2, 0x6E, 0xF2, 0x72, 0xF2, 0x77, 0xF2, 0x7B, 0xF2, 0x80, 0xF2,
  0x84, 0xF2, 0x88, 0xF2, 0x8D, 0xF2, 0x6F, 0x0D, 0x6A, 0x0D, 0x66, 0x0D,
  0x62, 0x0D, 0x5D, 0x0D, 0x59, 0x0D, 0x54, 0x0D, 0x50, 0x0D, 0x4C, 0x0D,
  0x47, 0x0D, 0x43, 0x0D, 0x3E, 0x0D, 0x3A, 0x0D, 0x36, 0x0D, 0x31, 0x0D,
  0x2D, 0x0D, 0x28, 0x0D, 0x24, 0x0D, 0x20, 0x0D, 0x1B, 0x0D, 0x17, 0x0D,
  0x12, 0x0D, 0x0E, 0x0D, 0x0A, 0x0D, 0x05, 0x0D, 0x01, 0x0D, 0xFC, 0x0C,
  0xF8, 0x0C, 0xF4, 0x0C, 0xEF, 0x0C, 0xEB, 0x0C, 0xE6, 0x0C, 0xE2, 0x0C,
  0xDD, 0x0C, 0xD9, 0x0C, 0xD5, 0x0C, 0xD0, 0x0C, 0xCC, 0x0C, 0xC7, 0x0C,
  0xC3, 0x0C, 0xBF, 0x0C, 0xBA, 0x0C, 0xB6, 0x0C, 0x4F, 0xF3, 0x53, 0xF3,
  0x57, 0xF3, 0x5C, 0xF3, 0x60, 0xF3, 0x65, 0xF3, 0x69, 0xF3, 0x6D, 0xF3,
  0x72, 0xF3, 0x76, 0xF3, 0x7B, 0xF3, 0x7F, 0xF3, 0x83, 0xF3, 0x88, 0xF3,
  0x8C, 0xF3, 0x91, 0xF3, 0x95, 0xF3, 0x99, 0xF3, 0x9E, 0xF3, 0xA2, 0xF3,
  0xA7, 0xF3, 0xAB, 0xF3, 0xAF, 0xF3, 0xB4, 0xF3, 0xB8, 0xF3, 0xBD, 0xF3,
  0xC1, 0xF3, 0xC5, 0xF3, 0xCA, 0xF3, 0xCE, 0xF3, 0xD3, 0xF3, 0xD7, 0xF3,
  0xDB, 0xF3, 0xE0, 0xF3, 0xE4, 0xF3, 0xE9, 0xF3, 0xED, 0xF3, 0xF1, 0xF3,
  0xF6, 0xF3, 0xFA, 0xF3, 0xFF, 0xF3, 0x03, 0xF4, 0xF9, 0x0B, 0xF4, 0x0B,
  0xF0, 0x0B, 0xEB, 0x0B, 0xE7, 0x0B, 0xE3, 0x0B, 0xDE, 0x0B, 0xDA, 0x0B,
  0xD5, 0x0B, 0xD1, 0x0B, 0xCC, 0x0B, 0xC8, 0x0B, 0xC4, 0x0B, 0xBF, 0x0B,
  0xBB, 0x0B, 0xB6, 0x0B, 0xB2, 0x0B, 0xAE, 0x0B, 0xA9, 0x0B, 0xA5, 0x0B,
  0xA0, 0x0B, 0x9C, 0x0B, 0x98, 0x0B, 0x93, 0x0B, 0x8F, 0x0B, 0x8A, 0x0B,
  0x86, 0x0B, 0x82, 0x0B, 0x7D, 0x0B, 0x79, 0x0B, 0x74, 0x0B, 0x70, 0x0B,
  0x6C, 0x0B, 0x67, 0x0B, 0x63, 0x0B, 0x5E, 0x0B, 0x5A, 0x0B, 0x56, 0x0B,
  0x51, 0x0B, 0x4D, 0x0B, 0x48, 0x0B, 0x44, 0x0B, 0xC0, 0xF4, 0xC5, 0xF4,
  0xC9, 0xF4, 0xCE, 0xF4, 0xD2, 0xF4, 0xD6, 0xF4, 0xDB, 0xF4, 0xDF, 0xF4,
  0xE4, 0xF4, 0xE8, 0xF4, 0xEC, 0xF4, 0xF1, 0xF4, 0xF5, 0xF4, 0xFA, 0xF4,
  0xFE, 0xF4, 0x02, 0xF5, 0x07, 0xF5, 0x0B, 0xF5, 0x10, 0xF5, 0x14, 0xF5,
  0x18, 0xF5, 0x1D, 0xF5, 0x21, 0xF5, 0x26, 0xF5, 0x2A, 0xF5, 0x2E, 0xF5,
  0x33, 0xF5, 0x37, 0xF5, 0x3C, 0xF5, 0x40, 0xF5, 0x44, 0xF5, 0x49, 0xF5,
  0x4D, 0xF5, 0x52, 0xF5, 0x56, 0xF5, 0x5B, 0xF5, 0x5F, 0xF5, 0x63, 0xF5,
  0x68, 0xF5, 0x6C, 0xF5, 0x71, 0xF5, 0x75, 0xF5, 0x79, 0xF5, 0x82, 0x0A,
  0x7E, 0x0A, 0x79, 0x0A, 0x75, 0x0A, 0x71, 0x0A, 0x6C, 0x0A, 0x68, 0x0A,
  0x63, 0x0A, 0x5F, 0x0A, 0x5B, 0x0A, 0x56, 0x0A, 0x52, 0x0A, 0x4D, 0x0A,
  0x49, 0x0A, 0x45, 0x0A, 0x40, 0x0A, 0x3C, 0x0A, 0x37, 0x0A, 0x33, 0x0A,
  0x2F, 0x0A, 0x2A, 0x0A, 0x26, 0x0A, 0x21, 0x0A, 0x1D, 0x0A, 0x19, 0x0A,
  0x14, 0x0A, 0x10, 0x0A, 0x0B, 0x0A, 0x07, 0x0A, 0x03, 0x0A, 0xFE, 0x09,
  0xFA, 0x09, 0xF5, 0x09, 0xF1, 0x09, 0xED, 0x09, 0xE8, 0x09, 0xE4, 0x09,
  0xDF, 0x09, 0xDB, 0x09, 0xD7, 0x09, 0xD2, 0x09, 0xCE, 0x09, 0x37, 0xF6,
  0x3B, 0xF6, 0x3F, 0xF6, 0x44, 0xF6, 0x48, 0xF6, 0x4D, 0xF6, 0x51, 0xF6,
  0x55, 0xF6, 0x5A, 0xF6, 0x5E, 0xF6, 0x63, 0xF6, 0x67, 0xF6, 0x6B, 0xF6,
  0x70, 0xF6, 0x74, 0xF6, 0x79, 0xF6, 0x7D, 0xF6, 0x82, 0xF6, 0x86, 0xF6,
  0x8A, 0xF6, 0x8F, 0xF6, 0x93, 0xF6, 0x98, 0xF6, 0x9C, 0xF6, 0xA0, 0xF6,
  0xA5, 0xF6, 0xA9, 0xF6, 0xAE, 0xF6, 0xB2, 0xF6, 0xB6, 0xF6, 0xBB, 0xF6,
  0xBF, 0xF6, 0xC4, 0xF6, 0xC8, 0xF6, 0xCC, 0xF6, 0xD1, 0xF6, 0xD5, 0xF6,
  0xDA, 0xF6, 0xDE, 0xF6, 0xE2, 0xF6, 0xE7, 0xF6, 0xEB, 0xF6, 0xF0, 0xF6,
  0x0C, 0x09, 0x08, 0x09, 0x03, 0x09, 0xFF, 0x08, 0xFA, 0x08, 0xF6, 0x08,
  0xF2, 0x08, 0xED, 0x08, 0xE9, 0x08, 0xE4, 0x08, 0xE0, 0x08, 0xDC, 0x08,
  0xD7, 0x08, 0xD3, 0x08, 0xCE, 0x08, 0xCA, 0x08, 0xC6, 0x08, 0xC1, 0x08,
  0xBD, 0x08, 0xB8, 0x08, 0xB4, 0x08, 0xB0, 0x08, 0xAB, 0x08, 0xA7, 0x08,
  0xA2, 0x08, 0x9E, 0x08, 0x9A, 0x08, 0x95, 0x08, 0x91, 0x08, 0x8C, 0x08,
  0x88, 0x08, 0x84, 0x08, 0x7F, 0x08, 0x7B, 0x08, 0x76, 0x08, 0x72, 0x08,
  0x6D, 0x08, 0x69, 0x08, 0x65, 0x08, 0x60, 0x08, 0x5C, 0x08, 0x57, 0x08,
  0xAD, 0xF7, 0xB1, 0xF7, 0xB6, 0xF7, 0xBA, 0xF7, 0xBF, 0xF7, 0xC3, 0xF7,
  0xC7, 0xF7, 0xCC, 0xF7, 0xD0, 0xF7, 0xD5, 0xF7, 0xD9, 0xF7, 0xDD, 0xF7,
  0xE2, 0xF7, 0xE6, 0xF7, 0xEB, 0xF7, 0xEF, 0xF7, 0xF3, 0xF7, 0xF8, 0xF7,
  0xFC, 0xF7, 0x01, 0xF8, 0x05, 0xF8, 0x09, 0xF8, 0x0E, 0xF8, 0x12, 0xF8,
  0x17, 0xF8, 0x1B, 0xF8, 0x1F, 0xF8, 0x24, 0xF8, 0x28, 0xF8, 0x2D, 0xF8,
  0x31, 0xF8, 0x35, 0xF8, 0x3A, 0xF8, 0x3E, 0xF8, 0x43, 0xF8, 0x47, 0xF8,
  0x4B, 0xF8, 0x50, 0xF8, 0x54, 0xF8, 0x59, 0xF8, 0x5D, 0xF8, 0x61, 0xF8,
  0x66, 0xF8, 0x96, 0x07, 0x91, 0x07, 0x8D, 0x07, 0x89, 0x07, 0x84, 0x07,
  0x80, 0x07, 0x7B, 0x07, 0x77, 0x07, 0x73, 0x07, 0x6E, 0x07, 0x6A, 0x07,
  0x65, 0x07, 0x61, 0x07, 0x5D, 0x07, 0x58, 0x07, 0x54, 0x07, 0x4F, 0x07,
  0x4B, 0x07, 0x46, 0x07, 0x42, 0x07, 0x3E, 0x07, 0x39, 0x07, 0x35, 0x07,
  0x30, 0x07, 0x2C, 0x07, 0x28, 0x07, 0x23, 0x07, 0x1F, 0x07, 0x1A, 0x07,
  0x16, 0x07, 0x12, 0x07, 0x0D, 0x07, 0x09, 0x07, 0x04, 0x07, 0x00, 0x07,
  0xFC, 0x06, 0xF7, 0x06, 0xF3, 0x06, 0xEE, 0x06, 0xEA, 0x06, 0xE6, 0x06,
  0xE1, 0x06, 0x23, 0xF9, 0x28, 0xF9, 0x2C, 0xF9, 0x30, 0xF9, 0x35, 0xF9,
  0x39, 0xF9, 0x3E, 0xF9, 0x42, 0xF9, 0x46, 0xF9, 0x4B, 0xF9, 0x4F, 0xF9,
  0x54, 0xF9, 0x58, 0xF9, 0x5C, 0xF9, 0x61, 0xF9, 0x65, 0xF9, 0x6A, 0xF9,
  0x6E, 0xF9, 0x72, 0xF9, 0x77, 0xF9, 0x7B, 0xF9, 0x80, 0xF9, 0x84, 0xF9,
  0x88, 0xF9, 0x8D, 0xF9, 0x91, 0xF9, 0x96, 0xF9, 0x9A, 0xF9, 0x9E, 0xF9,
  0xA3, 0xF9, 0xA7, 0xF9, 0xAC, 0xF9, 0xB0, 0xF9, 0xB4, 0xF9, 0xB9, 0xF9,
  0xBD, 0xF9, 0xC2, 0xF9, 0xC6, 0xF9, 0xCA, 0xF9, 0xCF, 0xF9, 0xD3, 0xF9,
  0xD8, 0xF9, 0x24, 0x06, 0x1F, 0x06, 0x1B, 0x06, 0x17, 0x06, 0x12, 0x06,
  0x0E, 0x06, 0x09, 0x06, 0x05, 0x06, 0x01, 0x06, 0xFC, 0x05, 0xF8, 0x05,
  0xF3, 0x05, 0xEF, 0x05, 0xEB, 0x05, 0xE6, 0x05, 0xE2, 0x05, 0xDD, 0x05,
  0xD9, 0x05, 0xD5, 0x05, 0xD0, 0x05, 0xCC, 0x05, 0xC7, 0x05, 0xC3, 0x05,
  0xBF, 0x05, 0xBA, 0x05, 0xB6, 0x05, 0xB1, 0x05, 0xAD, 0x05, 0xA9, 0x05,
  0xA4, 0x05, 0xA0, 0x05, 0x9B, 0x05, 0x97, 0x05, 0x93, 0x05, 0x8E, 0x05,
  0x8A, 0x05, 0x85, 0x05, 0x81, 0x05, 0x7D, 0x05, 0x78, 0x05, 0x74, 0x05,
  0x6F, 0x05, 0x6B, 0x05, 0x99, 0xFA, 0x9E, 0xFA, 0xA2, 0xFA, 0xA7, 0xFA,
  0xAB, 0xFA, 0xAF, 0xFA, 0xB4, 0xFA, 0xB8, 0xFA, 0xBD, 0xFA, 0xC1, 0xFA,
  0xC5, 0xFA, 0xCA, 0xFA, 0xCE, 0xFA, 0xD3, 0xFA, 0xD7, 0xFA, 0xDB, 0xFA,
  0xE0, 0xFA, 0xE4, 0xFA, 0xE9, 0xFA, 0xED, 0xFA, 0xF2, 0xFA, 0xF6, 0xFA,
  0xFA, 0xFA, 0xFF, 0xFA, 0x03, 0xFB, 0x08, 0xFB, 0x0C, 0xFB, 0x10, 0xFB,
  0x15, 0xFB, 0x19, 0xFB, 0x1E, 0xFB, 0x22, 0xFB, 0x26, 0xFB, 0x2B, 0xFB,
  0x2F, 0xFB, 0x34, 0xFB, 0x38, 0xFB, 0x3C, 0xFB, 0x41, 0xFB, 0x45, 0xFB,
  0x4A, 0xFB, 0x4E, 0xFB, 0xAE, 0x04, 0xA9, 0x04, 0xA5, 0x04, 0xA0, 0x04,
  0x9C, 0x04, 0x98, 0x04, 0x93, 0x04, 0x8F, 0x04, 0x8A, 0x04, 0x86, 0x04,
  0x82, 0x04, 0x7D, 0x04, 0x79, 0x04, 0x74, 0x04, 0x70, 0x04, 0x6C, 0x04,
  0x67, 0x04, 0x63, 0x04, 0x5E, 0x04, 0x5A, 0x04, 0x56, 0x04, 0x51, 0x04,
  0x4D, 0x04, 0x48, 0x04, 0x44, 0x04, 0x40, 0x04, 0x3B, 0x04, 0x37, 0x04,
  0x32, 0x04, 0x2E, 0x04, 0x2A, 0x04, 0x25, 0x04, 0x21, 0x04, 0x1C, 0x04,
  0x18, 0x04, 0x14, 0x04, 0x0F, 0x04, 0x0B, 0x04, 0x06, 0x04, 0x02, 0x04,
  0xFE, 0x03, 0xF9, 0x03, 0xF5, 0x03, 0x10, 0xFC, 0x14, 0xFC, 0x19, 0xFC,
  0x1D, 0xFC, 0x21, 0xFC, 0x26, 0xFC, 0x2A, 0xFC, 0x2F, 0xFC, 0x33, 0xFC,
  0x37, 0xFC, 0x3C, 0xFC, 0x40, 0xFC, 0x45, 0xFC, 0x49, 0xFC, 0x4D, 0xFC,
  0x52, 0xFC, 0x56, 0xFC, 0x5B, 0xFC, 0x5F, 0xFC, 0x63, 0xFC, 0x68, 0xFC,
  0x6C, 0xFC, 0x71, 0xFC, 0x75, 0xFC, 0x79, 0xFC, 0x7E, 0xFC, 0x82, 0xFC,
  0x87, 0xFC, 0x8B, 0xFC, 0x8F, 0xFC, 0x94, 0xFC, 0x98, 0xFC, 0x9D, 0xFC,
  0xA1, 0xFC, 0xA5, 0xFC, 0xAA, 0xFC, 0xAE, 0xFC, 0xB3, 0xFC, 0xB7, 0xFC,
  0xBB, 0xFC, 0xC0, 0xFC, 0xC4, 0xFC, 0x37, 0x03, 0x33, 0x03, 0x2F, 0x03,
  0x2A, 0x03, 0x26, 0x03, 0x21, 0x03, 0x1D, 0x03, 0x19, 0x03, 0x14, 0x03,
  0x10, 0x03, 0x0B, 0x03, 0x07, 0x03, 0x03, 0x03, 0xFE, 0x02, 0xFA, 0x02,
  0xF5, 0x02, 0xF1, 0x02, 0xED, 0x02, 0xE8, 0x02, 0xE4, 0x02, 0xDF, 0x02,
  0xDB, 0x02, 0xD7, 0x02, 0xD2, 0x02, 0xCE, 0x02, 0xC9, 0x02, 0xC5, 0x02,
  0xC0, 0x02, 0xBC, 0x02, 0xB8, 0x02, 0xB3, 0x02, 0xAF, 0x02, 0xAA, 0x02,
  0xA6, 0x02, 0xA2, 0x02, 0x9D, 0x02, 0x99, 0x02, 0x94, 0x02, 0x90, 0x02,
  0x8C, 0x02, 0x87, 0x02, 0x83, 0x02, 0x82, 0xFD, 0x86, 0xFD, 0x8A, 0xFD,
  0x8F, 0xFD, 0x93, 0xFD, 0x98, 0xFD, 0x9C, 0xFD, 0xA0, 0xFD, 0xA5, 0xFD,
  0xA9, 0xFD, 0xAE, 0xFD, 0xB2, 0xFD, 0xB6, 0xFD, 0xBB, 0xFD, 0xBF, 0xFD,
  0xC4, 0xFD, 0xC8, 0xFD, 0xCC, 0xFD, 0xD1, 0xFD, 0xD5, 0xFD, 0xDA, 0xFD,
  0xDE, 0xFD, 0xE2, 0xFD, 0xE7, 0xFD, 0xEB, 0xFD, 0xF0, 0xFD, 0xF4, 0xFD,
  0xF8, 0xFD, 0xFD, 0xFD, 0x01, 0xFE, 0x06, 0xFE, 0x0A, 0xFE, 0x0E, 0xFE,
  0x13, 0xFE, 0x17, 0xFE, 0x1C, 0xFE, 0x20, 0xFE, 0x24, 0xFE, 0x29, 0xFE,
  0x2D, 0xFE, 0x32, 0xFE, 0x36, 0xFE, 0x3A, 0xFE, 0xC1, 0x01, 0xBD, 0x01,
  0xB8, 0x01, 0xB4, 0x01, 0xAF, 0x01, 0xAB, 0x01, 0xA7, 0x01, 0xA2, 0x01,
  0x9E, 0x01, 0x99, 0x01, 0x95, 0x01, 0x91, 0x01, 0x8C, 0x01, 0x88, 0x01,
  0x83, 0x01, 0x7F, 0x01, 0x7B, 0x01, 0x76, 0x01, 0x72, 0x01, 0x6D, 0x01,
  0x69, 0x01, 0x65, 0x01, 0x60, 0x01, 0x5C, 0x01, 0x57, 0x01, 0x53, 0x01,
  0x4F, 0x01, 0x4A, 0x01, 0x46, 0x01, 0x41, 0x01, 0x3D, 0x01, 0x39, 0x01,
  0x34, 0x01, 0x30, 0x01, 0x2B, 0x01, 0x27, 0x01, 0x23, 0x01, 0x1E, 0x01,
  0x1A, 0x01, 0x15, 0x01, 0x11, 0x01, 0x0D, 0x01, 0xF8, 0xFE, 0xFC, 0xFE,
  0x01, 0xFF, 0x05, 0xFF, 0x09, 0xFF, 0x0E, 0xFF, 0x12, 0xFF, 0x17, 0xFF,
  0x1B, 0xFF, 0x1F, 0xFF, 0x24, 0xFF, 0x28, 0xFF, 0x2D, 0xFF, 0x31, 0xFF,
  0x35, 0xFF, 0x3A, 0xFF, 0x3E, 0xFF, 0x43, 0xFF, 0x47, 0xFF, 0x4B, 0xFF,
  0x50, 0xFF, 0x54, 0xFF, 0x59, 0xFF, 0x5D, 0xFF, 0x61, 0xFF, 0x66, 0xFF,
  0x6A, 0xFF, 0x6F, 0xFF, 0x73, 0xFF, 0x78, 0xFF, 0x7C, 0xFF, 0x80, 0xFF,
  0x85, 0xFF, 0x89, 0xFF, 0x8E, 0xFF, 0x92, 0xFF, 0x96, 0xFF, 0x9B, 0xFF,
  0x9F, 0xFF, 0xA4, 0xFF, 0xA8, 0xFF, 0xAC, 0xFF, 0xB1, 0xFF, 0x4B, 0x00,
  0x46, 0x00, 0x42, 0x00, 0x3E, 0x00, 0x39, 0x00, 0x35, 0x00, 0x30, 0x00,
  0x2C, 0x00, 0x28, 0x00, 0x23, 0x00, 0x1F, 0x00, 0x1A, 0x00, 0x16, 0x00,
  0x12, 0x00, 0x0D, 0x00, 0x09, 0x00, 0x04, 0x00, 0x00, 0x00, 0x00, 0x00,
  0x00, 0x00, 0x00, 0x00, 0x00, 0x00, 0x00, 0x00, 0x00, 0x00, 0x00, 0x00,
  0x00, 0x00, 0x00, 0x00, 0x00, 0x00, 0x00, 0x00, 0x00, 0x00, 0x00, 0x00,
  0x00, 0x00, 0x00, 0x00, 0x00, 0x00, 0x00, 0x00, 0x00, 0x00, 0x00, 0x00,
  0x00, 0x00, 0x00, 0x00, 0x00, 0x00, 0x00, 0x00, 0x00, 0x00, 0x00, 0x00,
  0x00, 0x00, 0x00, 0x00, 0x00, 0x00, 0x00, 0x00, 0x00, 0x00, 0x00, 0x00,
  0x00, 0x00, 0x00, 0x00, 0x00, 0x00, 0x00, 0x00, 0x00, 0x00, 0x00, 0x00,
  0x00, 0x00, 0x00, 0x00, 0x00, 0x00, 0x00, 0x00, 0x00, 0x00, 0x00, 0x00,
  0x00, 0x00, 0x00, 0x00, 0x00, 0x00, 0x00, 0x00, 0x00, 0x00, 0x00, 0x00,
  0x00, 0x00, 0x00, 0x00, 0x00, 0x00, 0x00, 0x00, 0x00, 0x00, 0x00, 0x00,
  0x00, 0x00, 0x00, 0x00, 0x00, 0x00, 0x00, 0x00, 0x00, 0x00, 0x00, 0x00,
  0x00, 0x00, 0x00, 0x00, 0x00, 0x00, 0x00, 0x00, 0x00, 0x00, 0x00, 0x00,
  0x00, 0x00, 0x00, 0x00, 0x00, 0x00, 0x00, 0x00, 0x00, 0x00, 0x00, 0x00,
  0x00, 0x00, 0x00, 0x00, 0x00, 0x00, 0x00, 0x00, 0x00, 0x00, 0x00, 0x00,
  0x00, 0x00, 0x00, 0x00, 0x00, 0x00, 0x00, 0x00, 0x00, 0x00, 0x00, 0x00,
  0x00, 0x00, 0x00, 0x00, 0x00, 0x00, 0x00, 0x00, 0x00, 0x00, 0x00, 0x00,
  0x00, 0x00, 0x00, 0x00, 0x00, 0x00, 0x00, 0x00, 0x00, 0x00, 0x00, 0x00,
  0x00, 0x00, 0x00, 0x00, 0x00, 0x00, 0x00, 0x00, 0x00, 0x00, 0x00, 0x00,
  0x00, 0x00, 0x00, 0x00, 0x00, 0x00, 0x00, 0x00, 0x00, 0x00, 0x00, 0x00,
  0x00, 0x00, 0x00, 0x00, 0x00, 0x00, 0x00, 0x00, 0x00, 0x00, 0x00, 0x00,
  0x00, 0x00, 0x00, 0x00, 0x00, 0x00, 0x00, 0x00, 0x00, 0x00, 0x00, 0x00,
  0x00, 0x00, 0x00, 0x00, 0x00, 0x00, 0x00, 0x00, 0x00, 0x00, 0x00, 0x00,
  0x00, 0x00, 0x00, 0x00, 0x00, 0x00, 0x00, 0x00, 0x00, 0x00, 0x00, 0x00,
  0x00, 0x00, 0x00, 0x00, 0x00, 0x00, 0x00, 0x00, 0x00, 0x00, 0x00, 0x00,
  0x00, 0x00, 0x00, 0x00, 0x00, 0x00, 0x00, 0x00, 0x00, 0x00, 0x00, 0x00,
  0x00, 0x00, 0x00, 0x00, 0x00, 0x00, 0x00, 0x00, 0x00, 0x00, 0x00, 0x00,
  0x00, 0x00, 0x00, 0x00, 0x00, 0x00, 0x00, 0x00, 0x00, 0x00, 0x00, 0x00,
  0x00, 0x00, 0x00, 0x00, 0x00, 0x00, 0x00, 0x00, 0x00, 0x00, 0x00, 0x00,
  0x00, 0x00, 0x00, 0x00, 0x00, 0x00, 0x00, 0x00, 0x00, 0x00, 0x00, 0x00,
  0x00, 0x00, 0x00, 0x00, 0x00, 0x00, 0x00, 0x00, 0x00, 0x00, 0x00, 0x00,
  0x00, 0x00, 0x00, 0x00, 0x00, 0x00, 0x00, 0x00, 0x00, 0x00, 0x00, 0x00,
  0x00, 0x00, 0x00, 0x00, 0x00, 0x00, 0x00, 0x00, 0x00, 0x00, 0x00, 0x00,
  0x00, 0x00, 0x00, 0x00, 0x00, 0x00, 0x00, 0x00, 0x00, 0x00, 0x00, 0x00,
  0x00, 0x00, 0x00, 0x00, 0x00, 0x00, 0x00, 0x00, 0x00, 0x00, 0x00, 0x00,
  0x00, 0x00, 0x00, 0x00, 0x00, 0x00, 0x00, 0x00, 0x00, 0x00, 0x00, 0x00,
  0x00, 0x00, 0x00, 0x00, 0x00, 0x00, 0x00, 0x00, 0x00, 0x00, 0x00, 0x00,
  0x00, 0x00, 0x00, 0x00, 0x00, 0x00, 0x00, 0x00, 0x00, 0x00, 0x00, 0x00,
  0x00, 0x00, 0x00, 0x00, 0x00, 0x00, 0x00, 0x00, 0x00, 0x00, 0x00, 0x00,
  0x00, 0x00, 0x00, 0x00, 0x00, 0x00, 0x00, 0x00, 0x00, 0x00, 0x00, 0x00,
  0x00, 0x00, 0x00, 0x00, 0x00, 0x00, 0x00, 0x00, 0x00, 0x00, 0x00, 0x00,
  0x00, 0x00, 0x00, 0x00, 0x00, 0x00, 0x00, 0x00, 0x00, 0x00, 0x00, 0x00,
  0x00, 0x00, 0x00, 0x00, 0x00, 0x00, 0x00, 0x00, 0x00, 0x00, 0x00, 0x00,
  0x00, 0x00, 0x00, 0x00, 0x00, 0x00, 0x00, 0x00, 0x00, 0x00, 0x00, 0x00,
  0x00, 0x00, 0x00, 0x00, 0x00, 0x00, 0x00, 0x00, 0x00, 0x00, 0x00, 0x00,
  0x00, 0x00, 0x00, 0x00, 0x00, 0x00, 0x00, 0x00, 0x00, 0x00, 0x00, 0x00,
  0x00, 0x00, 0x00, 0x00, 0x00, 0x00, 0x00, 0x00, 0x00, 0x00, 0x00, 0x00,
  0x00, 0x00, 0x00, 0x00, 0x00, 0x00, 0x00, 0x00, 0x00, 0x00, 0x00, 0x00,
  0x00, 0x00, 0x00, 0x00, 0x00, 0x00, 0x00, 0x00, 0x00, 0x00, 0x00, 0x00,
  0x00, 0x00, 0x00, 0x00, 0x00, 0x00, 0x00, 0x00, 0x00, 0x00, 0x00, 0x00,
  0x00, 0x00, 0x00, 0x00, 0x00, 0x00, 0x00, 0x00, 0x00, 0x00, 0x00, 0x00,
  0x00, 0x00, 0x00, 0x00, 0x00, 0x00, 0x00, 0x00, 0x00, 0x00, 0x00, 0x00,
  0x00, 0x00, 0x00, 0x00, 0x00, 0x00, 0x00, 0x00, 0x00, 0x00, 0x00, 0x00,
  0x00, 0x00, 0x00, 0x00, 0x00, 0x00, 0x00, 0x00, 0x00, 0x00, 0x00, 0x00,
  0x00, 0x00, 0x00, 0x00, 0x00, 0x00, 0x00, 0x00, 0x00, 0x00, 0x00, 0x00,
  0x00, 0x00, 0x00, 0x00, 0x00, 0x00, 0x00, 0x00, 0x00, 0x00, 0x00, 0x00,
  0x00, 0x00, 0x00, 0x00, 0x00, 0x00, 0x00, 0x00, 0x00, 0x00, 0x00, 0x00,
  0x00, 0x00, 0x00, 0x00, 0x00, 0x00, 0x00, 0x00, 0x00, 0x00, 0x00, 0x00,
  0x00, 0x00, 0x00, 0x00, 0x00, 0x00, 0x00, 0x00, 0x00, 0x00, 0x00, 0x00,
  0x00, 0x00, 0x00, 0x00, 0x00, 0x00, 0x00, 0x00, 0x00, 0x00, 0x00, 0x00,
  0x00, 0x00, 0x00, 0x00, 0x00, 0x00, 0x00, 0x00, 0x00, 0x00, 0x00, 0x00,
  0x00, 0x00, 0x00, 0x00, 0x00, 0x00, 0x00, 0x00, 0x00, 0x00, 0x00, 0x00,
  0x00, 0x00, 0x00, 0x00, 0x00, 0x00, 0x00, 0x00, 0x00, 0x00, 0x00, 0x00,
  0x00, 0x00, 0x00, 0x00, 0x00, 0x00, 0x00, 0x00, 0x00, 0x00, 0x00, 0x00,
  0x00, 0x00, 0x00, 0x00, 0x00, 0x00, 0x00, 0x00, 0x00, 0x00, 0x00, 0x00,
  0x00, 0x00, 0x00, 0x00, 0x00, 0x00, 0x00, 0x00, 0x00, 0x00, 0x00, 0x00,
  0x00, 0x00, 0x00, 0x00, 0x00, 0x00, 0x00, 0x00, 0x00, 0x00, 0x00, 0x00,
  0x00, 0x00, 0x00, 0x00, 0x00, 0x00, 0x00, 0x00, 0x00, 0x00, 0x00, 0x00,
  0x00, 0x00, 0x00, 0x00, 0x00, 0x00, 0x00, 0x00, 0x00, 0x00, 0x00, 0x00,
  0x00, 0x00, 0x00, 0x00, 0x00, 0x00, 0x00, 0x00, 0x00, 0x00, 0x00, 0x00,
  0x00, 0x00, 0x00, 0x00, 0x00, 0x00, 0x00, 0x00, 0x00, 0x00, 0x00, 0x00,
  0x00, 0x00, 0x00, 0x00, 0x00, 0x00, 0x00, 0x00, 0x00, 0x00, 0x00, 0x00,
  0x00, 0x00, 0x00, 0x00, 0x00, 0x00, 0x00, 0x00, 0x00, 0x00, 0x00, 0x00,
  0x00, 0x00, 0x00, 0x00, 0x00, 0x00, 0x00, 0x00, 0x00, 0x00, 0x00, 0x00,
  0x00, 0x00, 0x00, 0x00, 0x00, 0x00, 0x00, 0x00, 0x00, 0x00, 0x00, 0x00,
  0x00, 0x00, 0x00, 0x00, 0x00, 0x00, 0x00, 0x00, 0x00, 0x00, 0x00, 0x00,
  0x00, 0x00, 0x00, 0x00, 0x00, 0x00, 0x00, 0x00, 0x00, 0x00, 0x00, 0x00,
  0x00, 0x00, 0x00, 0x00, 0x00, 0x00, 0x00, 0x00, 0x00, 0x00, 0x00, 0x00,
  0x00, 0x00, 0x00, 0x00, 0x00, 0x00, 0x00, 0x00, 0x00, 0x00, 0x00, 0x00,
  0x00, 0x00, 0x00, 0x00, 0x00, 0x00, 0x00, 0x00, 0x00, 0x00, 0x00, 0x00,
  0x00, 0x00, 0x00, 0x00, 0x00, 0x00, 0x00, 0x00, 0x00, 0x00, 0x00, 0x00,
  0x00, 0x00, 0x00, 0x00, 0x00, 0x00, 0x00, 0x00, 0x00, 0x00, 0x00, 0x00,
  0x00, 0x00, 0x00, 0x00, 0x00, 0x00, 0x00, 0x00, 0x00, 0x00, 0x00, 0x00,
  0x00, 0x00, 0x00, 0x00, 0x00, 0x00, 0x00, 0x00, 0x00, 0x00, 0x00, 0x00,
  0x00, 0x00, 0x00, 0x00, 0x00, 0x00, 0x00, 0x00, 0x00, 0x00, 0x00, 0x00,
  0x00, 0x00, 0x00, 0x00, 0x00, 0x00, 0x00, 0x00, 0x00, 0x00, 0x00, 0x00,
  0x00, 0x00, 0x00, 0x00, 0x00, 0x00, 0x00, 0x00, 0x00, 0x00, 0x00, 0x00,
  0x00, 0x00, 0x00, 0x00, 0x00, 0x00, 0x00, 0x00, 0x00, 0x00, 0x00, 0x00,
  0x00, 0x00, 0x00, 0x00, 0x00, 0x00, 0x00, 0x00, 0x00, 0x00, 0x00, 0x00,
  0x00, 0x00, 0x00, 0x00, 0x00, 0x00, 0x00, 0x00, 0x00, 0x00, 0x00, 0x00,
  0x00, 0x00, 0x00, 0x00, 0x00, 0x00, 0x00, 0x00, 0x00, 0x00, 0x00, 0x00,
  0x00, 0x00, 0x00, 0x00, 0x00, 0x00, 0x00, 0x00, 0x00, 0x00, 0x00, 0x00,
  0x00, 0x00, 0x00, 0x00, 0x00, 0x00, 0x00, 0x00, 0x00, 0x00, 0x00, 0x00,
  0x00, 0x00, 0x00, 0x00, 0x00, 0x00, 0x00, 0x00, 0x00, 0x00, 0x00, 0x00,
  0x00, 0x00, 0x00, 0x00, 0x00, 0x00, 0x00, 0x00, 0x00, 0x00, 0x00, 0x00,
  0x00, 0x00, 0x00, 0x00, 0x00, 0x00, 0x00, 0x00, 0x00, 0x00, 0x00, 0x00,
  0x00, 0x00, 0x00, 0x00, 0x00, 0x00, 0x00, 0x00, 0x00, 0x00, 0x00, 0x00,
  0x00, 0x00, 0x00, 0x00, 0x00, 0x00, 0x00, 0x00, 0x00, 0x00, 0x00, 0x00,
  0x00, 0x00, 0x00, 0x00, 0x00, 0x00, 0x00, 0x00, 0x00, 0x00, 0x00, 0x00,
  0x00, 0x00, 0x00, 0x00, 0x00, 0x00, 0x00, 0x00, 0x00, 0x00, 0x00, 0x00,
  0x00, 0x00, 0x00, 0x00, 0x00, 0x00, 0x00, 0x00, 0x00, 0x00, 0x00, 0x00,
  0x00, 0x00, 0x00, 0x00, 0x00, 0x00, 0x00, 0x00, 0x00, 0x00, 0x00, 0x00,
  0x00, 0x00, 0x00, 0x00, 0x00, 0x00, 0x00, 0x00, 0x00, 0x00, 0x00, 0x00,
  0x00, 0x00, 0x00, 0x00, 0x00, 0x00, 0x00, 0x00, 0x00, 0x00, 0x00, 0x00,
  0x00, 0x00, 0x00, 0x00, 0x00, 0x00, 0x00, 0x00, 0x00, 0x00, 0x00, 0x00,
  0x00, 0x00, 0x00, 0x00, 0x00, 0x00, 0x00, 0x00, 0x00, 0x00, 0x00, 0x00,
  0x00, 0x00, 0x00, 0x00, 0x00, 0x00, 0x00, 0x00, 0x00, 0x00, 0x00, 0x00,
  0x00, 0x00, 0x00, 0x00, 0x00, 0x00, 0x00, 0x00, 0x00, 0x00, 0x00, 0x00,
  0x00, 0x00, 0x00, 0x00, 0x00, 0x00, 0x00, 0x00, 0x00, 0x00, 0x00, 0x00,
  0x00, 0x00, 0x00, 0x00, 0x00, 0x00, 0x00, 0x00, 0x00, 0x00, 0x00, 0x00,
  0x00, 0x00, 0x00, 0x00, 0x00, 0x00, 0x00, 0x00, 0x00, 0x00, 0x00, 0x00,
  0x00, 0x00, 0x00, 0x00, 0x00, 0x00, 0x00, 0x00, 0x00, 0x00, 0x00, 0x00,
  0x00, 0x00, 0x00, 0x00, 0x00, 0x00, 0x00, 0x00, 0x00, 0x00, 0x00, 0x00,
  0x00, 0x00, 0x00, 0x00, 0x00, 0x00, 0x00, 0x00, 0x00, 0x00, 0x00, 0x00,
  0x00, 0x00, 0x00, 0x00, 0x00, 0x00, 0x00, 0x00, 0x00, 0x00, 0x00, 0x00,
  0x00, 0x00, 0x00, 0x00, 0x00, 0x00, 0x00, 0x00, 0x00, 0x00, 0x00, 0x00,
  0x00, 0x00, 0x00, 0x00, 0x00, 0x00, 0x00, 0x00, 0x00, 0x00, 0x00, 0x00,
  0x00, 0x00, 0x00, 0x00, 0x00, 0x00, 0x00, 0x00, 0x00, 0x00, 0x00, 0x00,
  0x00, 0x00, 0x00, 0x00, 0x00, 0x00, 0x00, 0x00, 0x00, 0x00, 0x00, 0x00,
  0x00, 0x00, 0x00, 0x00, 0x00, 0x00, 0x00, 0x00, 0x00, 0x00, 0x00, 0x00,
  0x00, 0x00, 0x00, 0x00, 0x00, 0x00, 0x00, 0x00, 0x00, 0x00, 0x00, 0x00,
  0x00, 0x00, 0x00, 0x00, 0x00, 0x00, 0x00, 0x00, 0x00, 0x00, 0x00, 0x00,
  0x00, 0x00, 0x00, 0x00, 0x00, 0x00, 0x00, 0x00, 0x00, 0x00, 0x00, 0x00,
  0x00, 0x00, 0x00, 0x00, 0x00, 0x00, 0x00, 0x00, 0x00, 0x00, 0x00, 0x00,
  0x00, 0x00, 0x00, 0x00, 0x00, 0x00, 0x00, 0x00, 0x00, 0x00, 0x00, 0x00,
  0x00, 0x00, 0x00, 0x00, 0x00, 0x00, 0x00, 0x00, 0x00, 0x00, 0x00, 0x00,
  0x00, 0x00, 0x00, 0x00, 0x00, 0x00, 0x00, 0x00, 0x00, 0x00, 0x00, 0x00,
  0x00, 0x00, 0x00, 0x00, 0x00, 0x00, 0x00, 0x00, 0x00, 0x00, 0x00, 0x00,
  0x00, 0x00, 0x00, 0x00, 0x00, 0x00, 0x00, 0x00, 0x00, 0x00, 0x00, 0x00,
  0x00, 0x00, 0x00, 0x00, 0x00, 0x00, 0x00, 0x00, 0x00, 0x00, 0x00, 0x00,
  0x00, 0x00, 0x00, 0x00, 0x00, 0x00, 0x00, 0x00, 0x00, 0x00, 0x00, 0x00,
  0x00, 0x00, 0x00, 0x00, 0x00, 0x00, 0x00, 0x00, 0x00, 0x00, 0x00, 0x00,
  0x00, 0x00, 0x00, 0x00, 0x00, 0x00, 0x00, 0x00, 0x00, 0x00, 0x00, 0x00,
  0x00, 0x00, 0x00, 0x00, 0x00, 0x00, 0x00, 0x00, 0x00, 0x00, 0x00, 0x00,
  0x00, 0x00, 0x00, 0x00, 0x00, 0x00, 0x00, 0x00, 0x00, 0x00, 0x00, 0x00,
  0x00, 0x00, 0x00, 0x00, 0x00, 0x00, 0x00, 0x00, 0x00, 0x00, 0x00, 0x00,
  0x00, 0x00, 0x00, 0x00, 0x00, 0x00, 0x00, 0x00, 0x00, 0x00, 0x00, 0x00,
  0x00, 0x00, 0x00, 0x00, 0x00, 0x00, 0x00, 0x00, 0x00, 0x00, 0x00, 0x00,
  0x00, 0x00, 0x00, 0x00, 0x00, 0x00, 0x00, 0x00, 0x00, 0x00, 0x00, 0x00,
  0x00, 0x00, 0x00, 0x00, 0x00, 0x00, 0x00, 0x00, 0x00, 0x00, 0x00, 0x00,
  0x00, 0x00, 0x00, 0x00, 0x00, 0x00, 0x00, 0x00, 0x00, 0x00, 0x00, 0x00,
  0x00, 0x00, 0x00, 0x00, 0x00, 0x00, 0x00, 0x00, 0x00, 0x00, 0x00, 0x00,
  0x00, 0x00, 0x00, 0x00, 0x00, 0x00, 0x00, 0x00, 0x00, 0x00, 0x00, 0x00,
  0x00, 0x00, 0x00, 0x00, 0x00, 0x00, 0x00, 0x00, 0x00, 0x00, 0x00, 0x00,
  0x00, 0x00, 0x00, 0x00, 0x00, 0x00, 0x00, 0x00, 0x00, 0x00, 0x00, 0x00,
  0x00, 0x00, 0x00, 0x00, 0x00, 0x00, 0x00, 0x00, 0x00, 0x00, 0x00, 0x00,
  0x00, 0x00, 0x00, 0x00, 0x00, 0x00, 0x00, 0x00, 0x00, 0x00, 0x00, 0x00,
  0x00, 0x00, 0x00, 0x00, 0x00, 0x00, 0x00, 0x00, 0x00, 0x00, 0x00, 0x00,
  0x00, 0x00, 0x00, 0x00, 0x00, 0x00, 0x00, 0x00, 0x00, 0x00, 0x0D, 0x00,
  0x1A, 0x00, 0x28, 0x00, 0x35, 0x00, 0x42, 0x00, 0x4F, 0x00, 0x5C, 0x00,
  0x6A, 0x00, 0x77, 0x00, 0x84, 0x00, 0x91, 0x00, 0x9F, 0x00, 0xAC, 0x00,
  0xB9, 0x00, 0xC6, 0x00, 0xD3, 0x00, 0xE1, 0x00, 0xEE, 0x00, 0xFB, 0x00,
  0x08, 0x01, 0x15, 0x01, 0x23, 0x01, 0x30, 0x01, 0x3D, 0x01, 0x4A, 0x01,
  0x57, 0x01, 0x65, 0x01, 0x72, 0x01, 0x7F, 0x01, 0x8C, 0x01, 0x99, 0x01,
  0xA7, 0x01, 0xB4, 0x01, 0xC1, 0x01, 0xCE, 0x01, 0xDC, 0x01, 0xE9, 0x01,
  0xF6, 0x01, 0x03, 0x02, 0x10, 0x02, 0x1E, 0x02, 0x2B, 0x02, 0x38, 0x02,
  0x45, 0x02, 0x52, 0x02, 0x60, 0x02, 0x6D, 0x02, 0x7A, 0x02, 0x87, 0x02,
  0x94, 0x02, 0xA2, 0x02, 0xAF, 0x02, 0xBC, 0x02, 0xC9, 0x02, 0xD7, 0x02,
  0xE4, 0x02, 0xF1, 0x02, 0xFE, 0x02, 0x0B, 0x03, 0x19, 0x03, 0xDA, 0xFC,
  0xCD, 0xFC, 0xC0, 0xFC, 0xB3, 0xFC, 0xA5, 0xFC, 0x98, 0xFC, 0x8B, 0xFC,
  0x7E, 0xFC, 0x71, 0xFC, 0x63, 0xFC, 0x56, 0xFC, 0x49, 0xFC, 0x3C, 0xFC,
  0x2F, 0xFC, 0x21, 0xFC, 0x14, 0xFC, 0x07, 0xFC, 0xFA, 0xFB, 0xEC, 0xFB,
  0xDF, 0xFB, 0xD2, 0xFB, 0xC5, 0xFB, 0xB8, 0xFB, 0xAA, 0xFB, 0x9D, 0xFB,
  0x90, 0xFB, 0x83, 0xFB, 0x76, 0xFB, 0x68, 0xFB, 0x5B, 0xFB, 0x4E, 0xFB,
  0x41, 0xFB, 0x34, 0xFB, 0x26, 0xFB, 0x19, 0xFB, 0x0C, 0xFB, 0xFF, 0xFA,
  0xF2, 0xFA, 0xE4, 0xFA, 0xD7, 0xFA, 0xCA, 0xFA, 0xBD, 0xFA, 0xAF, 0xFA,
  0xA2, 0xFA, 0x95, 0xFA, 0x88, 0xFA, 0x7B, 0xFA, 0x6D, 0xFA, 0x60, 0xFA,
  0x53, 0xFA, 0x46, 0xFA, 0x39, 0xFA, 0x2B, 0xFA, 0x1E, 0xFA, 0x11, 0xFA,
  0x04, 0xFA, 0xF7, 0xF9, 0xE9, 0xF9, 0xDC, 0xF9, 0xCF, 0xF9, 0xC2, 0xF9,
  0x4C, 0x06, 0x59, 0x06, 0x66, 0x06, 0x73, 0x06, 0x80, 0x06, 0x8E, 0x06,
  0x9B, 0x06, 0xA8, 0x06, 0xB5, 0x06, 0xC2, 0x06, 0xD0, 0x06, 0xDD, 0x06,
  0xEA, 0x06, 0xF7, 0x06, 0x04, 0x07, 0x12, 0x07, 0x1F, 0x07, 0x2C, 0x07,
  0x39, 0x07, 0x46, 0x07, 0x54, 0x07, 0x61, 0x07, 0x6E, 0x07, 0x7B, 0x07,
  0x89, 0x07, 0x96, 0x07, 0xA3, 0x07, 0xB0, 0x07, 0xBD, 0x07, 0xCB, 0x07,
  0xD8, 0x07, 0xE5, 0x07, 0xF2, 0x07, 0xFF, 0x07, 0x0D, 0x08, 0x1A, 0x08,
  0x27, 0x08, 0x34, 0x08, 0x41, 0x08, 0x4F, 0x08, 0x5C, 0x08, 0x69, 0x08,
  0x76, 0x08, 0x84, 0x08, 0x91, 0x08, 0x9E, 0x08, 0xAB, 0x08, 0xB8, 0x08,
  0xC6, 0x08, 0xD3, 0x08, 0xE0, 0x08, 0xED, 0x08, 0xFA, 0x08, 0x08, 0x09,
  0x15, 0x09, 0x22, 0x09, 0x2F, 0x09, 0x3C, 0x09, 0x4A, 0x09, 0x57, 0x09,
  0x64, 0x09, 0x8F, 0xF6, 0x82, 0xF6, 0x74, 0xF6, 0x67, 0xF6, 0x5A, 0xF6,
  0x4D, 0xF6, 0x3F, 0xF6, 0x32, 0xF6, 0x25, 0xF6, 0x18, 0xF6, 0x0B, 0xF6,
  0xFD, 0xF5, 0xF0, 0xF5, 0xE3, 0xF5, 0xD6, 0xF5, 0xC9, 0xF5, 0xBB, 0xF5,
  0xAE, 0xF5, 0xA1, 0xF5, 0x94, 0xF5, 0x87, 0xF5, 0x79, 0xF5, 0x6C, 0xF5,
  0x5F, 0xF5, 0x52, 0xF5, 0x44, 0xF5, 0x37, 0xF5, 0x2A, 0xF5, 0x1D, 0xF5,
  0x10, 0xF5, 0x02, 0xF5, 0xF5, 0xF4, 0xE8, 0xF4, 0xDB, 0xF4, 0xCE, 0xF4,
  0xC0, 0xF4, 0xB3, 0xF4, 0xA6, 0xF4, 0x99, 0xF4, 0x8C, 0xF4, 0x7E, 0xF4,
  0x71, 0xF4, 0x64, 0xF4, 0x57, 0xF4, 0x4A, 0xF4, 0x3C, 0xF4, 0x2F, 0xF4,
  0x22, 0xF4, 0x15, 0xF4, 0x07, 0xF4, 0xFA, 0xF3, 0xED, 0xF3, 0xE0, 0xF3,
  0xD3, 0xF3, 0xC5, 0xF3, 0xB8, 0xF3, 0xAB, 0xF3, 0x9E, 0xF3, 0x91, 0xF3,
  0x83, 0xF3, 0x76, 0xF3, 0x97, 0x0C, 0xA4, 0x0C, 0xB1, 0x0C, 0xBF, 0x0C,
  0xCC, 0x0C, 0xD9, 0x0C, 0xE6, 0x0C, 0xF4, 0x0C, 0x01, 0x0D, 0x0E, 0x0D,
  0x1B, 0x0D, 0x28, 0x0D, 0x36, 0x0D, 0x43, 0x0D, 0x50, 0x0D, 0x5D, 0x0D,
  0x6A, 0x0D, 0x78, 0x0D, 0x85, 0x0D, 0x92, 0x0D, 0x9F, 0x0D, 0xAC, 0x0D,
  0xBA, 0x0D, 0xC7, 0x0D, 0xD4, 0x0D, 0xE1, 0x0D, 0xEE, 0x0D, 0xFC, 0x0D,
  0x09, 0x0E, 0x16, 0x0E, 0x23, 0x0E, 0x31, 0x0E, 0x3E, 0x0E, 0x4B, 0x0E,
  0x58, 0x0E, 0x65, 0x0E, 0x73, 0x0E, 0x80, 0x0E, 0x8D, 0x0E, 0x9A, 0x0E,
  0xA7, 0x0E, 0xB5, 0x0E, 0xC2, 0x0E, 0xCF, 0x0E, 0xDC, 0x0E, 0xE9, 0x0E,
  0xF7, 0x0E, 0x04, 0x0F, 0x11, 0x0F, 0x1E, 0x0F, 0x2B, 0x0F, 0x39, 0x0F,
  0x46, 0x0F, 0x53, 0x0F, 0x60, 0x0F, 0x6E, 0x0F, 0x7B, 0x0F, 0x88, 0x0F,
  0x95, 0x0F, 0xA2, 0x0F, 0xB0, 0x0F, 0xBD, 0x0F, 0x36, 0xF0, 0x29, 0xF0,
  0x1C, 0xF0, 0x0E, 0xF0, 0x01, 0xF0, 0xF4, 0xEF, 0xE7, 0xEF, 0xDA, 0xEF,
  0xCC, 0xEF, 0xBF, 0xEF, 0xB2, 0xEF, 0xA5, 0xEF, 0x97, 0xEF, 0x8A, 0xEF,
  0x7D, 0xEF, 0x70, 0xEF, 0x63, 0xEF, 0x55, 0xEF, 0x48, 0xEF, 0x3B, 0xEF,
  0x2E, 0xEF, 0x21, 0xEF, 0x13, 0xEF, 0x06, 0xEF, 0xF9, 0xEE, 0xEC, 0xEE,
  0xDF, 0xEE, 0xD1, 0xEE, 0xC4, 0xEE, 0xB7, 0xEE, 0xAA, 0xEE, 0x9D, 0xEE,
  0x8F, 0xEE, 0x82, 0xEE, 0x75, 0xEE, 0x68, 0xEE, 0x5A, 0xEE, 0x4D, 0xEE,
  0x40, 0xEE, 0x33, 0xEE, 0x26, 0xEE, 0x18, 0xEE, 0x0B, 0xEE, 0xFE, 0xED,
  0xF1, 0xED, 0xE4, 0xED, 0xD6, 0xED, 0xC9, 0xED, 0xBC, 0xED, 0xAF, 0xED,
  0xA2, 0xED, 0x94, 0xED, 0x87, 0xED, 0x7A, 0xED, 0x6D, 0xED, 0x5F, 0xED,
  0x52, 0xED, 0x45, 0xED, 0x38, 0xED, 0x2B, 0xED, 0x1D, 0xED, 0xF0, 0x12,
  0xFD, 0x12, 0x0A, 0x13, 0x17, 0x13, 0x25, 0x13, 0x32, 0x13, 0x3F, 0x13,
  0x4C, 0x13, 0x59, 0x13, 0x67, 0x13, 0x74, 0x13, 0x81, 0x13, 0x8E, 0x13,
  0x9B, 0x13, 0xA9, 0x13, 0xB6, 0x13, 0xC3, 0x13, 0xD0, 0x13, 0xDE, 0x13,
  0xEB, 0x13, 0xF8, 0x13, 0x05, 0x14, 0x12, 0x14, 0x20, 0x14, 0x2D, 0x14,
  0x3A, 0x14, 0x47, 0x14, 0x54, 0x14, 0x62, 0x14, 0x6F, 0x14, 0x7B, 0x14,
  0x7B, 0x14, 0x7B, 0x14, 0x7B, 0x14, 0x7B, 0x14, 0x7B, 0x14, 0x7B, 0x14,
  0x7B, 0x14, 0x7B, 0x14, 0x7B, 0x14, 0x7B, 0x14, 0x7B, 0x14, 0x7B, 0x14,
  0x7B, 0x14, 0x7B, 0x14, 0x7B, 0x14, 0x7B, 0x14, 0x7B, 0x14, 0x7B, 0x14,
  0x7B, 0x14, 0x7B, 0x14, 0x7B, 0x14, 0x7B, 0x14, 0x7B, 0x14, 0x7B, 0x14,
  0x7B, 0x14, 0x7B, 0x14, 0x7B, 0x14, 0x7B, 0x14, 0x7B, 0x14, 0x7B, 0x14,
  0x85, 0xEB, 0x85, 0xEB, 0x85, 0xEB, 0x85, 0xEB, 0x85, 0xEB, 0x85, 0xEB,
  0x85, 0xEB, 0x85, 0xEB, 0x85, 0xEB, 0x85, 0xEB, 0x85, 0xEB, 0x85, 0xEB,
  0x85, 0xEB, 0x85, 0xEB, 0x85, 0xEB, 0x85, 0xEB, 0x85, 0xEB, 0x85, 0xEB,
  0x85, 0xEB, 0x85, 0xEB, 0x85, 0xEB, 0x85, 0xEB, 0x85, 0xEB, 0x85, 0xEB,
  0x85, 0xEB, 0x85, 0xEB, 0x85, 0xEB, 0x85, 0xEB, 0x85, 0xEB, 0x85, 0xEB,
  0x85, 0xEB, 0x85, 0xEB, 0x85, 0xEB, 0x85, 0xEB, 0x85, 0xEB, 0x85, 0xEB,
  0x85, 0xEB, 0x85, 0xEB, 0x85, 0xEB, 0x85, 0xEB, 0x85, 0xEB, 0x85, 0xEB,
  0x85, 0xEB, 0x85, 0xEB, 0x85, 0xEB, 0x85, 0xEB, 0x85, 0xEB, 0x85, 0xEB,
  0x85, 0xEB, 0x85, 0xEB, 0x85, 0xEB, 0x85, 0xEB, 0x85, 0xEB, 0x85, 0xEB,
  0x85, 0xEB, 0x85, 0xEB, 0x85, 0xEB, 0x85, 0xEB, 0x85, 0xEB, 0x85, 0xEB,
  0x85, 0xEB, 0x7B, 0x14, 0x7B, 0x14, 0x7B, 0x14, 0x7B, 0x14, 0x7B, 0x14,
  0x7B, 0x14, 0x7B, 0x14, 0x7B, 0x14, 0x7B, 0x14, 0x7B, 0x14, 0x7B, 0x14,
  0x7B, 0x14, 0x7B, 0x14, 0x7B, 0x14, 0x7B, 0x14, 0x7B, 0x14, 0x7B, 0x14,
  0x7B, 0x14, 0x7B, 0x14, 0x7B, 0x14, 0x7B, 0x14, 0x7B, 0x14, 0x7B, 0x14,
  0x7B, 0x14, 0x7B, 0x14, 0x7B, 0x14, 0x7B, 0x14, 0x7B, 0x14, 0x7B, 0x14,
  0x7B, 0x14, 0x7B, 0x14, 0x7B, 0x14, 0x7B, 0x14, 0x7B, 0x14, 0x7B, 0x14,
  0x7B, 0x14, 0x7B, 0x14, 0x7B, 0x14, 0x7B, 0x14, 0x7B, 0x14, 0x7B, 0x14,
  0x7B, 0x14, 0x7B, 0x14, 0x7B, 0x14, 0x7B, 0x14, 0x7B, 0x14, 0x7B, 0x14,
  0x7B, 0x14, 0x7B, 0x14, 0x7B, 0x14, 0x7B, 0x14, 0x7B, 0x14, 0x7B, 0x14,
  0x7B, 0x14, 0x7B, 0x14, 0x7B, 0x14, 0x7B, 0x14, 0x7B, 0x14, 0x7B, 0x14,
  0x7B, 0x14, 0x7B, 0x14, 0x7B, 0x14, 0x85, 0xEB, 0x85, 0xEB, 0x85, 0xEB,
  0x85, 0xEB, 0x85, 0xEB, 0x85, 0xEB, 0x85, 0xEB, 0x85, 0xEB, 0x85, 0xEB,
  0x85, 0xEB, 0x85, 0xEB, 0x85, 0xEB, 0x85, 0xEB, 0x85, 0xEB, 0x85, 0xEB,
  0x85, 0xEB, 0x85, 0xEB, 0x85, 0xEB, 0x85, 0xEB, 0x85, 0xEB, 0x85, 0xEB,
  0x85, 0xEB, 0x85, 0xEB, 0x85, 0xEB, 0x85, 0xEB, 0x85, 0xEB, 0x85, 0xEB,
  0x85, 0xEB, 0x85, 0xEB, 0x85, 0xEB, 0x85, 0xEB, 0x85, 0xEB, 0x85, 0xEB,
  0x85, 0xEB, 0x85, 0xEB, 0x85, 0xEB, 0x85, 0xEB, 0x85, 0xEB, 0x85, 0xEB,
  0x85, 0xEB, 0x85, 0xEB, 0x85, 0xEB, 0x85, 0xEB, 0x85, 0xEB, 0x85, 0xEB,
  0x85, 0xEB, 0x85, 0xEB, 0x85, 0xEB, 0x85, 0xEB, 0x85, 0xEB, 0x85, 0xEB,
  0x85, 0xEB, 0x85, 0xEB, 0x85, 0xEB, 0x85, 0xEB, 0x85, 0xEB, 0x85, 0xEB,
  0x85, 0xEB, 0x85, 0xEB, 0x85, 0xEB, 0x85, 0xEB, 0x7B, 0x14, 0x7B, 0x14,
  0x7B, 0x14, 0x7B, 0x14, 0x7B, 0x14, 0x7B, 0x14, 0x7B, 0x14, 0x7B, 0x14,
  0x7B, 0x14, 0x7B, 0x14, 0x7B, 0x14, 0x7B, 0x14, 0x7B, 0x14, 0x7B, 0x14,
  0x7B, 0x14, 0x7B, 0x14, 0x7B, 0x14, 0x7B, 0x14, 0x7B, 0x14, 0x7B, 0x14,
  0x7B, 0x14, 0x7B, 0x14, 0x7B, 0x14, 0x7B, 0x14, 0x7B, 0x14, 0x7B, 0x14,
  0x7B, 0x14, 0x7B, 0x14, 0x7B, 0x14, 0x7B, 0x14, 0x7B, 0x14, 0x7B, 0x14,
  0x7B, 0x14, 0x7B, 0x14, 0x7B, 0x14, 0x7B, 0x14, 0x7B, 0x14, 0x7B, 0x14,
  0x7B, 0x14, 0x7B, 0x14, 0x7B, 0x14, 0x7B, 0x14, 0x7B, 0x14, 0x7B, 0x14,
  0x7B, 0x14, 0x7B, 0x14, 0x7B, 0x14, 0x7B, 0x14, 0x7B, 0x14, 0x7B, 0x14,
  0x7B, 0x14, 0x7B, 0x14, 0x7B, 0x14, 0x7B, 0x14, 0x7B, 0x14, 0x7B, 0x14,
  0x7B, 0x14, 0x7B, 0x14, 0x7B, 0x14, 0x7B, 0x14, 0x7B, 0x14, 0x85, 0xEB,
  0x85, 0xEB, 0x85, 0xEB, 0x85, 0xEB, 0x85, 0xEB, 0x85, 0xEB, 0x85, 0xEB,
  0x85, 0xEB, 0x85, 0xEB, 0x85, 0xEB, 0x85, 0xEB, 0x85, 0xEB, 0x85, 0xEB,
  0x85, 0xEB, 0x85, 0xEB, 0x85, 0xEB, 0x85, 0xEB, 0x85, 0xEB, 0x85, 0xEB,
  0x85, 0xEB, 0x85, 0xEB, 0x85, 0xEB, 0x85, 0xEB, 0x85, 0xEB, 0x85, 0xEB,
  0x85, 0xEB, 0x85, 0xEB, 0x85, 0xEB, 0x85, 0xEB, 0x85, 0xEB, 0x85, 0xEB,
  0x85, 0xEB, 0x85, 0xEB, 0x85, 0xEB, 0x85, 0xEB, 0x85, 0xEB, 0x85, 0xEB,
  0x85, 0xEB, 0x85, 0xEB, 0x85, 0xEB, 0x85, 0xEB, 0x85, 0xEB, 0x85, 0xEB,
  0x85, 0xEB, 0x85, 0xEB, 0x85, 0xEB, 0x85, 0xEB, 0x85, 0xEB, 0x85, 0xEB,
  0x85, 0xEB, 0x85, 0xEB, 0x85, 0xEB, 0x85, 0xEB, 0x85, 0xEB, 0x85, 0xEB,
  0x85, 0xEB, 0x85, 0xEB, 0x85, 0xEB, 0x85, 0xEB, 0x85, 0xEB, 0x85, 0xEB,
  0x85, 0xEB, 0x7B, 0x14, 0x7B, 0x14, 0x7B, 0x14, 0x7B, 0x14, 0x7B, 0x14,
  0x7B, 0x14, 0x7B, 0x14, 0x7B, 0x14, 0x7B, 0x14, 0x7B, 0x14, 0x7B, 0x14,
  0x7B, 0x14, 0x7B, 0x14, 0x7B, 0x14, 0x7B, 0x14, 0x7B, 0x14, 0x7B, 0x14,
  0x7B, 0x14, 0x7B, 0x14, 0x7B, 0x14, 0x7B, 0x14, 0x7B, 0x14, 0x7B, 0x14,
  0x7B, 0x14, 0x7B, 0x14, 0x7B, 0x14, 0x7B, 0x14, 0x7B, 0x14, 0x7B, 0x14,
  0x7B, 0x14, 0x7B, 0x14, 0x7B, 0x14, 0x7B, 0x14, 0x7B, 0x14, 0x7B, 0x14,
  0x7B, 0x14, 0x7B, 0x14, 0x7B, 0x14, 0x7B, 0x14, 0x7B, 0x14, 0x7B, 0x14,
  0x7B, 0x14, 0x7B, 0x14, 0x7B, 0x14, 0x7B, 0x14, 0x7B, 0x14, 0x7B, 0x14,
  0x7B, 0x14, 0x7B, 0x14, 0x7B, 0x14, 0x7B, 0x14, 0x7B, 0x14, 0x7B, 0x14,
  0x7B, 0x14, 0x7B, 0x14, 0x7B, 0x14, 0x7B, 0x14, 0x7B, 0x14, 0x7B, 0x14,
  0x7B, 0x14, 0x7B, 0x14, 0x85, 0xEB, 0x85, 0xEB, 0x85, 0xEB, 0x85, 0xEB,
  0x85, 0xEB, 0x85, 0xEB, 0x85, 0xEB, 0x85, 0xEB, 0x85, 0xEB, 0x85, 0xEB,
  0x85, 0xEB, 0x85, 0xEB, 0x85, 0xEB, 0x85, 0xEB, 0x85, 0xEB, 0x85, 0xEB,
  0x85, 0xEB, 0x85, 0xEB, 0x85, 0xEB, 0x85, 0xEB, 0x85, 0xEB, 0x85, 0xEB,
  0x85, 0xEB, 0x85, 0xEB, 0x85, 0xEB, 0x85, 0xEB, 0x85, 0xEB, 0x85, 0xEB,
  0x85, 0xEB, 0x85, 0xEB, 0x85, 0xEB, 0x85, 0xEB, 0x85, 0xEB, 0x85, 0xEB,
  0x85, 0xEB, 0x85, 0xEB, 0x85, 0xEB, 0x85, 0xEB, 0x85, 0xEB, 0x85, 0xEB,
  0x85, 0xEB, 0x85, 0xEB, 0x85, 0xEB, 0x85, 0xEB, 0x85, 0xEB, 0x85, 0xEB,
  0x85, 0xEB, 0x85, 0xEB, 0x85, 0xEB, 0x85, 0xEB, 0x85, 0xEB, 0x85, 0xEB,
  0x85, 0xEB, 0x85, 0xEB, 0x85, 0xEB, 0x85, 0xEB, 0x85, 0xEB, 0x85, 0xEB,
  0x85, 0xEB, 0x85, 0xEB, 0x85, 0xEB, 0x7B, 0x14, 0x7B, 0x14, 0x7B, 0x14,
  0x7B, 0x14, 0x7B, 0x14, 0x7B, 0x14, 0x7B, 0x14, 0x7B, 0x14, 0x7B, 0x14,
  0x7B, 0x14, 0x7B, 0x14, 0x7B, 0x14, 0x7B, 0x14, 0x7B, 0x14, 0x7B, 0x14,
  0x7B, 0x14, 0x7B, 0x14, 0x7B, 0x14, 0x7B, 0x14, 0x7B, 0x14, 0x7B, 0x14,
  0x7B, 0x14, 0x7B, 0x14, 0x7B, 0x14, 0x7B, 0x14, 0x7B, 0x14, 0x7B, 0x14,
  0x7B, 0x14, 0x7B, 0x14, 0x7B, 0x14, 0x7B, 0x14, 0x7B, 0x14, 0x7B, 0x14,
  0x7B, 0x14, 0x7B, 0x14, 0x7B, 0x14, 0x7B, 0x14, 0x7B, 0x14, 0x7B, 0x14,
  0x7B, 0x14, 0x7B, 0x14, 0x7B, 0x14, 0x7B, 0x14, 0x7B, 0x14, 0x7B, 0x14,
  0x7B, 0x14, 0x7B, 0x14, 0x7B, 0x14, 0x7B, 0x14, 0x7B, 0x14, 0x7B, 0x14,
  0x7B, 0x14, 0x7B, 0x14, 0x7B, 0x14, 0x7B, 0x14, 0x7B, 0x14, 0x7B, 0x14,
  0x7B, 0x14, 0x7B, 0x14, 0x7B, 0x14, 0x7B, 0x14, 0x85, 0xEB, 0x85, 0xEB,
  0x85, 0xEB, 0x85, 0xEB, 0x85, 0xEB, 0x85, 0xEB, 0x85, 0xEB, 0x85, 0xEB,
  0x85, 0xEB, 0x85, 0xEB, 0x85, 0xEB, 0x85, 0xEB, 0x85, 0xEB, 0x85, 0xEB,
  0x85, 0xEB, 0x85, 0xEB, 0x85, 0xEB, 0x85, 0xEB, 0x85, 0xEB, 0x85, 0xEB,
  0x85, 0xEB, 0x85, 0xEB, 0x85, 0xEB, 0x85, 0xEB, 0x85, 0xEB, 0x85, 0xEB,
  0x85, 0xEB, 0x85, 0xEB, 0x85, 0xEB, 0x85, 0xEB, 0x85, 0xEB, 0x85, 0xEB,
  0x85, 0xEB, 0x85, 0xEB, 0x85, 0xEB, 0x85, 0xEB, 0x85, 0xEB, 0x85, 0xEB,
  0x85, 0xEB, 0x85, 0xEB, 0x85, 0xEB, 0x85, 0xEB, 0x85, 0xEB, 0x85, 0xEB,
  0x85, 0xEB, 0x85, 0xEB, 0x85, 0xEB, 0x85, 0xEB, 0x85, 0xEB, 0x85, 0xEB,
  0x85, 0xEB, 0x85, 0xEB, 0x85, 0xEB, 0x85, 0xEB, 0x85, 0xEB, 0x85, 0xEB,
  0x85, 0xEB, 0x85, 0xEB, 0x85, 0xEB, 0x85, 0xEB, 0x85, 0xEB, 0x85, 0xEB,
  0x7B, 0x14, 0x7B, 0x14, 0x7B, 0x14, 0x7B, 0x14, 0x7B, 0x14, 0x7B, 0x14,
  0x7B, 0x14, 0x7B, 0x14, 0x7B, 0x14, 0x7B, 0x14, 0x7B, 0x14, 0x7B, 0x14,
  0x7B, 0x14, 0x7B, 0x14, 0x7B, 0x14, 0x7B, 0x14, 0x7B, 0x14, 0x7B, 0x14,
  0x7B, 0x14, 0x7B, 0x14, 0x7B, 0x14, 0x7B, 0x14, 0x7B, 0x14, 0x7B, 0x14,
  0x7B, 0x14, 0x7B, 0x14, 0x7B, 0x14, 0x7B, 0x14, 0x7B, 0x14, 0x7B, 0x14,
  0x7B, 0x14, 0x7B, 0x14, 0x7B, 0x14, 0x7B, 0x14, 0x7B, 0x14, 0x7B, 0x14,
  0x7B, 0x14, 0x7B, 0x14, 0x7B, 0x14, 0x7B, 0x14, 0x7B, 0x14, 0x7B, 0x14,
  0x7B, 0x14, 0x7B, 0x14, 0x7B, 0x14, 0x7B, 0x14, 0x7B, 0x14, 0x7B, 0x14,
  0x7B, 0x14, 0x7B, 0x14, 0x7B, 0x14, 0x7B, 0x14, 0x7B, 0x14, 0x7B, 0x14,
  0x7B, 0x14, 0x7B, 0x14, 0x7B, 0x14, 0x7B, 0x14, 0x7B, 0x14, 0x7B, 0x14,
  0x7B, 0x14, 0x85, 0xEB, 0x85, 0xEB, 0x85, 0xEB, 0x85, 0xEB, 0x85, 0xEB,
  0x85, 0xEB, 0x85, 0xEB, 0x85, 0xEB, 0x85, 0xEB, 0x85, 0xEB, 0x85, 0xEB,
  0x85, 0xEB, 0x85, 0xEB, 0x85, 0xEB, 0x85, 0xEB, 0x85, 0xEB, 0x85, 0xEB,
  0x85, 0xEB, 0x85, 0xEB, 0x85, 0xEB, 0x85, 0xEB, 0x85, 0xEB, 0x85, 0xEB,
  0x85, 0xEB, 0x85, 0xEB, 0x85, 0xEB, 0x85, 0xEB, 0x85, 0xEB, 0x85, 0xEB,
  0x85, 0xEB, 0x85, 0xEB, 0x85, 0xEB, 0x85, 0xEB, 0x85, 0xEB, 0x85, 0xEB,
  0x85, 0xEB, 0x85, 0xEB, 0x85, 0xEB, 0x85, 0xEB, 0x85, 0xEB, 0x85, 0xEB,
  0x85, 0xEB, 0x85, 0xEB, 0x85, 0xEB, 0x85, 0xEB, 0x85, 0xEB, 0x85, 0xEB,
  0x85, 0xEB, 0x85, 0xEB, 0x85, 0xEB, 0x85, 0xEB, 0x85, 0xEB, 0x85, 0xEB,
  0x85, 0xEB, 0x85, 0xEB, 0x85, 0xEB, 0x85, 0xEB, 0x85, 0xEB, 0x85, 0xEB,
  0x85, 0xEB, 0x85, 0xEB, 0x7B, 0x14, 0x7B, 0x14, 0x7B, 0x14, 0x7B, 0x14,
  0x7B, 0x14, 0x7B, 0x14, 0x7B, 0x14, 0x7B, 0x14, 0x7B, 0x14, 0x7B, 0x14,
  0x7B, 0x14, 0x7B, 0x14, 0x7B, 0x14, 0x7B, 0x14, 0x7B, 0x14, 0x7B, 0x14,
  0x7B, 0x14, 0x7B, 0x14, 0x7B, 0x14, 0x7B, 0x14, 0x7B, 0x14, 0x7B, 0x14,
  0x7B, 0x14, 0x7B, 0x14, 0x7B, 0x14, 0x7B, 0x14, 0x7B, 0x14, 0x7B, 0x14,
  0x7B, 0x14, 0x7B, 0x14, 0x7B, 0x14, 0x7B, 0x14, 0x7B, 0x14, 0x7B, 0x14,
  0x7B, 0x14, 0x7B, 0x14, 0x7B, 0x14, 0x7B, 0x14, 0x7B, 0x14, 0x7B, 0x14,
  0x7B, 0x14, 0x7B, 0x14, 0x7B, 0x14, 0x7B, 0x14, 0x7B, 0x14, 0x7B, 0x14,
  0x7B, 0x14, 0x7B, 0x14, 0x7B, 0x14, 0x7B, 0x14, 0x7B, 0x14, 0x7B, 0x14,
  0x7B, 0x14, 0x7B, 0x14, 0x7B, 0x14, 0x7B, 0x14, 0x7B, 0x14, 0x7B, 0x14,
  0x7B, 0x14, 0x7B, 0x14, 0x7B, 0x14, 0x85, 0xEB, 0x85, 0xEB, 0x85, 0xEB,
  0x85, 0xEB, 0x85, 0xEB, 0x85, 0xEB, 0x85, 0xEB, 0x85, 0xEB, 0x85, 0xEB,
  0x85, 0xEB, 0x85, 0xEB, 0x85, 0xEB, 0x85, 0xEB, 0x85, 0xEB, 0x85, 0xEB,
  0x85, 0xEB, 0x85, 0xEB, 0x85, 0xEB, 0x85, 0xEB, 0x85, 0xEB, 0x85, 0xEB,
  0x85, 0xEB, 0x85, 0xEB, 0x85, 0xEB, 0x85, 0xEB, 0x85, 0xEB, 0x85, 0xEB,
  0x85, 0xEB, 0x85, 0xEB, 0x85, 0xEB, 0x85, 0xEB, 0x85, 0xEB, 0x85, 0xEB,
  0x85, 0xEB, 0x85, 0xEB, 0x85, 0xEB, 0x85, 0xEB, 0x85, 0xEB, 0x85, 0xEB,
  0x85, 0xEB, 0x85, 0xEB, 0x85, 0xEB, 0x85, 0xEB, 0x85, 0xEB, 0x85, 0xEB,
  0x85, 0xEB, 0x85, 0xEB, 0x85, 0xEB, 0x85, 0xEB, 0x85, 0xEB, 0x85, 0xEB,
  0x85, 0xEB, 0x85, 0xEB, 0x85, 0xEB, 0x85, 0xEB, 0x85, 0xEB, 0x85, 0xEB,
  0x85, 0xEB, 0x85, 0xEB, 0x85, 0xEB, 0x85, 0xEB, 0x85, 0xEB, 0x7B, 0x14,
  0x7B, 0x14, 0x7B, 0x14, 0x7B, 0x14, 0x7B, 0x14, 0x7B, 0x14, 0x7B, 0x14,
  0x7B, 0x14, 0x7B, 0x14, 0x7B, 0x14, 0x7B, 0x14, 0x7B, 0x14, 0x7B, 0x14,
  0x7B, 0x14, 0x7B, 0x14, 0x7B, 0x14, 0x7B, 0x14, 0x7B, 0x14, 0x7B, 0x14,
  0x7B, 0x14, 0x7B, 0x14, 0x7B, 0x14, 0x7B, 0x14, 0x7B, 0x14, 0x7B, 0x14,
  0x7B, 0x14, 0x7B, 0x14, 0x7B, 0x14, 0x7B, 0x14, 0x7B, 0x14, 0x7B, 0x14,
  0x7B, 0x14, 0x7B, 0x14, 0x7B, 0x14, 0x7B, 0x14, 0x7B, 0x14, 0x7B, 0x14,
  0x7B, 0x14, 0x7B, 0x14, 0x7B, 0x14, 0x7B, 0x14, 0x7B, 0x14, 0x7B, 0x14,
  0x7B, 0x14, 0x7B, 0x14, 0x7B, 0x14, 0x7B, 0x14, 0x7B, 0x14, 0x7B, 0x14,
  0x7B, 0x14, 0x7B, 0x14, 0x7B, 0x14, 0x7B, 0x14, 0x7B, 0x14, 0x7B, 0x14,
  0x7B, 0x14, 0x7B, 0x14, 0x7B, 0x14, 0x7B, 0x14, 0x7B, 0x14, 0x7B, 0x14,
  0x85, 0xEB, 0x85, 0xEB, 0x85, 0xEB, 0x85, 0xEB, 0x85, 0xEB, 0x85, 0xEB,
  0x85, 0xEB, 0x85, 0xEB, 0x85, 0xEB, 0x85, 0xEB, 0x85, 0xEB, 0x85, 0xEB,
  0x85, 0xEB, 0x85, 0xEB, 0x85, 0xEB, 0x85, 0xEB, 0x85, 0xEB, 0x85, 0xEB,
  0x85, 0xEB, 0x85, 0xEB, 0x85, 0xEB, 0x85, 0xEB, 0x85, 0xEB, 0x85, 0xEB,
  0x85, 0xEB, 0x85, 0xEB, 0x85, 0xEB, 0x85, 0xEB, 0x85, 0xEB, 0x85, 0xEB,
  0x85, 0xEB, 0x85, 0xEB, 0x85, 0xEB, 0x85, 0xEB, 0x85, 0xEB, 0x85, 0xEB,
  0x85, 0xEB, 0x85, 0xEB, 0x85, 0xEB, 0x85, 0xEB, 0x85, 0xEB, 0x85, 0xEB,
  0x85, 0xEB, 0x85, 0xEB, 0x85, 0xEB, 0x85, 0xEB, 0x85, 0xEB, 0x85, 0xEB,
  0x85, 0xEB, 0x85, 0xEB, 0x85, 0xEB, 0x85, 0xEB, 0x85, 0xEB, 0x85, 0xEB,
  0x85, 0xEB, 0x85, 0xEB, 0x85, 0xEB, 0x85, 0xEB, 0x85, 0xEB, 0x85, 0xEB,
  0x85, 0xEB, 0x7B, 0x14, 0x7B, 0x14, 0x7B, 0x14, 0x7B, 0x14, 0x7B, 0x14,
  0x7B, 0x14, 0x7B, 0x14, 0x7B, 0x14, 0x7B, 0x14, 0x7B, 0x14, 0x7B, 0x14,
  0x7B, 0x14, 0x7B, 0x14, 0x7B, 0x14, 0x7B, 0x14, 0x7B, 0x14, 0x7B, 0x14,
  0x7B, 0x14, 0x7B, 0x14, 0x7B, 0x14, 0x7B, 0x14, 0x7B, 0x14, 0x7B, 0x14,
  0x7B, 0x14, 0x7B, 0x14, 0x7B, 0x14, 0x7B, 0x14, 0x7B, 0x14, 0x7B, 0x14,
  0x7B, 0x14, 0x7B, 0x14, 0x7B, 0x14, 0x7B, 0x14, 0x7B, 0x14, 0x7B, 0x14,
  0x7B, 0x14, 0x7B, 0x14, 0x7B, 0x14, 0x7B, 0x14, 0x7B, 0x14, 0x7B, 0x14,
  0x7B, 0x14, 0x7B, 0x14, 0x7B, 0x14, 0x7B, 0x14, 0x7B, 0x14, 0x7B, 0x14,
  0x7B, 0x14, 0x7B, 0x14, 0x7B, 0x14, 0x7B, 0x14, 0x7B, 0x14, 0x7B, 0x14,
  0x7B, 0x14, 0x7B, 0x14, 0x7B, 0x14, 0x7B, 0x14, 0x7B, 0x14, 0x7B, 0x14,
  0x7B, 0x14, 0x7B, 0x14, 0x85, 0xEB, 0x85, 0xEB, 0x85, 0xEB, 0x85, 0xEB,
  0x85, 0xEB, 0x85, 0xEB, 0x85, 0xEB, 0x85, 0xEB, 0x85, 0xEB, 0x85, 0xEB,
  0x85, 0xEB, 0x85, 0xEB, 0x85, 0xEB, 0x85, 0xEB, 0x85, 0xEB, 0x85, 0xEB,
  0x85, 0xEB, 0x85, 0xEB, 0x85, 0xEB, 0x85, 0xEB, 0x85, 0xEB, 0x85, 0xEB,
  0x85, 0xEB, 0x85, 0xEB, 0x85, 0xEB, 0x85, 0xEB, 0x85, 0xEB, 0x85, 0xEB,
  0x85, 0xEB, 0x85, 0xEB, 0x85, 0xEB, 0x85, 0xEB, 0x85, 0xEB, 0x85, 0xEB,
  0x85, 0xEB, 0x85, 0xEB, 0x85, 0xEB, 0x85, 0xEB, 0x85, 0xEB, 0x85, 0xEB,
  0x85, 0xEB, 0x85, 0xEB, 0x85, 0xEB, 0x85, 0xEB, 0x85, 0xEB, 0x85, 0xEB,
  0x85, 0xEB, 0x85, 0xEB, 0x88, 0xEB, 0x8D, 0xEB, 0x91, 0xEB, 0x96, 0xEB,
  0x9A, 0xEB, 0x9E, 0xEB, 0xA3, 0xEB, 0xA7, 0xEB, 0xAC, 0xEB, 0xB0, 0xEB,
  0xB4, 0xEB, 0xB9, 0xEB, 0xBD, 0xEB, 0xC2, 0xEB, 0x3A, 0x14, 0x36, 0x14,
  0x31, 0x14, 0x2D, 0x14, 0x28, 0x14, 0x24, 0x14, 0x20, 0x14, 0x1B, 0x14,
  0x17, 0x14, 0x12, 0x14, 0x0E, 0x14, 0x0A, 0x14, 0x05, 0x14, 0x01, 0x14,
  0xFC, 0x13, 0xF8, 0x13, 0xF4, 0x13, 0xEF, 0x13, 0xEB, 0x13, 0xE6, 0x13,
  0xE2, 0x13, 0xDE, 0x13, 0xD9, 0x13, 0xD5, 0x13, 0xD0, 0x13, 0xCC, 0x13,
  0xC8, 0x13, 0xC3, 0x13, 0xBF, 0x13, 0xBA, 0x13, 0xB6, 0x13, 0xB2, 0x13,
  0xAD, 0x13, 0xA9, 0x13, 0xA4, 0x13, 0xA0, 0x13, 0x9B, 0x13, 0x97, 0x13,
  0x93, 0x13, 0x8E, 0x13, 0x8A, 0x13, 0x85, 0x13, 0x81, 0x13, 0x7D, 0x13,
  0x78, 0x13, 0x74, 0x13, 0x6F, 0x13, 0x6B, 0x13, 0x67, 0x13, 0x62, 0x13,
  0x5E, 0x13, 0x59, 0x13, 0x55, 0x13, 0x51, 0x13, 0x4C, 0x13, 0x48, 0x13,
  0x43, 0x13, 0x3F, 0x13, 0x3B, 0x13, 0x36, 0x13, 0x32, 0x13, 0xD3, 0xEC,
  0xD7, 0xEC, 0xDB, 0xEC, 0xE0, 0xEC, 0xE4, 0xEC, 0xE9, 0xEC, 0xED, 0xEC,
  0xF1, 0xEC, 0xF6, 0xEC, 0xFA, 0xEC, 0xFF, 0xEC, 0x03, 0xED, 0x07, 0xED,
  0x0C, 0xED, 0x10, 0xED, 0x15, 0xED, 0x19, 0xED, 0x1D, 0xED, 0x22, 0xED,
  0x26, 0xED, 0x2B, 0xED, 0x2F, 0xED, 0x33, 0xED, 0x38, 0xED, 0x3C, 0xED,
  0x41, 0xED, 0x45, 0xED, 0x49, 0xED, 0x4E, 0xED, 0x52, 0xED, 0x57, 0xED,
  0x5B, 0xED, 0x5F, 0xED, 0x64, 0xED, 0x68, 0xED, 0x6D, 0xED, 0x71, 0xED,
  0x76, 0xED, 0x7A, 0xED, 0x7E, 0xED, 0x83, 0xED, 0x87, 0xED, 0x8C, 0xED,
  0x90, 0xED, 0x94, 0xED, 0x99, 0xED, 0x9D, 0xED, 0xA2, 0xED, 0xA6, 0xED,
  0xAA, 0xED, 0xAF, 0xED, 0xB3, 0xED, 0xB8, 0xED, 0xBC, 0xED, 0xC0, 0xED,
  0xC5, 0xED, 0xC9, 0xED, 0xCE, 0xED, 0xD2, 0xED, 0xD6, 0xED, 0xDB, 0xED,
  0x21, 0x12, 0x1C, 0x12, 0x18, 0x12, 0x14, 0x12, 0x0F, 0x12, 0x0B, 0x12,
  0x06, 0x12, 0x02, 0x12, 0xFE, 0x11, 0xF9, 0x11, 0xF5, 0x11, 0xF0, 0x11,
  0xEC, 0x11, 0xE8, 0x11, 0xE3, 0x11, 0xDF, 0x11, 0xDA, 0x11, 0xD6, 0x11,
  0xD2, 0x11, 0xCD, 0x11, 0xC9, 0x11, 0xC4, 0x11, 0xC0, 0x11, 0xBC, 0x11,
  0xB7, 0x11, 0xB3, 0x11, 0xAE, 0x11, 0xAA, 0x11, 0xA6, 0x11, 0xA1, 0x11,
  0x9D, 0x11, 0x98, 0x11, 0x94, 0x11, 0x90, 0x11, 0x8B, 0x11, 0x87, 0x11,
  0x82, 0x11, 0x7E, 0x11, 0x7A, 0x11, 0x75, 0x11, 0x71, 0x11, 0x6C, 0x11,
  0x68, 0x11, 0x63, 0x11, 0x5F, 0x11, 0x5B, 0x11, 0x56, 0x11, 0x52, 0x11,
  0x4D, 0x11, 0x49, 0x11, 0x45, 0x11, 0x40, 0x11, 0x3C, 0x11, 0x37, 0x11,
  0x33, 0x11, 0x2F, 0x11, 0x2A, 0x11, 0x26, 0x11, 0x21, 0x11, 0x1D, 0x11,
  0x19, 0x11, 0xEC, 0xEE, 0xF0, 0xEE, 0xF5, 0xEE, 0xF9, 0xEE, 0xFD, 0xEE,
  0x02, 0xEF, 0x06, 0xEF, 0x0B, 0xEF, 0x0F, 0xEF, 0x13, 0xEF, 0x18, 0xEF,
  0x1C, 0xEF, 0x21, 0xEF, 0x25, 0xEF, 0x29, 0xEF, 0x2E, 0xEF, 0x32, 0xEF,
  0x37, 0xEF, 0x3B, 0xEF, 0x3F, 0xEF, 0x44, 0xEF, 0x48, 0xEF, 0x4D, 0xEF,
  0x51, 0xEF, 0x55, 0xEF, 0x5A, 0xEF, 0x5E, 0xEF, 0x63, 0xEF, 0x67, 0xEF,
  0x6B, 0xEF, 0x70, 0xEF, 0x74, 0xEF, 0x79, 0xEF, 0x7D, 0xEF, 0x81, 0xEF,
  0x86, 0xEF, 0x8A, 0xEF, 0x8F, 0xEF, 0x93, 0xEF, 0x97, 0xEF, 0x9C, 0xEF,
  0xA0, 0xEF, 0xA5, 0xEF, 0xA9, 0xEF, 0xAD, 0xEF, 0xB2, 0xEF, 0xB6, 0xEF,
  0xBB, 0xEF, 0xBF, 0xEF, 0xC4, 0xEF, 0xC8, 0xEF, 0xCC, 0xEF, 0xD1, 0xEF,
  0xD5, 0xEF, 0xDA, 0xEF, 0xDE, 0xEF, 0xE2, 0xEF, 0xE7, 0xEF, 0xEB, 0xEF,
  0xF0, 0xEF, 0xF4, 0xEF, 0x08, 0x10, 0x03, 0x10, 0xFF, 0x0F, 0xFA, 0x0F,
  0xF6, 0x0F, 0xF2, 0x0F, 0xED, 0x0F, 0xE9, 0x0F, 0xE4, 0x0F, 0xE0, 0x0F,
  0xDC, 0x0F, 0xD7, 0x0F, 0xD3, 0x0F, 0xCE, 0x0F, 0xCA, 0x0F, 0xC6, 0x0F,
  0xC1, 0x0F, 0xBD, 0x0F, 0xB8, 0x0F, 0xB4, 0x0F, 0xB0, 0x0F, 0xAB, 0x0F,
  0xA7, 0x0F, 0xA2, 0x0F, 0x9E, 0x0F, 0x9A, 0x0F, 0x95, 0x0F, 0x91, 0x0F,
  0x8C, 0x0F, 0x88, 0x0F, 0x84, 0x0F, 0x7F, 0x0F, 0x7B, 0x0F, 0x76, 0x0F,
  0x72, 0x0F, 0x6E, 0x0F, 0x69, 0x0F, 0x65, 0x0F, 0x60, 0x0F, 0x5C, 0x0F,
  0x58, 0x0F, 0x53, 0x0F, 0x4F, 0x0F, 0x4A, 0x0F, 0x46, 0x0F, 0x42, 0x0F,
  0x3D, 0x0F, 0x39, 0x0F, 0x34, 0x0F, 0x30, 0x0F, 0x2B, 0x0F, 0x27, 0x0F,
  0x23, 0x0F, 0x1E, 0x0F, 0x1A, 0x0F, 0x15, 0x0F, 0x11, 0x0F, 0x0D, 0x0F,
  0x08, 0x0F, 0x04, 0x0F, 0xFF, 0x0E, 0xFB, 0x0E, 0x09, 0xF1, 0x0E, 0xF1,
  0x12, 0xF1, 0x17, 0xF1, 0x1B, 0xF1, 0x1F, 0xF1, 0x24, 0xF1, 0x28, 0xF1,
  0x2D, 0xF1, 0x31, 0xF1, 0x35, 0xF1, 0x3A, 0xF1, 0x3E, 0xF1, 0x43, 0xF1,
  0x47, 0xF1, 0x4B, 0xF1, 0x50, 0xF1, 0x54, 0xF1, 0x59, 0xF1, 0x5D, 0xF1,
  0x61, 0xF1, 0x66, 0xF1, 0x6A, 0xF1, 0x6F, 0xF1, 0x73, 0xF1, 0x77, 0xF1,
  0x7C, 0xF1, 0x80, 0xF1, 0x85, 0xF1, 0x89, 0xF1, 0x8D, 0xF1, 0x92, 0xF1,
  0x96, 0xF1, 0x9B, 0xF1, 0x9F, 0xF1, 0xA3, 0xF1, 0xA8, 0xF1, 0xAC, 0xF1,
  0xB1, 0xF1, 0xB5, 0xF1, 0xB9, 0xF1, 0xBE, 0xF1, 0xC2, 0xF1, 0xC7, 0xF1,
  0xCB, 0xF1, 0xCF, 0xF1, 0xD4, 0xF1, 0xD8, 0xF1, 0xDD, 0xF1, 0xE1, 0xF1,
  0xE5, 0xF1, 0xEA, 0xF1, 0xEE, 0xF1, 0xF3, 0xF1, 0xF7, 0xF1, 0xFC, 0xF1,
  0x00, 0xF2, 0x04, 0xF2, 0x09, 0xF2, 0x0D, 0xF2, 0x12, 0xF2, 0xEA, 0x0D,
  0xE6, 0x0D, 0xE1, 0x0D, 0xDD, 0x0D, 0xD8, 0x0D, 0xD4, 0x0D, 0xD0, 0x0D,
  0xCB, 0x0D, 0xC7, 0x0D, 0xC2, 0x0D, 0xBE, 0x0D, 0xBA, 0x0D, 0xB5, 0x0D,
  0xB1, 0x0D, 0xAC, 0x0D, 0xA8, 0x0D, 0xA4, 0x0D, 0x9F, 0x0D, 0x9B, 0x0D,
  0x96, 0x0D, 0x92, 0x0D, 0x8E, 0x0D, 0x89, 0x0D, 0x85, 0x0D, 0x80, 0x0D,
  0x7C, 0x0D, 0x78, 0x0D, 0x73, 0x0D, 0x6F, 0x0D, 0x6A, 0x0D, 0x66, 0x0D,
  0x62, 0x0D, 0x5D, 0x0D, 0x59, 0x0D, 0x54, 0x0D, 0x50, 0x0D, 0x4C, 0x0D,
  0x47, 0x0D, 0x43, 0x0D, 0x3E, 0x0D, 0x3A, 0x0D, 0x36, 0x0D, 0x31, 0x0D,
  0x2D, 0x0D, 0x28, 0x0D, 0x24, 0x0D, 0x20, 0x0D, 0x1B, 0x0D, 0x17, 0x0D,
  0x12, 0x0D, 0x0E, 0x0D, 0x0A, 0x0D, 0x05, 0x0D, 0x01, 0x0D, 0xFC, 0x0C,
  0xF8, 0x0C, 0xF4, 0x0C, 0xEF, 0x0C, 0xEB, 0x0C, 0xE6, 0x0C, 0xE2, 0x0C,
  0x23, 0xF3, 0x27, 0xF3, 0x2B, 0xF3, 0x30, 0xF3, 0x34, 0xF3, 0x39, 0xF3,
  0x3D, 0xF3, 0x41, 0xF3, 0x46, 0xF3, 0x4A, 0xF3, 0x4F, 0xF3, 0x53, 0xF3,
  0x57, 0xF3, 0x5C, 0xF3, 0x60, 0xF3, 0x65, 0xF3, 0x69, 0xF3, 0x6D, 0xF3,
  0x72, 0xF3, 0x76, 0xF3, 0x7B, 0xF3, 0x7F, 0xF3, 0x83, 0xF3, 0x88, 0xF3,
  0x8C, 0xF3, 0x91, 0xF3, 0x95, 0xF3, 0x99, 0xF3, 0x9E, 0xF3, 0xA2, 0xF3,
  0xA7, 0xF3, 0xAB, 0xF3, 0xAF, 0xF3, 0xB4, 0xF3, 0xB8, 0xF3, 0xBD, 0xF3,
  0xC1, 0xF3, 0xC5, 0xF3, 0xCA, 0xF3, 0xCE, 0xF3, 0xD3, 0xF3, 0xD7, 0xF3,
  0xDB, 0xF3, 0xE0, 0xF3, 0xE4, 0xF3, 0xE9, 0xF3, 0xED, 0xF3, 0xF1, 0xF3,
  0xF6, 0xF3, 0xFA, 0xF3, 0xFF, 0xF3, 0x03, 0xF4, 0x07, 0xF4, 0x0C, 0xF4,
  0x10, 0xF4, 0x15, 0xF4, 0x19, 0xF4, 0x1D, 0xF4, 0x22, 0xF4, 0x26, 0xF4,
  0x2B, 0xF4, 0xD1, 0x0B, 0xCC, 0x0B, 0xC8, 0x0B, 0xC4, 0x0B, 0xBF, 0x0B,
  0xBB, 0x0B, 0xB6, 0x0B, 0xB2, 0x0B, 0xAE, 0x0B, 0xA9, 0x0B, 0xA5, 0x0B,
  0xA0, 0x0B, 0x9C, 0x0B, 0x98, 0x0B, 0x93, 0x0B, 0x8F, 0x0B, 0x8A, 0x0B,
  0x86, 0x0B, 0x82, 0x0B, 0x7D, 0x0B, 0x79, 0x0B, 0x74, 0x0B, 0x70, 0x0B,
  0x6C, 0x0B, 0x67, 0x0B, 0x63, 0x0B, 0x5E, 0x0B, 0x5A, 0x0B, 0x56, 0x0B,
  0x51, 0x0B, 0x4D, 0x0B, 0x48, 0x0B, 0x44, 0x0B, 0x40, 0x0B, 0x3B, 0x0B,
  0x37, 0x0B, 0x32, 0x0B, 0x2E, 0x0B, 0x2A, 0x0B, 0x25, 0x0B, 0x21, 0x0B,
  0x1C, 0x0B, 0x18, 0x0B, 0x14, 0x0B, 0x0F, 0x0B, 0x0B, 0x0B, 0x06, 0x0B,
  0x02, 0x0B, 0xFE, 0x0A, 0xF9, 0x0A, 0xF5, 0x0A, 0xF0, 0x0A, 0xEC, 0x0A,
  0xE8, 0x0A, 0xE3, 0x0A, 0xDF, 0x0A, 0xDA, 0x0A, 0xD6, 0x0A, 0xD2, 0x0A,
  0xCD, 0x0A, 0xC9, 0x0A, 0xC4, 0x0A, 0x40, 0xF5, 0x44, 0xF5, 0x49, 0xF5,
  0x4D, 0xF5, 0x52, 0xF5, 0x56, 0xF5, 0x5B, 0xF5, 0x5F, 0xF5, 0x63, 0xF5,
  0x68, 0xF5, 0x6C, 0xF5, 0x71, 0xF5, 0x75, 0xF5, 0x79, 0xF5, 0x7E, 0xF5,
  0x82, 0xF5, 0x87, 0xF5, 0x8B, 0xF5, 0x8F, 0xF5, 0x94, 0xF5, 0x98, 0xF5,
  0x9D, 0xF5, 0xA1, 0xF5, 0xA5, 0xF5, 0xAA, 0xF5, 0xAE, 0xF5, 0xB3, 0xF5,
  0xB7, 0xF5, 0xBB, 0xF5, 0xC0, 0xF5, 0xC4, 0xF5, 0xC9, 0xF5, 0xCD, 0xF5,
  0xD1, 0xF5, 0xD6, 0xF5, 0xDA, 0xF5, 0xDF, 0xF5, 0xE3, 0xF5, 0xE7, 0xF5,
  0xEC, 0xF5, 0xF0, 0xF5, 0xF5, 0xF5, 0xF9, 0xF5, 0xFD, 0xF5, 0x02, 0xF6,
  0x06, 0xF6, 0x0B, 0xF6, 0x0F, 0xF6, 0x13, 0xF6, 0x18, 0xF6, 0x1C, 0xF6,
  0x21, 0xF6, 0x25, 0xF6, 0x29, 0xF6, 0x2E, 0xF6, 0x32, 0xF6, 0x37, 0xF6,
  0x3B, 0xF6, 0x3F, 0xF6, 0x44, 0xF6, 0x48, 0xF6, 0xB3, 0x09, 0xAF, 0x09,
  0xAB, 0x09, 0xA6, 0x09, 0xA2, 0x09, 0x9D, 0x09, 0x99, 0x09, 0x95, 0x09,
  0x90, 0x09, 0x8C, 0x09, 0x87, 0x09, 0x83, 0x09, 0x7E, 0x09, 0x7A, 0x09,
  0x76, 0x09, 0x71, 0x09, 0x6D, 0x09, 0x68, 0x09, 0x64, 0x09, 0x60, 0x09,
  0x5B, 0x09, 0x57, 0x09, 0x52, 0x09, 0x4E, 0x09, 0x4A, 0x09, 0x45, 0x09,
  0x41, 0x09, 0x3C, 0x09, 0x38, 0x09, 0x34, 0x09, 0x2F, 0x09, 0x2B, 0x09,
  0x26, 0x09, 0x22, 0x09, 0x1E, 0x09, 0x19, 0x09, 0x15, 0x09, 0x10, 0x09,
  0x0C, 0x09, 0x08, 0x09, 0x03, 0x09, 0xFF, 0x08, 0xFA, 0x08, 0xF6, 0x08,
  0xF2, 0x08, 0xED, 0x08, 0xE9, 0x08, 0xE4, 0x08, 0xE0, 0x08, 0xDC, 0x08,
  0xD7, 0x08, 0xD3, 0x08, 0xCE, 0x08, 0xCA, 0x08, 0xC6, 0x08, 0xC1, 0x08,
  0xBD, 0x08, 0xB8, 0x08, 0xB4, 0x08, 0xB0, 0x08, 0xAB, 0x08, 0x59, 0xF7,
  0x5E, 0xF7, 0x62, 0xF7, 0x66, 0xF7, 0x6B, 0xF7, 0x6F, 0xF7, 0x74, 0xF7,
  0x78, 0xF7, 0x7C, 0xF7, 0x81, 0xF7, 0x85, 0xF7, 0x8A, 0xF7, 0x8E, 0xF7,
  0x93, 0xF7, 0x97, 0xF7, 0x9B, 0xF7, 0xA0, 0xF7, 0xA4, 0xF7, 0xA9, 0xF7,
  0xAD, 0xF7, 0xB1, 0xF7, 0xB6, 0xF7, 0xBA, 0xF7, 0xBF, 0xF7, 0xC3, 0xF7,
  0xC7, 0xF7, 0xCC, 0xF7, 0xD0, 0xF7, 0xD5, 0xF7, 0xD9, 0xF7, 0xDD, 0xF7,
  0xE2, 0xF7, 0xE6, 0xF7, 0xEB, 0xF7, 0xEF, 0xF7, 0xF3, 0xF7, 0xF8, 0xF7,
  0xFC, 0xF7, 0x01, 0xF8, 0x05, 0xF8, 0x09, 0xF8, 0x0E, 0xF8, 0x12, 0xF8,
  0x17, 0xF8, 0x1B, 0xF8, 0x1F, 0xF8, 0x24, 0xF8, 0x28, 0xF8, 0x2D, 0xF8,
  0x31, 0xF8, 0x35, 0xF8, 0x3A, 0xF8, 0x3E, 0xF8, 0x43, 0xF8, 0x47, 0xF8,
  0x4B, 0xF8, 0x50, 0xF8, 0x54, 0xF8, 0x59, 0xF8, 0x5D, 0xF8, 0x61, 0xF8,
  0x9A, 0x07, 0x96, 0x07, 0x91, 0x07, 0x8D, 0x07, 0x89, 0x07, 0x84, 0x07,
  0x80, 0x07, 0x7B, 0x07, 0x77, 0x07, 0x73, 0x07, 0x6E, 0x07, 0x6A, 0x07,
  0x65, 0x07, 0x61, 0x07, 0x5D, 0x07, 0x58, 0x07, 0x54, 0x07, 0x4F, 0x07,
  0x4B, 0x07, 0x46, 0x07, 0x42, 0x07, 0x3E, 0x07, 0x39, 0x07, 0x35, 0x07,
  0x30, 0x07, 0x2C, 0x07, 0x28, 0x07, 0x23, 0x07, 0x1F, 0x07, 0x1A, 0x07,
  0x16, 0x07, 0x12, 0x07, 0x0D, 0x07, 0x09, 0x07, 0x04, 0x07, 0x00, 0x07,
  0xFC, 0x06, 0xF7, 0x06, 0xF3, 0x06, 0xEE, 0x06, 0xEA, 0x06, 0xE6, 0x06,
  0xE1, 0x06, 0xDD, 0x06, 0xD8, 0x06, 0xD4, 0x06, 0xD0, 0x06, 0xCB, 0x06,
  0xC7, 0x06, 0xC2, 0x06, 0xBE, 0x06, 0xBA, 0x06, 0xB5, 0x06, 0xB1, 0x06,
  0xAC, 0x06, 0xA8, 0x06, 0xA4, 0x06, 0x9F, 0x06, 0x9B, 0x06, 0x96, 0x06,
  0x92, 0x06, 0x8E, 0x06, 0x77, 0xF9, 0x7B, 0xF9, 0x80, 0xF9, 0x84, 0xF9,
  0x88, 0xF9, 0x8D, 0xF9, 0x91, 0xF9, 0x96, 0xF9, 0x9A, 0xF9, 0x9E, 0xF9,
  0xA3, 0xF9, 0xA7, 0xF9, 0xAC, 0xF9, 0xB0, 0xF9, 0xB4, 0xF9, 0xB9, 0xF9,
  0xBD, 0xF9, 0xC2, 0xF9, 0xC6, 0xF9, 0xCA, 0xF9, 0xCF, 0xF9, 0xD3, 0xF9,
  0xD8, 0xF9, 0xDC, 0xF9, 0xE1, 0xF9, 0xE5, 0xF9, 0xE9, 0xF9, 0xEE, 0xF9,
  0xF2, 0xF9, 0xF7, 0xF9, 0xFB, 0xF9, 0xFF, 0xF9, 0x04, 0xFA, 0x08, 0xFA,
  0x0D, 0xFA, 0x11, 0xFA, 0x15, 0xFA, 0x1A, 0xFA, 0x1E, 0xFA, 0x23, 0xFA,
  0x27, 0xFA, 0x2B, 0xFA, 0x30, 0xFA, 0x34, 0xFA, 0x39, 0xFA, 0x3D, 0xFA,
  0x41, 0xFA, 0x46, 0xFA, 0x4A, 0xFA, 0x4F, 0xFA, 0x53, 0xFA, 0x57, 0xFA,
  0x5C, 0xFA, 0x60, 0xFA, 0x65, 0xFA, 0x69, 0xFA, 0x6D, 0xFA, 0x72, 0xFA,
  0x76, 0xFA, 0x7B, 0xFA, 0x7F, 0xFA, 0x7D, 0x05, 0x78, 0x05, 0x74, 0x05,
  0x6F, 0x05, 0x6B, 0x05, 0x67, 0x05, 0x62, 0x05, 0x5E, 0x05, 0x59, 0x05,
  0x55, 0x05, 0x51, 0x05, 0x4C, 0x05, 0x48, 0x05, 0x43, 0x05, 0x3F, 0x05,
  0x3B, 0x05, 0x36, 0x05, 0x32, 0x05, 0x2D, 0x05, 0x29, 0x05, 0x25, 0x05,
  0x20, 0x05, 0x1C, 0x05, 0x17, 0x05, 0x13, 0x05, 0x0E, 0x05, 0x0A, 0x05,
  0x06, 0x05, 0x01, 0x05, 0xFD, 0x04, 0xF8, 0x04, 0xF4, 0x04, 0xF0, 0x04,
  0xEB, 0x04, 0xE7, 0x04, 0xE2, 0x04, 0xDE, 0x04, 0xDA, 0x04, 0xD5, 0x04,
  0xD1, 0x04, 0xCC, 0x04, 0xC8, 0x04, 0xC4, 0x04, 0xBF, 0x04, 0xBB, 0x04,
  0xB6, 0x04, 0xB2, 0x04, 0xAE, 0x04, 0xA9, 0x04, 0xA5, 0x04, 0xA0, 0x04,
  0x9C, 0x04, 0x98, 0x04, 0x93, 0x04, 0x8F, 0x04, 0x8A, 0x04, 0x86, 0x04,
  0x82, 0x04, 0x7D, 0x04, 0x79, 0x04, 0x74, 0x04, 0x90, 0xFB, 0x94, 0xFB,
  0x99, 0xFB, 0x9D, 0xFB, 0xA2, 0xFB, 0xA6, 0xFB, 0xAA, 0xFB, 0xAF, 0xFB,
  0xB3, 0xFB, 0xB8, 0xFB, 0xBC, 0xFB, 0xC0, 0xFB, 0xC5, 0xFB, 0xC9, 0xFB,
  0xCE, 0xFB, 0xD2, 0xFB, 0xD6, 0xFB, 0xDB, 0xFB, 0xDF, 0xFB, 0xE4, 0xFB,
  0xE8, 0xFB, 0xEC, 0xFB, 0xF1, 0xFB, 0xF5, 0xFB, 0xFA, 0xFB, 0xFE, 0xFB,
  0x02, 0xFC, 0x07, 0xFC, 0x0B, 0xFC, 0x10, 0xFC, 0x14, 0xFC, 0x19, 0xFC,
  0x1D, 0xFC, 0x21, 0xFC, 0x26, 0xFC, 0x2A, 0xFC, 0x2F, 0xFC, 0x33, 0xFC,
  0x37, 0xFC, 0x3C, 0xFC, 0x40, 0xFC, 0x45, 0xFC, 0x49, 0xFC, 0x4D, 0xFC,
  0x52, 0xFC, 0x56, 0xFC, 0x5B, 0xFC, 0x5F, 0xFC, 0x63, 0xFC, 0x68, 0xFC,
  0x6C, 0xFC, 0x71, 0xFC, 0x75, 0xFC, 0x79, 0xFC, 0x7E, 0xFC, 0x82, 0xFC,
  0x87, 0xFC, 0x8B, 0xFC, 0x8F, 0xFC, 0x94, 0xFC, 0x98, 0xFC, 0x63, 0x03,
  0x5F, 0x03, 0x5B, 0x03, 0x56, 0x03, 0x52, 0x03, 0x4D, 0x03, 0x49, 0x03,
  0x45, 0x03, 0x40, 0x03, 0x3C, 0x03, 0x37, 0x03, 0x33, 0x03, 0x2F, 0x03,
  0x2A, 0x03, 0x26, 0x03, 0x21, 0x03, 0x1D, 0x03, 0x19, 0x03, 0x14, 0x03,
  0x10, 0x03, 0x0B, 0x03, 0x07, 0x03, 0x03, 0x03, 0xFE, 0x02, 0xFA, 0x02,
  0xF5, 0x02, 0xF1, 0x02, 0xED, 0x02, 0xE8, 0x02, 0xE4, 0x02, 0xDF, 0x02,
  0xDB, 0x02, 0xD7, 0x02, 0xD2, 0x02, 0xCE, 0x02, 0xC9, 0x02, 0xC5, 0x02,
  0xC0, 0x02, 0xBC, 0x02, 0xB8, 0x02, 0xB3, 0x02, 0xAF, 0x02, 0xAA, 0x02,
  0xA6, 0x02, 0xA2, 0x02, 0x9D, 0x02, 0x99, 0x02, 0x94, 0x02, 0x90, 0x02,
  0x8C, 0x02, 0x87, 0x02, 0x83, 0x02, 0x7E, 0x02, 0x7A, 0x02, 0x76, 0x02,
  0x71, 0x02, 0x6D, 0x02, 0x68, 0x02, 0x64, 0x02, 0x60, 0x02, 0x5B, 0x02,
  0x57, 0x02, 0xAE, 0xFD, 0xB2, 0xFD, 0xB6, 0xFD, 0xBB, 0xFD, 0xBF, 0xFD,
  0xC4, 0xFD, 0xC8, 0xFD, 0xCC, 0xFD, 0xD1, 0xFD, 0xD5, 0xFD, 0xDA, 0xFD,
  0xDE, 0xFD, 0xE2, 0xFD, 0xE7, 0xFD, 0xEB, 0xFD, 0xF0, 0xFD, 0xF4, 0xFD,
  0xF8, 0xFD, 0xFD, 0xFD, 0x01, 0xFE, 0x06, 0xFE, 0x0A, 0xFE, 0x0E, 0xFE,
  0x13, 0xFE, 0x17, 0xFE, 0x1C, 0xFE, 0x20, 0xFE, 0x24, 0xFE, 0x29, 0xFE,
  0x2D, 0xFE, 0x32, 0xFE, 0x36, 0xFE, 0x3A, 0xFE, 0x3F, 0xFE, 0x43, 0xFE,
  0x48, 0xFE, 0x4C, 0xFE, 0x51, 0xFE, 0x55, 0xFE, 0x59, 0xFE, 0x5E, 0xFE,
  0x62, 0xFE, 0x67, 0xFE, 0x6B, 0xFE, 0x6F, 0xFE, 0x74, 0xFE, 0x78, 0xFE,
  0x7D, 0xFE, 0x81, 0xFE, 0x85, 0xFE, 0x8A, 0xFE, 0x8E, 0xFE, 0x93, 0xFE,
  0x97, 0xFE, 0x9B, 0xFE, 0xA0, 0xFE, 0xA4, 0xFE, 0xA9, 0xFE, 0xAD, 0xFE,
  0xB1, 0xFE, 0xB6, 0xFE, 0x46, 0x01, 0x41, 0x01, 0x3D, 0x01, 0x39, 0x01,
  0x34, 0x01, 0x30, 0x01, 0x2B, 0x01, 0x27, 0x01, 0x23, 0x01, 0x1E, 0x01,
  0x1A, 0x01, 0x15, 0x01, 0x11, 0x01, 0x0D, 0x01, 0x08, 0x01, 0x04, 0x01,
  0xFF, 0x00, 0xFB, 0x00, 0xF7, 0x00, 0xF2, 0x00, 0xEE, 0x00, 0xE9, 0x00,
  0xE5, 0x00, 0xE1, 0x00, 0xDC, 0x00, 0xD8, 0x00, 0xD3, 0x00, 0xCF, 0x00,
  0xCB, 0x00, 0xC6, 0x00, 0xC2, 0x00, 0xBD, 0x00, 0xB9, 0x00, 0xB5, 0x00,
  0xB0, 0x00, 0xAC, 0x00, 0xA7, 0x00, 0xA3, 0x00, 0x9F, 0x00, 0x9A, 0x00,
  0x96, 0x00, 0x91, 0x00, 0x8D, 0x00, 0x88, 0x00, 0x84, 0x00, 0x80, 0x00,
  0x7B, 0x00, 0x77, 0x00, 0x72, 0x00, 0x6E, 0x00, 0x6A, 0x00, 0x65, 0x00,
  0x61, 0x00, 0x5C, 0x00, 0x58, 0x00, 0x54, 0x00, 0x4F, 0x00, 0x4B, 0x00,
  0x46, 0x00, 0x42, 0x00, 0x3E, 0x00, 0xC7, 0xFF, 0xCB, 0xFF, 0xD0, 0xFF,
  0xD4, 0xFF, 0xD8, 0xFF, 0xDD, 0xFF, 0xE1, 0xFF, 0xE6, 0xFF, 0xEA, 0xFF,
  0xEE, 0xFF, 0xF3, 0xFF, 0xF7, 0xFF, 0xFC, 0xFF, 0x00, 0x00, 0x00, 0x00,
  0x00, 0x00, 0x00, 0x00, 0x00, 0x00, 0x00, 0x00, 0x00, 0x00, 0x00, 0x00,
  0x00, 0x00, 0x00, 0x00, 0x00, 0x00, 0x00, 0x00, 0x00, 0x00, 0x00, 0x00,
  0x00, 0x00, 0x00, 0x00, 0x00, 0x00, 0x00, 0x00, 0x00, 0x00, 0x00, 0x00,
  0x00, 0x00, 0x00, 0x00, 0x00, 0x00, 0x00, 0x00, 0x00, 0x00, 0x00, 0x00,
  0x00, 0x00, 0x00, 0x00, 0x00, 0x00, 0x00, 0x00, 0x00, 0x00, 0x00, 0x00,
  0x00, 0x00, 0x00, 0x00, 0x00, 0x00, 0x00, 0x00, 0x00, 0x00, 0x00, 0x00,
  0x00, 0x00, 0x00, 0x00, 0x00, 0x00, 0x00, 0x00, 0x00, 0x00, 0x00, 0x00,
  0x00, 0x00, 0x00, 0x00, 0x00, 0x00, 0x00, 0x00, 0x00, 0x00, 0x00, 0x00,
  0x00, 0x00, 0x00, 0x00, 0x00, 0x00, 0x00, 0x00, 0x00, 0x00, 0x00, 0x00,
  0x00, 0x00, 0x00, 0x00, 0x00, 0x00, 0x00, 0x00, 0x00, 0x00, 0x00, 0x00,
  0x00, 0x00, 0x00, 0x00, 0x00, 0x00, 0x00, 0x00, 0x00, 0x00, 0x00, 0x00,
  0x00, 0x00, 0x00, 0x00, 0x00, 0x00, 0x00, 0x00, 0x00, 0x00, 0x00, 0x00,
  0x00, 0x00, 0x00, 0x00, 0x00, 0x00, 0x00, 0x00, 0x00, 0x00, 0x00, 0x00,
  0x00, 0x00, 0x00, 0x00, 0x00, 0x00, 0x00, 0x00, 0x00, 0x00, 0x00, 0x00,
  0x00, 0x00, 0x00, 0x00, 0x00, 0x00, 0x00, 0x00, 0x00, 0x00, 0x00, 0x00,
  0x00, 0x00, 0x00, 0x00, 0x00, 0x00, 0x00, 0x00, 0x00, 0x00, 0x00, 0x00,
  0x00, 0x00, 0x00, 0x00, 0x00, 0x00, 0x00, 0x00, 0x00, 0x00, 0x00, 0x00,
  0x00, 0x00, 0x00, 0x00, 0x00, 0x00, 0x00, 0x00, 0x00, 0x00, 0x00, 0x00,
  0x00, 0x00, 0x00, 0x00, 0x00, 0x00, 0x00, 0x00, 0x00, 0x00, 0x00, 0x00,
  0x00, 0x00, 0x00, 0x00, 0x00, 0x00, 0x00, 0x00, 0x00, 0x00, 0x00, 0x00,
  0x00, 0x00, 0x00, 0x00, 0x00, 0x00, 0x00, 0x00, 0x00, 0x00, 0x00, 0x00,
  0x00, 0x00, 0x00, 0x00, 0x00, 0x00, 0x00, 0x00, 0x00, 0x00, 0x00, 0x00,
  0x00, 0x00, 0x00, 0x00, 0x00, 0x00, 0x00, 0x00, 0x00, 0x00, 0x00, 0x00,
  0x00, 0x00, 0x00, 0x00, 0x00, 0x00, 0x00, 0x00, 0x00, 0x00, 0x00, 0x00,
  0x00, 0x00, 0x00, 0x00, 0x00, 0x00, 0x00, 0x00, 0x00, 0x00, 0x00, 0x00,
  0x00, 0x00, 0x00, 0x00, 0x00, 0x00, 0x00, 0x00, 0x00, 0x00, 0x00, 0x00,
  0x00, 0x00, 0x00, 0x00, 0x00, 0x00, 0x00, 0x00, 0x00, 0x00, 0x00, 0x00,
  0x00, 0x00, 0x00, 0x00, 0x00, 0x00, 0x00, 0x00, 0x00, 0x00, 0x00, 0x00,
  0x00, 0x00, 0x00, 0x00, 0x00, 0x00, 0x00, 0x00, 0x00, 0x00, 0x00, 0x00,
  0x00, 0x00, 0x00, 0x00, 0x00, 0x00, 0x00, 0x00, 0x00, 0x00, 0x00, 0x00,
  0x00, 0x00, 0x00, 0x00, 0x00, 0x00, 0x00, 0x00, 0x00, 0x00, 0x00, 0x00,
  0x00, 0x00, 0x00, 0x00, 0x00, 0x00, 0x00, 0x00, 0x00, 0x00, 0x00, 0x00,
  0x00, 0x00, 0x00, 0x00, 0x00, 0x00, 0x00, 0x00, 0x00, 0x00, 0x00, 0x00,
  0x00, 0x00, 0x00, 0x00, 0x00, 0x00, 0x00, 0x00, 0x00, 0x00, 0x00, 0x00,
  0x00, 0x00, 0x00, 0x00, 0x00, 0x00, 0x00, 0x00, 0x00, 0x00, 0x00, 0x00,
  0x00, 0x00, 0x00, 0x00, 0x00, 0x00, 0x00, 0x00, 0x00, 0x00, 0x00, 0x00,
  0x00, 0x00, 0x00, 0x00, 0x00, 0x00, 0x00, 0x00, 0x00, 0x00, 0x00, 0x00,
  0x00, 0x00, 0x00, 0x00, 0x00, 0x00, 0x00, 0x00, 0x00, 0x00, 0x00, 0x00,
  0x00, 0x00, 0x00, 0x00, 0x00, 0x00, 0x00, 0x00, 0x00, 0x00, 0x00, 0x00,
  0x00, 0x00, 0x00, 0x00, 0x00, 0x00, 0x00, 0x00, 0x00, 0x00, 0x00, 0x00,
  0x00, 0x00, 0x00, 0x00, 0x00, 0x00, 0x00, 0x00, 0x00, 0x00, 0x00, 0x00,
  0x00, 0x00, 0x00, 0x00, 0x00, 0x00, 0x00, 0x00, 0x00, 0x00, 0x00, 0x00,
  0x00, 0x00, 0x00, 0x00, 0x00, 0x00, 0x00, 0x00, 0x00, 0x00, 0x00, 0x00,
  0x00, 0x00, 0x00, 0x00, 0x00, 0x00, 0x00, 0x00, 0x00, 0x00, 0x00, 0x00,
  0x00, 0x00, 0x00, 0x00, 0x00, 0x00, 0x00, 0x00, 0x00, 0x00, 0x00, 0x00,
  0x00, 0x00, 0x00, 0x00, 0x00, 0x00, 0x00, 0x00, 0x00, 0x00, 0x00, 0x00,
  0x00, 0x00, 0x00, 0x00, 0x00, 0x00, 0x00, 0x00, 0x00, 0x00, 0x00, 0x00,
  0x00, 0x00, 0x00, 0x00, 0x00, 0x00, 0x00, 0x00, 0x00, 0x00, 0x00, 0x00,
  0x00, 0x00, 0x00, 0x00, 0x00, 0x00, 0x00, 0x00, 0x00, 0x00, 0x00, 0x00,
  0x00, 0x00, 0x00, 0x00, 0x00, 0x00, 0x00, 0x00, 0x00, 0x00, 0x00, 0x00,
  0x00, 0x00, 0x00, 0x00, 0x00, 0x00, 0x00, 0x00, 0x00, 0x00, 0x00, 0x00,
  0x00, 0x00, 0x00, 0x00, 0x00, 0x00, 0x00, 0x00, 0x00, 0x00, 0x00, 0x00,
  0x00, 0x00, 0x00, 0x00, 0x00, 0x00, 0x00, 0x00, 0x00, 0x00, 0x00, 0x00,
  0x00, 0x00, 0x00, 0x00, 0x00, 0x00, 0x00, 0x00, 0x00, 0x00, 0x00, 0x00,
  0x00, 0x00, 0x00, 0x00, 0x00, 0x00, 0x00, 0x00, 0x00, 0x00, 0x00, 0x00,
  0x00, 0x00, 0x00, 0x00, 0x00, 0x00, 0x00, 0x00, 0x00, 0x00, 0x00, 0x00,
  0x00, 0x00, 0x00, 0x00, 0x00, 0x00, 0x00, 0x00, 0x00, 0x00, 0x00, 0x00,
  0x00, 0x00, 0x00, 0x00, 0x00, 0x00, 0x00, 0x00, 0x00, 0x00, 0x00, 0x00,
  0x00, 0x00, 0x00, 0x00, 0x00, 0x00, 0x00, 0x00, 0x00, 0x00, 0x00, 0x00,
  0x00, 0x00, 0x00, 0x00, 0x00, 0x00, 0x00, 0x00, 0x00, 0x00, 0x00, 0x00,
  0x00, 0x00, 0x00, 0x00, 0x00, 0x00, 0x00, 0x00, 0x00, 0x00, 0x00, 0x00,
  0x00, 0x00, 0x00, 0x00, 0x00, 0x00, 0x00, 0x00, 0x00, 0x00, 0x00, 0x00,
  0x00, 0x00, 0x00, 0x00, 0x00, 0x00, 0x00, 0x00, 0x00, 0x00, 0x00, 0x00,
  0x00, 0x00, 0x00, 0x00, 0x00, 0x00, 0x00, 0x00, 0x00, 0x00, 0x00, 0x00,
  0x00, 0x00, 0x00, 0x00, 0x00, 0x00, 0x00, 0x00, 0x00, 0x00, 0x00, 0x00,
  0x00, 0x00, 0x00, 0x00, 0x00, 0x00, 0x00, 0x00, 0x00, 0x00, 0x00, 0x00,
  0x00, 0x00, 0x00, 0x00, 0x00, 0x00, 0x00, 0x00, 0x00, 0x00, 0x00, 0x00,
  0x00, 0x00, 0x00, 0x00, 0x00, 0x00, 0x00, 0x00, 0x00, 0x00, 0x00, 0x00,
  0x00, 0x00, 0x00, 0x00, 0x00, 0x00, 0x00, 0x00, 0x00, 0x00, 0x00, 0x00,
  0x00, 0x00, 0x00, 0x00, 0x00, 0x00, 0x00, 0x00, 0x00, 0x00, 0x00, 0x00,
  0x00, 0x00, 0x00, 0x00, 0x00, 0x00, 0x00, 0x00, 0x00, 0x00, 0x00, 0x00,
  0x00, 0x00, 0x00, 0x00, 0x00, 0x00, 0x00, 0x00, 0x00, 0x00, 0x00, 0x00,
  0x00, 0x00, 0x00, 0x00, 0x00, 0x00, 0x00, 0x00, 0x00, 0x00, 0x00, 0x00,
  0x00, 0x00, 0x00, 0x00, 0x00, 0x00, 0x00, 0x00, 0x00, 0x00, 0x00, 0x00,
  0x00, 0x00, 0x00, 0x00, 0x00, 0x00, 0x00, 0x00, 0x00, 0x00, 0x00, 0x00,
  0x00, 0x00, 0x00, 0x00, 0x00, 0x00, 0x00, 0x00, 0x00, 0x00, 0x00, 0x00,
  0x00, 0x00, 0x00, 0x00, 0x00, 0x00, 0x00, 0x00, 0x00, 0x00, 0x00, 0x00,
  0x00, 0x00, 0x00, 0x00, 0x00, 0x00, 0x00, 0x00, 0x00, 0x00, 0x00, 0x00,
  0x00, 0x00, 0x00, 0x00, 0x00, 0x00, 0x00, 0x00, 0x00, 0x00, 0x00, 0x00,
  0x00, 0x00, 0x00, 0x00, 0x00, 0x00, 0x00, 0x00, 0x00, 0x00, 0x00, 0x00,
  0x00, 0x00, 0x00, 0x00, 0x00, 0x00, 0x00, 0x00, 0x00, 0x00, 0x00, 0x00,
  0x00, 0x00, 0x00, 0x00, 0x00, 0x00, 0x00, 0x00, 0x00, 0x00, 0x00, 0x00,
  0x00, 0x00, 0x00, 0x00, 0x00, 0x00, 0x00, 0x00, 0x00, 0x00, 0x00, 0x00,
  0x00, 0x00, 0x00, 0x00, 0x00, 0x00, 0x00, 0x00, 0x00, 0x00, 0x00, 0x00,
  0x00, 0x00, 0x00, 0x00, 0x00, 0x00, 0x00, 0x00, 0x00, 0x00, 0x00, 0x00,
  0x00, 0x00, 0x00, 0x00, 0x00, 0x00, 0x00, 0x00, 0x00, 0x00, 0x00, 0x00,
  0x00, 0x00, 0x00, 0x00, 0x00, 0x00, 0x00, 0x00, 0x00, 0x00, 0x00, 0x00,
  0x00, 0x00, 0x00, 0x00, 0x00, 0x00, 0x00, 0x00, 0x00, 0x00, 0x00, 0x00,
  0x00, 0x00, 0x00, 0x00, 0x00, 0x00, 0x00, 0x00, 0x00, 0x00, 0x00, 0x00,
  0x00, 0x00, 0x00, 0x00, 0x00, 0x00, 0x00, 0x00, 0x00, 0x00, 0x00, 0x00,
  0x00, 0x00, 0x00, 0x00, 0x00, 0x00, 0x00, 0x00, 0x00, 0x00, 0x00, 0x00,
  0x00, 0x00, 0x00, 0x00, 0x00, 0x00, 0x00, 0x00, 0x00, 0x00, 0x00, 0x00,
  0x00, 0x00, 0x00, 0x00, 0x00, 0x00, 0x00, 0x00, 0x00, 0x00, 0x00, 0x00,
  0x00, 0x00, 0x00, 0x00, 0x00, 0x00, 0x00, 0x00, 0x00, 0x00, 0x00, 0x00,
  0x00, 0x00, 0x00, 0x00, 0x00, 0x00, 0x00, 0x00, 0x00, 0x00, 0x00, 0x00,
  0x00, 0x00, 0x00, 0x00, 0x00, 0x00, 0x00, 0x00, 0x00, 0x00, 0x00, 0x00,
  0x00, 0x00, 0x00, 0x00, 0x00, 0x00, 0x00, 0x00, 0x00, 0x00, 0x00, 0x00,
  0x00, 0x00, 0x00, 0x00, 0x00, 0x00, 0x00, 0x00, 0x00, 0x00, 0x00, 0x00,
  0x00, 0x00, 0x00, 0x00, 0x00, 0x00, 0x00, 0x00, 0x00, 0x00, 0x00, 0x00,
  0x00, 0x00, 0x00, 0x00, 0x00, 0x00, 0x00, 0x00, 0x00, 0x00, 0x00, 0x00,
  0x00, 0x00, 0x00, 0x00, 0x00, 0x00, 0x00, 0x00, 0x00, 0x00, 0x00, 0x00,
  0x00, 0x00, 0x00, 0x00, 0x00, 0x00, 0x00, 0x00, 0x00, 0x00, 0x00, 0x00,
  0x00, 0x00, 0x00, 0x00, 0x00, 0x00, 0x00, 0x00, 0x00, 0x00, 0x00, 0x00,
  0x00, 0x00, 0x00, 0x00, 0x00, 0x00, 0x00, 0x00, 0x00, 0x00, 0x00, 0x00,
  0x00, 0x00, 0x00, 0x00, 0x00, 0x00, 0x00, 0x00, 0x00, 0x00, 0x00, 0x00,
  0x00, 0x00, 0x00, 0x00, 0x00, 0x00, 0x00, 0x00, 0x00, 0x00, 0x00, 0x00,
  0x00, 0x00, 0x00, 0x00, 0x00, 0x00, 0x00, 0x00, 0x00, 0x00, 0x00, 0x00,
  0x00, 0x00, 0x00, 0x00, 0x00, 0x00, 0x00, 0x00, 0x00, 0x00, 0x00, 0x00,
  0x00, 0x00, 0x00, 0x00, 0x00, 0x00, 0x00, 0x00, 0x00, 0x00, 0x00, 0x00,
  0x00, 0x00, 0x00, 0x00, 0x00, 0x00, 0x00, 0x00, 0x00, 0x00, 0x00, 0x00,
  0x00, 0x00, 0x00, 0x00, 0x00, 0x00, 0x00, 0x00, 0x00, 0x00, 0x00, 0x00,
  0x00, 0x00, 0x00, 0x00, 0x00, 0x00, 0x00, 0x00, 0x00, 0x00, 0x00, 0x00,
  0x00, 0x00, 0x00, 0x00, 0x00, 0x00, 0x00, 0x00, 0x00, 0x00, 0x00, 0x00,
  0x00, 0x00, 0x00, 0x00, 0x00, 0x00, 0x00, 0x00, 0x00, 0x00, 0x00, 0x00,
  0x00, 0x00, 0x00, 0x00, 0x00, 0x00, 0x00, 0x00, 0x00, 0x00, 0x00, 0x00,
  0x00, 0x00, 0x00, 0x00, 0x00, 0x00, 0x00, 0x00, 0x00, 0x00, 0x00, 0x00,
  0x00, 0x00, 0x00, 0x00, 0x00, 0x00, 0x00, 0x00, 0x00, 0x00, 0x00, 0x00,
  0x00, 0x00, 0x00, 0x00, 0x00, 0x00, 0x00, 0x00, 0x00, 0x00, 0x00, 0x00,
  0x00, 0x00, 0x00, 0x00, 0x00, 0x00, 0x00, 0x00, 0x00, 0x00, 0x00, 0x00,
  0x00, 0x00, 0x00, 0x00, 0x00, 0x00, 0x00, 0x00, 0x00, 0x00, 0x00, 0x00,
  0x00, 0x00, 0x00, 0x00, 0x00, 0x00, 0x00, 0x00, 0x00, 0x00, 0x00, 0x00,
  0x00, 0x00, 0x00, 0x00, 0x00, 0x00, 0x00, 0x00, 0x00, 0x00, 0x00, 0x00,
  0x00, 0x00, 0x00, 0x00, 0x00, 0x00, 0x00, 0x00, 0x00, 0x00, 0x00, 0x00,
  0x00, 0x00, 0x00, 0x00, 0x00, 0x00, 0x00, 0x00, 0x00, 0x00, 0x00, 0x00,
  0x00, 0x00, 0x00, 0x00, 0x00, 0x00, 0x00, 0x00, 0x00, 0x00, 0x00, 0x00,
  0x00, 0x00, 0x00, 0x00, 0x00, 0x00, 0x00, 0x00, 0x00, 0x00, 0x00, 0x00,
  0x00, 0x00, 0x00, 0x00, 0x00, 0x00, 0x00, 0x00, 0x00, 0x00, 0x00, 0x00,
  0x00, 0x00, 0x00, 0x00, 0x00, 0x00, 0x00, 0x00, 0x00, 0x00, 0x00, 0x00,
  0x00, 0x00, 0x00, 0x00, 0x00, 0x00, 0x00, 0x00, 0x00, 0x00, 0x00, 0x00,
  0x00, 0x00, 0x00, 0x00, 0x00, 0x00, 0x00, 0x00, 0x00, 0x00, 0x00, 0x00,
  0x00, 0x00, 0x00, 0x00, 0x00, 0x00, 0x00, 0x00, 0x00, 0x00, 0x00, 0x00,
  0x00, 0x00, 0x00, 0x00, 0x00, 0x00, 0x00, 0x00, 0x00, 0x00, 0x00, 0x00,
  0x00, 0x00, 0x00, 0x00, 0x00, 0x00, 0x00, 0x00, 0x00, 0x00, 0x00, 0x00,
  0x00, 0x00, 0x00, 0x00, 0x00, 0x00, 0x00, 0x00, 0x00, 0x00, 0x00, 0x00,
  0x00, 0x00, 0x00, 0x00, 0x00, 0x00, 0x00, 0x00, 0x00, 0x00, 0x00, 0x00,
  0x00, 0x00, 0x00, 0x00, 0x00, 0x00, 0x00, 0x00, 0x00, 0x00, 0x00, 0x00,
  0x00, 0x00, 0x00, 0x00, 0x00, 0x00, 0x00, 0x00, 0x00, 0x00, 0x00, 0x00,
  0x00, 0x00, 0x00, 0x00, 0x00, 0x00, 0x00, 0x00, 0x00, 0x00, 0x00, 0x00,
  0x00, 0x00, 0x00, 0x00, 0x00, 0x00, 0x00, 0x00, 0x00, 0x00, 0x00, 0x00,
  0x00, 0x00, 0x00, 0x00, 0x00, 0x00, 0x00, 0x00, 0x00, 0x00, 0x00, 0x00,
  0x00, 0x00, 0x00, 0x00, 0x00, 0x00, 0x00, 0x00, 0x00, 0x00, 0x00, 0x00,
  0x00, 0x00, 0x00, 0x00, 0x00, 0x00, 0x00, 0x00, 0x00, 0x00, 0x00, 0x00,
  0x00, 0x00, 0x00, 0x00, 0x00, 0x00, 0x00, 0x00, 0x00, 0x00, 0x00, 0x00,
  0x00, 0x00, 0x00, 0x00, 0x00, 0x00, 0x00, 0x00, 0x00, 0x00, 0x00, 0x00,
  0x00, 0x00, 0x00, 0x00, 0x00, 0x00, 0x00, 0x00, 0x00, 0x00, 0x00, 0x00,
  0x00, 0x00, 0x00, 0x00, 0x00, 0x00, 0x00, 0x00, 0x00, 0x00, 0x00, 0x00,
  0x00, 0x00, 0x00, 0x00, 0x00, 0x00, 0x00, 0x00, 0x00, 0x00, 0x00, 0x00,
  0x00, 0x00, 0x00, 0x00, 0x00, 0x00, 0x00, 0x00, 0x00, 0x00, 0x00, 0x00,
  0x00, 0x00, 0x00, 0x00, 0x00, 0x00, 0x00, 0x00, 0x00, 0x00, 0x00, 0x00,
  0x00, 0x00, 0x00, 0x00, 0x00, 0x00, 0x00, 0x00, 0x00, 0x00, 0x00, 0x00,
  0x00, 0x00, 0x00, 0x00, 0x00, 0x00, 0x00, 0x00, 0x00, 0x00, 0x00, 0x00,
  0x00, 0x00, 0x00, 0x00, 0x00, 0x00, 0x00, 0x00, 0x00, 0x00, 0x00, 0x00,
  0x00, 0x00, 0x00, 0x00, 0x00, 0x00, 0x00, 0x00, 0x00, 0x00, 0x00, 0x00,
  0x00, 0x00, 0x00, 0x00, 0x00, 0x00, 0x00, 0x00, 0x00, 0x00, 0x00, 0x00,
  0x00, 0x00, 0x00, 0x00, 0x00, 0x00, 0x00, 0x00, 0x00, 0x00, 0x00, 0x00,
  0x00, 0x00, 0x00, 0x00, 0x00, 0x00, 0x00, 0x00, 0x00, 0x00, 0x00, 0x00,
  0x00, 0x00, 0x00, 0x00, 0x00, 0x00, 0x00, 0x00, 0x00, 0x00, 0x00, 0x00,
  0x00, 0x00, 0x00, 0x00, 0x00, 0x00, 0x00, 0x00, 0x00, 0x00, 0x00, 0x00,
  0x00, 0x00, 0x00, 0x00, 0x00, 0x00, 0x00, 0x00, 0x00, 0x00, 0x00, 0x00,
  0x00, 0x00, 0x00, 0x00, 0x00, 0x00, 0x00, 0x00, 0x00, 0x00, 0x00, 0x00,
  0x00, 0x00, 0x00, 0x00, 0x00, 0x00, 0x00, 0x00, 0x00, 0x00, 0x00, 0x00,
  0x00, 0x00, 0x00, 0x00, 0x00, 0x00, 0x00, 0x00, 0x00, 0x00, 0x00, 0x00,
  0x00, 0x00, 0x00, 0x00, 0x00, 0x00, 0x00, 0x00, 0x00, 0x00, 0x00, 0x00,
  0x00, 0x00, 0x00, 0x00, 0x00, 0x00, 0x00, 0x00, 0x00, 0x00, 0x00, 0x00,
  0x00, 0x00, 0x00, 0x00, 0x00, 0x00, 0x00, 0x00, 0x00, 0x00, 0x00, 0x00,
  0x00, 0x00, 0x00, 0x00, 0x00, 0x00, 0x00, 0x00, 0x00, 0x00, 0x00, 0x00,
  0x00, 0x00, 0x00, 0x00, 0x00, 0x00, 0x00, 0x00, 0x00, 0x00, 0x00, 0x00,
  0x00, 0x00, 0x00, 0x00, 0x00, 0x00, 0x00, 0x00, 0x00, 0x00, 0x00, 0x00,
  0x00, 0x00, 0x00, 0x00, 0x00, 0x00, 0x00, 0x00, 0x00, 0x00, 0x00, 0x00,
  0x00, 0x00, 0x00, 0x00, 0x00, 0x00, 0x00, 0x00, 0x00, 0x00, 0x00, 0x00,
  0x00, 0x00, 0x00, 0x00, 0x00, 0x00, 0x00, 0x00, 0x00, 0x00, 0x00, 0x00,
  0x00, 0x00, 0x00, 0x00, 0x00, 0x00, 0x00, 0x00, 0x00, 0x00, 0x00, 0x00,
  0x00, 0x00, 0x00, 0x00, 0x00, 0x00, 0x00, 0x00, 0x00, 0x00, 0x00, 0x00,
  0x00, 0x00, 0x00, 0x00, 0x00, 0x00, 0x00, 0x00, 0x00, 0x00, 0x00, 0x00,
  0x00, 0x00, 0x00, 0x00, 0x00, 0x00, 0x00, 0x00, 0x00, 0x00, 0x00, 0x00,
  0x00, 0x00, 0x00, 0x00, 0x00, 0x00, 0x00, 0x00, 0x00, 0x00, 0x00, 0x00,
  0x00, 0x00, 0x00, 0x00, 0x00, 0x00, 0x00, 0x00, 0x00, 0x00, 0x00, 0x00,
  0x00, 0x00, 0x00, 0x00, 0x00, 0x00, 0x00, 0x00, 0x00, 0x00, 0x00, 0x00,
  0x00, 0x00, 0x00, 0x00, 0x00, 0x00, 0x00, 0x00, 0x00, 0x00, 0x00, 0x00,
  0x00, 0x00, 0x00, 0x00, 0x00, 0x00, 0x00, 0x00, 0x00, 0x00, 0x00, 0x00,
  0x00, 0x00, 0x00, 0x00, 0x00, 0x00, 0x00, 0x00, 0x00, 0x00, 0x00, 0x00,
  0x00, 0x00, 0x00, 0x00, 0x00, 0x00, 0x00, 0x00, 0x00, 0x00, 0x00, 0x00,
  0x00, 0x00, 0x00, 0x00
};

const size_t BASE_ALARM_WAV_SIZE = sizeof(BASE_ALARM_WAV);

