#pragma once

#include <Arduino.h>

// Generated from censor-bleep.wav.
const uint8_t CENSOR_BLEEP_WAV[] PROGMEM = {
  0x52, 0x49, 0x46, 0x46, 0x6C, 0x54, 0x00, 0x00, 0x57, 0x41, 0x56, 0x45,
  0x66, 0x6D, 0x74, 0x20, 0x10, 0x00, 0x00, 0x00, 0x01, 0x00, 0x01, 0x00,
  0x22, 0x56, 0x00, 0x00, 0x44, 0xAC, 0x00, 0x00, 0x02, 0x00, 0x10, 0x00,
  0x64, 0x61, 0x74, 0x61, 0x48, 0x54, 0x00, 0x00, 0x00, 0x00, 0x0D, 0x00,
  0x20, 0x00, 0x34, 0x00, 0x41, 0x00, 0x43, 0x00, 0x3B, 0x00, 0x2D, 0x00,
  0x1D, 0x00, 0x0E, 0x00, 0x00, 0x00, 0xF0, 0xFF, 0xD7, 0xFF, 0xAF, 0xFF,
  0x79, 0xFF, 0x3A, 0xFF, 0x00, 0xFF, 0xDB, 0xFE, 0xDC, 0xFE, 0x0E, 0xFF,
  0x71, 0xFF, 0xF9, 0xFF, 0x90, 0x00, 0x1A, 0x01, 0x80, 0x01, 0xB0, 0x01,
  0xA6, 0x01, 0x6D, 0x01, 0x18, 0x01, 0xBE, 0x00, 0x6F, 0x00, 0x33, 0x00,
  0x03, 0x00, 0xD2, 0xFF, 0x8E, 0xFF, 0x2C, 0xFF, 0xAB, 0xFE, 0x1E, 0xFE,
  0xA3, 0xFD, 0x60, 0xFD, 0x72, 0xFD, 0xEC, 0xFD, 0xC6, 0xFE, 0xE2, 0xFF,
  0x11, 0x01, 0x1E, 0x02, 0xDA, 0x02, 0x2B, 0x03, 0x10, 0x03, 0x9F, 0x02,
  0xFE, 0x01, 0x56, 0x01, 0xC7, 0x00, 0x5B, 0x00, 0x0A, 0x00, 0xB9, 0xFF,
  0x4B, 0xFF, 0xAF, 0xFE, 0xE5, 0xFD, 0x0A, 0xFD, 0x4C, 0xFC, 0xE5, 0xFB,
  0x04, 0xFC, 0xC0, 0xFC, 0x0D, 0xFE, 0xBB, 0xFF, 0x83, 0x01, 0x15, 0x03,
  0x2E, 0x04, 0xA6, 0x04, 0x7E, 0x04, 0xD7, 0x03, 0xEB, 0x02, 0xF6, 0x01,
  0x24, 0x01, 0x88, 0x00, 0x13, 0x00, 0xA2, 0xFF, 0x0D, 0xFF, 0x39, 0xFE,
  0x27, 0xFD, 0xFD, 0xFB, 0xFA, 0xFA, 0x6C, 0xFA, 0x92, 0xFA, 0x8B, 0xFB,
  0x46, 0xFD, 0x85, 0xFF, 0xE7, 0x01, 0x02, 0x04, 0x7B, 0x05, 0x20, 0x06,
  0xEF, 0x05, 0x16, 0x05, 0xE0, 0x03, 0x9C, 0x02, 0x87, 0x01, 0xB8, 0x00,
  0x1F, 0x00, 0x8F, 0xFF, 0xD4, 0xFE, 0xC9, 0xFD, 0x71, 0xFC, 0xF7, 0xFA,
  0xAE, 0xF9, 0xF5, 0xF8, 0x1D, 0xF9, 0x4D, 0xFA, 0x73, 0xFC, 0x40, 0xFF,
  0x3D, 0x02, 0xE3, 0x04, 0xC2, 0x06, 0x98, 0x07, 0x64, 0x07, 0x5C, 0x06,
  0xDD, 0x04, 0x4B, 0x03, 0xF0, 0x01, 0xED, 0x00, 0x2F, 0x00, 0x80, 0xFF,
  0x9F, 0xFE, 0x60, 0xFD, 0xC2, 0xFB, 0xFA, 0xF9, 0x68, 0xF8, 0x7F, 0xF7,
  0xA4, 0xF7, 0x06, 0xF9, 0x92, 0xFB, 0xEB, 0xFE, 0x83, 0x02, 0xB7, 0x05,
  0x01, 0x08, 0x0F, 0x09, 0xDC, 0x08, 0xA9, 0x07, 0xE2, 0x05, 0x00, 0x04,
  0x5F, 0x02, 0x26, 0x01, 0x42, 0x00, 0x74, 0xFF, 0x6F, 0xFE, 0xFE, 0xFC,
  0x1B, 0xFB, 0x04, 0xF9, 0x27, 0xF7, 0x0C, 0xF6, 0x28, 0xF6, 0xB7, 0xF7,
  0xA5, 0xFA, 0x87, 0xFE, 0xBA, 0x02, 0x80, 0x06, 0x38, 0x09, 0x83, 0x0A,
  0x57, 0x0A, 0xFB, 0x08, 0xEF, 0x06, 0xBE, 0x04, 0xD4, 0x02, 0x63, 0x01,
  0x58, 0x00, 0x6B, 0xFF, 0x43, 0xFE, 0xA1, 0xFC, 0x7C, 0xFA, 0x16, 0xF8,
  0xED, 0xF5, 0x9C, 0xF4, 0xAA, 0xF4, 0x60, 0xF6, 0xAB, 0xF9, 0x14, 0xFE,
  0xE1, 0x02, 0x3B, 0x07, 0x68, 0x0A, 0xF5, 0x0B, 0xD4, 0x0B, 0x54, 0x0A,
  0x04, 0x08, 0x83, 0x05, 0x4F, 0x03, 0xA5, 0x01, 0x71, 0x00, 0x65, 0xFF,
  0x1C, 0xFE, 0x4A, 0xFC, 0xE5, 0xF9, 0x30, 0xF7, 0xB9, 0xF4, 0x2E, 0xF3,
  0x2A, 0xF3, 0x02, 0xF5, 0xA4, 0xF8, 0x92, 0xFD, 0xFA, 0x02, 0xEA, 0x07,
  0x8E, 0x0B, 0x63, 0x0D, 0x53, 0x0D, 0xB3, 0x0B, 0x21, 0x09, 0x50, 0x06,
  0xD1, 0x03, 0xEB, 0x01, 0x8E, 0x00, 0x62, 0xFF, 0xF9, 0xFD, 0xFA, 0xFB,
  0x54, 0xF9, 0x52, 0xF6, 0x8C, 0xF3, 0xC4, 0xF1, 0xA8, 0xF1, 0x9D, 0xF3,
  0x92, 0xF7, 0x01, 0xFD, 0x03, 0x03, 0x8B, 0x08, 0xAC, 0x0C, 0xCF, 0x0E,
  0xD4, 0x0E, 0x17, 0x0D, 0x45, 0x0A, 0x24, 0x07, 0x59, 0x04, 0x36, 0x02,
  0xAE, 0x00, 0x63, 0xFF, 0xD9, 0xFD, 0xAF, 0xFB, 0xCC, 0xF8, 0x7C, 0xF5,
  0x66, 0xF2, 0x5E, 0xF0, 0x26, 0xF0, 0x31, 0xF2, 0x75, 0xF6, 0x61, 0xFC,
  0xFC, 0x02, 0x1F, 0x09, 0xC1, 0x0D, 0x36, 0x10, 0x57, 0x10, 0x81, 0x0E,
  0x71, 0x0B, 0x01, 0x08, 0xE8, 0x04, 0x86, 0x02, 0xD1, 0x00, 0x66, 0xFF,
  0xBE, 0xFD, 0x6A, 0xFB, 0x4A, 0xF8, 0xAE, 0xF4, 0x47, 0xF1, 0xFB, 0xEE,
  0xA2, 0xEE, 0xBF, 0xF0, 0x4C, 0xF5, 0xB2, 0xFB, 0xE6, 0x02, 0xA5, 0x09,
  0xCC, 0x0E, 0x99, 0x11, 0xDB, 0x11, 0xF1, 0x0F, 0xA5, 0x0C, 0xE5, 0x08,
  0x7E, 0x05, 0xDB, 0x02, 0xF8, 0x00, 0x6D, 0xFF, 0xA7, 0xFD, 0x2A, 0xFB,
  0xD0, 0xF7, 0xE8, 0xF3, 0x2F, 0xF0, 0x9D, 0xED, 0x1E, 0xED, 0x46, 0xEF,
  0x18, 0xF4, 0xF5, 0xFA, 0xC0, 0x02, 0x1D, 0x0A, 0xCD, 0x0F, 0xF7, 0x12,
  0x5F, 0x13, 0x65, 0x11, 0xE0, 0x0D, 0xD2, 0x09, 0x1A, 0x06, 0x35, 0x03,
  0x23, 0x01, 0x77, 0xFF, 0x93, 0xFD, 0xF0, 0xFA, 0x5D, 0xF7, 0x2A, 0xF3,
  0x1E, 0xEF, 0x43, 0xEC, 0x9A, 0xEB, 0xC9, 0xED, 0xD9, 0xF2, 0x29, 0xFA,
  0x8A, 0x02, 0x87, 0x0A, 0xC4, 0x10, 0x50, 0x14, 0xE3, 0x14, 0xDE, 0x12,
  0x22, 0x0F, 0xC6, 0x0A, 0xBE, 0x06, 0x95, 0x03, 0x51, 0x01, 0x84, 0xFF,
  0x83, 0xFD, 0xBA, 0xFA, 0xF1, 0xF6, 0x75, 0xF2, 0x15, 0xEE, 0xEE, 0xEA,
  0x17, 0xEA, 0x46, 0xEC, 0x90, 0xF1, 0x50, 0xF9, 0x45, 0x02, 0xE3, 0x0A,
  0xAF, 0x11, 0xA4, 0x15, 0x68, 0x16, 0x5C, 0x14, 0x6C, 0x10, 0xC3, 0x0B,
  0x68, 0x07, 0xF9, 0x03, 0x83, 0x01, 0x93, 0xFF, 0x77, 0xFD, 0x8A, 0xFA,
  0x8C, 0xF6, 0xC7, 0xF1, 0x13, 0xED, 0x9E, 0xE9, 0x94, 0xE8, 0xBF, 0xEA,
  0x3D, 0xF0, 0x68, 0xF8, 0xF0, 0x01, 0x30, 0x0B, 0x90, 0x12, 0xF1, 0x16,
  0xEC, 0x17, 0xDD, 0x15, 0xBD, 0x11, 0xC7, 0x0C, 0x1A, 0x08, 0x64, 0x04,
  0xB9, 0x01, 0xA6, 0xFF, 0x6E, 0xFD, 0x5F, 0xFA, 0x2D, 0xF6, 0x21, 0xF1,
  0x19, 0xEC, 0x54, 0xE8, 0x13, 0xE7, 0x34, 0xE9, 0xE1, 0xEE, 0x72, 0xF7,
  0x8C, 0x01, 0x6E, 0x0B, 0x65, 0x13, 0x39, 0x18, 0x6F, 0x19, 0x63, 0x17,
  0x15, 0x13, 0xD4, 0x0D, 0xD4, 0x08, 0xD3, 0x04, 0xF2, 0x01, 0xBC, 0xFF,
  0x68, 0xFD, 0x39, 0xFA, 0xD5, 0xF5, 0x83, 0xF0, 0x27, 0xEB, 0x0F, 0xE7,
  0x93, 0xE5, 0xA5, 0xE7, 0x7B, 0xED, 0x6F, 0xF6, 0x17, 0x01, 0x9C, 0x0B,
  0x21, 0x14, 0x57, 0x19, 0xBC, 0x1A, 0xAB, 0x18, 0x32, 0x14, 0xAF, 0x0E,
  0x69, 0x09, 0x2E, 0x05, 0x24, 0x02, 0xD6, 0xFF, 0x78, 0xFD, 0x44, 0xFA,
  0xDA, 0xF5, 0x7A, 0xF0, 0x09, 0xEB, 0xD6, 0xE6, 0x3D, 0xE5, 0x34, 0xE7,
  0xF7, 0xEC, 0xE2, 0xF5, 0x8C, 0x00, 0x1E, 0x0B, 0xC6, 0x13, 0x2B, 0x19,
  0xC1, 0x1A, 0xD7, 0x18, 0x74, 0x14, 0xF6, 0x0E, 0xA7, 0x09, 0x5C, 0x05,
  0x45, 0x02, 0xF2, 0xFF, 0x9A, 0xFD, 0x74, 0xFA, 0x1A, 0xF6, 0xC2, 0xF0,
  0x4A, 0xEB, 0xFF, 0xE6, 0x3D, 0xE5, 0x03, 0xE7, 0x97, 0xEC, 0x61, 0xF5,
  0x00, 0x00, 0x9F, 0x0A, 0x69, 0x13, 0xFD, 0x18, 0xC3, 0x1A, 0x01, 0x19,
  0xB6, 0x14, 0x3E, 0x0F, 0xE6, 0x09, 0x8C, 0x05, 0x66, 0x02, 0x0E, 0x00,
  0xBB, 0xFD, 0xA4, 0xFA, 0x59, 0xF6, 0x0A, 0xF1, 0x8C, 0xEB, 0x29, 0xE7,
  0x3F, 0xE5, 0xD5, 0xE6, 0x3A, 0xEC, 0xE2, 0xF4, 0x74, 0xFF, 0x1E, 0x0A,
  0x09, 0x13, 0xCC, 0x18, 0xC3, 0x1A, 0x2A, 0x19, 0xF7, 0x14, 0x86, 0x0F,
  0x26, 0x0A, 0xBC, 0x05, 0x88, 0x02, 0x2A, 0x00, 0xDC, 0xFD, 0xD2, 0xFA,
  0x97, 0xF6, 0x51, 0xF1, 0xCE, 0xEB, 0x55, 0xE7, 0x44, 0xE5, 0xA9, 0xE6,
  0xDF, 0xEB, 0x64, 0xF4, 0xE8, 0xFE, 0x9D, 0x09, 0xA8, 0x12, 0x99, 0x18,
  0xC1, 0x1A, 0x51, 0x19, 0x37, 0x15, 0xCD, 0x0F, 0x66, 0x0A, 0xED, 0x05,
  0xAB, 0x02, 0x46, 0x00, 0xFD, 0xFD, 0x00, 0xFB, 0xD4, 0xF6, 0x98, 0xF1,
  0x12, 0xEC, 0x82, 0xE7, 0x4B, 0xE5, 0x80, 0xE6, 0x87, 0xEB, 0xE7, 0xF3,
  0x5C, 0xFE, 0x1A, 0x09, 0x45, 0x12, 0x64, 0x18, 0xBD, 0x1A, 0x76, 0x19,
  0x77, 0x15, 0x15, 0x10, 0xA7, 0x0A, 0x1F, 0x06, 0xCE, 0x02, 0x62, 0x00,
  0x1D, 0xFE, 0x2D, 0xFB, 0x11, 0xF7, 0xDF, 0xF1, 0x56, 0xEC, 0xB1, 0xE7,
  0x54, 0xE5, 0x59, 0xE6, 0x30, 0xEB, 0x6C, 0xF3, 0xD0, 0xFD, 0x97, 0x08,
  0xE0, 0x11, 0x2C, 0x18, 0xB6, 0x1A, 0x99, 0x19, 0xB6, 0x15, 0x5D, 0x10,
  0xE9, 0x0A, 0x51, 0x06, 0xF2, 0x02, 0x7E, 0x00, 0x3C, 0xFE, 0x59, 0xFB,
  0x4D, 0xF7, 0x26, 0xF2, 0x9A, 0xEC, 0xE1, 0xE7, 0x60, 0xE5, 0x35, 0xE6,
  0xDC, 0xEA, 0xF2, 0xF2, 0x45, 0xFD, 0x12, 0x08, 0x78, 0x11, 0xF1, 0x17,
  0xAD, 0x1A, 0xBB, 0x19, 0xF3, 0x15, 0xA5, 0x10, 0x2B, 0x0B, 0x85, 0x06,
  0x16, 0x03, 0x9B, 0x00, 0x5C, 0xFE, 0x84, 0xFB, 0x88, 0xF7, 0x6D, 0xF2,
  0xDF, 0xEC, 0x13, 0xE8, 0x6E, 0xE5, 0x13, 0xE6, 0x89, 0xEA, 0x7A, 0xF2,
  0xBA, 0xFC, 0x8C, 0x07, 0x0F, 0x11, 0xB4, 0x17, 0xA1, 0x1A, 0xDB, 0x19,
  0x30, 0x16, 0xEC, 0x10, 0x6D, 0x0B, 0xB9, 0x06, 0x3B, 0x03, 0xB7, 0x00,
  0x7A, 0xFE, 0xAF, 0xFB, 0xC3, 0xF7, 0xB3, 0xF2, 0x24, 0xED, 0x46, 0xE8,
  0x7D, 0xE5, 0xF4, 0xE5, 0x3A, 0xEA, 0x03, 0xF2, 0x2F, 0xFC, 0x06, 0x07,
  0xA4, 0x10, 0x75, 0x17, 0x93, 0x1A, 0xF9, 0x19, 0x6C, 0x16, 0x34, 0x11,
  0xB0, 0x0B, 0xEE, 0x06, 0x61, 0x03, 0xD4, 0x00, 0x99, 0xFE, 0xD9, 0xFB,
  0xFD, 0xF7, 0xF9, 0xF2, 0x6A, 0xED, 0x7B, 0xE8, 0x8F, 0xE5, 0xD7, 0xE5,
  0xEC, 0xE9, 0x8E, 0xF1, 0xA5, 0xFB, 0x7F, 0x06, 0x37, 0x10, 0x33, 0x17,
  0x83, 0x1A, 0x15, 0x1A, 0xA6, 0x16, 0x7B, 0x11, 0xF4, 0x0B, 0x24, 0x07,
  0x87, 0x03, 0xF1, 0x00, 0xB7, 0xFE, 0x02, 0xFC, 0x36, 0xF8, 0x3E, 0xF3,
  0xB0, 0xED, 0xB1, 0xE8, 0xA3, 0xE5, 0xBD, 0xE5, 0xA1, 0xE9, 0x1A, 0xF1,
  0x1B, 0xFB, 0xF7, 0x05, 0xC9, 0x0F, 0xEF, 0x16, 0x70, 0x1A, 0x2F, 0x1A,
  0xE0, 0x16, 0xC2, 0x11, 0x38, 0x0C, 0x5A, 0x07, 0xAE, 0x03, 0x0E, 0x01,
  0xD4, 0xFE, 0x2A, 0xFC, 0x6E, 0xF8, 0x83, 0xF3, 0xF7, 0xED, 0xE8, 0xE8,
  0xB9, 0xE5, 0xA5, 0xE5, 0x58, 0xE9, 0xA8, 0xF0, 0x92, 0xFA, 0x6E, 0x05,
  0x58, 0x0F, 0xA8, 0x16, 0x5B, 0x1A, 0x47, 0x1A, 0x18, 0x17, 0x09, 0x12,
  0x7D, 0x0C, 0x92, 0x07, 0xD6, 0x03, 0x2C, 0x01, 0xF2, 0xFE, 0x52, 0xFC,
  0xA6, 0xF8, 0xC8, 0xF3, 0x3E, 0xEE, 0x20, 0xE9, 0xD1, 0xE5, 0x90, 0xE5,
  0x11, 0xE9, 0x37, 0xF0, 0x09, 0xFA, 0xE5, 0x04, 0xE6, 0x0E, 0x5F, 0x16,
  0x43, 0x1A, 0x5D, 0x1A, 0x4F, 0x17, 0x50, 0x12, 0xC2, 0x0C, 0xCA, 0x07,
  0xFE, 0x03, 0x49, 0x01, 0x0F, 0xFF, 0x79, 0xFC, 0xDC, 0xF8, 0x0C, 0xF4,
  0x85, 0xEE, 0x5A, 0xE9, 0xEB, 0xE5, 0x7D, 0xE5, 0xCD, 0xE8, 0xC9, 0xEF,
  0x81, 0xF9, 0x5B, 0x04, 0x72, 0x0E, 0x14, 0x16, 0x29, 0x1A, 0x71, 0x1A,
  0x85, 0x17, 0x96, 0x12, 0x07, 0x0D, 0x03, 0x08, 0x27, 0x04, 0x67, 0x01,
  0x2C, 0xFF, 0x9F, 0xFC, 0x12, 0xF9, 0x50, 0xF4, 0xCC, 0xEE, 0x94, 0xE9,
  0x07, 0xE6, 0x6D, 0xE5, 0x8B, 0xE8, 0x5C, 0xEF, 0xFA, 0xF8, 0xD1, 0x03,
  0xFD, 0x0D, 0xC6, 0x15, 0x0C, 0x1A, 0x83, 0x1A, 0xBA, 0x17, 0xDC, 0x12,
  0x4D, 0x0D, 0x3D, 0x08, 0x51, 0x04, 0x86, 0x01, 0x49, 0xFF, 0xC5, 0xFC,
  0x47, 0xF9, 0x93, 0xF4, 0x14, 0xEF, 0xD0, 0xE9, 0x25, 0xE6, 0x5F, 0xE5,
  0x4C, 0xE8, 0xF1, 0xEE, 0x74, 0xF8, 0x46, 0x03, 0x86, 0x0D, 0x77, 0x15,
  0xED, 0x19, 0x92, 0x1A, 0xED, 0x17, 0x21, 0x13, 0x93, 0x0D, 0x78, 0x08,
  0x7C, 0x04, 0xA4, 0x01, 0x65, 0xFF, 0xEA, 0xFC, 0x7B, 0xF9, 0xD5, 0xF4,
  0x5B, 0xEF, 0x0D, 0xEA, 0x45, 0xE6, 0x53, 0xE5, 0x0F, 0xE8, 0x88, 0xEE,
  0xEE, 0xF7, 0xBB, 0x02, 0x0E, 0x0D, 0x24, 0x15, 0xCB, 0x19, 0xA0, 0x1A,
  0x1F, 0x18, 0x66, 0x13, 0xDA, 0x0D, 0xB3, 0x08, 0xA7, 0x04, 0xC4, 0x01,
  0x82, 0xFF, 0x0E, 0xFD, 0xAF, 0xF9, 0x17, 0xF5, 0xA3, 0xEF, 0x4A, 0xEA,
  0x67, 0xE6, 0x4A, 0xE5, 0xD4, 0xE7, 0x20, 0xEE, 0x69, 0xF7, 0x30, 0x02,
  0x94, 0x0C, 0xD0, 0x14, 0xA7, 0x19, 0xAC, 0x1A, 0x4F, 0x18, 0xAA, 0x13,
  0x21, 0x0E, 0xEF, 0x08, 0xD3, 0x04, 0xE3, 0x01, 0x9E, 0xFF, 0x32, 0xFD,
  0xE1, 0xF9, 0x59, 0xF5, 0xEB, 0xEF, 0x89, 0xEA, 0x8A, 0xE6, 0x43, 0xE5,
  0x9C, 0xE7, 0xBB, 0xED, 0xE6, 0xF6, 0xA4, 0x01, 0x19, 0x0C, 0x79, 0x14,
  0x80, 0x19, 0xB5, 0x1A, 0x7E, 0x18, 0xEE, 0x13, 0x68, 0x0E, 0x2C, 0x09,
  0x00, 0x05, 0x03, 0x02, 0xBA, 0xFF, 0x55, 0xFD, 0x13, 0xFA, 0x9A, 0xF5,
  0x33, 0xF0, 0xC9, 0xEA, 0xAF, 0xE6, 0x3F, 0xE5, 0x67, 0xE7, 0x58, 0xED,
  0x63, 0xF6, 0x18, 0x01, 0x9C, 0x0B, 0x21, 0x14, 0x57, 0x19, 0xBC, 0x1A,
  0xAB, 0x18, 0x32, 0x14, 0xAF, 0x0E, 0x69, 0x09, 0x2E, 0x05, 0x24, 0x02,
  0xD6, 0xFF, 0x78, 0xFD, 0x44, 0xFA, 0xDA, 0xF5, 0x7A, 0xF0, 0x09, 0xEB,
  0xD6, 0xE6, 0x3D, 0xE5, 0x34, 0xE7, 0xF7, 0xEC, 0xE2, 0xF5, 0x8C, 0x00,
  0x1E, 0x0B, 0xC6, 0x13, 0x2B, 0x19, 0xC1, 0x1A, 0xD7, 0x18, 0x74, 0x14,
  0xF6, 0x0E, 0xA7, 0x09, 0x5C, 0x05, 0x45, 0x02, 0xF2, 0xFF, 0x9A, 0xFD,
  0x74, 0xFA, 0x1A, 0xF6, 0xC2, 0xF0, 0x4A, 0xEB, 0xFF, 0xE6, 0x3D, 0xE5,
  0x03, 0xE7, 0x97, 0xEC, 0x61, 0xF5, 0x00, 0x00, 0x9F, 0x0A, 0x69, 0x13,
  0xFD, 0x18, 0xC3, 0x1A, 0x01, 0x19, 0xB6, 0x14, 0x3E, 0x0F, 0xE6, 0x09,
  0x8C, 0x05, 0x66, 0x02, 0x0E, 0x00, 0xBB, 0xFD, 0xA4, 0xFA, 0x59, 0xF6,
  0x0A, 0xF1, 0x8C, 0xEB, 0x29, 0xE7, 0x3F, 0xE5, 0xD5, 0xE6, 0x3A, 0xEC,
  0xE2, 0xF4, 0x74, 0xFF, 0x1E, 0x0A, 0x09, 0x13, 0xCC, 0x18, 0xC3, 0x1A,
  0x2A, 0x19, 0xF7, 0x14, 0x86, 0x0F, 0x26, 0x0A, 0xBC, 0x05, 0x88, 0x02,
  0x2A, 0x00, 0xDC, 0xFD, 0xD2, 0xFA, 0x97, 0xF6, 0x51, 0xF1, 0xCE, 0xEB,
  0x55, 0xE7, 0x44, 0xE5, 0xA9, 0xE6, 0xDF, 0xEB, 0x64, 0xF4, 0xE8, 0xFE,
  0x9D, 0x09, 0xA8, 0x12, 0x99, 0x18, 0xC1, 0x1A, 0x51, 0x19, 0x37, 0x15,
  0xCD, 0x0F, 0x66, 0x0A, 0xED, 0x05, 0xAB, 0x02, 0x46, 0x00, 0xFD, 0xFD,
  0x00, 0xFB, 0xD4, 0xF6, 0x98, 0xF1, 0x12, 0xEC, 0x82, 0xE7, 0x4B, 0xE5,
  0x80, 0xE6, 0x87, 0xEB, 0xE7, 0xF3, 0x5C, 0xFE, 0x1A, 0x09, 0x45, 0x12,
  0x64, 0x18, 0xBD, 0x1A, 0x76, 0x19, 0x77, 0x15, 0x15, 0x10, 0xA7, 0x0A,
  0x1F, 0x06, 0xCE, 0x02, 0x62, 0x00, 0x1D, 0xFE, 0x2D, 0xFB, 0x11, 0xF7,
  0xDF, 0xF1, 0x56, 0xEC, 0xB1, 0xE7, 0x54, 0xE5, 0x59, 0xE6, 0x30, 0xEB,
  0x6C, 0xF3, 0xD0, 0xFD, 0x97, 0x08, 0xE0, 0x11, 0x2C, 0x18, 0xB6, 0x1A,
  0x99, 0x19, 0xB6, 0x15, 0x5D, 0x10, 0xE9, 0x0A, 0x51, 0x06, 0xF2, 0x02,
  0x7E, 0x00, 0x3C, 0xFE, 0x59, 0xFB, 0x4D, 0xF7, 0x26, 0xF2, 0x9A, 0xEC,
  0xE1, 0xE7, 0x60, 0xE5, 0x35, 0xE6, 0xDC, 0xEA, 0xF2, 0xF2, 0x45, 0xFD,
  0x12, 0x08, 0x78, 0x11, 0xF1, 0x17, 0xAD, 0x1A, 0xBB, 0x19, 0xF3, 0x15,
  0xA5, 0x10, 0x2B, 0x0B, 0x85, 0x06, 0x16, 0x03, 0x9B, 0x00, 0x5C, 0xFE,
  0x84, 0xFB, 0x88, 0xF7, 0x6D, 0xF2, 0xDF, 0xEC, 0x13, 0xE8, 0x6E, 0xE5,
  0x13, 0xE6, 0x89, 0xEA, 0x7A, 0xF2, 0xBA, 0xFC, 0x8C, 0x07, 0x0F, 0x11,
  0xB4, 0x17, 0xA1, 0x1A, 0xDB, 0x19, 0x30, 0x16, 0xEC, 0x10, 0x6D, 0x0B,
  0xB9, 0x06, 0x3B, 0x03, 0xB7, 0x00, 0x7A, 0xFE, 0xAF, 0xFB, 0xC3, 0xF7,
  0xB3, 0xF2, 0x24, 0xED, 0x46, 0xE8, 0x7D, 0xE5, 0xF4, 0xE5, 0x3A, 0xEA,
  0x03, 0xF2, 0x2F, 0xFC, 0x06, 0x07, 0xA4, 0x10, 0x75, 0x17, 0x93, 0x1A,
  0xF9, 0x19, 0x6C, 0x16, 0x34, 0x11, 0xB0, 0x0B, 0xEE, 0x06, 0x61, 0x03,
  0xD4, 0x00, 0x99, 0xFE, 0xD9, 0xFB, 0xFD, 0xF7, 0xF9, 0xF2, 0x6A, 0xED,
  0x7B, 0xE8, 0x8F, 0xE5, 0xD7, 0xE5, 0xEC, 0xE9, 0x8E, 0xF1, 0xA5, 0xFB,
  0x7F, 0x06, 0x37, 0x10, 0x33, 0x17, 0x83, 0x1A, 0x15, 0x1A, 0xA6, 0x16,
  0x7B, 0x11, 0xF4, 0x0B, 0x24, 0x07, 0x87, 0x03, 0xF1, 0x00, 0xB7, 0xFE,
  0x02, 0xFC, 0x36, 0xF8, 0x3E, 0xF3, 0xB0, 0xED, 0xB1, 0xE8, 0xA3, 0xE5,
  0xBD, 0xE5, 0xA1, 0xE9, 0x1A, 0xF1, 0x1B, 0xFB, 0xF7, 0x05, 0xC9, 0x0F,
  0xEF, 0x16, 0x70, 0x1A, 0x2F, 0x1A, 0xE0, 0x16, 0xC2, 0x11, 0x38, 0x0C,
  0x5A, 0x07, 0xAE, 0x03, 0x0E, 0x01, 0xD4, 0xFE, 0x2A, 0xFC, 0x6E, 0xF8,
  0x83, 0xF3, 0xF7, 0xED, 0xE8, 0xE8, 0xB9, 0xE5, 0xA5, 0xE5, 0x58, 0xE9,
  0xA8, 0xF0, 0x92, 0xFA, 0x6E, 0x05, 0x58, 0x0F, 0xA8, 0x16, 0x5B, 0x1A,
  0x47, 0x1A, 0x18, 0x17, 0x09, 0x12, 0x7D, 0x0C, 0x92, 0x07, 0xD6, 0x03,
  0x2C, 0x01, 0xF2, 0xFE, 0x52, 0xFC, 0xA6, 0xF8, 0xC8, 0xF3, 0x3E, 0xEE,
  0x20, 0xE9, 0xD1, 0xE5, 0x90, 0xE5, 0x11, 0xE9, 0x37, 0xF0, 0x09, 0xFA,
  0xE5, 0x04, 0xE6, 0x0E, 0x5F, 0x16, 0x43, 0x1A, 0x5D, 0x1A, 0x4F, 0x17,
  0x50, 0x12, 0xC2, 0x0C, 0xCA, 0x07, 0xFE, 0x03, 0x49, 0x01, 0x0F, 0xFF,
  0x79, 0xFC, 0xDC, 0xF8, 0x0C, 0xF4, 0x85, 0xEE, 0x5A, 0xE9, 0xEB, 0xE5,
  0x7D, 0xE5, 0xCD, 0xE8, 0xC9, 0xEF, 0x81, 0xF9, 0x5B, 0x04, 0x72, 0x0E,
  0x14, 0x16, 0x29, 0x1A, 0x71, 0x1A, 0x85, 0x17, 0x96, 0x12, 0x07, 0x0D,
  0x03, 0x08, 0x27, 0x04, 0x67, 0x01, 0x2C, 0xFF, 0x9F, 0xFC, 0x12, 0xF9,
  0x50, 0xF4, 0xCC, 0xEE, 0x94, 0xE9, 0x07, 0xE6, 0x6D, 0xE5, 0x8B, 0xE8,
  0x5C, 0xEF, 0xFA, 0xF8, 0xD1, 0x03, 0xFD, 0x0D, 0xC6, 0x15, 0x0C, 0x1A,
  0x83, 0x1A, 0xBA, 0x17, 0xDC, 0x12, 0x4D, 0x0D, 0x3D, 0x08, 0x51, 0x04,
  0x86, 0x01, 0x49, 0xFF, 0xC5, 0xFC, 0x47, 0xF9, 0x93, 0xF4, 0x14, 0xEF,
  0xD0, 0xE9, 0x25, 0xE6, 0x5F, 0xE5, 0x4C, 0xE8, 0xF1, 0xEE, 0x74, 0xF8,
  0x46, 0x03, 0x86, 0x0D, 0x77, 0x15, 0xED, 0x19, 0x92, 0x1A, 0xED, 0x17,
  0x21, 0x13, 0x93, 0x0D, 0x78, 0x08, 0x7C, 0x04, 0xA4, 0x01, 0x65, 0xFF,
  0xEA, 0xFC, 0x7B, 0xF9, 0xD5, 0xF4, 0x5B, 0xEF, 0x0D, 0xEA, 0x45, 0xE6,
  0x53, 0xE5, 0x0F, 0xE8, 0x88, 0xEE, 0xEE, 0xF7, 0xBB, 0x02, 0x0E, 0x0D,
  0x24, 0x15, 0xCB, 0x19, 0xA0, 0x1A, 0x1F, 0x18, 0x66, 0x13, 0xDA, 0x0D,
  0xB3, 0x08, 0xA7, 0x04, 0xC4, 0x01, 0x82, 0xFF, 0x0E, 0xFD, 0xAF, 0xF9,
  0x17, 0xF5, 0xA3, 0xEF, 0x4A, 0xEA, 0x67, 0xE6, 0x4A, 0xE5, 0xD4, 0xE7,
  0x20, 0xEE, 0x69, 0xF7, 0x30, 0x02, 0x94, 0x0C, 0xD0, 0x14, 0xA7, 0x19,
  0xAC, 0x1A, 0x4F, 0x18, 0xAA, 0x13, 0x21, 0x0E, 0xEF, 0x08, 0xD3, 0x04,
  0xE3, 0x01, 0x9E, 0xFF, 0x32, 0xFD, 0xE1, 0xF9, 0x59, 0xF5, 0xEB, 0xEF,
  0x89, 0xEA, 0x8A, 0xE6, 0x43, 0xE5, 0x9C, 0xE7, 0xBB, 0xED, 0xE6, 0xF6,
  0xA4, 0x01, 0x19, 0x0C, 0x79, 0x14, 0x80, 0x19, 0xB5, 0x1A, 0x7E, 0x18,
  0xEE, 0x13, 0x68, 0x0E, 0x2C, 0x09, 0x00, 0x05, 0x03, 0x02, 0xBA, 0xFF,
  0x55, 0xFD, 0x13, 0xFA, 0x9A, 0xF5, 0x33, 0xF0, 0xC9, 0xEA, 0xAF, 0xE6,
  0x3F, 0xE5, 0x67, 0xE7, 0x58, 0xED, 0x63, 0xF6, 0x18, 0x01, 0x9C, 0x0B,
  0x21, 0x14, 0x57, 0x19, 0xBC, 0x1A, 0xAB, 0x18, 0x32, 0x14, 0xAF, 0x0E,
  0x69, 0x09, 0x2E, 0x05, 0x24, 0x02, 0xD6, 0xFF, 0x78, 0xFD, 0x44, 0xFA,
  0xDA, 0xF5, 0x7A, 0xF0, 0x09, 0xEB, 0xD6, 0xE6, 0x3D, 0xE5, 0x34, 0xE7,
  0xF7, 0xEC, 0xE2, 0xF5, 0x8C, 0x00, 0x1E, 0x0B, 0xC6, 0x13, 0x2B, 0x19,
  0xC1, 0x1A, 0xD7, 0x18, 0x74, 0x14, 0xF6, 0x0E, 0xA7, 0x09, 0x5C, 0x05,
  0x45, 0x02, 0xF2, 0xFF, 0x9A, 0xFD, 0x74, 0xFA, 0x1A, 0xF6, 0xC2, 0xF0,
  0x4A, 0xEB, 0xFF, 0xE6, 0x3D, 0xE5, 0x03, 0xE7, 0x97, 0xEC, 0x61, 0xF5,
  0x00, 0x00, 0x9F, 0x0A, 0x69, 0x13, 0xFD, 0x18, 0xC3, 0x1A, 0x01, 0x19,
  0xB6, 0x14, 0x3E, 0x0F, 0xE6, 0x09, 0x8C, 0x05, 0x66, 0x02, 0x0E, 0x00,
  0xBB, 0xFD, 0xA4, 0xFA, 0x59, 0xF6, 0x0A, 0xF1, 0x8C, 0xEB, 0x29, 0xE7,
  0x3F, 0xE5, 0xD5, 0xE6, 0x3A, 0xEC, 0xE2, 0xF4, 0x74, 0xFF, 0x1E, 0x0A,
  0x09, 0x13, 0xCC, 0x18, 0xC3, 0x1A, 0x2A, 0x19, 0xF7, 0x14, 0x86, 0x0F,
  0x26, 0x0A, 0xBC, 0x05, 0x88, 0x02, 0x2A, 0x00, 0xDC, 0xFD, 0xD2, 0xFA,
  0x97, 0xF6, 0x51, 0xF1, 0xCE, 0xEB, 0x55, 0xE7, 0x44, 0xE5, 0xA9, 0xE6,
  0xDF, 0xEB, 0x64, 0xF4, 0xE8, 0xFE, 0x9D, 0x09, 0xA8, 0x12, 0x99, 0x18,
  0xC1, 0x1A, 0x51, 0x19, 0x37, 0x15, 0xCD, 0x0F, 0x66, 0x0A, 0xED, 0x05,
  0xAB, 0x02, 0x46, 0x00, 0xFD, 0xFD, 0x00, 0xFB, 0xD4, 0xF6, 0x98, 0xF1,
  0x12, 0xEC, 0x82, 0xE7, 0x4B, 0xE5, 0x80, 0xE6, 0x87, 0xEB, 0xE7, 0xF3,
  0x5C, 0xFE, 0x1A, 0x09, 0x45, 0x12, 0x64, 0x18, 0xBD, 0x1A, 0x76, 0x19,
  0x77, 0x15, 0x15, 0x10, 0xA7, 0x0A, 0x1F, 0x06, 0xCE, 0x02, 0x62, 0x00,
  0x1D, 0xFE, 0x2D, 0xFB, 0x11, 0xF7, 0xDF, 0xF1, 0x56, 0xEC, 0xB1, 0xE7,
  0x54, 0xE5, 0x59, 0xE6, 0x30, 0xEB, 0x6C, 0xF3, 0xD0, 0xFD, 0x97, 0x08,
  0xE0, 0x11, 0x2C, 0x18, 0xB6, 0x1A, 0x99, 0x19, 0xB6, 0x15, 0x5D, 0x10,
  0xE9, 0x0A, 0x51, 0x06, 0xF2, 0x02, 0x7E, 0x00, 0x3C, 0xFE, 0x59, 0xFB,
  0x4D, 0xF7, 0x26, 0xF2, 0x9A, 0xEC, 0xE1, 0xE7, 0x60, 0xE5, 0x35, 0xE6,
  0xDC, 0xEA, 0xF2, 0xF2, 0x45, 0xFD, 0x12, 0x08, 0x78, 0x11, 0xF1, 0x17,
  0xAD, 0x1A, 0xBB, 0x19, 0xF3, 0x15, 0xA5, 0x10, 0x2B, 0x0B, 0x85, 0x06,
  0x16, 0x03, 0x9B, 0x00, 0x5C, 0xFE, 0x84, 0xFB, 0x88, 0xF7, 0x6D, 0xF2,
  0xDF, 0xEC, 0x13, 0xE8, 0x6E, 0xE5, 0x13, 0xE6, 0x89, 0xEA, 0x7A, 0xF2,
  0xBA, 0xFC, 0x8C, 0x07, 0x0F, 0x11, 0xB4, 0x17, 0xA1, 0x1A, 0xDB, 0x19,
  0x30, 0x16, 0xEC, 0x10, 0x6D, 0x0B, 0xB9, 0x06, 0x3B, 0x03, 0xB7, 0x00,
  0x7A, 0xFE, 0xAF, 0xFB, 0xC3, 0xF7, 0xB3, 0xF2, 0x24, 0xED, 0x46, 0xE8,
  0x7D, 0xE5, 0xF4, 0xE5, 0x3A, 0xEA, 0x03, 0xF2, 0x2F, 0xFC, 0x06, 0x07,
  0xA4, 0x10, 0x75, 0x17, 0x93, 0x1A, 0xF9, 0x19, 0x6C, 0x16, 0x34, 0x11,
  0xB0, 0x0B, 0xEE, 0x06, 0x61, 0x03, 0xD4, 0x00, 0x99, 0xFE, 0xD9, 0xFB,
  0xFD, 0xF7, 0xF9, 0xF2, 0x6A, 0xED, 0x7B, 0xE8, 0x8F, 0xE5, 0xD7, 0xE5,
  0xEC, 0xE9, 0x8E, 0xF1, 0xA5, 0xFB, 0x7F, 0x06, 0x37, 0x10, 0x33, 0x17,
  0x83, 0x1A, 0x15, 0x1A, 0xA6, 0x16, 0x7B, 0x11, 0xF4, 0x0B, 0x24, 0x07,
  0x87, 0x03, 0xF1, 0x00, 0xB7, 0xFE, 0x02, 0xFC, 0x36, 0xF8, 0x3E, 0xF3,
  0xB0, 0xED, 0xB1, 0xE8, 0xA3, 0xE5, 0xBD, 0xE5, 0xA1, 0xE9, 0x1A, 0xF1,
  0x1B, 0xFB, 0xF7, 0x05, 0xC9, 0x0F, 0xEF, 0x16, 0x70, 0x1A, 0x2F, 0x1A,
  0xE0, 0x16, 0xC2, 0x11, 0x38, 0x0C, 0x5A, 0x07, 0xAE, 0x03, 0x0E, 0x01,
  0xD4, 0xFE, 0x2A, 0xFC, 0x6E, 0xF8, 0x83, 0xF3, 0xF7, 0xED, 0xE8, 0xE8,
  0xB9, 0xE5, 0xA5, 0xE5, 0x58, 0xE9, 0xA8, 0xF0, 0x92, 0xFA, 0x6E, 0x05,
  0x58, 0x0F, 0xA8, 0x16, 0x5B, 0x1A, 0x47, 0x1A, 0x18, 0x17, 0x09, 0x12,
  0x7D, 0x0C, 0x92, 0x07, 0xD6, 0x03, 0x2C, 0x01, 0xF2, 0xFE, 0x52, 0xFC,
  0xA6, 0xF8, 0xC8, 0xF3, 0x3E, 0xEE, 0x20, 0xE9, 0xD1, 0xE5, 0x90, 0xE5,
  0x11, 0xE9, 0x37, 0xF0, 0x09, 0xFA, 0xE5, 0x04, 0xE6, 0x0E, 0x5F, 0x16,
  0x43, 0x1A, 0x5D, 0x1A, 0x4F, 0x17, 0x50, 0x12, 0xC2, 0x0C, 0xCA, 0x07,
  0xFE, 0x03, 0x49, 0x01, 0x0F, 0xFF, 0x79, 0xFC, 0xDC, 0xF8, 0x0C, 0xF4,
  0x85, 0xEE, 0x5A, 0xE9, 0xEB, 0xE5, 0x7D, 0xE5, 0xCD, 0xE8, 0xC9, 0xEF,
  0x81, 0xF9, 0x5B, 0x04, 0x72, 0x0E, 0x14, 0x16, 0x29, 0x1A, 0x71, 0x1A,
  0x85, 0x17, 0x96, 0x12, 0x07, 0x0D, 0x03, 0x08, 0x27, 0x04, 0x67, 0x01,
  0x2C, 0xFF, 0x9F, 0xFC, 0x12, 0xF9, 0x50, 0xF4, 0xCC, 0xEE, 0x94, 0xE9,
  0x07, 0xE6, 0x6D, 0xE5, 0x8B, 0xE8, 0x5C, 0xEF, 0xFA, 0xF8, 0xD1, 0x03,
  0xFD, 0x0D, 0xC6, 0x15, 0x0C, 0x1A, 0x83, 0x1A, 0xBA, 0x17, 0xDC, 0x12,
  0x4D, 0x0D, 0x3D, 0x08, 0x51, 0x04, 0x86, 0x01, 0x49, 0xFF, 0xC5, 0xFC,
  0x47, 0xF9, 0x93, 0xF4, 0x14, 0xEF, 0xD0, 0xE9, 0x25, 0xE6, 0x5F, 0xE5,
  0x4C, 0xE8, 0xF1, 0xEE, 0x74, 0xF8, 0x46, 0x03, 0x86, 0x0D, 0x77, 0x15,
  0xED, 0x19, 0x92, 0x1A, 0xED, 0x17, 0x21, 0x13, 0x93, 0x0D, 0x78, 0x08,
  0x7C, 0x04, 0xA4, 0x01, 0x65, 0xFF, 0xEA, 0xFC, 0x7B, 0xF9, 0xD5, 0xF4,
  0x5B, 0xEF, 0x0D, 0xEA, 0x45, 0xE6, 0x53, 0xE5, 0x0F, 0xE8, 0x88, 0xEE,
  0xEE, 0xF7, 0xBB, 0x02, 0x0E, 0x0D, 0x24, 0x15, 0xCB, 0x19, 0xA0, 0x1A,
  0x1F, 0x18, 0x66, 0x13, 0xDA, 0x0D, 0xB3, 0x08, 0xA7, 0x04, 0xC4, 0x01,
  0x82, 0xFF, 0x0E, 0xFD, 0xAF, 0xF9, 0x17, 0xF5, 0xA3, 0xEF, 0x4A, 0xEA,
  0x67, 0xE6, 0x4A, 0xE5, 0xD4, 0xE7, 0x20, 0xEE, 0x69, 0xF7, 0x30, 0x02,
  0x94, 0x0C, 0xD0, 0x14, 0xA7, 0x19, 0xAC, 0x1A, 0x4F, 0x18, 0xAA, 0x13,
  0x21, 0x0E, 0xEF, 0x08, 0xD3, 0x04, 0xE3, 0x01, 0x9E, 0xFF, 0x32, 0xFD,
  0xE1, 0xF9, 0x59, 0xF5, 0xEB, 0xEF, 0x89, 0xEA, 0x8A, 0xE6, 0x43, 0xE5,
  0x9C, 0xE7, 0xBB, 0xED, 0xE6, 0xF6, 0xA4, 0x01, 0x19, 0x0C, 0x79, 0x14,
  0x80, 0x19, 0xB5, 0x1A, 0x7E, 0x18, 0xEE, 0x13, 0x68, 0x0E, 0x2C, 0x09,
  0x00, 0x05, 0x03, 0x02, 0xBA, 0xFF, 0x55, 0xFD, 0x13, 0xFA, 0x9A, 0xF5,
  0x33, 0xF0, 0xC9, 0xEA, 0xAF, 0xE6, 0x3F, 0xE5, 0x67, 0xE7, 0x58, 0xED,
  0x63, 0xF6, 0x18, 0x01, 0x9C, 0x0B, 0x21, 0x14, 0x57, 0x19, 0xBC, 0x1A,
  0xAB, 0x18, 0x32, 0x14, 0xAF, 0x0E, 0x69, 0x09, 0x2E, 0x05, 0x24, 0x02,
  0xD6, 0xFF, 0x78, 0xFD, 0x44, 0xFA, 0xDA, 0xF5, 0x7A, 0xF0, 0x09, 0xEB,
  0xD6, 0xE6, 0x3D, 0xE5, 0x34, 0xE7, 0xF7, 0xEC, 0xE2, 0xF5, 0x8C, 0x00,
  0x1E, 0x0B, 0xC6, 0x13, 0x2B, 0x19, 0xC1, 0x1A, 0xD7, 0x18, 0x74, 0x14,
  0xF6, 0x0E, 0xA7, 0x09, 0x5C, 0x05, 0x45, 0x02, 0xF2, 0xFF, 0x9A, 0xFD,
  0x74, 0xFA, 0x1A, 0xF6, 0xC2, 0xF0, 0x4A, 0xEB, 0xFF, 0xE6, 0x3D, 0xE5,
  0x03, 0xE7, 0x97, 0xEC, 0x61, 0xF5, 0x00, 0x00, 0x9F, 0x0A, 0x69, 0x13,
  0xFD, 0x18, 0xC3, 0x1A, 0x01, 0x19, 0xB6, 0x14, 0x3E, 0x0F, 0xE6, 0x09,
  0x8C, 0x05, 0x66, 0x02, 0x0E, 0x00, 0xBB, 0xFD, 0xA4, 0xFA, 0x59, 0xF6,
  0x0A, 0xF1, 0x8C, 0xEB, 0x29, 0xE7, 0x3F, 0xE5, 0xD5, 0xE6, 0x3A, 0xEC,
  0xE2, 0xF4, 0x74, 0xFF, 0x1E, 0x0A, 0x09, 0x13, 0xCC, 0x18, 0xC3, 0x1A,
  0x2A, 0x19, 0xF7, 0x14, 0x86, 0x0F, 0x26, 0x0A, 0xBC, 0x05, 0x88, 0x02,
  0x2A, 0x00, 0xDC, 0xFD, 0xD2, 0xFA, 0x97, 0xF6, 0x51, 0xF1, 0xCE, 0xEB,
  0x55, 0xE7, 0x44, 0xE5, 0xA9, 0xE6, 0xDF, 0xEB, 0x64, 0xF4, 0xE8, 0xFE,
  0x9D, 0x09, 0xA8, 0x12, 0x99, 0x18, 0xC1, 0x1A, 0x51, 0x19, 0x37, 0x15,
  0xCD, 0x0F, 0x66, 0x0A, 0xED, 0x05, 0xAB, 0x02, 0x46, 0x00, 0xFD, 0xFD,
  0x00, 0xFB, 0xD4, 0xF6, 0x98, 0xF1, 0x12, 0xEC, 0x82, 0xE7, 0x4B, 0xE5,
  0x80, 0xE6, 0x87, 0xEB, 0xE7, 0xF3, 0x5C, 0xFE, 0x1A, 0x09, 0x45, 0x12,
  0x64, 0x18, 0xBD, 0x1A, 0x76, 0x19, 0x77, 0x15, 0x15, 0x10, 0xA7, 0x0A,
  0x1F, 0x06, 0xCE, 0x02, 0x62, 0x00, 0x1D, 0xFE, 0x2D, 0xFB, 0x11, 0xF7,
  0xDF, 0xF1, 0x56, 0xEC, 0xB1, 0xE7, 0x54, 0xE5, 0x59, 0xE6, 0x30, 0xEB,
  0x6C, 0xF3, 0xD0, 0xFD, 0x97, 0x08, 0xE0, 0x11, 0x2C, 0x18, 0xB6, 0x1A,
  0x99, 0x19, 0xB6, 0x15, 0x5D, 0x10, 0xE9, 0x0A, 0x51, 0x06, 0xF2, 0x02,
  0x7E, 0x00, 0x3C, 0xFE, 0x59, 0xFB, 0x4D, 0xF7, 0x26, 0xF2, 0x9A, 0xEC,
  0xE1, 0xE7, 0x60, 0xE5, 0x35, 0xE6, 0xDC, 0xEA, 0xF2, 0xF2, 0x45, 0xFD,
  0x12, 0x08, 0x78, 0x11, 0xF1, 0x17, 0xAD, 0x1A, 0xBB, 0x19, 0xF3, 0x15,
  0xA5, 0x10, 0x2B, 0x0B, 0x85, 0x06, 0x16, 0x03, 0x9B, 0x00, 0x5C, 0xFE,
  0x84, 0xFB, 0x88, 0xF7, 0x6D, 0xF2, 0xDF, 0xEC, 0x13, 0xE8, 0x6E, 0xE5,
  0x13, 0xE6, 0x89, 0xEA, 0x7A, 0xF2, 0xBA, 0xFC, 0x8C, 0x07, 0x0F, 0x11,
  0xB4, 0x17, 0xA1, 0x1A, 0xDB, 0x19, 0x30, 0x16, 0xEC, 0x10, 0x6D, 0x0B,
  0xB9, 0x06, 0x3B, 0x03, 0xB7, 0x00, 0x7A, 0xFE, 0xAF, 0xFB, 0xC3, 0xF7,
  0xB3, 0xF2, 0x24, 0xED, 0x46, 0xE8, 0x7D, 0xE5, 0xF4, 0xE5, 0x3A, 0xEA,
  0x03, 0xF2, 0x2F, 0xFC, 0x06, 0x07, 0xA4, 0x10, 0x75, 0x17, 0x93, 0x1A,
  0xF9, 0x19, 0x6C, 0x16, 0x34, 0x11, 0xB0, 0x0B, 0xEE, 0x06, 0x61, 0x03,
  0xD4, 0x00, 0x99, 0xFE, 0xD9, 0xFB, 0xFD, 0xF7, 0xF9, 0xF2, 0x6A, 0xED,
  0x7B, 0xE8, 0x8F, 0xE5, 0xD7, 0xE5, 0xEC, 0xE9, 0x8E, 0xF1, 0xA5, 0xFB,
  0x7F, 0x06, 0x37, 0x10, 0x33, 0x17, 0x83, 0x1A, 0x15, 0x1A, 0xA6, 0x16,
  0x7B, 0x11, 0xF4, 0x0B, 0x24, 0x07, 0x87, 0x03, 0xF1, 0x00, 0xB7, 0xFE,
  0x02, 0xFC, 0x36, 0xF8, 0x3E, 0xF3, 0xB0, 0xED, 0xB1, 0xE8, 0xA3, 0xE5,
  0xBD, 0xE5, 0xA1, 0xE9, 0x1A, 0xF1, 0x1B, 0xFB, 0xF7, 0x05, 0xC9, 0x0F,
  0xEF, 0x16, 0x70, 0x1A, 0x2F, 0x1A, 0xE0, 0x16, 0xC2, 0x11, 0x38, 0x0C,
  0x5A, 0x07, 0xAE, 0x03, 0x0E, 0x01, 0xD4, 0xFE, 0x2A, 0xFC, 0x6E, 0xF8,
  0x83, 0xF3, 0xF7, 0xED, 0xE8, 0xE8, 0xB9, 0xE5, 0xA5, 0xE5, 0x58, 0xE9,
  0xA8, 0xF0, 0x92, 0xFA, 0x6E, 0x05, 0x58, 0x0F, 0xA8, 0x16, 0x5B, 0x1A,
  0x47, 0x1A, 0x18, 0x17, 0x09, 0x12, 0x7D, 0x0C, 0x92, 0x07, 0xD6, 0x03,
  0x2C, 0x01, 0xF2, 0xFE, 0x52, 0xFC, 0xA6, 0xF8, 0xC8, 0xF3, 0x3E, 0xEE,
  0x20, 0xE9, 0xD1, 0xE5, 0x90, 0xE5, 0x11, 0xE9, 0x37, 0xF0, 0x09, 0xFA,
  0xE5, 0x04, 0xE6, 0x0E, 0x5F, 0x16, 0x43, 0x1A, 0x5D, 0x1A, 0x4F, 0x17,
  0x50, 0x12, 0xC2, 0x0C, 0xCA, 0x07, 0xFE, 0x03, 0x49, 0x01, 0x0F, 0xFF,
  0x79, 0xFC, 0xDC, 0xF8, 0x0C, 0xF4, 0x85, 0xEE, 0x5A, 0xE9, 0xEB, 0xE5,
  0x7D, 0xE5, 0xCD, 0xE8, 0xC9, 0xEF, 0x81, 0xF9, 0x5B, 0x04, 0x72, 0x0E,
  0x14, 0x16, 0x29, 0x1A, 0x71, 0x1A, 0x85, 0x17, 0x96, 0x12, 0x07, 0x0D,
  0x03, 0x08, 0x27, 0x04, 0x67, 0x01, 0x2C, 0xFF, 0x9F, 0xFC, 0x12, 0xF9,
  0x50, 0xF4, 0xCC, 0xEE, 0x94, 0xE9, 0x07, 0xE6, 0x6D, 0xE5, 0x8B, 0xE8,
  0x5C, 0xEF, 0xFA, 0xF8, 0xD1, 0x03, 0xFD, 0x0D, 0xC6, 0x15, 0x0C, 0x1A,
  0x83, 0x1A, 0xBA, 0x17, 0xDC, 0x12, 0x4D, 0x0D, 0x3D, 0x08, 0x51, 0x04,
  0x86, 0x01, 0x49, 0xFF, 0xC5, 0xFC, 0x47, 0xF9, 0x93, 0xF4, 0x14, 0xEF,
  0xD0, 0xE9, 0x25, 0xE6, 0x5F, 0xE5, 0x4C, 0xE8, 0xF1, 0xEE, 0x74, 0xF8,
  0x46, 0x03, 0x86, 0x0D, 0x77, 0x15, 0xED, 0x19, 0x92, 0x1A, 0xED, 0x17,
  0x21, 0x13, 0x93, 0x0D, 0x78, 0x08, 0x7C, 0x04, 0xA4, 0x01, 0x65, 0xFF,
  0xEA, 0xFC, 0x7B, 0xF9, 0xD5, 0xF4, 0x5B, 0xEF, 0x0D, 0xEA, 0x45, 0xE6,
  0x53, 0xE5, 0x0F, 0xE8, 0x88, 0xEE, 0xEE, 0xF7, 0xBB, 0x02, 0x0E, 0x0D,
  0x24, 0x15, 0xCB, 0x19, 0xA0, 0x1A, 0x1F, 0x18, 0x66, 0x13, 0xDA, 0x0D,
  0xB3, 0x08, 0xA7, 0x04, 0xC4, 0x01, 0x82, 0xFF, 0x0E, 0xFD, 0xAF, 0xF9,
  0x17, 0xF5, 0xA3, 0xEF, 0x4A, 0xEA, 0x67, 0xE6, 0x4A, 0xE5, 0xD4, 0xE7,
  0x20, 0xEE, 0x69, 0xF7, 0x30, 0x02, 0x94, 0x0C, 0xD0, 0x14, 0xA7, 0x19,
  0xAC, 0x1A, 0x4F, 0x18, 0xAA, 0x13, 0x21, 0x0E, 0xEF, 0x08, 0xD3, 0x04,
  0xE3, 0x01, 0x9E, 0xFF, 0x32, 0xFD, 0xE1, 0xF9, 0x59, 0xF5, 0xEB, 0xEF,
  0x89, 0xEA, 0x8A, 0xE6, 0x43, 0xE5, 0x9C, 0xE7, 0xBB, 0xED, 0xE6, 0xF6,
  0xA4, 0x01, 0x19, 0x0C, 0x79, 0x14, 0x80, 0x19, 0xB5, 0x1A, 0x7E, 0x18,
  0xEE, 0x13, 0x68, 0x0E, 0x2C, 0x09, 0x00, 0x05, 0x03, 0x02, 0xBA, 0xFF,
  0x55, 0xFD, 0x13, 0xFA, 0x9A, 0xF5, 0x33, 0xF0, 0xC9, 0xEA, 0xAF, 0xE6,
  0x3F, 0xE5, 0x67, 0xE7, 0x58, 0xED, 0x63, 0xF6, 0x18, 0x01, 0x9C, 0x0B,
  0x21, 0x14, 0x57, 0x19, 0xBC, 0x1A, 0xAB, 0x18, 0x32, 0x14, 0xAF, 0x0E,
  0x69, 0x09, 0x2E, 0x05, 0x24, 0x02, 0xD6, 0xFF, 0x78, 0xFD, 0x44, 0xFA,
  0xDA, 0xF5, 0x7A, 0xF0, 0x09, 0xEB, 0xD6, 0xE6, 0x3D, 0xE5, 0x34, 0xE7,
  0xF7, 0xEC, 0xE2, 0xF5, 0x8C, 0x00, 0x1E, 0x0B, 0xC6, 0x13, 0x2B, 0x19,
  0xC1, 0x1A, 0xD7, 0x18, 0x74, 0x14, 0xF6, 0x0E, 0xA7, 0x09, 0x5C, 0x05,
  0x45, 0x02, 0xF2, 0xFF, 0x9A, 0xFD, 0x74, 0xFA, 0x1A, 0xF6, 0xC2, 0xF0,
  0x4A, 0xEB, 0xFF, 0xE6, 0x3D, 0xE5, 0x03, 0xE7, 0x97, 0xEC, 0x61, 0xF5,
  0x00, 0x00, 0x9F, 0x0A, 0x69, 0x13, 0xFD, 0x18, 0xC3, 0x1A, 0x01, 0x19,
  0xB6, 0x14, 0x3E, 0x0F, 0xE6, 0x09, 0x8C, 0x05, 0x66, 0x02, 0x0E, 0x00,
  0xBB, 0xFD, 0xA4, 0xFA, 0x59, 0xF6, 0x0A, 0xF1, 0x8C, 0xEB, 0x29, 0xE7,
  0x3F, 0xE5, 0xD5, 0xE6, 0x3A, 0xEC, 0xE2, 0xF4, 0x74, 0xFF, 0x1E, 0x0A,
  0x09, 0x13, 0xCC, 0x18, 0xC3, 0x1A, 0x2A, 0x19, 0xF7, 0x14, 0x86, 0x0F,
  0x26, 0x0A, 0xBC, 0x05, 0x88, 0x02, 0x2A, 0x00, 0xDC, 0xFD, 0xD2, 0xFA,
  0x97, 0xF6, 0x51, 0xF1, 0xCE, 0xEB, 0x55, 0xE7, 0x44, 0xE5, 0xA9, 0xE6,
  0xDF, 0xEB, 0x64, 0xF4, 0xE8, 0xFE, 0x9D, 0x09, 0xA8, 0x12, 0x99, 0x18,
  0xC1, 0x1A, 0x51, 0x19, 0x37, 0x15, 0xCD, 0x0F, 0x66, 0x0A, 0xED, 0x05,
  0xAB, 0x02, 0x46, 0x00, 0xFD, 0xFD, 0x00, 0xFB, 0xD4, 0xF6, 0x98, 0xF1,
  0x12, 0xEC, 0x82, 0xE7, 0x4B, 0xE5, 0x80, 0xE6, 0x87, 0xEB, 0xE7, 0xF3,
  0x5C, 0xFE, 0x1A, 0x09, 0x45, 0x12, 0x64, 0x18, 0xBD, 0x1A, 0x76, 0x19,
  0x77, 0x15, 0x15, 0x10, 0xA7, 0x0A, 0x1F, 0x06, 0xCE, 0x02, 0x62, 0x00,
  0x1D, 0xFE, 0x2D, 0xFB, 0x11, 0xF7, 0xDF, 0xF1, 0x56, 0xEC, 0xB1, 0xE7,
  0x54, 0xE5, 0x59, 0xE6, 0x30, 0xEB, 0x6C, 0xF3, 0xD0, 0xFD, 0x97, 0x08,
  0xE0, 0x11, 0x2C, 0x18, 0xB6, 0x1A, 0x99, 0x19, 0xB6, 0x15, 0x5D, 0x10,
  0xE9, 0x0A, 0x51, 0x06, 0xF2, 0x02, 0x7E, 0x00, 0x3C, 0xFE, 0x59, 0xFB,
  0x4D, 0xF7, 0x26, 0xF2, 0x9A, 0xEC, 0xE1, 0xE7, 0x60, 0xE5, 0x35, 0xE6,
  0xDC, 0xEA, 0xF2, 0xF2, 0x45, 0xFD, 0x12, 0x08, 0x78, 0x11, 0xF1, 0x17,
  0xAD, 0x1A, 0xBB, 0x19, 0xF3, 0x15, 0xA5, 0x10, 0x2B, 0x0B, 0x85, 0x06,
  0x16, 0x03, 0x9B, 0x00, 0x5C, 0xFE, 0x84, 0xFB, 0x88, 0xF7, 0x6D, 0xF2,
  0xDF, 0xEC, 0x13, 0xE8, 0x6E, 0xE5, 0x13, 0xE6, 0x89, 0xEA, 0x7A, 0xF2,
  0xBA, 0xFC, 0x8C, 0x07, 0x0F, 0x11, 0xB4, 0x17, 0xA1, 0x1A, 0xDB, 0x19,
  0x30, 0x16, 0xEC, 0x10, 0x6D, 0x0B, 0xB9, 0x06, 0x3B, 0x03, 0xB7, 0x00,
  0x7A, 0xFE, 0xAF, 0xFB, 0xC3, 0xF7, 0xB3, 0xF2, 0x24, 0xED, 0x46, 0xE8,
  0x7D, 0xE5, 0xF4, 0xE5, 0x3A, 0xEA, 0x03, 0xF2, 0x2F, 0xFC, 0x06, 0x07,
  0xA4, 0x10, 0x75, 0x17, 0x93, 0x1A, 0xF9, 0x19, 0x6C, 0x16, 0x34, 0x11,
  0xB0, 0x0B, 0xEE, 0x06, 0x61, 0x03, 0xD4, 0x00, 0x99, 0xFE, 0xD9, 0xFB,
  0xFD, 0xF7, 0xF9, 0xF2, 0x6A, 0xED, 0x7B, 0xE8, 0x8F, 0xE5, 0xD7, 0xE5,
  0xEC, 0xE9, 0x8E, 0xF1, 0xA5, 0xFB, 0x7F, 0x06, 0x37, 0x10, 0x33, 0x17,
  0x83, 0x1A, 0x15, 0x1A, 0xA6, 0x16, 0x7B, 0x11, 0xF4, 0x0B, 0x24, 0x07,
  0x87, 0x03, 0xF1, 0x00, 0xB7, 0xFE, 0x02, 0xFC, 0x36, 0xF8, 0x3E, 0xF3,
  0xB0, 0xED, 0xB1, 0xE8, 0xA3, 0xE5, 0xBD, 0xE5, 0xA1, 0xE9, 0x1A, 0xF1,
  0x1B, 0xFB, 0xF7, 0x05, 0xC9, 0x0F, 0xEF, 0x16, 0x70, 0x1A, 0x2F, 0x1A,
  0xE0, 0x16, 0xC2, 0x11, 0x38, 0x0C, 0x5A, 0x07, 0xAE, 0x03, 0x0E, 0x01,
  0xD4, 0xFE, 0x2A, 0xFC, 0x6E, 0xF8, 0x83, 0xF3, 0xF7, 0xED, 0xE8, 0xE8,
  0xB9, 0xE5, 0xA5, 0xE5, 0x58, 0xE9, 0xA8, 0xF0, 0x92, 0xFA, 0x6E, 0x05,
  0x58, 0x0F, 0xA8, 0x16, 0x5B, 0x1A, 0x47, 0x1A, 0x18, 0x17, 0x09, 0x12,
  0x7D, 0x0C, 0x92, 0x07, 0xD6, 0x03, 0x2C, 0x01, 0xF2, 0xFE, 0x52, 0xFC,
  0xA6, 0xF8, 0xC8, 0xF3, 0x3E, 0xEE, 0x20, 0xE9, 0xD1, 0xE5, 0x90, 0xE5,
  0x11, 0xE9, 0x37, 0xF0, 0x09, 0xFA, 0xE5, 0x04, 0xE6, 0x0E, 0x5F, 0x16,
  0x43, 0x1A, 0x5D, 0x1A, 0x4F, 0x17, 0x50, 0x12, 0xC2, 0x0C, 0xCA, 0x07,
  0xFE, 0x03, 0x49, 0x01, 0x0F, 0xFF, 0x79, 0xFC, 0xDC, 0xF8, 0x0C, 0xF4,
  0x85, 0xEE, 0x5A, 0xE9, 0xEB, 0xE5, 0x7D, 0xE5, 0xCD, 0xE8, 0xC9, 0xEF,
  0x81, 0xF9, 0x5B, 0x04, 0x72, 0x0E, 0x14, 0x16, 0x29, 0x1A, 0x71, 0x1A,
  0x85, 0x17, 0x96, 0x12, 0x07, 0x0D, 0x03, 0x08, 0x27, 0x04, 0x67, 0x01,
  0x2C, 0xFF, 0x9F, 0xFC, 0x12, 0xF9, 0x50, 0xF4, 0xCC, 0xEE, 0x94, 0xE9,
  0x07, 0xE6, 0x6D, 0xE5, 0x8B, 0xE8, 0x5C, 0xEF, 0xFA, 0xF8, 0xD1, 0x03,
  0xFD, 0x0D, 0xC6, 0x15, 0x0C, 0x1A, 0x83, 0x1A, 0xBA, 0x17, 0xDC, 0x12,
  0x4D, 0x0D, 0x3D, 0x08, 0x51, 0x04, 0x86, 0x01, 0x49, 0xFF, 0xC5, 0xFC,
  0x47, 0xF9, 0x93, 0xF4, 0x14, 0xEF, 0xD0, 0xE9, 0x25, 0xE6, 0x5F, 0xE5,
  0x4C, 0xE8, 0xF1, 0xEE, 0x74, 0xF8, 0x46, 0x03, 0x86, 0x0D, 0x77, 0x15,
  0xED, 0x19, 0x92, 0x1A, 0xED, 0x17, 0x21, 0x13, 0x93, 0x0D, 0x78, 0x08,
  0x7C, 0x04, 0xA4, 0x01, 0x65, 0xFF, 0xEA, 0xFC, 0x7B, 0xF9, 0xD5, 0xF4,
  0x5B, 0xEF, 0x0D, 0xEA, 0x45, 0xE6, 0x53, 0xE5, 0x0F, 0xE8, 0x88, 0xEE,
  0xEE, 0xF7, 0xBB, 0x02, 0x0E, 0x0D, 0x24, 0x15, 0xCB, 0x19, 0xA0, 0x1A,
  0x1F, 0x18, 0x66, 0x13, 0xDA, 0x0D, 0xB3, 0x08, 0xA7, 0x04, 0xC4, 0x01,
  0x82, 0xFF, 0x0E, 0xFD, 0xAF, 0xF9, 0x17, 0xF5, 0xA3, 0xEF, 0x4A, 0xEA,
  0x67, 0xE6, 0x4A, 0xE5, 0xD4, 0xE7, 0x20, 0xEE, 0x69, 0xF7, 0x30, 0x02,
  0x94, 0x0C, 0xD0, 0x14, 0xA7, 0x19, 0xAC, 0x1A, 0x4F, 0x18, 0xAA, 0x13,
  0x21, 0x0E, 0xEF, 0x08, 0xD3, 0x04, 0xE3, 0x01, 0x9E, 0xFF, 0x32, 0xFD,
  0xE1, 0xF9, 0x59, 0xF5, 0xEB, 0xEF, 0x89, 0xEA, 0x8A, 0xE6, 0x43, 0xE5,
  0x9C, 0xE7, 0xBB, 0xED, 0xE6, 0xF6, 0xA4, 0x01, 0x19, 0x0C, 0x79, 0x14,
  0x80, 0x19, 0xB5, 0x1A, 0x7E, 0x18, 0xEE, 0x13, 0x68, 0x0E, 0x2C, 0x09,
  0x00, 0x05, 0x03, 0x02, 0xBA, 0xFF, 0x55, 0xFD, 0x13, 0xFA, 0x9A, 0xF5,
  0x33, 0xF0, 0xC9, 0xEA, 0xAF, 0xE6, 0x3F, 0xE5, 0x67, 0xE7, 0x58, 0xED,
  0x63, 0xF6, 0x18, 0x01, 0x9C, 0x0B, 0x21, 0x14, 0x57, 0x19, 0xBC, 0x1A,
  0xAB, 0x18, 0x32, 0x14, 0xAF, 0x0E, 0x69, 0x09, 0x2E, 0x05, 0x24, 0x02,
  0xD6, 0xFF, 0x78, 0xFD, 0x44, 0xFA, 0xDA, 0xF5, 0x7A, 0xF0, 0x09, 0xEB,
  0xD6, 0xE6, 0x3D, 0xE5, 0x34, 0xE7, 0xF7, 0xEC, 0xE2, 0xF5, 0x8C, 0x00,
  0x1E, 0x0B, 0xC6, 0x13, 0x2B, 0x19, 0xC1, 0x1A, 0xD7, 0x18, 0x74, 0x14,
  0xF6, 0x0E, 0xA7, 0x09, 0x5C, 0x05, 0x45, 0x02, 0xF2, 0xFF, 0x9A, 0xFD,
  0x74, 0xFA, 0x1A, 0xF6, 0xC2, 0xF0, 0x4A, 0xEB, 0xFF, 0xE6, 0x3D, 0xE5,
  0x03, 0xE7, 0x97, 0xEC, 0x61, 0xF5, 0x00, 0x00, 0x9F, 0x0A, 0x69, 0x13,
  0xFD, 0x18, 0xC3, 0x1A, 0x01, 0x19, 0xB6, 0x14, 0x3E, 0x0F, 0xE6, 0x09,
  0x8C, 0x05, 0x66, 0x02, 0x0E, 0x00, 0xBB, 0xFD, 0xA4, 0xFA, 0x59, 0xF6,
  0x0A, 0xF1, 0x8C, 0xEB, 0x29, 0xE7, 0x3F, 0xE5, 0xD5, 0xE6, 0x3A, 0xEC,
  0xE2, 0xF4, 0x74, 0xFF, 0x1E, 0x0A, 0x09, 0x13, 0xCC, 0x18, 0xC3, 0x1A,
  0x2A, 0x19, 0xF7, 0x14, 0x86, 0x0F, 0x26, 0x0A, 0xBC, 0x05, 0x88, 0x02,
  0x2A, 0x00, 0xDC, 0xFD, 0xD2, 0xFA, 0x97, 0xF6, 0x51, 0xF1, 0xCE, 0xEB,
  0x55, 0xE7, 0x44, 0xE5, 0xA9, 0xE6, 0xDF, 0xEB, 0x64, 0xF4, 0xE8, 0xFE,
  0x9D, 0x09, 0xA8, 0x12, 0x99, 0x18, 0xC1, 0x1A, 0x51, 0x19, 0x37, 0x15,
  0xCD, 0x0F, 0x66, 0x0A, 0xED, 0x05, 0xAB, 0x02, 0x46, 0x00, 0xFD, 0xFD,
  0x00, 0xFB, 0xD4, 0xF6, 0x98, 0xF1, 0x12, 0xEC, 0x82, 0xE7, 0x4B, 0xE5,
  0x80, 0xE6, 0x87, 0xEB, 0xE7, 0xF3, 0x5C, 0xFE, 0x1A, 0x09, 0x45, 0x12,
  0x64, 0x18, 0xBD, 0x1A, 0x76, 0x19, 0x77, 0x15, 0x15, 0x10, 0xA7, 0x0A,
  0x1F, 0x06, 0xCE, 0x02, 0x62, 0x00, 0x1D, 0xFE, 0x2D, 0xFB, 0x11, 0xF7,
  0xDF, 0xF1, 0x56, 0xEC, 0xB1, 0xE7, 0x54, 0xE5, 0x59, 0xE6, 0x30, 0xEB,
  0x6C, 0xF3, 0xD0, 0xFD, 0x97, 0x08, 0xE0, 0x11, 0x2C, 0x18, 0xB6, 0x1A,
  0x99, 0x19, 0xB6, 0x15, 0x5D, 0x10, 0xE9, 0x0A, 0x51, 0x06, 0xF2, 0x02,
  0x7E, 0x00, 0x3C, 0xFE, 0x59, 0xFB, 0x4D, 0xF7, 0x26, 0xF2, 0x9A, 0xEC,
  0xE1, 0xE7, 0x60, 0xE5, 0x35, 0xE6, 0xDC, 0xEA, 0xF2, 0xF2, 0x45, 0xFD,
  0x12, 0x08, 0x78, 0x11, 0xF1, 0x17, 0xAD, 0x1A, 0xBB, 0x19, 0xF3, 0x15,
  0xA5, 0x10, 0x2B, 0x0B, 0x85, 0x06, 0x16, 0x03, 0x9B, 0x00, 0x5C, 0xFE,
  0x84, 0xFB, 0x88, 0xF7, 0x6D, 0xF2, 0xDF, 0xEC, 0x13, 0xE8, 0x6E, 0xE5,
  0x13, 0xE6, 0x89, 0xEA, 0x7A, 0xF2, 0xBA, 0xFC, 0x8C, 0x07, 0x0F, 0x11,
  0xB4, 0x17, 0xA1, 0x1A, 0xDB, 0x19, 0x30, 0x16, 0xEC, 0x10, 0x6D, 0x0B,
  0xB9, 0x06, 0x3B, 0x03, 0xB7, 0x00, 0x7A, 0xFE, 0xAF, 0xFB, 0xC3, 0xF7,
  0xB3, 0xF2, 0x24, 0xED, 0x46, 0xE8, 0x7D, 0xE5, 0xF4, 0xE5, 0x3A, 0xEA,
  0x03, 0xF2, 0x2F, 0xFC, 0x06, 0x07, 0xA4, 0x10, 0x75, 0x17, 0x93, 0x1A,
  0xF9, 0x19, 0x6C, 0x16, 0x34, 0x11, 0xB0, 0x0B, 0xEE, 0x06, 0x61, 0x03,
  0xD4, 0x00, 0x99, 0xFE, 0xD9, 0xFB, 0xFD, 0xF7, 0xF9, 0xF2, 0x6A, 0xED,
  0x7B, 0xE8, 0x8F, 0xE5, 0xD7, 0xE5, 0xEC, 0xE9, 0x8E, 0xF1, 0xA5, 0xFB,
  0x7F, 0x06, 0x37, 0x10, 0x33, 0x17, 0x83, 0x1A, 0x15, 0x1A, 0xA6, 0x16,
  0x7B, 0x11, 0xF4, 0x0B, 0x24, 0x07, 0x87, 0x03, 0xF1, 0x00, 0xB7, 0xFE,
  0x02, 0xFC, 0x36, 0xF8, 0x3E, 0xF3, 0xB0, 0xED, 0xB1, 0xE8, 0xA3, 0xE5,
  0xBD, 0xE5, 0xA1, 0xE9, 0x1A, 0xF1, 0x1B, 0xFB, 0xF7, 0x05, 0xC9, 0x0F,
  0xEF, 0x16, 0x70, 0x1A, 0x2F, 0x1A, 0xE0, 0x16, 0xC2, 0x11, 0x38, 0x0C,
  0x5A, 0x07, 0xAE, 0x03, 0x0E, 0x01, 0xD4, 0xFE, 0x2A, 0xFC, 0x6E, 0xF8,
  0x83, 0xF3, 0xF7, 0xED, 0xE8, 0xE8, 0xB9, 0xE5, 0xA5, 0xE5, 0x58, 0xE9,
  0xA8, 0xF0, 0x92, 0xFA, 0x6E, 0x05, 0x58, 0x0F, 0xA8, 0x16, 0x5B, 0x1A,
  0x47, 0x1A, 0x18, 0x17, 0x09, 0x12, 0x7D, 0x0C, 0x92, 0x07, 0xD6, 0x03,
  0x2C, 0x01, 0xF2, 0xFE, 0x52, 0xFC, 0xA6, 0xF8, 0xC8, 0xF3, 0x3E, 0xEE,
  0x20, 0xE9, 0xD1, 0xE5, 0x90, 0xE5, 0x11, 0xE9, 0x37, 0xF0, 0x09, 0xFA,
  0xE5, 0x04, 0xE6, 0x0E, 0x5F, 0x16, 0x43, 0x1A, 0x5D, 0x1A, 0x4F, 0x17,
  0x50, 0x12, 0xC2, 0x0C, 0xCA, 0x07, 0xFE, 0x03, 0x49, 0x01, 0x0F, 0xFF,
  0x79, 0xFC, 0xDC, 0xF8, 0x0C, 0xF4, 0x85, 0xEE, 0x5A, 0xE9, 0xEB, 0xE5,
  0x7D, 0xE5, 0xCD, 0xE8, 0xC9, 0xEF, 0x81, 0xF9, 0x5B, 0x04, 0x72, 0x0E,
  0x14, 0x16, 0x29, 0x1A, 0x71, 0x1A, 0x85, 0x17, 0x96, 0x12, 0x07, 0x0D,
  0x03, 0x08, 0x27, 0x04, 0x67, 0x01, 0x2C, 0xFF, 0x9F, 0xFC, 0x12, 0xF9,
  0x50, 0xF4, 0xCC, 0xEE, 0x94, 0xE9, 0x07, 0xE6, 0x6D, 0xE5, 0x8B, 0xE8,
  0x5C, 0xEF, 0xFA, 0xF8, 0xD1, 0x03, 0xFD, 0x0D, 0xC6, 0x15, 0x0C, 0x1A,
  0x83, 0x1A, 0xBA, 0x17, 0xDC, 0x12, 0x4D, 0x0D, 0x3D, 0x08, 0x51, 0x04,
  0x86, 0x01, 0x49, 0xFF, 0xC5, 0xFC, 0x47, 0xF9, 0x93, 0xF4, 0x14, 0xEF,
  0xD0, 0xE9, 0x25, 0xE6, 0x5F, 0xE5, 0x4C, 0xE8, 0xF1, 0xEE, 0x74, 0xF8,
  0x46, 0x03, 0x86, 0x0D, 0x77, 0x15, 0xED, 0x19, 0x92, 0x1A, 0xED, 0x17,
  0x21, 0x13, 0x93, 0x0D, 0x78, 0x08, 0x7C, 0x04, 0xA4, 0x01, 0x65, 0xFF,
  0xEA, 0xFC, 0x7B, 0xF9, 0xD5, 0xF4, 0x5B, 0xEF, 0x0D, 0xEA, 0x45, 0xE6,
  0x53, 0xE5, 0x0F, 0xE8, 0x88, 0xEE, 0xEE, 0xF7, 0xBB, 0x02, 0x0E, 0x0D,
  0x24, 0x15, 0xCB, 0x19, 0xA0, 0x1A, 0x1F, 0x18, 0x66, 0x13, 0xDA, 0x0D,
  0xB3, 0x08, 0xA7, 0x04, 0xC4, 0x01, 0x82, 0xFF, 0x0E, 0xFD, 0xAF, 0xF9,
  0x17, 0xF5, 0xA3, 0xEF, 0x4A, 0xEA, 0x67, 0xE6, 0x4A, 0xE5, 0xD4, 0xE7,
  0x20, 0xEE, 0x69, 0xF7, 0x30, 0x02, 0x94, 0x0C, 0xD0, 0x14, 0xA7, 0x19,
  0xAC, 0x1A, 0x4F, 0x18, 0xAA, 0x13, 0x21, 0x0E, 0xEF, 0x08, 0xD3, 0x04,
  0xE3, 0x01, 0x9E, 0xFF, 0x32, 0xFD, 0xE1, 0xF9, 0x59, 0xF5, 0xEB, 0xEF,
  0x89, 0xEA, 0x8A, 0xE6, 0x43, 0xE5, 0x9C, 0xE7, 0xBB, 0xED, 0xE6, 0xF6,
  0xA4, 0x01, 0x19, 0x0C, 0x79, 0x14, 0x80, 0x19, 0xB5, 0x1A, 0x7E, 0x18,
  0xEE, 0x13, 0x68, 0x0E, 0x2C, 0x09, 0x00, 0x05, 0x03, 0x02, 0xBA, 0xFF,
  0x55, 0xFD, 0x13, 0xFA, 0x9A, 0xF5, 0x33, 0xF0, 0xC9, 0xEA, 0xAF, 0xE6,
  0x3F, 0xE5, 0x67, 0xE7, 0x58, 0xED, 0x63, 0xF6, 0x18, 0x01, 0x9C, 0x0B,
  0x21, 0x14, 0x57, 0x19, 0xBC, 0x1A, 0xAB, 0x18, 0x32, 0x14, 0xAF, 0x0E,
  0x69, 0x09, 0x2E, 0x05, 0x24, 0x02, 0xD6, 0xFF, 0x78, 0xFD, 0x44, 0xFA,
  0xDA, 0xF5, 0x7A, 0xF0, 0x09, 0xEB, 0xD6, 0xE6, 0x3D, 0xE5, 0x34, 0xE7,
  0xF7, 0xEC, 0xE2, 0xF5, 0x8C, 0x00, 0x1E, 0x0B, 0xC6, 0x13, 0x2B, 0x19,
  0xC1, 0x1A, 0xD7, 0x18, 0x74, 0x14, 0xF6, 0x0E, 0xA7, 0x09, 0x5C, 0x05,
  0x45, 0x02, 0xF2, 0xFF, 0x9A, 0xFD, 0x74, 0xFA, 0x1A, 0xF6, 0xC2, 0xF0,
  0x4A, 0xEB, 0xFF, 0xE6, 0x3D, 0xE5, 0x03, 0xE7, 0x97, 0xEC, 0x61, 0xF5,
  0x00, 0x00, 0x9F, 0x0A, 0x69, 0x13, 0xFD, 0x18, 0xC3, 0x1A, 0x01, 0x19,
  0xB6, 0x14, 0x3E, 0x0F, 0xE6, 0x09, 0x8C, 0x05, 0x66, 0x02, 0x0E, 0x00,
  0xBB, 0xFD, 0xA4, 0xFA, 0x59, 0xF6, 0x0A, 0xF1, 0x8C, 0xEB, 0x29, 0xE7,
  0x3F, 0xE5, 0xD5, 0xE6, 0x3A, 0xEC, 0xE2, 0xF4, 0x74, 0xFF, 0x1E, 0x0A,
  0x09, 0x13, 0xCC, 0x18, 0xC3, 0x1A, 0x2A, 0x19, 0xF7, 0x14, 0x86, 0x0F,
  0x26, 0x0A, 0xBC, 0x05, 0x88, 0x02, 0x2A, 0x00, 0xDC, 0xFD, 0xD2, 0xFA,
  0x97, 0xF6, 0x51, 0xF1, 0xCE, 0xEB, 0x55, 0xE7, 0x44, 0xE5, 0xA9, 0xE6,
  0xDF, 0xEB, 0x64, 0xF4, 0xE8, 0xFE, 0x9D, 0x09, 0xA8, 0x12, 0x99, 0x18,
  0xC1, 0x1A, 0x51, 0x19, 0x37, 0x15, 0xCD, 0x0F, 0x66, 0x0A, 0xED, 0x05,
  0xAB, 0x02, 0x46, 0x00, 0xFD, 0xFD, 0x00, 0xFB, 0xD4, 0xF6, 0x98, 0xF1,
  0x12, 0xEC, 0x82, 0xE7, 0x4B, 0xE5, 0x80, 0xE6, 0x87, 0xEB, 0xE7, 0xF3,
  0x5C, 0xFE, 0x1A, 0x09, 0x45, 0x12, 0x64, 0x18, 0xBD, 0x1A, 0x76, 0x19,
  0x77, 0x15, 0x15, 0x10, 0xA7, 0x0A, 0x1F, 0x06, 0xCE, 0x02, 0x62, 0x00,
  0x1D, 0xFE, 0x2D, 0xFB, 0x11, 0xF7, 0xDF, 0xF1, 0x56, 0xEC, 0xB1, 0xE7,
  0x54, 0xE5, 0x59, 0xE6, 0x30, 0xEB, 0x6C, 0xF3, 0xD0, 0xFD, 0x97, 0x08,
  0xE0, 0x11, 0x2C, 0x18, 0xB6, 0x1A, 0x99, 0x19, 0xB6, 0x15, 0x5D, 0x10,
  0xE9, 0x0A, 0x51, 0x06, 0xF2, 0x02, 0x7E, 0x00, 0x3C, 0xFE, 0x59, 0xFB,
  0x4D, 0xF7, 0x26, 0xF2, 0x9A, 0xEC, 0xE1, 0xE7, 0x60, 0xE5, 0x35, 0xE6,
  0xDC, 0xEA, 0xF2, 0xF2, 0x45, 0xFD, 0x12, 0x08, 0x78, 0x11, 0xF1, 0x17,
  0xAD, 0x1A, 0xBB, 0x19, 0xF3, 0x15, 0xA5, 0x10, 0x2B, 0x0B, 0x85, 0x06,
  0x16, 0x03, 0x9B, 0x00, 0x5C, 0xFE, 0x84, 0xFB, 0x88, 0xF7, 0x6D, 0xF2,
  0xDF, 0xEC, 0x13, 0xE8, 0x6E, 0xE5, 0x13, 0xE6, 0x89, 0xEA, 0x7A, 0xF2,
  0xBA, 0xFC, 0x8C, 0x07, 0x0F, 0x11, 0xB4, 0x17, 0xA1, 0x1A, 0xDB, 0x19,
  0x30, 0x16, 0xEC, 0x10, 0x6D, 0x0B, 0xB9, 0x06, 0x3B, 0x03, 0xB7, 0x00,
  0x7A, 0xFE, 0xAF, 0xFB, 0xC3, 0xF7, 0xB3, 0xF2, 0x24, 0xED, 0x46, 0xE8,
  0x7D, 0xE5, 0xF4, 0xE5, 0x3A, 0xEA, 0x03, 0xF2, 0x2F, 0xFC, 0x06, 0x07,
  0xA4, 0x10, 0x75, 0x17, 0x93, 0x1A, 0xF9, 0x19, 0x6C, 0x16, 0x34, 0x11,
  0xB0, 0x0B, 0xEE, 0x06, 0x61, 0x03, 0xD4, 0x00, 0x99, 0xFE, 0xD9, 0xFB,
  0xFD, 0xF7, 0xF9, 0xF2, 0x6A, 0xED, 0x7B, 0xE8, 0x8F, 0xE5, 0xD7, 0xE5,
  0xEC, 0xE9, 0x8E, 0xF1, 0xA5, 0xFB, 0x7F, 0x06, 0x37, 0x10, 0x33, 0x17,
  0x83, 0x1A, 0x15, 0x1A, 0xA6, 0x16, 0x7B, 0x11, 0xF4, 0x0B, 0x24, 0x07,
  0x87, 0x03, 0xF1, 0x00, 0xB7, 0xFE, 0x02, 0xFC, 0x36, 0xF8, 0x3E, 0xF3,
  0xB0, 0xED, 0xB1, 0xE8, 0xA3, 0xE5, 0xBD, 0xE5, 0xA1, 0xE9, 0x1A, 0xF1,
  0x1B, 0xFB, 0xF7, 0x05, 0xC9, 0x0F, 0xEF, 0x16, 0x70, 0x1A, 0x2F, 0x1A,
  0xE0, 0x16, 0xC2, 0x11, 0x38, 0x0C, 0x5A, 0x07, 0xAE, 0x03, 0x0E, 0x01,
  0xD4, 0xFE, 0x2A, 0xFC, 0x6E, 0xF8, 0x83, 0xF3, 0xF7, 0xED, 0xE8, 0xE8,
  0xB9, 0xE5, 0xA5, 0xE5, 0x58, 0xE9, 0xA8, 0xF0, 0x92, 0xFA, 0x6E, 0x05,
  0x58, 0x0F, 0xA8, 0x16, 0x5B, 0x1A, 0x47, 0x1A, 0x18, 0x17, 0x09, 0x12,
  0x7D, 0x0C, 0x92, 0x07, 0xD6, 0x03, 0x2C, 0x01, 0xF2, 0xFE, 0x52, 0xFC,
  0xA6, 0xF8, 0xC8, 0xF3, 0x3E, 0xEE, 0x20, 0xE9, 0xD1, 0xE5, 0x90, 0xE5,
  0x11, 0xE9, 0x37, 0xF0, 0x09, 0xFA, 0xE5, 0x04, 0xE6, 0x0E, 0x5F, 0x16,
  0x43, 0x1A, 0x5D, 0x1A, 0x4F, 0x17, 0x50, 0x12, 0xC2, 0x0C, 0xCA, 0x07,
  0xFE, 0x03, 0x49, 0x01, 0x0F, 0xFF, 0x79, 0xFC, 0xDC, 0xF8, 0x0C, 0xF4,
  0x85, 0xEE, 0x5A, 0xE9, 0xEB, 0xE5, 0x7D, 0xE5, 0xCD, 0xE8, 0xC9, 0xEF,
  0x81, 0xF9, 0x5B, 0x04, 0x72, 0x0E, 0x14, 0x16, 0x29, 0x1A, 0x71, 0x1A,
  0x85, 0x17, 0x96, 0x12, 0x07, 0x0D, 0x03, 0x08, 0x27, 0x04, 0x67, 0x01,
  0x2C, 0xFF, 0x9F, 0xFC, 0x12, 0xF9, 0x50, 0xF4, 0xCC, 0xEE, 0x94, 0xE9,
  0x07, 0xE6, 0x6D, 0xE5, 0x8B, 0xE8, 0x5C, 0xEF, 0xFA, 0xF8, 0xD1, 0x03,
  0xFD, 0x0D, 0xC6, 0x15, 0x0C, 0x1A, 0x83, 0x1A, 0xBA, 0x17, 0xDC, 0x12,
  0x4D, 0x0D, 0x3D, 0x08, 0x51, 0x04, 0x86, 0x01, 0x49, 0xFF, 0xC5, 0xFC,
  0x47, 0xF9, 0x93, 0xF4, 0x14, 0xEF, 0xD0, 0xE9, 0x25, 0xE6, 0x5F, 0xE5,
  0x4C, 0xE8, 0xF1, 0xEE, 0x74, 0xF8, 0x46, 0x03, 0x86, 0x0D, 0x77, 0x15,
  0xED, 0x19, 0x92, 0x1A, 0xED, 0x17, 0x21, 0x13, 0x93, 0x0D, 0x78, 0x08,
  0x7C, 0x04, 0xA4, 0x01, 0x65, 0xFF, 0xEA, 0xFC, 0x7B, 0xF9, 0xD5, 0xF4,
  0x5B, 0xEF, 0x0D, 0xEA, 0x45, 0xE6, 0x53, 0xE5, 0x0F, 0xE8, 0x88, 0xEE,
  0xEE, 0xF7, 0xBB, 0x02, 0x0E, 0x0D, 0x24, 0x15, 0xCB, 0x19, 0xA0, 0x1A,
  0x1F, 0x18, 0x66, 0x13, 0xDA, 0x0D, 0xB3, 0x08, 0xA7, 0x04, 0xC4, 0x01,
  0x82, 0xFF, 0x0E, 0xFD, 0xAF, 0xF9, 0x17, 0xF5, 0xA3, 0xEF, 0x4A, 0xEA,
  0x67, 0xE6, 0x4A, 0xE5, 0xD4, 0xE7, 0x20, 0xEE, 0x69, 0xF7, 0x30, 0x02,
  0x94, 0x0C, 0xD0, 0x14, 0xA7, 0x19, 0xAC, 0x1A, 0x4F, 0x18, 0xAA, 0x13,
  0x21, 0x0E, 0xEF, 0x08, 0xD3, 0x04, 0xE3, 0x01, 0x9E, 0xFF, 0x32, 0xFD,
  0xE1, 0xF9, 0x59, 0xF5, 0xEB, 0xEF, 0x89, 0xEA, 0x8A, 0xE6, 0x43, 0xE5,
  0x9C, 0xE7, 0xBB, 0xED, 0xE6, 0xF6, 0xA4, 0x01, 0x19, 0x0C, 0x79, 0x14,
  0x80, 0x19, 0xB5, 0x1A, 0x7E, 0x18, 0xEE, 0x13, 0x68, 0x0E, 0x2C, 0x09,
  0x00, 0x05, 0x03, 0x02, 0xBA, 0xFF, 0x55, 0xFD, 0x13, 0xFA, 0x9A, 0xF5,
  0x33, 0xF0, 0xC9, 0xEA, 0xAF, 0xE6, 0x3F, 0xE5, 0x67, 0xE7, 0x58, 0xED,
  0x63, 0xF6, 0x18, 0x01, 0x9C, 0x0B, 0x21, 0x14, 0x57, 0x19, 0xBC, 0x1A,
  0xAB, 0x18, 0x32, 0x14, 0xAF, 0x0E, 0x69, 0x09, 0x2E, 0x05, 0x24, 0x02,
  0xD6, 0xFF, 0x78, 0xFD, 0x44, 0xFA, 0xDA, 0xF5, 0x7A, 0xF0, 0x09, 0xEB,
  0xD6, 0xE6, 0x3D, 0xE5, 0x34, 0xE7, 0xF7, 0xEC, 0xE2, 0xF5, 0x8C, 0x00,
  0x1E, 0x0B, 0xC6, 0x13, 0x2B, 0x19, 0xC1, 0x1A, 0xD7, 0x18, 0x74, 0x14,
  0xF6, 0x0E, 0xA7, 0x09, 0x5C, 0x05, 0x45, 0x02, 0xF2, 0xFF, 0x9A, 0xFD,
  0x74, 0xFA, 0x1A, 0xF6, 0xC2, 0xF0, 0x4A, 0xEB, 0xFF, 0xE6, 0x3D, 0xE5,
  0x03, 0xE7, 0x97, 0xEC, 0x61, 0xF5, 0x00, 0x00, 0x9F, 0x0A, 0x69, 0x13,
  0xFD, 0x18, 0xC3, 0x1A, 0x01, 0x19, 0xB6, 0x14, 0x3E, 0x0F, 0xE6, 0x09,
  0x8C, 0x05, 0x66, 0x02, 0x0E, 0x00, 0xBB, 0xFD, 0xA4, 0xFA, 0x59, 0xF6,
  0x0A, 0xF1, 0x8C, 0xEB, 0x29, 0xE7, 0x3F, 0xE5, 0xD5, 0xE6, 0x3A, 0xEC,
  0xE2, 0xF4, 0x74, 0xFF, 0x1E, 0x0A, 0x09, 0x13, 0xCC, 0x18, 0xC3, 0x1A,
  0x2A, 0x19, 0xF7, 0x14, 0x86, 0x0F, 0x26, 0x0A, 0xBC, 0x05, 0x88, 0x02,
  0x2A, 0x00, 0xDC, 0xFD, 0xD2, 0xFA, 0x97, 0xF6, 0x51, 0xF1, 0xCE, 0xEB,
  0x55, 0xE7, 0x44, 0xE5, 0xA9, 0xE6, 0xDF, 0xEB, 0x64, 0xF4, 0xE8, 0xFE,
  0x9D, 0x09, 0xA8, 0x12, 0x99, 0x18, 0xC1, 0x1A, 0x51, 0x19, 0x37, 0x15,
  0xCD, 0x0F, 0x66, 0x0A, 0xED, 0x05, 0xAB, 0x02, 0x46, 0x00, 0xFD, 0xFD,
  0x00, 0xFB, 0xD4, 0xF6, 0x98, 0xF1, 0x12, 0xEC, 0x82, 0xE7, 0x4B, 0xE5,
  0x80, 0xE6, 0x87, 0xEB, 0xE7, 0xF3, 0x5C, 0xFE, 0x1A, 0x09, 0x45, 0x12,
  0x64, 0x18, 0xBD, 0x1A, 0x76, 0x19, 0x77, 0x15, 0x15, 0x10, 0xA7, 0x0A,
  0x1F, 0x06, 0xCE, 0x02, 0x62, 0x00, 0x1D, 0xFE, 0x2D, 0xFB, 0x11, 0xF7,
  0xDF, 0xF1, 0x56, 0xEC, 0xB1, 0xE7, 0x54, 0xE5, 0x59, 0xE6, 0x30, 0xEB,
  0x6C, 0xF3, 0xD0, 0xFD, 0x97, 0x08, 0xE0, 0x11, 0x2C, 0x18, 0xB6, 0x1A,
  0x99, 0x19, 0xB6, 0x15, 0x5D, 0x10, 0xE9, 0x0A, 0x51, 0x06, 0xF2, 0x02,
  0x7E, 0x00, 0x3C, 0xFE, 0x59, 0xFB, 0x4D, 0xF7, 0x26, 0xF2, 0x9A, 0xEC,
  0xE1, 0xE7, 0x60, 0xE5, 0x35, 0xE6, 0xDC, 0xEA, 0xF2, 0xF2, 0x45, 0xFD,
  0x12, 0x08, 0x78, 0x11, 0xF1, 0x17, 0xAD, 0x1A, 0xBB, 0x19, 0xF3, 0x15,
  0xA5, 0x10, 0x2B, 0x0B, 0x85, 0x06, 0x16, 0x03, 0x9B, 0x00, 0x5C, 0xFE,
  0x84, 0xFB, 0x88, 0xF7, 0x6D, 0xF2, 0xDF, 0xEC, 0x13, 0xE8, 0x6E, 0xE5,
  0x13, 0xE6, 0x89, 0xEA, 0x7A, 0xF2, 0xBA, 0xFC, 0x8C, 0x07, 0x0F, 0x11,
  0xB4, 0x17, 0xA1, 0x1A, 0xDB, 0x19, 0x30, 0x16, 0xEC, 0x10, 0x6D, 0x0B,
  0xB9, 0x06, 0x3B, 0x03, 0xB7, 0x00, 0x7A, 0xFE, 0xAF, 0xFB, 0xC3, 0xF7,
  0xB3, 0xF2, 0x24, 0xED, 0x46, 0xE8, 0x7D, 0xE5, 0xF4, 0xE5, 0x3A, 0xEA,
  0x03, 0xF2, 0x2F, 0xFC, 0x06, 0x07, 0xA4, 0x10, 0x75, 0x17, 0x93, 0x1A,
  0xF9, 0x19, 0x6C, 0x16, 0x34, 0x11, 0xB0, 0x0B, 0xEE, 0x06, 0x61, 0x03,
  0xD4, 0x00, 0x99, 0xFE, 0xD9, 0xFB, 0xFD, 0xF7, 0xF9, 0xF2, 0x6A, 0xED,
  0x7B, 0xE8, 0x8F, 0xE5, 0xD7, 0xE5, 0xEC, 0xE9, 0x8E, 0xF1, 0xA5, 0xFB,
  0x7F, 0x06, 0x37, 0x10, 0x33, 0x17, 0x83, 0x1A, 0x15, 0x1A, 0xA6, 0x16,
  0x7B, 0x11, 0xF4, 0x0B, 0x24, 0x07, 0x87, 0x03, 0xF1, 0x00, 0xB7, 0xFE,
  0x02, 0xFC, 0x36, 0xF8, 0x3E, 0xF3, 0xB0, 0xED, 0xB1, 0xE8, 0xA3, 0xE5,
  0xBD, 0xE5, 0xA1, 0xE9, 0x1A, 0xF1, 0x1B, 0xFB, 0xF7, 0x05, 0xC9, 0x0F,
  0xEF, 0x16, 0x70, 0x1A, 0x2F, 0x1A, 0xE0, 0x16, 0xC2, 0x11, 0x38, 0x0C,
  0x5A, 0x07, 0xAE, 0x03, 0x0E, 0x01, 0xD4, 0xFE, 0x2A, 0xFC, 0x6E, 0xF8,
  0x83, 0xF3, 0xF7, 0xED, 0xE8, 0xE8, 0xB9, 0xE5, 0xA5, 0xE5, 0x58, 0xE9,
  0xA8, 0xF0, 0x92, 0xFA, 0x6E, 0x05, 0x58, 0x0F, 0xA8, 0x16, 0x5B, 0x1A,
  0x47, 0x1A, 0x18, 0x17, 0x09, 0x12, 0x7D, 0x0C, 0x92, 0x07, 0xD6, 0x03,
  0x2C, 0x01, 0xF2, 0xFE, 0x52, 0xFC, 0xA6, 0xF8, 0xC8, 0xF3, 0x3E, 0xEE,
  0x20, 0xE9, 0xD1, 0xE5, 0x90, 0xE5, 0x11, 0xE9, 0x37, 0xF0, 0x09, 0xFA,
  0xE5, 0x04, 0xE6, 0x0E, 0x5F, 0x16, 0x43, 0x1A, 0x5D, 0x1A, 0x4F, 0x17,
  0x50, 0x12, 0xC2, 0x0C, 0xCA, 0x07, 0xFE, 0x03, 0x49, 0x01, 0x0F, 0xFF,
  0x79, 0xFC, 0xDC, 0xF8, 0x0C, 0xF4, 0x85, 0xEE, 0x5A, 0xE9, 0xEB, 0xE5,
  0x7D, 0xE5, 0xCD, 0xE8, 0xC9, 0xEF, 0x81, 0xF9, 0x5B, 0x04, 0x72, 0x0E,
  0x14, 0x16, 0x29, 0x1A, 0x71, 0x1A, 0x85, 0x17, 0x96, 0x12, 0x07, 0x0D,
  0x03, 0x08, 0x27, 0x04, 0x67, 0x01, 0x2C, 0xFF, 0x9F, 0xFC, 0x12, 0xF9,
  0x50, 0xF4, 0xCC, 0xEE, 0x94, 0xE9, 0x07, 0xE6, 0x6D, 0xE5, 0x8B, 0xE8,
  0x5C, 0xEF, 0xFA, 0xF8, 0xD1, 0x03, 0xFD, 0x0D, 0xC6, 0x15, 0x0C, 0x1A,
  0x83, 0x1A, 0xBA, 0x17, 0xDC, 0x12, 0x4D, 0x0D, 0x3D, 0x08, 0x51, 0x04,
  0x86, 0x01, 0x49, 0xFF, 0xC5, 0xFC, 0x47, 0xF9, 0x93, 0xF4, 0x14, 0xEF,
  0xD0, 0xE9, 0x25, 0xE6, 0x5F, 0xE5, 0x4C, 0xE8, 0xF1, 0xEE, 0x74, 0xF8,
  0x46, 0x03, 0x86, 0x0D, 0x77, 0x15, 0xED, 0x19, 0x92, 0x1A, 0xED, 0x17,
  0x21, 0x13, 0x93, 0x0D, 0x78, 0x08, 0x7C, 0x04, 0xA4, 0x01, 0x65, 0xFF,
  0xEA, 0xFC, 0x7B, 0xF9, 0xD5, 0xF4, 0x5B, 0xEF, 0x0D, 0xEA, 0x45, 0xE6,
  0x53, 0xE5, 0x0F, 0xE8, 0x88, 0xEE, 0xEE, 0xF7, 0xBB, 0x02, 0x0E, 0x0D,
  0x24, 0x15, 0xCB, 0x19, 0xA0, 0x1A, 0x1F, 0x18, 0x66, 0x13, 0xDA, 0x0D,
  0xB3, 0x08, 0xA7, 0x04, 0xC4, 0x01, 0x82, 0xFF, 0x0E, 0xFD, 0xAF, 0xF9,
  0x17, 0xF5, 0xA3, 0xEF, 0x4A, 0xEA, 0x67, 0xE6, 0x4A, 0xE5, 0xD4, 0xE7,
  0x20, 0xEE, 0x69, 0xF7, 0x30, 0x02, 0x94, 0x0C, 0xD0, 0x14, 0xA7, 0x19,
  0xAC, 0x1A, 0x4F, 0x18, 0xAA, 0x13, 0x21, 0x0E, 0xEF, 0x08, 0xD3, 0x04,
  0xE3, 0x01, 0x9E, 0xFF, 0x32, 0xFD, 0xE1, 0xF9, 0x59, 0xF5, 0xEB, 0xEF,
  0x89, 0xEA, 0x8A, 0xE6, 0x43, 0xE5, 0x9C, 0xE7, 0xBB, 0xED, 0xE6, 0xF6,
  0xA4, 0x01, 0x19, 0x0C, 0x79, 0x14, 0x80, 0x19, 0xB5, 0x1A, 0x7E, 0x18,
  0xEE, 0x13, 0x68, 0x0E, 0x2C, 0x09, 0x00, 0x05, 0x03, 0x02, 0xBA, 0xFF,
  0x55, 0xFD, 0x13, 0xFA, 0x9A, 0xF5, 0x33, 0xF0, 0xC9, 0xEA, 0xAF, 0xE6,
  0x3F, 0xE5, 0x67, 0xE7, 0x58, 0xED, 0x63, 0xF6, 0x18, 0x01, 0x9C, 0x0B,
  0x21, 0x14, 0x57, 0x19, 0xBC, 0x1A, 0xAB, 0x18, 0x32, 0x14, 0xAF, 0x0E,
  0x69, 0x09, 0x2E, 0x05, 0x24, 0x02, 0xD6, 0xFF, 0x78, 0xFD, 0x44, 0xFA,
  0xDA, 0xF5, 0x7A, 0xF0, 0x09, 0xEB, 0xD6, 0xE6, 0x3D, 0xE5, 0x34, 0xE7,
  0xF7, 0xEC, 0xE2, 0xF5, 0x8C, 0x00, 0x1E, 0x0B, 0xC6, 0x13, 0x2B, 0x19,
  0xC1, 0x1A, 0xD7, 0x18, 0x74, 0x14, 0xF6, 0x0E, 0xA7, 0x09, 0x5C, 0x05,
  0x45, 0x02, 0xF2, 0xFF, 0x9A, 0xFD, 0x74, 0xFA, 0x1A, 0xF6, 0xC2, 0xF0,
  0x4A, 0xEB, 0xFF, 0xE6, 0x3D, 0xE5, 0x03, 0xE7, 0x97, 0xEC, 0x61, 0xF5,
  0x00, 0x00, 0x9F, 0x0A, 0x69, 0x13, 0xFD, 0x18, 0xC3, 0x1A, 0x01, 0x19,
  0xB6, 0x14, 0x3E, 0x0F, 0xE6, 0x09, 0x8C, 0x05, 0x66, 0x02, 0x0E, 0x00,
  0xBB, 0xFD, 0xA4, 0xFA, 0x59, 0xF6, 0x0A, 0xF1, 0x8C, 0xEB, 0x29, 0xE7,
  0x3F, 0xE5, 0xD5, 0xE6, 0x3A, 0xEC, 0xE2, 0xF4, 0x74, 0xFF, 0x1E, 0x0A,
  0x09, 0x13, 0xCC, 0x18, 0xC3, 0x1A, 0x2A, 0x19, 0xF7, 0x14, 0x86, 0x0F,
  0x26, 0x0A, 0xBC, 0x05, 0x88, 0x02, 0x2A, 0x00, 0xDC, 0xFD, 0xD2, 0xFA,
  0x97, 0xF6, 0x51, 0xF1, 0xCE, 0xEB, 0x55, 0xE7, 0x44, 0xE5, 0xA9, 0xE6,
  0xDF, 0xEB, 0x64, 0xF4, 0xE8, 0xFE, 0x9D, 0x09, 0xA8, 0x12, 0x99, 0x18,
  0xC1, 0x1A, 0x51, 0x19, 0x37, 0x15, 0xCD, 0x0F, 0x66, 0x0A, 0xED, 0x05,
  0xAB, 0x02, 0x46, 0x00, 0xFD, 0xFD, 0x00, 0xFB, 0xD4, 0xF6, 0x98, 0xF1,
  0x12, 0xEC, 0x82, 0xE7, 0x4B, 0xE5, 0x80, 0xE6, 0x87, 0xEB, 0xE7, 0xF3,
  0x5C, 0xFE, 0x1A, 0x09, 0x45, 0x12, 0x64, 0x18, 0xBD, 0x1A, 0x76, 0x19,
  0x77, 0x15, 0x15, 0x10, 0xA7, 0x0A, 0x1F, 0x06, 0xCE, 0x02, 0x62, 0x00,
  0x1D, 0xFE, 0x2D, 0xFB, 0x11, 0xF7, 0xDF, 0xF1, 0x56, 0xEC, 0xB1, 0xE7,
  0x54, 0xE5, 0x59, 0xE6, 0x30, 0xEB, 0x6C, 0xF3, 0xD0, 0xFD, 0x97, 0x08,
  0xE0, 0x11, 0x2C, 0x18, 0xB6, 0x1A, 0x99, 0x19, 0xB6, 0x15, 0x5D, 0x10,
  0xE9, 0x0A, 0x51, 0x06, 0xF2, 0x02, 0x7E, 0x00, 0x3C, 0xFE, 0x59, 0xFB,
  0x4D, 0xF7, 0x26, 0xF2, 0x9A, 0xEC, 0xE1, 0xE7, 0x60, 0xE5, 0x35, 0xE6,
  0xDC, 0xEA, 0xF2, 0xF2, 0x45, 0xFD, 0x12, 0x08, 0x78, 0x11, 0xF1, 0x17,
  0xAD, 0x1A, 0xBB, 0x19, 0xF3, 0x15, 0xA5, 0x10, 0x2B, 0x0B, 0x85, 0x06,
  0x16, 0x03, 0x9B, 0x00, 0x5C, 0xFE, 0x84, 0xFB, 0x88, 0xF7, 0x6D, 0xF2,
  0xDF, 0xEC, 0x13, 0xE8, 0x6E, 0xE5, 0x13, 0xE6, 0x89, 0xEA, 0x7A, 0xF2,
  0xBA, 0xFC, 0x8C, 0x07, 0x0F, 0x11, 0xB4, 0x17, 0xA1, 0x1A, 0xDB, 0x19,
  0x30, 0x16, 0xEC, 0x10, 0x6D, 0x0B, 0xB9, 0x06, 0x3B, 0x03, 0xB7, 0x00,
  0x7A, 0xFE, 0xAF, 0xFB, 0xC3, 0xF7, 0xB3, 0xF2, 0x24, 0xED, 0x46, 0xE8,
  0x7D, 0xE5, 0xF4, 0xE5, 0x3A, 0xEA, 0x03, 0xF2, 0x2F, 0xFC, 0x06, 0x07,
  0xA4, 0x10, 0x75, 0x17, 0x93, 0x1A, 0xF9, 0x19, 0x6C, 0x16, 0x34, 0x11,
  0xB0, 0x0B, 0xEE, 0x06, 0x61, 0x03, 0xD4, 0x00, 0x99, 0xFE, 0xD9, 0xFB,
  0xFD, 0xF7, 0xF9, 0xF2, 0x6A, 0xED, 0x7B, 0xE8, 0x8F, 0xE5, 0xD7, 0xE5,
  0xEC, 0xE9, 0x8E, 0xF1, 0xA5, 0xFB, 0x7F, 0x06, 0x37, 0x10, 0x33, 0x17,
  0x83, 0x1A, 0x15, 0x1A, 0xA6, 0x16, 0x7B, 0x11, 0xF4, 0x0B, 0x24, 0x07,
  0x87, 0x03, 0xF1, 0x00, 0xB7, 0xFE, 0x02, 0xFC, 0x36, 0xF8, 0x3E, 0xF3,
  0xB0, 0xED, 0xB1, 0xE8, 0xA3, 0xE5, 0xBD, 0xE5, 0xA1, 0xE9, 0x1A, 0xF1,
  0x1B, 0xFB, 0xF7, 0x05, 0xC9, 0x0F, 0xEF, 0x16, 0x70, 0x1A, 0x2F, 0x1A,
  0xE0, 0x16, 0xC2, 0x11, 0x38, 0x0C, 0x5A, 0x07, 0xAE, 0x03, 0x0E, 0x01,
  0xD4, 0xFE, 0x2A, 0xFC, 0x6E, 0xF8, 0x83, 0xF3, 0xF7, 0xED, 0xE8, 0xE8,
  0xB9, 0xE5, 0xA5, 0xE5, 0x58, 0xE9, 0xA8, 0xF0, 0x92, 0xFA, 0x6E, 0x05,
  0x58, 0x0F, 0xA8, 0x16, 0x5B, 0x1A, 0x47, 0x1A, 0x18, 0x17, 0x09, 0x12,
  0x7D, 0x0C, 0x92, 0x07, 0xD6, 0x03, 0x2C, 0x01, 0xF2, 0xFE, 0x52, 0xFC,
  0xA6, 0xF8, 0xC8, 0xF3, 0x3E, 0xEE, 0x20, 0xE9, 0xD1, 0xE5, 0x90, 0xE5,
  0x11, 0xE9, 0x37, 0xF0, 0x09, 0xFA, 0xE5, 0x04, 0xE6, 0x0E, 0x5F, 0x16,
  0x43, 0x1A, 0x5D, 0x1A, 0x4F, 0x17, 0x50, 0x12, 0xC2, 0x0C, 0xCA, 0x07,
  0xFE, 0x03, 0x49, 0x01, 0x0F, 0xFF, 0x79, 0xFC, 0xDC, 0xF8, 0x0C, 0xF4,
  0x85, 0xEE, 0x5A, 0xE9, 0xEB, 0xE5, 0x7D, 0xE5, 0xCD, 0xE8, 0xC9, 0xEF,
  0x81, 0xF9, 0x5B, 0x04, 0x72, 0x0E, 0x14, 0x16, 0x29, 0x1A, 0x71, 0x1A,
  0x85, 0x17, 0x96, 0x12, 0x07, 0x0D, 0x03, 0x08, 0x27, 0x04, 0x67, 0x01,
  0x2C, 0xFF, 0x9F, 0xFC, 0x12, 0xF9, 0x50, 0xF4, 0xCC, 0xEE, 0x94, 0xE9,
  0x07, 0xE6, 0x6D, 0xE5, 0x8B, 0xE8, 0x5C, 0xEF, 0xFA, 0xF8, 0xD1, 0x03,
  0xFD, 0x0D, 0xC6, 0x15, 0x0C, 0x1A, 0x83, 0x1A, 0xBA, 0x17, 0xDC, 0x12,
  0x4D, 0x0D, 0x3D, 0x08, 0x51, 0x04, 0x86, 0x01, 0x49, 0xFF, 0xC5, 0xFC,
  0x47, 0xF9, 0x93, 0xF4, 0x14, 0xEF, 0xD0, 0xE9, 0x25, 0xE6, 0x5F, 0xE5,
  0x4C, 0xE8, 0xF1, 0xEE, 0x74, 0xF8, 0x46, 0x03, 0x86, 0x0D, 0x77, 0x15,
  0xED, 0x19, 0x92, 0x1A, 0xED, 0x17, 0x21, 0x13, 0x93, 0x0D, 0x78, 0x08,
  0x7C, 0x04, 0xA4, 0x01, 0x65, 0xFF, 0xEA, 0xFC, 0x7B, 0xF9, 0xD5, 0xF4,
  0x5B, 0xEF, 0x0D, 0xEA, 0x45, 0xE6, 0x53, 0xE5, 0x0F, 0xE8, 0x88, 0xEE,
  0xEE, 0xF7, 0xBB, 0x02, 0x0E, 0x0D, 0x24, 0x15, 0xCB, 0x19, 0xA0, 0x1A,
  0x1F, 0x18, 0x66, 0x13, 0xDA, 0x0D, 0xB3, 0x08, 0xA7, 0x04, 0xC4, 0x01,
  0x82, 0xFF, 0x0E, 0xFD, 0xAF, 0xF9, 0x17, 0xF5, 0xA3, 0xEF, 0x4A, 0xEA,
  0x67, 0xE6, 0x4A, 0xE5, 0xD4, 0xE7, 0x20, 0xEE, 0x69, 0xF7, 0x30, 0x02,
  0x94, 0x0C, 0xD0, 0x14, 0xA7, 0x19, 0xAC, 0x1A, 0x4F, 0x18, 0xAA, 0x13,
  0x21, 0x0E, 0xEF, 0x08, 0xD3, 0x04, 0xE3, 0x01, 0x9E, 0xFF, 0x32, 0xFD,
  0xE1, 0xF9, 0x59, 0xF5, 0xEB, 0xEF, 0x89, 0xEA, 0x8A, 0xE6, 0x43, 0xE5,
  0x9C, 0xE7, 0xBB, 0xED, 0xE6, 0xF6, 0xA4, 0x01, 0x19, 0x0C, 0x79, 0x14,
  0x80, 0x19, 0xB5, 0x1A, 0x7E, 0x18, 0xEE, 0x13, 0x68, 0x0E, 0x2C, 0x09,
  0x00, 0x05, 0x03, 0x02, 0xBA, 0xFF, 0x55, 0xFD, 0x13, 0xFA, 0x9A, 0xF5,
  0x33, 0xF0, 0xC9, 0xEA, 0xAF, 0xE6, 0x3F, 0xE5, 0x67, 0xE7, 0x58, 0xED,
  0x63, 0xF6, 0x18, 0x01, 0x9C, 0x0B, 0x21, 0x14, 0x57, 0x19, 0xBC, 0x1A,
  0xAB, 0x18, 0x32, 0x14, 0xAF, 0x0E, 0x69, 0x09, 0x2E, 0x05, 0x24, 0x02,
  0xD6, 0xFF, 0x78, 0xFD, 0x44, 0xFA, 0xDA, 0xF5, 0x7A, 0xF0, 0x09, 0xEB,
  0xD6, 0xE6, 0x3D, 0xE5, 0x34, 0xE7, 0xF7, 0xEC, 0xE2, 0xF5, 0x8C, 0x00,
  0x1E, 0x0B, 0xC6, 0x13, 0x2B, 0x19, 0xC1, 0x1A, 0xD7, 0x18, 0x74, 0x14,
  0xF6, 0x0E, 0xA7, 0x09, 0x5C, 0x05, 0x45, 0x02, 0xF2, 0xFF, 0x9A, 0xFD,
  0x74, 0xFA, 0x1A, 0xF6, 0xC2, 0xF0, 0x4A, 0xEB, 0xFF, 0xE6, 0x3D, 0xE5,
  0x03, 0xE7, 0x97, 0xEC, 0x61, 0xF5, 0x00, 0x00, 0x9F, 0x0A, 0x69, 0x13,
  0xFD, 0x18, 0xC3, 0x1A, 0x01, 0x19, 0xB6, 0x14, 0x3E, 0x0F, 0xE6, 0x09,
  0x8C, 0x05, 0x66, 0x02, 0x0E, 0x00, 0xBB, 0xFD, 0xA4, 0xFA, 0x59, 0xF6,
  0x0A, 0xF1, 0x8C, 0xEB, 0x29, 0xE7, 0x3F, 0xE5, 0xD5, 0xE6, 0x3A, 0xEC,
  0xE2, 0xF4, 0x74, 0xFF, 0x1E, 0x0A, 0x09, 0x13, 0xCC, 0x18, 0xC3, 0x1A,
  0x2A, 0x19, 0xF7, 0x14, 0x86, 0x0F, 0x26, 0x0A, 0xBC, 0x05, 0x88, 0x02,
  0x2A, 0x00, 0xDC, 0xFD, 0xD2, 0xFA, 0x97, 0xF6, 0x51, 0xF1, 0xCE, 0xEB,
  0x55, 0xE7, 0x44, 0xE5, 0xA9, 0xE6, 0xDF, 0xEB, 0x64, 0xF4, 0xE8, 0xFE,
  0x9D, 0x09, 0xA8, 0x12, 0x99, 0x18, 0xC1, 0x1A, 0x51, 0x19, 0x37, 0x15,
  0xCD, 0x0F, 0x66, 0x0A, 0xED, 0x05, 0xAB, 0x02, 0x46, 0x00, 0xFD, 0xFD,
  0x00, 0xFB, 0xD4, 0xF6, 0x98, 0xF1, 0x12, 0xEC, 0x82, 0xE7, 0x4B, 0xE5,
  0x80, 0xE6, 0x87, 0xEB, 0xE7, 0xF3, 0x5C, 0xFE, 0x1A, 0x09, 0x45, 0x12,
  0x64, 0x18, 0xBD, 0x1A, 0x76, 0x19, 0x77, 0x15, 0x15, 0x10, 0xA7, 0x0A,
  0x1F, 0x06, 0xCE, 0x02, 0x62, 0x00, 0x1D, 0xFE, 0x2D, 0xFB, 0x11, 0xF7,
  0xDF, 0xF1, 0x56, 0xEC, 0xB1, 0xE7, 0x54, 0xE5, 0x59, 0xE6, 0x30, 0xEB,
  0x6C, 0xF3, 0xD0, 0xFD, 0x97, 0x08, 0xE0, 0x11, 0x2C, 0x18, 0xB6, 0x1A,
  0x99, 0x19, 0xB6, 0x15, 0x5D, 0x10, 0xE9, 0x0A, 0x51, 0x06, 0xF2, 0x02,
  0x7E, 0x00, 0x3C, 0xFE, 0x59, 0xFB, 0x4D, 0xF7, 0x26, 0xF2, 0x9A, 0xEC,
  0xE1, 0xE7, 0x60, 0xE5, 0x35, 0xE6, 0xDC, 0xEA, 0xF2, 0xF2, 0x45, 0xFD,
  0x12, 0x08, 0x78, 0x11, 0xF1, 0x17, 0xAD, 0x1A, 0xBB, 0x19, 0xF3, 0x15,
  0xA5, 0x10, 0x2B, 0x0B, 0x85, 0x06, 0x16, 0x03, 0x9B, 0x00, 0x5C, 0xFE,
  0x84, 0xFB, 0x88, 0xF7, 0x6D, 0xF2, 0xDF, 0xEC, 0x13, 0xE8, 0x6E, 0xE5,
  0x13, 0xE6, 0x89, 0xEA, 0x7A, 0xF2, 0xBA, 0xFC, 0x8C, 0x07, 0x0F, 0x11,
  0xB4, 0x17, 0xA1, 0x1A, 0xDB, 0x19, 0x30, 0x16, 0xEC, 0x10, 0x6D, 0x0B,
  0xB9, 0x06, 0x3B, 0x03, 0xB7, 0x00, 0x7A, 0xFE, 0xAF, 0xFB, 0xC3, 0xF7,
  0xB3, 0xF2, 0x24, 0xED, 0x46, 0xE8, 0x7D, 0xE5, 0xF4, 0xE5, 0x3A, 0xEA,
  0x03, 0xF2, 0x2F, 0xFC, 0x06, 0x07, 0xA4, 0x10, 0x75, 0x17, 0x93, 0x1A,
  0xF9, 0x19, 0x6C, 0x16, 0x34, 0x11, 0xB0, 0x0B, 0xEE, 0x06, 0x61, 0x03,
  0xD4, 0x00, 0x99, 0xFE, 0xD9, 0xFB, 0xFD, 0xF7, 0xF9, 0xF2, 0x6A, 0xED,
  0x7B, 0xE8, 0x8F, 0xE5, 0xD7, 0xE5, 0xEC, 0xE9, 0x8E, 0xF1, 0xA5, 0xFB,
  0x7F, 0x06, 0x37, 0x10, 0x33, 0x17, 0x83, 0x1A, 0x15, 0x1A, 0xA6, 0x16,
  0x7B, 0x11, 0xF4, 0x0B, 0x24, 0x07, 0x87, 0x03, 0xF1, 0x00, 0xB7, 0xFE,
  0x02, 0xFC, 0x36, 0xF8, 0x3E, 0xF3, 0xB0, 0xED, 0xB1, 0xE8, 0xA3, 0xE5,
  0xBD, 0xE5, 0xA1, 0xE9, 0x1A, 0xF1, 0x1B, 0xFB, 0xF7, 0x05, 0xC9, 0x0F,
  0xEF, 0x16, 0x70, 0x1A, 0x2F, 0x1A, 0xE0, 0x16, 0xC2, 0x11, 0x38, 0x0C,
  0x5A, 0x07, 0xAE, 0x03, 0x0E, 0x01, 0xD4, 0xFE, 0x2A, 0xFC, 0x6E, 0xF8,
  0x83, 0xF3, 0xF7, 0xED, 0xE8, 0xE8, 0xB9, 0xE5, 0xA5, 0xE5, 0x58, 0xE9,
  0xA8, 0xF0, 0x92, 0xFA, 0x6E, 0x05, 0x58, 0x0F, 0xA8, 0x16, 0x5B, 0x1A,
  0x47, 0x1A, 0x18, 0x17, 0x09, 0x12, 0x7D, 0x0C, 0x92, 0x07, 0xD6, 0x03,
  0x2C, 0x01, 0xF2, 0xFE, 0x52, 0xFC, 0xA6, 0xF8, 0xC8, 0xF3, 0x3E, 0xEE,
  0x20, 0xE9, 0xD1, 0xE5, 0x90, 0xE5, 0x11, 0xE9, 0x37, 0xF0, 0x09, 0xFA,
  0xE5, 0x04, 0xE6, 0x0E, 0x5F, 0x16, 0x43, 0x1A, 0x5D, 0x1A, 0x4F, 0x17,
  0x50, 0x12, 0xC2, 0x0C, 0xCA, 0x07, 0xFE, 0x03, 0x49, 0x01, 0x0F, 0xFF,
  0x79, 0xFC, 0xDC, 0xF8, 0x0C, 0xF4, 0x85, 0xEE, 0x5A, 0xE9, 0xEB, 0xE5,
  0x7D, 0xE5, 0xCD, 0xE8, 0xC9, 0xEF, 0x81, 0xF9, 0x5B, 0x04, 0x72, 0x0E,
  0x14, 0x16, 0x29, 0x1A, 0x71, 0x1A, 0x85, 0x17, 0x96, 0x12, 0x07, 0x0D,
  0x03, 0x08, 0x27, 0x04, 0x67, 0x01, 0x2C, 0xFF, 0x9F, 0xFC, 0x12, 0xF9,
  0x50, 0xF4, 0xCC, 0xEE, 0x94, 0xE9, 0x07, 0xE6, 0x6D, 0xE5, 0x8B, 0xE8,
  0x5C, 0xEF, 0xFA, 0xF8, 0xD1, 0x03, 0xFD, 0x0D, 0xC6, 0x15, 0x0C, 0x1A,
  0x83, 0x1A, 0xBA, 0x17, 0xDC, 0x12, 0x4D, 0x0D, 0x3D, 0x08, 0x51, 0x04,
  0x86, 0x01, 0x49, 0xFF, 0xC5, 0xFC, 0x47, 0xF9, 0x93, 0xF4, 0x14, 0xEF,
  0xD0, 0xE9, 0x25, 0xE6, 0x5F, 0xE5, 0x4C, 0xE8, 0xF1, 0xEE, 0x74, 0xF8,
  0x46, 0x03, 0x86, 0x0D, 0x77, 0x15, 0xED, 0x19, 0x92, 0x1A, 0xED, 0x17,
  0x21, 0x13, 0x93, 0x0D, 0x78, 0x08, 0x7C, 0x04, 0xA4, 0x01, 0x65, 0xFF,
  0xEA, 0xFC, 0x7B, 0xF9, 0xD5, 0xF4, 0x5B, 0xEF, 0x0D, 0xEA, 0x45, 0xE6,
  0x53, 0xE5, 0x0F, 0xE8, 0x88, 0xEE, 0xEE, 0xF7, 0xBB, 0x02, 0x0E, 0x0D,
  0x24, 0x15, 0xCB, 0x19, 0xA0, 0x1A, 0x1F, 0x18, 0x66, 0x13, 0xDA, 0x0D,
  0xB3, 0x08, 0xA7, 0x04, 0xC4, 0x01, 0x82, 0xFF, 0x0E, 0xFD, 0xAF, 0xF9,
  0x17, 0xF5, 0xA3, 0xEF, 0x4A, 0xEA, 0x67, 0xE6, 0x4A, 0xE5, 0xD4, 0xE7,
  0x20, 0xEE, 0x69, 0xF7, 0x30, 0x02, 0x94, 0x0C, 0xD0, 0x14, 0xA7, 0x19,
  0xAC, 0x1A, 0x4F, 0x18, 0xAA, 0x13, 0x21, 0x0E, 0xEF, 0x08, 0xD3, 0x04,
  0xE3, 0x01, 0x9E, 0xFF, 0x32, 0xFD, 0xE1, 0xF9, 0x59, 0xF5, 0xEB, 0xEF,
  0x89, 0xEA, 0x8A, 0xE6, 0x43, 0xE5, 0x9C, 0xE7, 0xBB, 0xED, 0xE6, 0xF6,
  0xA4, 0x01, 0x19, 0x0C, 0x79, 0x14, 0x80, 0x19, 0xB5, 0x1A, 0x7E, 0x18,
  0xEE, 0x13, 0x68, 0x0E, 0x2C, 0x09, 0x00, 0x05, 0x03, 0x02, 0xBA, 0xFF,
  0x55, 0xFD, 0x13, 0xFA, 0x9A, 0xF5, 0x33, 0xF0, 0xC9, 0xEA, 0xAF, 0xE6,
  0x3F, 0xE5, 0x67, 0xE7, 0x58, 0xED, 0x63, 0xF6, 0x18, 0x01, 0x9C, 0x0B,
  0x21, 0x14, 0x57, 0x19, 0xBC, 0x1A, 0xAB, 0x18, 0x32, 0x14, 0xAF, 0x0E,
  0x69, 0x09, 0x2E, 0x05, 0x24, 0x02, 0xD6, 0xFF, 0x78, 0xFD, 0x44, 0xFA,
  0xDA, 0xF5, 0x7A, 0xF0, 0x09, 0xEB, 0xD6, 0xE6, 0x3D, 0xE5, 0x34, 0xE7,
  0xF7, 0xEC, 0xE2, 0xF5, 0x8C, 0x00, 0x1E, 0x0B, 0xC6, 0x13, 0x2B, 0x19,
  0xC1, 0x1A, 0xD7, 0x18, 0x74, 0x14, 0xF6, 0x0E, 0xA7, 0x09, 0x5C, 0x05,
  0x45, 0x02, 0xF2, 0xFF, 0x9A, 0xFD, 0x74, 0xFA, 0x1A, 0xF6, 0xC2, 0xF0,
  0x4A, 0xEB, 0xFF, 0xE6, 0x3D, 0xE5, 0x03, 0xE7, 0x97, 0xEC, 0x61, 0xF5,
  0x00, 0x00, 0x9F, 0x0A, 0x69, 0x13, 0xFD, 0x18, 0xC3, 0x1A, 0x01, 0x19,
  0xB6, 0x14, 0x3E, 0x0F, 0xE6, 0x09, 0x8C, 0x05, 0x66, 0x02, 0x0E, 0x00,
  0xBB, 0xFD, 0xA4, 0xFA, 0x59, 0xF6, 0x0A, 0xF1, 0x8C, 0xEB, 0x29, 0xE7,
  0x3F, 0xE5, 0xD5, 0xE6, 0x3A, 0xEC, 0xE2, 0xF4, 0x74, 0xFF, 0x1E, 0x0A,
  0x09, 0x13, 0xCC, 0x18, 0xC3, 0x1A, 0x2A, 0x19, 0xF7, 0x14, 0x86, 0x0F,
  0x26, 0x0A, 0xBC, 0x05, 0x88, 0x02, 0x2A, 0x00, 0xDC, 0xFD, 0xD2, 0xFA,
  0x97, 0xF6, 0x51, 0xF1, 0xCE, 0xEB, 0x55, 0xE7, 0x44, 0xE5, 0xA9, 0xE6,
  0xDF, 0xEB, 0x64, 0xF4, 0xE8, 0xFE, 0x9D, 0x09, 0xA8, 0x12, 0x99, 0x18,
  0xC1, 0x1A, 0x51, 0x19, 0x37, 0x15, 0xCD, 0x0F, 0x66, 0x0A, 0xED, 0x05,
  0xAB, 0x02, 0x46, 0x00, 0xFD, 0xFD, 0x00, 0xFB, 0xD4, 0xF6, 0x98, 0xF1,
  0x12, 0xEC, 0x82, 0xE7, 0x4B, 0xE5, 0x80, 0xE6, 0x87, 0xEB, 0xE7, 0xF3,
  0x5C, 0xFE, 0x1A, 0x09, 0x45, 0x12, 0x64, 0x18, 0xBD, 0x1A, 0x76, 0x19,
  0x77, 0x15, 0x15, 0x10, 0xA7, 0x0A, 0x1F, 0x06, 0xCE, 0x02, 0x62, 0x00,
  0x1D, 0xFE, 0x2D, 0xFB, 0x11, 0xF7, 0xDF, 0xF1, 0x56, 0xEC, 0xB1, 0xE7,
  0x54, 0xE5, 0x59, 0xE6, 0x30, 0xEB, 0x6C, 0xF3, 0xD0, 0xFD, 0x97, 0x08,
  0xE0, 0x11, 0x2C, 0x18, 0xB6, 0x1A, 0x99, 0x19, 0xB6, 0x15, 0x5D, 0x10,
  0xE9, 0x0A, 0x51, 0x06, 0xF2, 0x02, 0x7E, 0x00, 0x3C, 0xFE, 0x59, 0xFB,
  0x4D, 0xF7, 0x26, 0xF2, 0x9A, 0xEC, 0xE1, 0xE7, 0x60, 0xE5, 0x35, 0xE6,
  0xDC, 0xEA, 0xF2, 0xF2, 0x45, 0xFD, 0x12, 0x08, 0x78, 0x11, 0xF1, 0x17,
  0xAD, 0x1A, 0xBB, 0x19, 0xF3, 0x15, 0xA5, 0x10, 0x2B, 0x0B, 0x85, 0x06,
  0x16, 0x03, 0x9B, 0x00, 0x5C, 0xFE, 0x84, 0xFB, 0x88, 0xF7, 0x6D, 0xF2,
  0xDF, 0xEC, 0x13, 0xE8, 0x6E, 0xE5, 0x13, 0xE6, 0x89, 0xEA, 0x7A, 0xF2,
  0xBA, 0xFC, 0x8C, 0x07, 0x0F, 0x11, 0xB4, 0x17, 0xA1, 0x1A, 0xDB, 0x19,
  0x30, 0x16, 0xEC, 0x10, 0x6D, 0x0B, 0xB9, 0x06, 0x3B, 0x03, 0xB7, 0x00,
  0x7A, 0xFE, 0xAF, 0xFB, 0xC3, 0xF7, 0xB3, 0xF2, 0x24, 0xED, 0x46, 0xE8,
  0x7D, 0xE5, 0xF4, 0xE5, 0x3A, 0xEA, 0x03, 0xF2, 0x2F, 0xFC, 0x06, 0x07,
  0xA4, 0x10, 0x75, 0x17, 0x93, 0x1A, 0xF9, 0x19, 0x6C, 0x16, 0x34, 0x11,
  0xB0, 0x0B, 0xEE, 0x06, 0x61, 0x03, 0xD4, 0x00, 0x99, 0xFE, 0xD9, 0xFB,
  0xFD, 0xF7, 0xF9, 0xF2, 0x6A, 0xED, 0x7B, 0xE8, 0x8F, 0xE5, 0xD7, 0xE5,
  0xEC, 0xE9, 0x8E, 0xF1, 0xA5, 0xFB, 0x7F, 0x06, 0x37, 0x10, 0x33, 0x17,
  0x83, 0x1A, 0x15, 0x1A, 0xA6, 0x16, 0x7B, 0x11, 0xF4, 0x0B, 0x24, 0x07,
  0x87, 0x03, 0xF1, 0x00, 0xB7, 0xFE, 0x02, 0xFC, 0x36, 0xF8, 0x3E, 0xF3,
  0xB0, 0xED, 0xB1, 0xE8, 0xA3, 0xE5, 0xBD, 0xE5, 0xA1, 0xE9, 0x1A, 0xF1,
  0x1B, 0xFB, 0xF7, 0x05, 0xC9, 0x0F, 0xEF, 0x16, 0x70, 0x1A, 0x2F, 0x1A,
  0xE0, 0x16, 0xC2, 0x11, 0x38, 0x0C, 0x5A, 0x07, 0xAE, 0x03, 0x0E, 0x01,
  0xD4, 0xFE, 0x2A, 0xFC, 0x6E, 0xF8, 0x83, 0xF3, 0xF7, 0xED, 0xE8, 0xE8,
  0xB9, 0xE5, 0xA5, 0xE5, 0x58, 0xE9, 0xA8, 0xF0, 0x92, 0xFA, 0x6E, 0x05,
  0x58, 0x0F, 0xA8, 0x16, 0x5B, 0x1A, 0x47, 0x1A, 0x18, 0x17, 0x09, 0x12,
  0x7D, 0x0C, 0x92, 0x07, 0xD6, 0x03, 0x2C, 0x01, 0xF2, 0xFE, 0x52, 0xFC,
  0xA6, 0xF8, 0xC8, 0xF3, 0x3E, 0xEE, 0x20, 0xE9, 0xD1, 0xE5, 0x90, 0xE5,
  0x11, 0xE9, 0x37, 0xF0, 0x09, 0xFA, 0xE5, 0x04, 0xE6, 0x0E, 0x5F, 0x16,
  0x43, 0x1A, 0x5D, 0x1A, 0x4F, 0x17, 0x50, 0x12, 0xC2, 0x0C, 0xCA, 0x07,
  0xFE, 0x03, 0x49, 0x01, 0x0F, 0xFF, 0x79, 0xFC, 0xDC, 0xF8, 0x0C, 0xF4,
  0x85, 0xEE, 0x5A, 0xE9, 0xEB, 0xE5, 0x7D, 0xE5, 0xCD, 0xE8, 0xC9, 0xEF,
  0x81, 0xF9, 0x5B, 0x04, 0x72, 0x0E, 0x14, 0x16, 0x29, 0x1A, 0x71, 0x1A,
  0x85, 0x17, 0x96, 0x12, 0x07, 0x0D, 0x03, 0x08, 0x27, 0x04, 0x67, 0x01,
  0x2C, 0xFF, 0x9F, 0xFC, 0x12, 0xF9, 0x50, 0xF4, 0xCC, 0xEE, 0x94, 0xE9,
  0x07, 0xE6, 0x6D, 0xE5, 0x8B, 0xE8, 0x5C, 0xEF, 0xFA, 0xF8, 0xD1, 0x03,
  0xFD, 0x0D, 0xC6, 0x15, 0x0C, 0x1A, 0x83, 0x1A, 0xBA, 0x17, 0xDC, 0x12,
  0x4D, 0x0D, 0x3D, 0x08, 0x51, 0x04, 0x86, 0x01, 0x49, 0xFF, 0xC5, 0xFC,
  0x47, 0xF9, 0x93, 0xF4, 0x14, 0xEF, 0xD0, 0xE9, 0x25, 0xE6, 0x5F, 0xE5,
  0x4C, 0xE8, 0xF1, 0xEE, 0x74, 0xF8, 0x46, 0x03, 0x86, 0x0D, 0x77, 0x15,
  0xED, 0x19, 0x92, 0x1A, 0xED, 0x17, 0x21, 0x13, 0x93, 0x0D, 0x78, 0x08,
  0x7C, 0x04, 0xA4, 0x01, 0x65, 0xFF, 0xEA, 0xFC, 0x7B, 0xF9, 0xD5, 0xF4,
  0x5B, 0xEF, 0x0D, 0xEA, 0x45, 0xE6, 0x53, 0xE5, 0x0F, 0xE8, 0x88, 0xEE,
  0xEE, 0xF7, 0xBB, 0x02, 0x0E, 0x0D, 0x24, 0x15, 0xCB, 0x19, 0xA0, 0x1A,
  0x1F, 0x18, 0x66, 0x13, 0xDA, 0x0D, 0xB3, 0x08, 0xA7, 0x04, 0xC4, 0x01,
  0x82, 0xFF, 0x0E, 0xFD, 0xAF, 0xF9, 0x17, 0xF5, 0xA3, 0xEF, 0x4A, 0xEA,
  0x67, 0xE6, 0x4A, 0xE5, 0xD4, 0xE7, 0x20, 0xEE, 0x69, 0xF7, 0x30, 0x02,
  0x94, 0x0C, 0xD0, 0x14, 0xA7, 0x19, 0xAC, 0x1A, 0x4F, 0x18, 0xAA, 0x13,
  0x21, 0x0E, 0xEF, 0x08, 0xD3, 0x04, 0xE3, 0x01, 0x9E, 0xFF, 0x32, 0xFD,
  0xE1, 0xF9, 0x59, 0xF5, 0xEB, 0xEF, 0x89, 0xEA, 0x8A, 0xE6, 0x43, 0xE5,
  0x9C, 0xE7, 0xBB, 0xED, 0xE6, 0xF6, 0xA4, 0x01, 0x19, 0x0C, 0x79, 0x14,
  0x80, 0x19, 0xB5, 0x1A, 0x7E, 0x18, 0xEE, 0x13, 0x68, 0x0E, 0x2C, 0x09,
  0x00, 0x05, 0x03, 0x02, 0xBA, 0xFF, 0x55, 0xFD, 0x13, 0xFA, 0x9A, 0xF5,
  0x33, 0xF0, 0xC9, 0xEA, 0xAF, 0xE6, 0x3F, 0xE5, 0x67, 0xE7, 0x58, 0xED,
  0x63, 0xF6, 0x18, 0x01, 0x9C, 0x0B, 0x21, 0x14, 0x57, 0x19, 0xBC, 0x1A,
  0xAB, 0x18, 0x32, 0x14, 0xAF, 0x0E, 0x69, 0x09, 0x2E, 0x05, 0x24, 0x02,
  0xD6, 0xFF, 0x78, 0xFD, 0x44, 0xFA, 0xDA, 0xF5, 0x7A, 0xF0, 0x09, 0xEB,
  0xD6, 0xE6, 0x3D, 0xE5, 0x34, 0xE7, 0xF7, 0xEC, 0xE2, 0xF5, 0x8C, 0x00,
  0x1E, 0x0B, 0xC6, 0x13, 0x2B, 0x19, 0xC1, 0x1A, 0xD7, 0x18, 0x74, 0x14,
  0xF6, 0x0E, 0xA7, 0x09, 0x5C, 0x05, 0x45, 0x02, 0xF2, 0xFF, 0x9A, 0xFD,
  0x74, 0xFA, 0x1A, 0xF6, 0xC2, 0xF0, 0x4A, 0xEB, 0xFF, 0xE6, 0x3D, 0xE5,
  0x03, 0xE7, 0x97, 0xEC, 0x61, 0xF5, 0x00, 0x00, 0x9F, 0x0A, 0x69, 0x13,
  0xFD, 0x18, 0xC3, 0x1A, 0x01, 0x19, 0xB6, 0x14, 0x3E, 0x0F, 0xE6, 0x09,
  0x8C, 0x05, 0x66, 0x02, 0x0E, 0x00, 0xBB, 0xFD, 0xA4, 0xFA, 0x59, 0xF6,
  0x0A, 0xF1, 0x8C, 0xEB, 0x29, 0xE7, 0x3F, 0xE5, 0xD5, 0xE6, 0x3A, 0xEC,
  0xE2, 0xF4, 0x74, 0xFF, 0x1E, 0x0A, 0x09, 0x13, 0xCC, 0x18, 0xC3, 0x1A,
  0x2A, 0x19, 0xF7, 0x14, 0x86, 0x0F, 0x26, 0x0A, 0xBC, 0x05, 0x88, 0x02,
  0x2A, 0x00, 0xDC, 0xFD, 0xD2, 0xFA, 0x97, 0xF6, 0x51, 0xF1, 0xCE, 0xEB,
  0x55, 0xE7, 0x44, 0xE5, 0xA9, 0xE6, 0xDF, 0xEB, 0x64, 0xF4, 0xE8, 0xFE,
  0x9D, 0x09, 0xA8, 0x12, 0x99, 0x18, 0xC1, 0x1A, 0x51, 0x19, 0x37, 0x15,
  0xCD, 0x0F, 0x66, 0x0A, 0xED, 0x05, 0xAB, 0x02, 0x46, 0x00, 0xFD, 0xFD,
  0x00, 0xFB, 0xD4, 0xF6, 0x98, 0xF1, 0x12, 0xEC, 0x82, 0xE7, 0x4B, 0xE5,
  0x80, 0xE6, 0x87, 0xEB, 0xE7, 0xF3, 0x5C, 0xFE, 0x1A, 0x09, 0x45, 0x12,
  0x64, 0x18, 0xBD, 0x1A, 0x76, 0x19, 0x77, 0x15, 0x15, 0x10, 0xA7, 0x0A,
  0x1F, 0x06, 0xCE, 0x02, 0x62, 0x00, 0x1D, 0xFE, 0x2D, 0xFB, 0x11, 0xF7,
  0xDF, 0xF1, 0x56, 0xEC, 0xB1, 0xE7, 0x54, 0xE5, 0x59, 0xE6, 0x30, 0xEB,
  0x6C, 0xF3, 0xD0, 0xFD, 0x97, 0x08, 0xE0, 0x11, 0x2C, 0x18, 0xB6, 0x1A,
  0x99, 0x19, 0xB6, 0x15, 0x5D, 0x10, 0xE9, 0x0A, 0x51, 0x06, 0xF2, 0x02,
  0x7E, 0x00, 0x3C, 0xFE, 0x59, 0xFB, 0x4D, 0xF7, 0x26, 0xF2, 0x9A, 0xEC,
  0xE1, 0xE7, 0x60, 0xE5, 0x35, 0xE6, 0xDC, 0xEA, 0xF2, 0xF2, 0x45, 0xFD,
  0x12, 0x08, 0x78, 0x11, 0xF1, 0x17, 0xAD, 0x1A, 0xBB, 0x19, 0xF3, 0x15,
  0xA5, 0x10, 0x2B, 0x0B, 0x85, 0x06, 0x16, 0x03, 0x9B, 0x00, 0x5C, 0xFE,
  0x84, 0xFB, 0x88, 0xF7, 0x6D, 0xF2, 0xDF, 0xEC, 0x13, 0xE8, 0x6E, 0xE5,
  0x13, 0xE6, 0x89, 0xEA, 0x7A, 0xF2, 0xBA, 0xFC, 0x8C, 0x07, 0x0F, 0x11,
  0xB4, 0x17, 0xA1, 0x1A, 0xDB, 0x19, 0x30, 0x16, 0xEC, 0x10, 0x6D, 0x0B,
  0xB9, 0x06, 0x3B, 0x03, 0xB7, 0x00, 0x7A, 0xFE, 0xAF, 0xFB, 0xC3, 0xF7,
  0xB3, 0xF2, 0x24, 0xED, 0x46, 0xE8, 0x7D, 0xE5, 0xF4, 0xE5, 0x3A, 0xEA,
  0x03, 0xF2, 0x2F, 0xFC, 0x06, 0x07, 0xA4, 0x10, 0x75, 0x17, 0x93, 0x1A,
  0xF9, 0x19, 0x6C, 0x16, 0x34, 0x11, 0xB0, 0x0B, 0xEE, 0x06, 0x61, 0x03,
  0xD4, 0x00, 0x99, 0xFE, 0xD9, 0xFB, 0xFD, 0xF7, 0xF9, 0xF2, 0x6A, 0xED,
  0x7B, 0xE8, 0x8F, 0xE5, 0xD7, 0xE5, 0xEC, 0xE9, 0x8E, 0xF1, 0xA5, 0xFB,
  0x7F, 0x06, 0x37, 0x10, 0x33, 0x17, 0x83, 0x1A, 0x15, 0x1A, 0xA6, 0x16,
  0x7B, 0x11, 0xF4, 0x0B, 0x24, 0x07, 0x87, 0x03, 0xF1, 0x00, 0xB7, 0xFE,
  0x02, 0xFC, 0x36, 0xF8, 0x3E, 0xF3, 0xB0, 0xED, 0xB1, 0xE8, 0xA3, 0xE5,
  0xBD, 0xE5, 0xA1, 0xE9, 0x1A, 0xF1, 0x1B, 0xFB, 0xF7, 0x05, 0xC9, 0x0F,
  0xEF, 0x16, 0x70, 0x1A, 0x2F, 0x1A, 0xE0, 0x16, 0xC2, 0x11, 0x38, 0x0C,
  0x5A, 0x07, 0xAE, 0x03, 0x0E, 0x01, 0xD4, 0xFE, 0x2A, 0xFC, 0x6E, 0xF8,
  0x83, 0xF3, 0xF7, 0xED, 0xE8, 0xE8, 0xB9, 0xE5, 0xA5, 0xE5, 0x58, 0xE9,
  0xA8, 0xF0, 0x92, 0xFA, 0x6E, 0x05, 0x58, 0x0F, 0xA8, 0x16, 0x5B, 0x1A,
  0x47, 0x1A, 0x18, 0x17, 0x09, 0x12, 0x7D, 0x0C, 0x92, 0x07, 0xD6, 0x03,
  0x2C, 0x01, 0xF2, 0xFE, 0x52, 0xFC, 0xA6, 0xF8, 0xC8, 0xF3, 0x3E, 0xEE,
  0x20, 0xE9, 0xD1, 0xE5, 0x90, 0xE5, 0x11, 0xE9, 0x37, 0xF0, 0x09, 0xFA,
  0xE5, 0x04, 0xE6, 0x0E, 0x5F, 0x16, 0x43, 0x1A, 0x5D, 0x1A, 0x4F, 0x17,
  0x50, 0x12, 0xC2, 0x0C, 0xCA, 0x07, 0xFE, 0x03, 0x49, 0x01, 0x0F, 0xFF,
  0x79, 0xFC, 0xDC, 0xF8, 0x0C, 0xF4, 0x85, 0xEE, 0x5A, 0xE9, 0xEB, 0xE5,
  0x7D, 0xE5, 0xCD, 0xE8, 0xC9, 0xEF, 0x81, 0xF9, 0x5B, 0x04, 0x72, 0x0E,
  0x14, 0x16, 0x29, 0x1A, 0x71, 0x1A, 0x85, 0x17, 0x96, 0x12, 0x07, 0x0D,
  0x03, 0x08, 0x27, 0x04, 0x67, 0x01, 0x2C, 0xFF, 0x9F, 0xFC, 0x12, 0xF9,
  0x50, 0xF4, 0xCC, 0xEE, 0x94, 0xE9, 0x07, 0xE6, 0x6D, 0xE5, 0x8B, 0xE8,
  0x5C, 0xEF, 0xFA, 0xF8, 0xD1, 0x03, 0xFD, 0x0D, 0xC6, 0x15, 0x0C, 0x1A,
  0x83, 0x1A, 0xBA, 0x17, 0xDC, 0x12, 0x4D, 0x0D, 0x3D, 0x08, 0x51, 0x04,
  0x86, 0x01, 0x49, 0xFF, 0xC5, 0xFC, 0x47, 0xF9, 0x93, 0xF4, 0x14, 0xEF,
  0xD0, 0xE9, 0x25, 0xE6, 0x5F, 0xE5, 0x4C, 0xE8, 0xF1, 0xEE, 0x74, 0xF8,
  0x46, 0x03, 0x86, 0x0D, 0x77, 0x15, 0xED, 0x19, 0x92, 0x1A, 0xED, 0x17,
  0x21, 0x13, 0x93, 0x0D, 0x78, 0x08, 0x7C, 0x04, 0xA4, 0x01, 0x65, 0xFF,
  0xEA, 0xFC, 0x7B, 0xF9, 0xD5, 0xF4, 0x5B, 0xEF, 0x0D, 0xEA, 0x45, 0xE6,
  0x53, 0xE5, 0x0F, 0xE8, 0x88, 0xEE, 0xEE, 0xF7, 0xBB, 0x02, 0x0E, 0x0D,
  0x24, 0x15, 0xCB, 0x19, 0xA0, 0x1A, 0x1F, 0x18, 0x66, 0x13, 0xDA, 0x0D,
  0xB3, 0x08, 0xA7, 0x04, 0xC4, 0x01, 0x82, 0xFF, 0x0E, 0xFD, 0xAF, 0xF9,
  0x17, 0xF5, 0xA3, 0xEF, 0x4A, 0xEA, 0x67, 0xE6, 0x4A, 0xE5, 0xD4, 0xE7,
  0x20, 0xEE, 0x69, 0xF7, 0x30, 0x02, 0x94, 0x0C, 0xD0, 0x14, 0xA7, 0x19,
  0xAC, 0x1A, 0x4F, 0x18, 0xAA, 0x13, 0x21, 0x0E, 0xEF, 0x08, 0xD3, 0x04,
  0xE3, 0x01, 0x9E, 0xFF, 0x32, 0xFD, 0xE1, 0xF9, 0x59, 0xF5, 0xEB, 0xEF,
  0x89, 0xEA, 0x8A, 0xE6, 0x43, 0xE5, 0x9C, 0xE7, 0xBB, 0xED, 0xE6, 0xF6,
  0xA4, 0x01, 0x19, 0x0C, 0x79, 0x14, 0x80, 0x19, 0xB5, 0x1A, 0x7E, 0x18,
  0xEE, 0x13, 0x68, 0x0E, 0x2C, 0x09, 0x00, 0x05, 0x03, 0x02, 0xBA, 0xFF,
  0x55, 0xFD, 0x13, 0xFA, 0x9A, 0xF5, 0x33, 0xF0, 0xC9, 0xEA, 0xAF, 0xE6,
  0x3F, 0xE5, 0x67, 0xE7, 0x58, 0xED, 0x63, 0xF6, 0x18, 0x01, 0x9C, 0x0B,
  0x21, 0x14, 0x57, 0x19, 0xBC, 0x1A, 0xAB, 0x18, 0x32, 0x14, 0xAF, 0x0E,
  0x69, 0x09, 0x2E, 0x05, 0x24, 0x02, 0xD6, 0xFF, 0x78, 0xFD, 0x44, 0xFA,
  0xDA, 0xF5, 0x7A, 0xF0, 0x09, 0xEB, 0xD6, 0xE6, 0x3D, 0xE5, 0x34, 0xE7,
  0xF7, 0xEC, 0xE2, 0xF5, 0x8C, 0x00, 0x1E, 0x0B, 0xC6, 0x13, 0x2B, 0x19,
  0xC1, 0x1A, 0xD7, 0x18, 0x74, 0x14, 0xF6, 0x0E, 0xA7, 0x09, 0x5C, 0x05,
  0x45, 0x02, 0xF2, 0xFF, 0x9A, 0xFD, 0x74, 0xFA, 0x1A, 0xF6, 0xC2, 0xF0,
  0x4A, 0xEB, 0xFF, 0xE6, 0x3D, 0xE5, 0x03, 0xE7, 0x97, 0xEC, 0x61, 0xF5,
  0x00, 0x00, 0x9F, 0x0A, 0x69, 0x13, 0xFD, 0x18, 0xC3, 0x1A, 0x01, 0x19,
  0xB6, 0x14, 0x3E, 0x0F, 0xE6, 0x09, 0x8C, 0x05, 0x66, 0x02, 0x0E, 0x00,
  0xBB, 0xFD, 0xA4, 0xFA, 0x59, 0xF6, 0x0A, 0xF1, 0x8C, 0xEB, 0x29, 0xE7,
  0x3F, 0xE5, 0xD5, 0xE6, 0x3A, 0xEC, 0xE2, 0xF4, 0x74, 0xFF, 0x1E, 0x0A,
  0x09, 0x13, 0xCC, 0x18, 0xC3, 0x1A, 0x2A, 0x19, 0xF7, 0x14, 0x86, 0x0F,
  0x26, 0x0A, 0xBC, 0x05, 0x88, 0x02, 0x2A, 0x00, 0xDC, 0xFD, 0xD2, 0xFA,
  0x97, 0xF6, 0x51, 0xF1, 0xCE, 0xEB, 0x55, 0xE7, 0x44, 0xE5, 0xA9, 0xE6,
  0xDF, 0xEB, 0x64, 0xF4, 0xE8, 0xFE, 0x9D, 0x09, 0xA8, 0x12, 0x99, 0x18,
  0xC1, 0x1A, 0x51, 0x19, 0x37, 0x15, 0xCD, 0x0F, 0x66, 0x0A, 0xED, 0x05,
  0xAB, 0x02, 0x46, 0x00, 0xFD, 0xFD, 0x00, 0xFB, 0xD4, 0xF6, 0x98, 0xF1,
  0x12, 0xEC, 0x82, 0xE7, 0x4B, 0xE5, 0x80, 0xE6, 0x87, 0xEB, 0xE7, 0xF3,
  0x5C, 0xFE, 0x1A, 0x09, 0x45, 0x12, 0x64, 0x18, 0xBD, 0x1A, 0x76, 0x19,
  0x77, 0x15, 0x15, 0x10, 0xA7, 0x0A, 0x1F, 0x06, 0xCE, 0x02, 0x62, 0x00,
  0x1D, 0xFE, 0x2D, 0xFB, 0x11, 0xF7, 0xDF, 0xF1, 0x56, 0xEC, 0xB1, 0xE7,
  0x54, 0xE5, 0x59, 0xE6, 0x30, 0xEB, 0x6C, 0xF3, 0xD0, 0xFD, 0x97, 0x08,
  0xE0, 0x11, 0x2C, 0x18, 0xB6, 0x1A, 0x99, 0x19, 0xB6, 0x15, 0x5D, 0x10,
  0xE9, 0x0A, 0x51, 0x06, 0xF2, 0x02, 0x7E, 0x00, 0x3C, 0xFE, 0x59, 0xFB,
  0x4D, 0xF7, 0x26, 0xF2, 0x9A, 0xEC, 0xE1, 0xE7, 0x60, 0xE5, 0x35, 0xE6,
  0xDC, 0xEA, 0xF2, 0xF2, 0x45, 0xFD, 0x12, 0x08, 0x78, 0x11, 0xF1, 0x17,
  0xAD, 0x1A, 0xBB, 0x19, 0xF3, 0x15, 0xA5, 0x10, 0x2B, 0x0B, 0x85, 0x06,
  0x16, 0x03, 0x9B, 0x00, 0x5C, 0xFE, 0x84, 0xFB, 0x88, 0xF7, 0x6D, 0xF2,
  0xDF, 0xEC, 0x13, 0xE8, 0x6E, 0xE5, 0x13, 0xE6, 0x89, 0xEA, 0x7A, 0xF2,
  0xBA, 0xFC, 0x8C, 0x07, 0x0F, 0x11, 0xB4, 0x17, 0xA1, 0x1A, 0xDB, 0x19,
  0x30, 0x16, 0xEC, 0x10, 0x6D, 0x0B, 0xB9, 0x06, 0x3B, 0x03, 0xB7, 0x00,
  0x7A, 0xFE, 0xAF, 0xFB, 0xC3, 0xF7, 0xB3, 0xF2, 0x24, 0xED, 0x46, 0xE8,
  0x7D, 0xE5, 0xF4, 0xE5, 0x3A, 0xEA, 0x03, 0xF2, 0x2F, 0xFC, 0x06, 0x07,
  0xA4, 0x10, 0x75, 0x17, 0x93, 0x1A, 0xF9, 0x19, 0x6C, 0x16, 0x34, 0x11,
  0xB0, 0x0B, 0xEE, 0x06, 0x61, 0x03, 0xD4, 0x00, 0x99, 0xFE, 0xD9, 0xFB,
  0xFD, 0xF7, 0xF9, 0xF2, 0x6A, 0xED, 0x7B, 0xE8, 0x8F, 0xE5, 0xD7, 0xE5,
  0xEC, 0xE9, 0x8E, 0xF1, 0xA5, 0xFB, 0x7F, 0x06, 0x37, 0x10, 0x33, 0x17,
  0x83, 0x1A, 0x15, 0x1A, 0xA6, 0x16, 0x7B, 0x11, 0xF4, 0x0B, 0x24, 0x07,
  0x87, 0x03, 0xF1, 0x00, 0xB7, 0xFE, 0x02, 0xFC, 0x36, 0xF8, 0x3E, 0xF3,
  0xB0, 0xED, 0xB1, 0xE8, 0xA3, 0xE5, 0xBD, 0xE5, 0xA1, 0xE9, 0x1A, 0xF1,
  0x1B, 0xFB, 0xF7, 0x05, 0xC9, 0x0F, 0xEF, 0x16, 0x70, 0x1A, 0x2F, 0x1A,
  0xE0, 0x16, 0xC2, 0x11, 0x38, 0x0C, 0x5A, 0x07, 0xAE, 0x03, 0x0E, 0x01,
  0xD4, 0xFE, 0x2A, 0xFC, 0x6E, 0xF8, 0x83, 0xF3, 0xF7, 0xED, 0xE8, 0xE8,
  0xB9, 0xE5, 0xA5, 0xE5, 0x58, 0xE9, 0xA8, 0xF0, 0x92, 0xFA, 0x6E, 0x05,
  0x58, 0x0F, 0xA8, 0x16, 0x5B, 0x1A, 0x47, 0x1A, 0x18, 0x17, 0x09, 0x12,
  0x7D, 0x0C, 0x92, 0x07, 0xD6, 0x03, 0x2C, 0x01, 0xF2, 0xFE, 0x52, 0xFC,
  0xA6, 0xF8, 0xC8, 0xF3, 0x3E, 0xEE, 0x20, 0xE9, 0xD1, 0xE5, 0x90, 0xE5,
  0x11, 0xE9, 0x37, 0xF0, 0x09, 0xFA, 0xE5, 0x04, 0xE6, 0x0E, 0x5F, 0x16,
  0x43, 0x1A, 0x5D, 0x1A, 0x4F, 0x17, 0x50, 0x12, 0xC2, 0x0C, 0xCA, 0x07,
  0xFE, 0x03, 0x49, 0x01, 0x0F, 0xFF, 0x79, 0xFC, 0xDC, 0xF8, 0x0C, 0xF4,
  0x85, 0xEE, 0x5A, 0xE9, 0xEB, 0xE5, 0x7D, 0xE5, 0xCD, 0xE8, 0xC9, 0xEF,
  0x81, 0xF9, 0x5B, 0x04, 0x72, 0x0E, 0x14, 0x16, 0x29, 0x1A, 0x71, 0x1A,
  0x85, 0x17, 0x96, 0x12, 0x07, 0x0D, 0x03, 0x08, 0x27, 0x04, 0x67, 0x01,
  0x2C, 0xFF, 0x9F, 0xFC, 0x12, 0xF9, 0x50, 0xF4, 0xCC, 0xEE, 0x94, 0xE9,
  0x07, 0xE6, 0x6D, 0xE5, 0x8B, 0xE8, 0x5C, 0xEF, 0xFA, 0xF8, 0xD1, 0x03,
  0xFD, 0x0D, 0xC6, 0x15, 0x0C, 0x1A, 0x83, 0x1A, 0xBA, 0x17, 0xDC, 0x12,
  0x4D, 0x0D, 0x3D, 0x08, 0x51, 0x04, 0x86, 0x01, 0x49, 0xFF, 0xC5, 0xFC,
  0x47, 0xF9, 0x93, 0xF4, 0x14, 0xEF, 0xD0, 0xE9, 0x25, 0xE6, 0x5F, 0xE5,
  0x4C, 0xE8, 0xF1, 0xEE, 0x74, 0xF8, 0x46, 0x03, 0x86, 0x0D, 0x77, 0x15,
  0xED, 0x19, 0x92, 0x1A, 0xED, 0x17, 0x21, 0x13, 0x93, 0x0D, 0x78, 0x08,
  0x7C, 0x04, 0xA4, 0x01, 0x65, 0xFF, 0xEA, 0xFC, 0x7B, 0xF9, 0xD5, 0xF4,
  0x5B, 0xEF, 0x0D, 0xEA, 0x45, 0xE6, 0x53, 0xE5, 0x0F, 0xE8, 0x88, 0xEE,
  0xEE, 0xF7, 0xBB, 0x02, 0x0E, 0x0D, 0x24, 0x15, 0xCB, 0x19, 0xA0, 0x1A,
  0x1F, 0x18, 0x66, 0x13, 0xDA, 0x0D, 0xB3, 0x08, 0xA7, 0x04, 0xC4, 0x01,
  0x82, 0xFF, 0x0E, 0xFD, 0xAF, 0xF9, 0x17, 0xF5, 0xA3, 0xEF, 0x4A, 0xEA,
  0x67, 0xE6, 0x4A, 0xE5, 0xD4, 0xE7, 0x20, 0xEE, 0x69, 0xF7, 0x30, 0x02,
  0x94, 0x0C, 0xD0, 0x14, 0xA7, 0x19, 0xAC, 0x1A, 0x4F, 0x18, 0xAA, 0x13,
  0x21, 0x0E, 0xEF, 0x08, 0xD3, 0x04, 0xE3, 0x01, 0x9E, 0xFF, 0x32, 0xFD,
  0xE1, 0xF9, 0x59, 0xF5, 0xEB, 0xEF, 0x89, 0xEA, 0x8A, 0xE6, 0x43, 0xE5,
  0x9C, 0xE7, 0xBB, 0xED, 0xE6, 0xF6, 0xA4, 0x01, 0x19, 0x0C, 0x79, 0x14,
  0x80, 0x19, 0xB5, 0x1A, 0x7E, 0x18, 0xEE, 0x13, 0x68, 0x0E, 0x2C, 0x09,
  0x00, 0x05, 0x03, 0x02, 0xBA, 0xFF, 0x55, 0xFD, 0x13, 0xFA, 0x9A, 0xF5,
  0x33, 0xF0, 0xC9, 0xEA, 0xAF, 0xE6, 0x3F, 0xE5, 0x67, 0xE7, 0x58, 0xED,
  0x63, 0xF6, 0x18, 0x01, 0x9C, 0x0B, 0x21, 0x14, 0x57, 0x19, 0xBC, 0x1A,
  0xAB, 0x18, 0x32, 0x14, 0xAF, 0x0E, 0x69, 0x09, 0x2E, 0x05, 0x24, 0x02,
  0xD6, 0xFF, 0x78, 0xFD, 0x44, 0xFA, 0xDA, 0xF5, 0x7A, 0xF0, 0x09, 0xEB,
  0xD6, 0xE6, 0x3D, 0xE5, 0x34, 0xE7, 0xF7, 0xEC, 0xE2, 0xF5, 0x8C, 0x00,
  0x1E, 0x0B, 0xC6, 0x13, 0x2B, 0x19, 0xC1, 0x1A, 0xD7, 0x18, 0x74, 0x14,
  0xF6, 0x0E, 0xA7, 0x09, 0x5C, 0x05, 0x45, 0x02, 0xF2, 0xFF, 0x9A, 0xFD,
  0x74, 0xFA, 0x1A, 0xF6, 0xC2, 0xF0, 0x4A, 0xEB, 0xFF, 0xE6, 0x3D, 0xE5,
  0x03, 0xE7, 0x97, 0xEC, 0x61, 0xF5, 0x00, 0x00, 0x9F, 0x0A, 0x69, 0x13,
  0xFD, 0x18, 0xC3, 0x1A, 0x01, 0x19, 0xB6, 0x14, 0x3E, 0x0F, 0xE6, 0x09,
  0x8C, 0x05, 0x66, 0x02, 0x0E, 0x00, 0xBB, 0xFD, 0xA4, 0xFA, 0x59, 0xF6,
  0x0A, 0xF1, 0x8C, 0xEB, 0x29, 0xE7, 0x3F, 0xE5, 0xD5, 0xE6, 0x3A, 0xEC,
  0xE2, 0xF4, 0x74, 0xFF, 0x1E, 0x0A, 0x09, 0x13, 0xCC, 0x18, 0xC3, 0x1A,
  0x2A, 0x19, 0xF7, 0x14, 0x86, 0x0F, 0x26, 0x0A, 0xBC, 0x05, 0x88, 0x02,
  0x2A, 0x00, 0xDC, 0xFD, 0xD2, 0xFA, 0x97, 0xF6, 0x51, 0xF1, 0xCE, 0xEB,
  0x55, 0xE7, 0x44, 0xE5, 0xA9, 0xE6, 0xDF, 0xEB, 0x64, 0xF4, 0xE8, 0xFE,
  0x9D, 0x09, 0xA8, 0x12, 0x99, 0x18, 0xC1, 0x1A, 0x51, 0x19, 0x37, 0x15,
  0xCD, 0x0F, 0x66, 0x0A, 0xED, 0x05, 0xAB, 0x02, 0x46, 0x00, 0xFD, 0xFD,
  0x00, 0xFB, 0xD4, 0xF6, 0x98, 0xF1, 0x12, 0xEC, 0x82, 0xE7, 0x4B, 0xE5,
  0x80, 0xE6, 0x87, 0xEB, 0xE7, 0xF3, 0x5C, 0xFE, 0x1A, 0x09, 0x45, 0x12,
  0x64, 0x18, 0xBD, 0x1A, 0x76, 0x19, 0x77, 0x15, 0x15, 0x10, 0xA7, 0x0A,
  0x1F, 0x06, 0xCE, 0x02, 0x62, 0x00, 0x1D, 0xFE, 0x2D, 0xFB, 0x11, 0xF7,
  0xDF, 0xF1, 0x56, 0xEC, 0xB1, 0xE7, 0x54, 0xE5, 0x59, 0xE6, 0x30, 0xEB,
  0x6C, 0xF3, 0xD0, 0xFD, 0x97, 0x08, 0xE0, 0x11, 0x2C, 0x18, 0xB6, 0x1A,
  0x99, 0x19, 0xB6, 0x15, 0x5D, 0x10, 0xE9, 0x0A, 0x51, 0x06, 0xF2, 0x02,
  0x7E, 0x00, 0x3C, 0xFE, 0x59, 0xFB, 0x4D, 0xF7, 0x26, 0xF2, 0x9A, 0xEC,
  0xE1, 0xE7, 0x60, 0xE5, 0x35, 0xE6, 0xDC, 0xEA, 0xF2, 0xF2, 0x45, 0xFD,
  0x12, 0x08, 0x78, 0x11, 0xF1, 0x17, 0xAD, 0x1A, 0xBB, 0x19, 0xF3, 0x15,
  0xA5, 0x10, 0x2B, 0x0B, 0x85, 0x06, 0x16, 0x03, 0x9B, 0x00, 0x5C, 0xFE,
  0x84, 0xFB, 0x88, 0xF7, 0x6D, 0xF2, 0xDF, 0xEC, 0x13, 0xE8, 0x6E, 0xE5,
  0x13, 0xE6, 0x89, 0xEA, 0x7A, 0xF2, 0xBA, 0xFC, 0x8C, 0x07, 0x0F, 0x11,
  0xB4, 0x17, 0xA1, 0x1A, 0xDB, 0x19, 0x30, 0x16, 0xEC, 0x10, 0x6D, 0x0B,
  0xB9, 0x06, 0x3B, 0x03, 0xB7, 0x00, 0x7A, 0xFE, 0xAF, 0xFB, 0xC3, 0xF7,
  0xB3, 0xF2, 0x24, 0xED, 0x46, 0xE8, 0x7D, 0xE5, 0xF4, 0xE5, 0x3A, 0xEA,
  0x03, 0xF2, 0x2F, 0xFC, 0x06, 0x07, 0xA4, 0x10, 0x75, 0x17, 0x93, 0x1A,
  0xF9, 0x19, 0x6C, 0x16, 0x34, 0x11, 0xB0, 0x0B, 0xEE, 0x06, 0x61, 0x03,
  0xD4, 0x00, 0x99, 0xFE, 0xD9, 0xFB, 0xFD, 0xF7, 0xF9, 0xF2, 0x6A, 0xED,
  0x7B, 0xE8, 0x8F, 0xE5, 0xD7, 0xE5, 0xEC, 0xE9, 0x8E, 0xF1, 0xA5, 0xFB,
  0x7F, 0x06, 0x37, 0x10, 0x33, 0x17, 0x83, 0x1A, 0x15, 0x1A, 0xA6, 0x16,
  0x7B, 0x11, 0xF4, 0x0B, 0x24, 0x07, 0x87, 0x03, 0xF1, 0x00, 0xB7, 0xFE,
  0x02, 0xFC, 0x36, 0xF8, 0x3E, 0xF3, 0xB0, 0xED, 0xB1, 0xE8, 0xA3, 0xE5,
  0xBD, 0xE5, 0xA1, 0xE9, 0x1A, 0xF1, 0x1B, 0xFB, 0xF7, 0x05, 0xC9, 0x0F,
  0xEF, 0x16, 0x70, 0x1A, 0x2F, 0x1A, 0xE0, 0x16, 0xC2, 0x11, 0x38, 0x0C,
  0x5A, 0x07, 0xAE, 0x03, 0x0E, 0x01, 0xD4, 0xFE, 0x2A, 0xFC, 0x6E, 0xF8,
  0x83, 0xF3, 0xF7, 0xED, 0xE8, 0xE8, 0xB9, 0xE5, 0xA5, 0xE5, 0x58, 0xE9,
  0xA8, 0xF0, 0x92, 0xFA, 0x6E, 0x05, 0x58, 0x0F, 0xA8, 0x16, 0x5B, 0x1A,
  0x47, 0x1A, 0x18, 0x17, 0x09, 0x12, 0x7D, 0x0C, 0x92, 0x07, 0xD6, 0x03,
  0x2C, 0x01, 0xF2, 0xFE, 0x52, 0xFC, 0xA6, 0xF8, 0xC8, 0xF3, 0x3E, 0xEE,
  0x20, 0xE9, 0xD1, 0xE5, 0x90, 0xE5, 0x11, 0xE9, 0x37, 0xF0, 0x09, 0xFA,
  0xE5, 0x04, 0xE6, 0x0E, 0x5F, 0x16, 0x43, 0x1A, 0x5D, 0x1A, 0x4F, 0x17,
  0x50, 0x12, 0xC2, 0x0C, 0xCA, 0x07, 0xFE, 0x03, 0x49, 0x01, 0x0F, 0xFF,
  0x79, 0xFC, 0xDC, 0xF8, 0x0C, 0xF4, 0x85, 0xEE, 0x5A, 0xE9, 0xEB, 0xE5,
  0x7D, 0xE5, 0xCD, 0xE8, 0xC9, 0xEF, 0x81, 0xF9, 0x5B, 0x04, 0x72, 0x0E,
  0x14, 0x16, 0x29, 0x1A, 0x71, 0x1A, 0x85, 0x17, 0x96, 0x12, 0x07, 0x0D,
  0x03, 0x08, 0x27, 0x04, 0x67, 0x01, 0x2C, 0xFF, 0x9F, 0xFC, 0x12, 0xF9,
  0x50, 0xF4, 0xCC, 0xEE, 0x94, 0xE9, 0x07, 0xE6, 0x6D, 0xE5, 0x8B, 0xE8,
  0x5C, 0xEF, 0xFA, 0xF8, 0xD1, 0x03, 0xFD, 0x0D, 0xC6, 0x15, 0x0C, 0x1A,
  0x83, 0x1A, 0xBA, 0x17, 0xDC, 0x12, 0x4D, 0x0D, 0x3D, 0x08, 0x51, 0x04,
  0x86, 0x01, 0x49, 0xFF, 0xC5, 0xFC, 0x47, 0xF9, 0x93, 0xF4, 0x14, 0xEF,
  0xD0, 0xE9, 0x25, 0xE6, 0x5F, 0xE5, 0x4C, 0xE8, 0xF1, 0xEE, 0x74, 0xF8,
  0x46, 0x03, 0x86, 0x0D, 0x77, 0x15, 0xED, 0x19, 0x92, 0x1A, 0xED, 0x17,
  0x21, 0x13, 0x93, 0x0D, 0x78, 0x08, 0x7C, 0x04, 0xA4, 0x01, 0x65, 0xFF,
  0xEA, 0xFC, 0x7B, 0xF9, 0xD5, 0xF4, 0x5B, 0xEF, 0x0D, 0xEA, 0x45, 0xE6,
  0x53, 0xE5, 0x0F, 0xE8, 0x88, 0xEE, 0xEE, 0xF7, 0xBB, 0x02, 0x0E, 0x0D,
  0x24, 0x15, 0xCB, 0x19, 0xA0, 0x1A, 0x1F, 0x18, 0x66, 0x13, 0xDA, 0x0D,
  0xB3, 0x08, 0xA7, 0x04, 0xC4, 0x01, 0x82, 0xFF, 0x0E, 0xFD, 0xAF, 0xF9,
  0x17, 0xF5, 0xA3, 0xEF, 0x4A, 0xEA, 0x67, 0xE6, 0x4A, 0xE5, 0xD4, 0xE7,
  0x20, 0xEE, 0x69, 0xF7, 0x30, 0x02, 0x94, 0x0C, 0xD0, 0x14, 0xA7, 0x19,
  0xAC, 0x1A, 0x4F, 0x18, 0xAA, 0x13, 0x21, 0x0E, 0xEF, 0x08, 0xD3, 0x04,
  0xE3, 0x01, 0x9E, 0xFF, 0x32, 0xFD, 0xE1, 0xF9, 0x59, 0xF5, 0xEB, 0xEF,
  0x89, 0xEA, 0x8A, 0xE6, 0x43, 0xE5, 0x9C, 0xE7, 0xBB, 0xED, 0xE6, 0xF6,
  0xA4, 0x01, 0x19, 0x0C, 0x79, 0x14, 0x80, 0x19, 0xB5, 0x1A, 0x7E, 0x18,
  0xEE, 0x13, 0x68, 0x0E, 0x2C, 0x09, 0x00, 0x05, 0x03, 0x02, 0xBA, 0xFF,
  0x55, 0xFD, 0x13, 0xFA, 0x9A, 0xF5, 0x33, 0xF0, 0xC9, 0xEA, 0xAF, 0xE6,
  0x3F, 0xE5, 0x67, 0xE7, 0x58, 0xED, 0x63, 0xF6, 0x18, 0x01, 0x9C, 0x0B,
  0x21, 0x14, 0x57, 0x19, 0xBC, 0x1A, 0xAB, 0x18, 0x32, 0x14, 0xAF, 0x0E,
  0x69, 0x09, 0x2E, 0x05, 0x24, 0x02, 0xD6, 0xFF, 0x78, 0xFD, 0x44, 0xFA,
  0xDA, 0xF5, 0x7A, 0xF0, 0x09, 0xEB, 0xD6, 0xE6, 0x3D, 0xE5, 0x34, 0xE7,
  0xF7, 0xEC, 0xE2, 0xF5, 0x8C, 0x00, 0x1E, 0x0B, 0xC6, 0x13, 0x2B, 0x19,
  0xC1, 0x1A, 0xD7, 0x18, 0x74, 0x14, 0xF6, 0x0E, 0xA7, 0x09, 0x5C, 0x05,
  0x45, 0x02, 0xF2, 0xFF, 0x9A, 0xFD, 0x74, 0xFA, 0x1A, 0xF6, 0xC2, 0xF0,
  0x4A, 0xEB, 0xFF, 0xE6, 0x3D, 0xE5, 0x03, 0xE7, 0x97, 0xEC, 0x61, 0xF5,
  0x00, 0x00, 0x9F, 0x0A, 0x69, 0x13, 0xFD, 0x18, 0xC3, 0x1A, 0x01, 0x19,
  0xB6, 0x14, 0x3E, 0x0F, 0xE6, 0x09, 0x8C, 0x05, 0x66, 0x02, 0x0E, 0x00,
  0xBB, 0xFD, 0xA4, 0xFA, 0x59, 0xF6, 0x0A, 0xF1, 0x8C, 0xEB, 0x29, 0xE7,
  0x3F, 0xE5, 0xD5, 0xE6, 0x3A, 0xEC, 0xE2, 0xF4, 0x74, 0xFF, 0x1E, 0x0A,
  0x09, 0x13, 0xCC, 0x18, 0xC3, 0x1A, 0x2A, 0x19, 0xF7, 0x14, 0x86, 0x0F,
  0x26, 0x0A, 0xBC, 0x05, 0x88, 0x02, 0x2A, 0x00, 0xDC, 0xFD, 0xD2, 0xFA,
  0x97, 0xF6, 0x51, 0xF1, 0xCE, 0xEB, 0x55, 0xE7, 0x44, 0xE5, 0xA9, 0xE6,
  0xDF, 0xEB, 0x64, 0xF4, 0xE8, 0xFE, 0x9D, 0x09, 0xA8, 0x12, 0x99, 0x18,
  0xC1, 0x1A, 0x51, 0x19, 0x37, 0x15, 0xCD, 0x0F, 0x66, 0x0A, 0xED, 0x05,
  0xAB, 0x02, 0x46, 0x00, 0xFD, 0xFD, 0x00, 0xFB, 0xD4, 0xF6, 0x98, 0xF1,
  0x12, 0xEC, 0x82, 0xE7, 0x4B, 0xE5, 0x80, 0xE6, 0x87, 0xEB, 0xE7, 0xF3,
  0x5C, 0xFE, 0x1A, 0x09, 0x45, 0x12, 0x64, 0x18, 0xBD, 0x1A, 0x76, 0x19,
  0x77, 0x15, 0x15, 0x10, 0xA7, 0x0A, 0x1F, 0x06, 0xCE, 0x02, 0x62, 0x00,
  0x1D, 0xFE, 0x2D, 0xFB, 0x11, 0xF7, 0xDF, 0xF1, 0x56, 0xEC, 0xB1, 0xE7,
  0x54, 0xE5, 0x59, 0xE6, 0x30, 0xEB, 0x6C, 0xF3, 0xD0, 0xFD, 0x97, 0x08,
  0xE0, 0x11, 0x2C, 0x18, 0xB6, 0x1A, 0x99, 0x19, 0xB6, 0x15, 0x5D, 0x10,
  0xE9, 0x0A, 0x51, 0x06, 0xF2, 0x02, 0x7E, 0x00, 0x3C, 0xFE, 0x59, 0xFB,
  0x4D, 0xF7, 0x26, 0xF2, 0x9A, 0xEC, 0xE1, 0xE7, 0x60, 0xE5, 0x35, 0xE6,
  0xDC, 0xEA, 0xF2, 0xF2, 0x45, 0xFD, 0x12, 0x08, 0x78, 0x11, 0xF1, 0x17,
  0xAD, 0x1A, 0xBB, 0x19, 0xF3, 0x15, 0xA5, 0x10, 0x2B, 0x0B, 0x85, 0x06,
  0x16, 0x03, 0x9B, 0x00, 0x5C, 0xFE, 0x84, 0xFB, 0x88, 0xF7, 0x6D, 0xF2,
  0xDF, 0xEC, 0x13, 0xE8, 0x6E, 0xE5, 0x13, 0xE6, 0x89, 0xEA, 0x7A, 0xF2,
  0xBA, 0xFC, 0x8C, 0x07, 0x0F, 0x11, 0xB4, 0x17, 0xA1, 0x1A, 0xDB, 0x19,
  0x30, 0x16, 0xEC, 0x10, 0x6D, 0x0B, 0xB9, 0x06, 0x3B, 0x03, 0xB7, 0x00,
  0x7A, 0xFE, 0xAF, 0xFB, 0xC3, 0xF7, 0xB3, 0xF2, 0x24, 0xED, 0x46, 0xE8,
  0x7D, 0xE5, 0xF4, 0xE5, 0x3A, 0xEA, 0x03, 0xF2, 0x2F, 0xFC, 0x06, 0x07,
  0xA4, 0x10, 0x75, 0x17, 0x93, 0x1A, 0xF9, 0x19, 0x6C, 0x16, 0x34, 0x11,
  0xB0, 0x0B, 0xEE, 0x06, 0x61, 0x03, 0xD4, 0x00, 0x99, 0xFE, 0xD9, 0xFB,
  0xFD, 0xF7, 0xF9, 0xF2, 0x6A, 0xED, 0x7B, 0xE8, 0x8F, 0xE5, 0xD7, 0xE5,
  0xEC, 0xE9, 0x8E, 0xF1, 0xA5, 0xFB, 0x7F, 0x06, 0x37, 0x10, 0x33, 0x17,
  0x83, 0x1A, 0x15, 0x1A, 0xA6, 0x16, 0x7B, 0x11, 0xF4, 0x0B, 0x24, 0x07,
  0x87, 0x03, 0xF1, 0x00, 0xB7, 0xFE, 0x02, 0xFC, 0x36, 0xF8, 0x3E, 0xF3,
  0xB0, 0xED, 0xB1, 0xE8, 0xA3, 0xE5, 0xBD, 0xE5, 0xA1, 0xE9, 0x1A, 0xF1,
  0x1B, 0xFB, 0xF7, 0x05, 0xC9, 0x0F, 0xEF, 0x16, 0x70, 0x1A, 0x2F, 0x1A,
  0xE0, 0x16, 0xC2, 0x11, 0x38, 0x0C, 0x5A, 0x07, 0xAE, 0x03, 0x0E, 0x01,
  0xD4, 0xFE, 0x2A, 0xFC, 0x6E, 0xF8, 0x83, 0xF3, 0xF7, 0xED, 0xE8, 0xE8,
  0xB9, 0xE5, 0xA5, 0xE5, 0x58, 0xE9, 0xA8, 0xF0, 0x92, 0xFA, 0x6E, 0x05,
  0x58, 0x0F, 0xA8, 0x16, 0x5B, 0x1A, 0x47, 0x1A, 0x18, 0x17, 0x09, 0x12,
  0x7D, 0x0C, 0x92, 0x07, 0xD6, 0x03, 0x2C, 0x01, 0xF2, 0xFE, 0x52, 0xFC,
  0xA6, 0xF8, 0xC8, 0xF3, 0x3E, 0xEE, 0x20, 0xE9, 0xD1, 0xE5, 0x90, 0xE5,
  0x11, 0xE9, 0x37, 0xF0, 0x09, 0xFA, 0xE5, 0x04, 0xE6, 0x0E, 0x5F, 0x16,
  0x43, 0x1A, 0x5D, 0x1A, 0x4F, 0x17, 0x50, 0x12, 0xC2, 0x0C, 0xCA, 0x07,
  0xFE, 0x03, 0x49, 0x01, 0x0F, 0xFF, 0x79, 0xFC, 0xDC, 0xF8, 0x0C, 0xF4,
  0x85, 0xEE, 0x5A, 0xE9, 0xEB, 0xE5, 0x7D, 0xE5, 0xCD, 0xE8, 0xC9, 0xEF,
  0x81, 0xF9, 0x5B, 0x04, 0x72, 0x0E, 0x14, 0x16, 0x29, 0x1A, 0x71, 0x1A,
  0x85, 0x17, 0x96, 0x12, 0x07, 0x0D, 0x03, 0x08, 0x27, 0x04, 0x67, 0x01,
  0x2C, 0xFF, 0x9F, 0xFC, 0x12, 0xF9, 0x50, 0xF4, 0xCC, 0xEE, 0x94, 0xE9,
  0x07, 0xE6, 0x6D, 0xE5, 0x8B, 0xE8, 0x5C, 0xEF, 0xFA, 0xF8, 0xD1, 0x03,
  0xFD, 0x0D, 0xC6, 0x15, 0x0C, 0x1A, 0x83, 0x1A, 0xBA, 0x17, 0xDC, 0x12,
  0x4D, 0x0D, 0x3D, 0x08, 0x51, 0x04, 0x86, 0x01, 0x49, 0xFF, 0xC5, 0xFC,
  0x47, 0xF9, 0x93, 0xF4, 0x14, 0xEF, 0xD0, 0xE9, 0x25, 0xE6, 0x5F, 0xE5,
  0x4C, 0xE8, 0xF1, 0xEE, 0x74, 0xF8, 0x46, 0x03, 0x86, 0x0D, 0x77, 0x15,
  0xED, 0x19, 0x92, 0x1A, 0xED, 0x17, 0x21, 0x13, 0x93, 0x0D, 0x78, 0x08,
  0x7C, 0x04, 0xA4, 0x01, 0x65, 0xFF, 0xEA, 0xFC, 0x7B, 0xF9, 0xD5, 0xF4,
  0x5B, 0xEF, 0x0D, 0xEA, 0x45, 0xE6, 0x53, 0xE5, 0x0F, 0xE8, 0x88, 0xEE,
  0xEE, 0xF7, 0xBB, 0x02, 0x0E, 0x0D, 0x24, 0x15, 0xCB, 0x19, 0xA0, 0x1A,
  0x1F, 0x18, 0x66, 0x13, 0xDA, 0x0D, 0xB3, 0x08, 0xA7, 0x04, 0xC4, 0x01,
  0x82, 0xFF, 0x0E, 0xFD, 0xAF, 0xF9, 0x17, 0xF5, 0xA3, 0xEF, 0x4A, 0xEA,
  0x67, 0xE6, 0x4A, 0xE5, 0xD4, 0xE7, 0x20, 0xEE, 0x69, 0xF7, 0x30, 0x02,
  0x94, 0x0C, 0xD0, 0x14, 0xA7, 0x19, 0xAC, 0x1A, 0x4F, 0x18, 0xAA, 0x13,
  0x21, 0x0E, 0xEF, 0x08, 0xD3, 0x04, 0xE3, 0x01, 0x9E, 0xFF, 0x32, 0xFD,
  0xE1, 0xF9, 0x59, 0xF5, 0xEB, 0xEF, 0x89, 0xEA, 0x8A, 0xE6, 0x43, 0xE5,
  0x9C, 0xE7, 0xBB, 0xED, 0xE6, 0xF6, 0xA4, 0x01, 0x19, 0x0C, 0x79, 0x14,
  0x80, 0x19, 0xB5, 0x1A, 0x7E, 0x18, 0xEE, 0x13, 0x68, 0x0E, 0x2C, 0x09,
  0x00, 0x05, 0x03, 0x02, 0xBA, 0xFF, 0x55, 0xFD, 0x13, 0xFA, 0x9A, 0xF5,
  0x33, 0xF0, 0xC9, 0xEA, 0xAF, 0xE6, 0x3F, 0xE5, 0x67, 0xE7, 0x58, 0xED,
  0x63, 0xF6, 0x18, 0x01, 0x9C, 0x0B, 0x21, 0x14, 0x57, 0x19, 0xBC, 0x1A,
  0xAB, 0x18, 0x32, 0x14, 0xAF, 0x0E, 0x69, 0x09, 0x2E, 0x05, 0x24, 0x02,
  0xD6, 0xFF, 0x78, 0xFD, 0x44, 0xFA, 0xDA, 0xF5, 0x7A, 0xF0, 0x09, 0xEB,
  0xD6, 0xE6, 0x3D, 0xE5, 0x34, 0xE7, 0xF7, 0xEC, 0xE2, 0xF5, 0x8C, 0x00,
  0x1E, 0x0B, 0xC6, 0x13, 0x2B, 0x19, 0xC1, 0x1A, 0xD7, 0x18, 0x74, 0x14,
  0xF6, 0x0E, 0xA7, 0x09, 0x5C, 0x05, 0x45, 0x02, 0xF2, 0xFF, 0x9A, 0xFD,
  0x74, 0xFA, 0x1A, 0xF6, 0xC2, 0xF0, 0x4A, 0xEB, 0xFF, 0xE6, 0x3D, 0xE5,
  0x03, 0xE7, 0x97, 0xEC, 0x61, 0xF5, 0x00, 0x00, 0x9F, 0x0A, 0x69, 0x13,
  0xFD, 0x18, 0xC3, 0x1A, 0x01, 0x19, 0xB6, 0x14, 0x3E, 0x0F, 0xE6, 0x09,
  0x8C, 0x05, 0x66, 0x02, 0x0E, 0x00, 0xBB, 0xFD, 0xA4, 0xFA, 0x59, 0xF6,
  0x0A, 0xF1, 0x8C, 0xEB, 0x29, 0xE7, 0x3F, 0xE5, 0xD5, 0xE6, 0x3A, 0xEC,
  0xE2, 0xF4, 0x74, 0xFF, 0x1E, 0x0A, 0x09, 0x13, 0xCC, 0x18, 0xC3, 0x1A,
  0x2A, 0x19, 0xF7, 0x14, 0x86, 0x0F, 0x26, 0x0A, 0xBC, 0x05, 0x88, 0x02,
  0x2A, 0x00, 0xDC, 0xFD, 0xD2, 0xFA, 0x97, 0xF6, 0x51, 0xF1, 0xCE, 0xEB,
  0x55, 0xE7, 0x44, 0xE5, 0xA9, 0xE6, 0xDF, 0xEB, 0x64, 0xF4, 0xE8, 0xFE,
  0x9D, 0x09, 0xA8, 0x12, 0x99, 0x18, 0xC1, 0x1A, 0x51, 0x19, 0x37, 0x15,
  0xCD, 0x0F, 0x66, 0x0A, 0xED, 0x05, 0xAB, 0x02, 0x46, 0x00, 0xFD, 0xFD,
  0x00, 0xFB, 0xD4, 0xF6, 0x98, 0xF1, 0x12, 0xEC, 0x82, 0xE7, 0x4B, 0xE5,
  0x80, 0xE6, 0x87, 0xEB, 0xE7, 0xF3, 0x5C, 0xFE, 0x1A, 0x09, 0x45, 0x12,
  0x64, 0x18, 0xBD, 0x1A, 0x76, 0x19, 0x77, 0x15, 0x15, 0x10, 0xA7, 0x0A,
  0x1F, 0x06, 0xCE, 0x02, 0x62, 0x00, 0x1D, 0xFE, 0x2D, 0xFB, 0x11, 0xF7,
  0xDF, 0xF1, 0x56, 0xEC, 0xB1, 0xE7, 0x54, 0xE5, 0x59, 0xE6, 0x30, 0xEB,
  0x6C, 0xF3, 0xD0, 0xFD, 0x97, 0x08, 0xE0, 0x11, 0x2C, 0x18, 0xB6, 0x1A,
  0x99, 0x19, 0xB6, 0x15, 0x5D, 0x10, 0xE9, 0x0A, 0x51, 0x06, 0xF2, 0x02,
  0x7E, 0x00, 0x3C, 0xFE, 0x59, 0xFB, 0x4D, 0xF7, 0x26, 0xF2, 0x9A, 0xEC,
  0xE1, 0xE7, 0x60, 0xE5, 0x35, 0xE6, 0xDC, 0xEA, 0xF2, 0xF2, 0x45, 0xFD,
  0x12, 0x08, 0x78, 0x11, 0xF1, 0x17, 0xAD, 0x1A, 0xBB, 0x19, 0xF3, 0x15,
  0xA5, 0x10, 0x2B, 0x0B, 0x85, 0x06, 0x16, 0x03, 0x9B, 0x00, 0x5C, 0xFE,
  0x84, 0xFB, 0x88, 0xF7, 0x6D, 0xF2, 0xDF, 0xEC, 0x13, 0xE8, 0x6E, 0xE5,
  0x13, 0xE6, 0x89, 0xEA, 0x7A, 0xF2, 0xBA, 0xFC, 0x8C, 0x07, 0x0F, 0x11,
  0xB4, 0x17, 0xA1, 0x1A, 0xDB, 0x19, 0x30, 0x16, 0xEC, 0x10, 0x6D, 0x0B,
  0xB9, 0x06, 0x3B, 0x03, 0xB7, 0x00, 0x7A, 0xFE, 0xAF, 0xFB, 0xC3, 0xF7,
  0xB3, 0xF2, 0x24, 0xED, 0x46, 0xE8, 0x7D, 0xE5, 0xF4, 0xE5, 0x3A, 0xEA,
  0x03, 0xF2, 0x2F, 0xFC, 0x06, 0x07, 0xA4, 0x10, 0x75, 0x17, 0x93, 0x1A,
  0xF9, 0x19, 0x6C, 0x16, 0x34, 0x11, 0xB0, 0x0B, 0xEE, 0x06, 0x61, 0x03,
  0xD4, 0x00, 0x99, 0xFE, 0xD9, 0xFB, 0xFD, 0xF7, 0xF9, 0xF2, 0x6A, 0xED,
  0x7B, 0xE8, 0x8F, 0xE5, 0xD7, 0xE5, 0xEC, 0xE9, 0x8E, 0xF1, 0xA5, 0xFB,
  0x7F, 0x06, 0x37, 0x10, 0x33, 0x17, 0x83, 0x1A, 0x15, 0x1A, 0xA6, 0x16,
  0x7B, 0x11, 0xF4, 0x0B, 0x24, 0x07, 0x87, 0x03, 0xF1, 0x00, 0xB7, 0xFE,
  0x02, 0xFC, 0x36, 0xF8, 0x3E, 0xF3, 0xB0, 0xED, 0xB1, 0xE8, 0xA3, 0xE5,
  0xBD, 0xE5, 0xA1, 0xE9, 0x1A, 0xF1, 0x1B, 0xFB, 0xF7, 0x05, 0xC9, 0x0F,
  0xEF, 0x16, 0x70, 0x1A, 0x2F, 0x1A, 0xE0, 0x16, 0xC2, 0x11, 0x38, 0x0C,
  0x5A, 0x07, 0xAE, 0x03, 0x0E, 0x01, 0xD4, 0xFE, 0x2A, 0xFC, 0x6E, 0xF8,
  0x83, 0xF3, 0xF7, 0xED, 0xE8, 0xE8, 0xB9, 0xE5, 0xA5, 0xE5, 0x58, 0xE9,
  0xA8, 0xF0, 0x92, 0xFA, 0x6E, 0x05, 0x58, 0x0F, 0xA8, 0x16, 0x5B, 0x1A,
  0x47, 0x1A, 0x18, 0x17, 0x09, 0x12, 0x7D, 0x0C, 0x92, 0x07, 0xD6, 0x03,
  0x2C, 0x01, 0xF2, 0xFE, 0x52, 0xFC, 0xA6, 0xF8, 0xC8, 0xF3, 0x3E, 0xEE,
  0x20, 0xE9, 0xD1, 0xE5, 0x90, 0xE5, 0x11, 0xE9, 0x37, 0xF0, 0x09, 0xFA,
  0xE5, 0x04, 0xE6, 0x0E, 0x5F, 0x16, 0x43, 0x1A, 0x5D, 0x1A, 0x4F, 0x17,
  0x50, 0x12, 0xC2, 0x0C, 0xCA, 0x07, 0xFE, 0x03, 0x49, 0x01, 0x0F, 0xFF,
  0x79, 0xFC, 0xDC, 0xF8, 0x0C, 0xF4, 0x85, 0xEE, 0x5A, 0xE9, 0xEB, 0xE5,
  0x7D, 0xE5, 0xCD, 0xE8, 0xC9, 0xEF, 0x81, 0xF9, 0x5B, 0x04, 0x72, 0x0E,
  0x14, 0x16, 0x29, 0x1A, 0x71, 0x1A, 0x85, 0x17, 0x96, 0x12, 0x07, 0x0D,
  0x03, 0x08, 0x27, 0x04, 0x67, 0x01, 0x2C, 0xFF, 0x9F, 0xFC, 0x12, 0xF9,
  0x50, 0xF4, 0xCC, 0xEE, 0x94, 0xE9, 0x07, 0xE6, 0x6D, 0xE5, 0x8B, 0xE8,
  0x5C, 0xEF, 0xFA, 0xF8, 0xD1, 0x03, 0xFD, 0x0D, 0xC6, 0x15, 0x0C, 0x1A,
  0x83, 0x1A, 0xBA, 0x17, 0xDC, 0x12, 0x4D, 0x0D, 0x3D, 0x08, 0x51, 0x04,
  0x86, 0x01, 0x49, 0xFF, 0xC5, 0xFC, 0x47, 0xF9, 0x93, 0xF4, 0x14, 0xEF,
  0xD0, 0xE9, 0x25, 0xE6, 0x5F, 0xE5, 0x4C, 0xE8, 0xF1, 0xEE, 0x74, 0xF8,
  0x46, 0x03, 0x86, 0x0D, 0x77, 0x15, 0xED, 0x19, 0x92, 0x1A, 0xED, 0x17,
  0x21, 0x13, 0x93, 0x0D, 0x78, 0x08, 0x7C, 0x04, 0xA4, 0x01, 0x65, 0xFF,
  0xEA, 0xFC, 0x7B, 0xF9, 0xD5, 0xF4, 0x5B, 0xEF, 0x0D, 0xEA, 0x45, 0xE6,
  0x53, 0xE5, 0x0F, 0xE8, 0x88, 0xEE, 0xEE, 0xF7, 0xBB, 0x02, 0x0E, 0x0D,
  0x24, 0x15, 0xCB, 0x19, 0xA0, 0x1A, 0x1F, 0x18, 0x66, 0x13, 0xDA, 0x0D,
  0xB3, 0x08, 0xA7, 0x04, 0xC4, 0x01, 0x82, 0xFF, 0x0E, 0xFD, 0xAF, 0xF9,
  0x17, 0xF5, 0xA3, 0xEF, 0x4A, 0xEA, 0x67, 0xE6, 0x4A, 0xE5, 0xD4, 0xE7,
  0x20, 0xEE, 0x69, 0xF7, 0x30, 0x02, 0x94, 0x0C, 0xD0, 0x14, 0xA7, 0x19,
  0xAC, 0x1A, 0x4F, 0x18, 0xAA, 0x13, 0x21, 0x0E, 0xEF, 0x08, 0xD3, 0x04,
  0xE3, 0x01, 0x9E, 0xFF, 0x32, 0xFD, 0xE1, 0xF9, 0x59, 0xF5, 0xEB, 0xEF,
  0x89, 0xEA, 0x8A, 0xE6, 0x43, 0xE5, 0x9C, 0xE7, 0xBB, 0xED, 0xE6, 0xF6,
  0xA4, 0x01, 0x19, 0x0C, 0x79, 0x14, 0x80, 0x19, 0xB5, 0x1A, 0x7E, 0x18,
  0xEE, 0x13, 0x68, 0x0E, 0x2C, 0x09, 0x00, 0x05, 0x03, 0x02, 0xBA, 0xFF,
  0x55, 0xFD, 0x13, 0xFA, 0x9A, 0xF5, 0x33, 0xF0, 0xC9, 0xEA, 0xAF, 0xE6,
  0x3F, 0xE5, 0x67, 0xE7, 0x58, 0xED, 0x63, 0xF6, 0x18, 0x01, 0x9C, 0x0B,
  0x21, 0x14, 0x57, 0x19, 0xBC, 0x1A, 0xAB, 0x18, 0x32, 0x14, 0xAF, 0x0E,
  0x69, 0x09, 0x2E, 0x05, 0x24, 0x02, 0xD6, 0xFF, 0x78, 0xFD, 0x44, 0xFA,
  0xDA, 0xF5, 0x7A, 0xF0, 0x09, 0xEB, 0xD6, 0xE6, 0x3D, 0xE5, 0x34, 0xE7,
  0xF7, 0xEC, 0xE2, 0xF5, 0x8C, 0x00, 0x1E, 0x0B, 0xC6, 0x13, 0x2B, 0x19,
  0xC1, 0x1A, 0xD7, 0x18, 0x74, 0x14, 0xF6, 0x0E, 0xA7, 0x09, 0x5C, 0x05,
  0x45, 0x02, 0xF2, 0xFF, 0x9A, 0xFD, 0x74, 0xFA, 0x1A, 0xF6, 0xC2, 0xF0,
  0x4A, 0xEB, 0xFF, 0xE6, 0x3D, 0xE5, 0x03, 0xE7, 0x97, 0xEC, 0x61, 0xF5,
  0x00, 0x00, 0x9F, 0x0A, 0x69, 0x13, 0xFD, 0x18, 0xC3, 0x1A, 0x01, 0x19,
  0xB6, 0x14, 0x3E, 0x0F, 0xE6, 0x09, 0x8C, 0x05, 0x66, 0x02, 0x0E, 0x00,
  0xBB, 0xFD, 0xA4, 0xFA, 0x59, 0xF6, 0x0A, 0xF1, 0x8C, 0xEB, 0x29, 0xE7,
  0x3F, 0xE5, 0xD5, 0xE6, 0x3A, 0xEC, 0xE2, 0xF4, 0x74, 0xFF, 0x1E, 0x0A,
  0x09, 0x13, 0xCC, 0x18, 0xC3, 0x1A, 0x2A, 0x19, 0xF7, 0x14, 0x86, 0x0F,
  0x26, 0x0A, 0xBC, 0x05, 0x88, 0x02, 0x2A, 0x00, 0xDC, 0xFD, 0xD2, 0xFA,
  0x97, 0xF6, 0x51, 0xF1, 0xCE, 0xEB, 0x55, 0xE7, 0x44, 0xE5, 0xA9, 0xE6,
  0xDF, 0xEB, 0x64, 0xF4, 0xE8, 0xFE, 0x9D, 0x09, 0xA8, 0x12, 0x99, 0x18,
  0xC1, 0x1A, 0x51, 0x19, 0x37, 0x15, 0xCD, 0x0F, 0x66, 0x0A, 0xED, 0x05,
  0xAB, 0x02, 0x46, 0x00, 0xFD, 0xFD, 0x00, 0xFB, 0xD4, 0xF6, 0x98, 0xF1,
  0x12, 0xEC, 0x82, 0xE7, 0x4B, 0xE5, 0x80, 0xE6, 0x87, 0xEB, 0xE7, 0xF3,
  0x5C, 0xFE, 0x1A, 0x09, 0x45, 0x12, 0x64, 0x18, 0xBD, 0x1A, 0x76, 0x19,
  0x77, 0x15, 0x15, 0x10, 0xA7, 0x0A, 0x1F, 0x06, 0xCE, 0x02, 0x62, 0x00,
  0x1D, 0xFE, 0x2D, 0xFB, 0x11, 0xF7, 0xDF, 0xF1, 0x56, 0xEC, 0xB1, 0xE7,
  0x54, 0xE5, 0x59, 0xE6, 0x30, 0xEB, 0x6C, 0xF3, 0xD0, 0xFD, 0x97, 0x08,
  0xE0, 0x11, 0x2C, 0x18, 0xB6, 0x1A, 0x99, 0x19, 0xB6, 0x15, 0x5D, 0x10,
  0xE9, 0x0A, 0x51, 0x06, 0xF2, 0x02, 0x7E, 0x00, 0x3C, 0xFE, 0x59, 0xFB,
  0x4D, 0xF7, 0x26, 0xF2, 0x9A, 0xEC, 0xE1, 0xE7, 0x60, 0xE5, 0x35, 0xE6,
  0xDC, 0xEA, 0xF2, 0xF2, 0x45, 0xFD, 0x12, 0x08, 0x78, 0x11, 0xF1, 0x17,
  0xAD, 0x1A, 0xBB, 0x19, 0xF3, 0x15, 0xA5, 0x10, 0x2B, 0x0B, 0x85, 0x06,
  0x16, 0x03, 0x9B, 0x00, 0x5C, 0xFE, 0x84, 0xFB, 0x88, 0xF7, 0x6D, 0xF2,
  0xDF, 0xEC, 0x13, 0xE8, 0x6E, 0xE5, 0x13, 0xE6, 0x89, 0xEA, 0x7A, 0xF2,
  0xBA, 0xFC, 0x8C, 0x07, 0x0F, 0x11, 0xB4, 0x17, 0xA1, 0x1A, 0xDB, 0x19,
  0x30, 0x16, 0xEC, 0x10, 0x6D, 0x0B, 0xB9, 0x06, 0x3B, 0x03, 0xB7, 0x00,
  0x7A, 0xFE, 0xAF, 0xFB, 0xC3, 0xF7, 0xB3, 0xF2, 0x24, 0xED, 0x46, 0xE8,
  0x7D, 0xE5, 0xF4, 0xE5, 0x3A, 0xEA, 0x03, 0xF2, 0x2F, 0xFC, 0x06, 0x07,
  0xA4, 0x10, 0x75, 0x17, 0x93, 0x1A, 0xF9, 0x19, 0x6C, 0x16, 0x34, 0x11,
  0xB0, 0x0B, 0xEE, 0x06, 0x61, 0x03, 0xD4, 0x00, 0x99, 0xFE, 0xD9, 0xFB,
  0xFD, 0xF7, 0xF9, 0xF2, 0x6A, 0xED, 0x7B, 0xE8, 0x8F, 0xE5, 0xD7, 0xE5,
  0xEC, 0xE9, 0x8E, 0xF1, 0xA5, 0xFB, 0x7F, 0x06, 0x37, 0x10, 0x33, 0x17,
  0x83, 0x1A, 0x15, 0x1A, 0xA6, 0x16, 0x7B, 0x11, 0xF4, 0x0B, 0x24, 0x07,
  0x87, 0x03, 0xF1, 0x00, 0xB7, 0xFE, 0x02, 0xFC, 0x36, 0xF8, 0x3E, 0xF3,
  0xB0, 0xED, 0xB1, 0xE8, 0xA3, 0xE5, 0xBD, 0xE5, 0xA1, 0xE9, 0x1A, 0xF1,
  0x1B, 0xFB, 0xF7, 0x05, 0xC9, 0x0F, 0xEF, 0x16, 0x70, 0x1A, 0x2F, 0x1A,
  0xE0, 0x16, 0xC2, 0x11, 0x38, 0x0C, 0x5A, 0x07, 0xAE, 0x03, 0x0E, 0x01,
  0xD4, 0xFE, 0x2A, 0xFC, 0x6E, 0xF8, 0x83, 0xF3, 0xF7, 0xED, 0xE8, 0xE8,
  0xB9, 0xE5, 0xA5, 0xE5, 0x58, 0xE9, 0xA8, 0xF0, 0x92, 0xFA, 0x6E, 0x05,
  0x58, 0x0F, 0xA8, 0x16, 0x5B, 0x1A, 0x47, 0x1A, 0x18, 0x17, 0x09, 0x12,
  0x7D, 0x0C, 0x92, 0x07, 0xD6, 0x03, 0x2C, 0x01, 0xF2, 0xFE, 0x52, 0xFC,
  0xA6, 0xF8, 0xC8, 0xF3, 0x3E, 0xEE, 0x20, 0xE9, 0xD1, 0xE5, 0x90, 0xE5,
  0x11, 0xE9, 0x37, 0xF0, 0x09, 0xFA, 0xE5, 0x04, 0xE6, 0x0E, 0x5F, 0x16,
  0x43, 0x1A, 0x5D, 0x1A, 0x4F, 0x17, 0x50, 0x12, 0xC2, 0x0C, 0xCA, 0x07,
  0xFE, 0x03, 0x49, 0x01, 0x0F, 0xFF, 0x79, 0xFC, 0xDC, 0xF8, 0x0C, 0xF4,
  0x85, 0xEE, 0x5A, 0xE9, 0xEB, 0xE5, 0x7D, 0xE5, 0xCD, 0xE8, 0xC9, 0xEF,
  0x81, 0xF9, 0x5B, 0x04, 0x72, 0x0E, 0x14, 0x16, 0x29, 0x1A, 0x71, 0x1A,
  0x85, 0x17, 0x96, 0x12, 0x07, 0x0D, 0x03, 0x08, 0x27, 0x04, 0x67, 0x01,
  0x2C, 0xFF, 0x9F, 0xFC, 0x12, 0xF9, 0x50, 0xF4, 0xCC, 0xEE, 0x94, 0xE9,
  0x07, 0xE6, 0x6D, 0xE5, 0x8B, 0xE8, 0x5C, 0xEF, 0xFA, 0xF8, 0xD1, 0x03,
  0xFD, 0x0D, 0xC6, 0x15, 0x0C, 0x1A, 0x83, 0x1A, 0xBA, 0x17, 0xDC, 0x12,
  0x4D, 0x0D, 0x3D, 0x08, 0x51, 0x04, 0x86, 0x01, 0x49, 0xFF, 0xC5, 0xFC,
  0x47, 0xF9, 0x93, 0xF4, 0x14, 0xEF, 0xD0, 0xE9, 0x25, 0xE6, 0x5F, 0xE5,
  0x4C, 0xE8, 0xF1, 0xEE, 0x74, 0xF8, 0x46, 0x03, 0x86, 0x0D, 0x77, 0x15,
  0xED, 0x19, 0x92, 0x1A, 0xED, 0x17, 0x21, 0x13, 0x93, 0x0D, 0x78, 0x08,
  0x7C, 0x04, 0xA4, 0x01, 0x65, 0xFF, 0xEA, 0xFC, 0x7B, 0xF9, 0xD5, 0xF4,
  0x5B, 0xEF, 0x0D, 0xEA, 0x45, 0xE6, 0x53, 0xE5, 0x0F, 0xE8, 0x88, 0xEE,
  0xEE, 0xF7, 0xBB, 0x02, 0x0E, 0x0D, 0x24, 0x15, 0xCB, 0x19, 0xA0, 0x1A,
  0x1F, 0x18, 0x66, 0x13, 0xDA, 0x0D, 0xB3, 0x08, 0xA7, 0x04, 0xC4, 0x01,
  0x82, 0xFF, 0x0E, 0xFD, 0xAF, 0xF9, 0x17, 0xF5, 0xA3, 0xEF, 0x4A, 0xEA,
  0x67, 0xE6, 0x4A, 0xE5, 0xD4, 0xE7, 0x20, 0xEE, 0x69, 0xF7, 0x30, 0x02,
  0x94, 0x0C, 0xD0, 0x14, 0xA7, 0x19, 0xAC, 0x1A, 0x4F, 0x18, 0xAA, 0x13,
  0x21, 0x0E, 0xEF, 0x08, 0xD3, 0x04, 0xE3, 0x01, 0x9E, 0xFF, 0x32, 0xFD,
  0xE1, 0xF9, 0x59, 0xF5, 0xEB, 0xEF, 0x89, 0xEA, 0x8A, 0xE6, 0x43, 0xE5,
  0x9C, 0xE7, 0xBB, 0xED, 0xE6, 0xF6, 0xA4, 0x01, 0x19, 0x0C, 0x79, 0x14,
  0x80, 0x19, 0xB5, 0x1A, 0x7E, 0x18, 0xEE, 0x13, 0x68, 0x0E, 0x2C, 0x09,
  0x00, 0x05, 0x03, 0x02, 0xBA, 0xFF, 0x55, 0xFD, 0x13, 0xFA, 0x9A, 0xF5,
  0x33, 0xF0, 0xC9, 0xEA, 0xAF, 0xE6, 0x3F, 0xE5, 0x67, 0xE7, 0x58, 0xED,
  0x63, 0xF6, 0x18, 0x01, 0x9C, 0x0B, 0x21, 0x14, 0x57, 0x19, 0xBC, 0x1A,
  0xAB, 0x18, 0x32, 0x14, 0xAF, 0x0E, 0x69, 0x09, 0x2E, 0x05, 0x24, 0x02,
  0xD6, 0xFF, 0x78, 0xFD, 0x44, 0xFA, 0xDA, 0xF5, 0x7A, 0xF0, 0x09, 0xEB,
  0xD6, 0xE6, 0x3D, 0xE5, 0x34, 0xE7, 0xF7, 0xEC, 0xE2, 0xF5, 0x8C, 0x00,
  0x1E, 0x0B, 0xC6, 0x13, 0x2B, 0x19, 0xC1, 0x1A, 0xD7, 0x18, 0x74, 0x14,
  0xF6, 0x0E, 0xA7, 0x09, 0x5C, 0x05, 0x45, 0x02, 0xF2, 0xFF, 0x9A, 0xFD,
  0x74, 0xFA, 0x1A, 0xF6, 0xC2, 0xF0, 0x4A, 0xEB, 0xFF, 0xE6, 0x3D, 0xE5,
  0x03, 0xE7, 0x97, 0xEC, 0x61, 0xF5, 0x00, 0x00, 0x9F, 0x0A, 0x66, 0x13,
  0xF6, 0x18, 0xB8, 0x1A, 0xF3, 0x18, 0xA7, 0x14, 0x31, 0x0F, 0xDC, 0x09,
  0x85, 0x05, 0x63, 0x02, 0x0E, 0x00, 0xBF, 0xFD, 0xAD, 0xFA, 0x6B, 0xF6,
  0x28, 0xF1, 0xB8, 0xEB, 0x63, 0xE7, 0x81, 0xE5, 0x17, 0xE7, 0x71, 0xEC,
  0x02, 0xF5, 0x76, 0xFF, 0xFE, 0x09, 0xCA, 0x12, 0x76, 0x18, 0x62, 0x1A,
  0xCB, 0x18, 0xA5, 0x14, 0x47, 0x0F, 0xFB, 0x09, 0xA3, 0x05, 0x7D, 0x02,
  0x29, 0x00, 0xE7, 0xFD, 0xEC, 0xFA, 0xC7, 0xF6, 0x9E, 0xF1, 0x3B, 0xEC,
  0xDD, 0xE7, 0xDB, 0xE5, 0x3C, 0xE7, 0x57, 0xEC, 0xAB, 0xF4, 0xEF, 0xFE,
  0x5F, 0x09, 0x2E, 0x12, 0xF5, 0x17, 0x0B, 0x1A, 0xA1, 0x18, 0xA1, 0x14,
  0x5B, 0x0F, 0x19, 0x0A, 0xC0, 0x05, 0x96, 0x02, 0x44, 0x00, 0x0D, 0xFE,
  0x28, 0xFB, 0x20, 0xF7, 0x11, 0xF2, 0xBC, 0xEC, 0x57, 0xE8, 0x38, 0xE6,
  0x65, 0xE7, 0x42, 0xEC, 0x58, 0xF4, 0x6C, 0xFE, 0xC3, 0x08, 0x93, 0x11,
  0x73, 0x17, 0xB1, 0x19, 0x73, 0x18, 0x9A, 0x14, 0x6D, 0x0F, 0x36, 0x0A,
  0xDD, 0x05, 0xAF, 0x02, 0x5E, 0x00, 0x32, 0xFE, 0x63, 0xFB, 0x77, 0xF7,
  0x83, 0xF2, 0x3D, 0xED, 0xD2, 0xE8, 0x96, 0xE6, 0x92, 0xE7, 0x31, 0xEC,
  0x09, 0xF4, 0xEC, 0xFD, 0x29, 0x08, 0xF9, 0x10, 0xF0, 0x16, 0x55, 0x19,
  0x44, 0x18, 0x91, 0x14, 0x7E, 0x0F, 0x52, 0x0A, 0xF9, 0x05, 0xC8, 0x02,
  0x77, 0x00, 0x56, 0xFE, 0x9C, 0xFB, 0xCD, 0xF7, 0xF3, 0xF2, 0xBC, 0xED,
  0x4D, 0xE9, 0xF6, 0xE6, 0xC2, 0xE7, 0x24, 0xEC, 0xBF, 0xF3, 0x70, 0xFD,
  0x91, 0x07, 0x5F, 0x10, 0x6C, 0x16, 0xF7, 0x18, 0x11, 0x18, 0x85, 0x14,
  0x8D, 0x0F, 0x6D, 0x0A, 0x15, 0x06, 0xE1, 0x02, 0x90, 0x00, 0x78, 0xFE,
  0xD4, 0xFB, 0x20, 0xF8, 0x61, 0xF3, 0x3A, 0xEE, 0xC9, 0xE9, 0x57, 0xE7,
  0xF5, 0xE7, 0x1B, 0xEC, 0x79, 0xF3, 0xF8, 0xFC, 0xFC, 0x06, 0xC6, 0x0F,
  0xE7, 0x15, 0x97, 0x18, 0xDD, 0x17, 0x77, 0x14, 0x99, 0x0F, 0x87, 0x0A,
  0x30, 0x06, 0xF9, 0x02, 0xA9, 0x00, 0x9A, 0xFE, 0x09, 0xFC, 0x70, 0xF8,
  0xCD, 0xF3, 0xB7, 0xEE, 0x44, 0xEA, 0xBB, 0xE7, 0x2B, 0xE8, 0x17, 0xEC,
  0x38, 0xF3, 0x84, 0xFC, 0x69, 0x06, 0x2E, 0x0F, 0x62, 0x15, 0x36, 0x18,
  0xA5, 0x17, 0x66, 0x14, 0xA4, 0x0F, 0x9F, 0x0A, 0x4B, 0x06, 0x11, 0x03,
  0xC0, 0x00, 0xBA, 0xFE, 0x3D, 0xFC, 0xBF, 0xF8, 0x36, 0xF4, 0x32, 0xEF,
  0xBF, 0xEA, 0x1F, 0xE8, 0x64, 0xE8, 0x16, 0xEC, 0xFA, 0xF2, 0x14, 0xFC,
  0xD9, 0x05, 0x97, 0x0E, 0xDC, 0x14, 0xD2, 0x17, 0x6B, 0x17, 0x53, 0x14,
  0xAD, 0x0F, 0xB7, 0x0A, 0x65, 0x06, 0x28, 0x03, 0xD8, 0x00, 0xDA, 0xFE,
  0x6F, 0xFC, 0x0C, 0xF9, 0x9E, 0xF4, 0xAC, 0xEF, 0x3A, 0xEB, 0x86, 0xE8,
  0xA1, 0xE8, 0x1A, 0xEC, 0xC2, 0xF2, 0xA7, 0xFB, 0x4B, 0x05, 0x01, 0x0E,
  0x55, 0x14, 0x6D, 0x17, 0x2F, 0x17, 0x3E, 0x14, 0xB5, 0x0F, 0xCD, 0x0A,
  0x7F, 0x06, 0x3F, 0x03, 0xEE, 0x00, 0xF8, 0xFE, 0x9F, 0xFC, 0x56, 0xF9,
  0x03, 0xF5, 0x24, 0xF0, 0xB5, 0xEB, 0xED, 0xE8, 0xE0, 0xE8, 0x21, 0xEC,
  0x8D, 0xF2, 0x3E, 0xFB, 0xC1, 0x04, 0x6C, 0x0D, 0xCE, 0x13, 0x06, 0x17,
  0xF1, 0x16, 0x26, 0x14, 0xBA, 0x0F, 0xE1, 0x0A, 0x97, 0x06, 0x56, 0x03,
  0x05, 0x01, 0x15, 0xFF, 0xCE, 0xFC, 0x9E, 0xF9, 0x67, 0xF5, 0x9B, 0xF0,
  0x30, 0xEC, 0x56, 0xE9, 0x21, 0xE9, 0x2D, 0xEC, 0x5D, 0xF2, 0xDA, 0xFA,
  0x39, 0x04, 0xD9, 0x0C, 0x47, 0x13, 0x9D, 0x16, 0xB0, 0x16, 0x0C, 0x14,
  0xBD, 0x0F, 0xF5, 0x0A, 0xB0, 0x06, 0x6D, 0x03, 0x1A, 0x01, 0x32, 0xFF,
  0xFB, 0xFC, 0xE4, 0xF9, 0xC8, 0xF5, 0x11, 0xF1, 0xAA, 0xEC, 0xC0, 0xE9,
  0x66, 0xE9, 0x3C, 0xEC, 0x31, 0xF2, 0x79, 0xFA, 0xB4, 0x03, 0x47, 0x0C,
  0xC0, 0x12, 0x33, 0x16, 0x6C, 0x16, 0xEF, 0x13, 0xBE, 0x0F, 0x07, 0x0B,
  0xC7, 0x06, 0x83, 0x03, 0x2F, 0x01, 0x4D, 0xFF, 0x27, 0xFD, 0x29, 0xFA,
  0x27, 0xF6, 0x85, 0xF1, 0x23, 0xED, 0x2A, 0xEA, 0xAC, 0xE9, 0x4F, 0xEC,
  0x0A, 0xF2, 0x1D, 0xFA, 0x32, 0x03, 0xB6, 0x0B, 0x38, 0x12, 0xC7, 0x15,
  0x27, 0x16, 0xD0, 0x13, 0xBD, 0x0F, 0x18, 0x0B, 0xDD, 0x06, 0x98, 0x03,
  0x44, 0x01, 0x68, 0xFF, 0x51, 0xFD, 0x6B, 0xFA, 0x84, 0xF6, 0xF7, 0xF1,
  0x9C, 0xED, 0x96, 0xEA, 0xF6, 0xE9, 0x65, 0xEC, 0xE6, 0xF1, 0xC4, 0xF9,
  0xB4, 0x02, 0x28, 0x0B, 0xB1, 0x11, 0x5B, 0x15, 0xDF, 0x15, 0xAE, 0x13,
  0xB9, 0x0F, 0x27, 0x0B, 0xF3, 0x06, 0xAD, 0x03, 0x59, 0x01, 0x81, 0xFF,
  0x79, 0xFD, 0xAB, 0xFA, 0xDF, 0xF6, 0x67, 0xF2, 0x15, 0xEE, 0x03, 0xEB,
  0x41, 0xEA, 0x7F, 0xEC, 0xC7, 0xF1, 0x6F, 0xF9, 0x38, 0x02, 0x9B, 0x0A,
  0x2A, 0x11, 0xEC, 0x14, 0x96, 0x15, 0x8A, 0x13, 0xB4, 0x0F, 0x35, 0x0B,
  0x08, 0x07, 0xC2, 0x03, 0x6D, 0x01, 0x9A, 0xFF, 0xA1, 0xFD, 0xE9, 0xFA,
  0x38, 0xF7, 0xD6, 0xF2, 0x8D, 0xEE, 0x70, 0xEB, 0x8F, 0xEA, 0x9D, 0xEC,
  0xAC, 0xF1, 0x1F, 0xF9, 0xC0, 0x01, 0x10, 0x0A, 0xA3, 0x10, 0x7D, 0x14,
  0x4A, 0x15, 0x64, 0x13, 0xAD, 0x0F, 0x41, 0x0B, 0x1C, 0x07, 0xD6, 0x03,
  0x80, 0x01, 0xB2, 0xFF, 0xC6, 0xFD, 0x25, 0xFB, 0x8F, 0xF7, 0x43, 0xF3,
  0x03, 0xEF, 0xDD, 0xEB, 0xDF, 0xEA, 0xBD, 0xEC, 0x95, 0xF1, 0xD3, 0xF8,
  0x4B, 0x01, 0x86, 0x09, 0x1C, 0x10, 0x0D, 0x14, 0xFC, 0x14, 0x3B, 0x13,
  0xA3, 0x0F, 0x4B, 0x0B, 0x2F, 0x07, 0xEA, 0x03, 0x93, 0x01, 0xC9, 0xFF,
  0xEB, 0xFD, 0x60, 0xFB, 0xE3, 0xF7, 0xAF, 0xF3, 0x79, 0xEF, 0x4C, 0xEC,
  0x31, 0xEB, 0xE2, 0xEC, 0x83, 0xF1, 0x8A, 0xF8, 0xD9, 0x00, 0xFF, 0x08,
  0x96, 0x0F, 0x9C, 0x13, 0xAC, 0x14, 0x10, 0x13, 0x97, 0x0F, 0x54, 0x0B,
  0x41, 0x07, 0xFE, 0x03, 0xA6, 0x01, 0xE0, 0xFF, 0x0E, 0xFE, 0x98, 0xFB,
  0x36, 0xF8, 0x18, 0xF4, 0xEE, 0xEF, 0xBA, 0xEC, 0x85, 0xEB, 0x09, 0xED,
  0x74, 0xF1, 0x46, 0xF8, 0x6B, 0x00, 0x7A, 0x08, 0x10, 0x0F, 0x29, 0x13,
  0x5A, 0x14, 0xE2, 0x12, 0x8A, 0x0F, 0x5C, 0x0B, 0x53, 0x07, 0x10, 0x04,
  0xB8, 0x01, 0xF5, 0xFF, 0x30, 0xFE, 0xCF, 0xFB, 0x86, 0xF8, 0x80, 0xF4,
  0x62, 0xF0, 0x29, 0xED, 0xDA, 0xEB, 0x34, 0xED, 0x69, 0xF1, 0x06, 0xF8,
  0x00, 0x00, 0xF7, 0x07, 0x8C, 0x0E, 0xB7, 0x12, 0x07, 0x14, 0xB3, 0x12,
  0x79, 0x0F, 0x61, 0x0B, 0x63, 0x07, 0x22, 0x04, 0xC9, 0x01, 0x0A, 0x00,
  0x50, 0xFE, 0x04, 0xFC, 0xD5, 0xF8, 0xE6, 0xF4, 0xD5, 0xF0, 0x98, 0xED,
  0x32, 0xEC, 0x61, 0xED, 0x62, 0xF1, 0xCA, 0xF7, 0x99, 0xFF, 0x76, 0x07,
  0x07, 0x0E, 0x43, 0x12, 0xB1, 0x13, 0x81, 0x12, 0x67, 0x0F, 0x65, 0x0B,
  0x72, 0x07, 0x34, 0x04, 0xDB, 0x01, 0x1F, 0x00, 0x70, 0xFE, 0x37, 0xFC,
  0x21, 0xF9, 0x49, 0xF5, 0x47, 0xF1, 0x08, 0xEE, 0x8A, 0xEC, 0x92, 0xED,
  0x5F, 0xF1, 0x92, 0xF7, 0x35, 0xFF, 0xF8, 0x06, 0x84, 0x0D, 0xCF, 0x11,
  0x5A, 0x13, 0x4C, 0x12, 0x53, 0x0F, 0x67, 0x0B, 0x80, 0x07, 0x45, 0x04,
  0xEB, 0x01, 0x32, 0x00, 0x8E, 0xFE, 0x68, 0xFC, 0x6B, 0xF9, 0xAB, 0xF5,
  0xB8, 0xF1, 0x77, 0xEE, 0xE5, 0xEC, 0xC5, 0xED, 0x60, 0xF1, 0x5E, 0xF7,
  0xD5, 0xFE, 0x7C, 0x06, 0x02, 0x0D, 0x5A, 0x11, 0x02, 0x13, 0x16, 0x12,
  0x3C, 0x0F, 0x68, 0x0B, 0x8C, 0x07, 0x55, 0x04, 0xFC, 0x01, 0x45, 0x00,
  0xAB, 0xFE, 0x98, 0xFC, 0xB3, 0xF9, 0x0B, 0xF6, 0x27, 0xF2, 0xE6, 0xEE,
  0x41, 0xED, 0xFC, 0xED, 0x65, 0xF1, 0x2E, 0xF7, 0x78, 0xFE, 0x03, 0x06,
  0x81, 0x0C, 0xE5, 0x10, 0xA8, 0x12, 0xDD, 0x11, 0x23, 0x0F, 0x67, 0x0B,
  0x98, 0x07, 0x65, 0x04, 0x0C, 0x02, 0x58, 0x00, 0xC7, 0xFE, 0xC6, 0xFC,
  0xF9, 0xF9, 0x6A, 0xF6, 0x95, 0xF2, 0x55, 0xEF, 0x9E, 0xED, 0x35, 0xEE,
  0x6D, 0xF1, 0x02, 0xF7, 0x1F, 0xFE, 0x8D, 0x05, 0x01, 0x0C, 0x70, 0x10,
  0x4C, 0x12, 0xA3, 0x11, 0x08, 0x0F, 0x63, 0x0B, 0xA2, 0x07, 0x74, 0x04,
  0x1B, 0x02, 0x6A, 0x00, 0xE2, 0xFE, 0xF3, 0xFC, 0x3D, 0xFA, 0xC6, 0xF6,
  0x02, 0xF3, 0xC4, 0xEF, 0xFC, 0xED, 0x70, 0xEE, 0x79, 0xF1, 0xDB, 0xF6,
  0xCA, 0xFD, 0x19, 0x05, 0x82, 0x0B, 0xFA, 0x0F, 0xEF, 0x11, 0x66, 0x11,
  0xEB, 0x0E, 0x5E, 0x0B, 0xAB, 0x07, 0x82, 0x04, 0x2A, 0x02, 0x7B, 0x00,
  0xFB, 0xFE, 0x1D, 0xFD, 0x80, 0xFA, 0x20, 0xF7, 0x6D, 0xF3, 0x32, 0xF0,
  0x5B, 0xEE, 0xAE, 0xEE, 0x88, 0xF1, 0xB7, 0xF6, 0x78, 0xFD, 0xA7, 0x04,
  0x05, 0x0B, 0x85, 0x0F, 0x91, 0x11, 0x27, 0x11, 0xCB, 0x0E, 0x57, 0x0B,
  0xB3, 0x07, 0x90, 0x04, 0x39, 0x02, 0x8B, 0x00, 0x14, 0xFF, 0x47, 0xFD,
  0xC0, 0xFA, 0x78, 0xF7, 0xD7, 0xF3, 0xA1, 0xF0, 0xBC, 0xEE, 0xEF, 0xEE,
  0x9B, 0xF1, 0x97, 0xF6, 0x2A, 0xFD, 0x39, 0x04, 0x89, 0x0A, 0x0F, 0x0F,
  0x31, 0x11, 0xE6, 0x10, 0xAA, 0x0E, 0x4F, 0x0B, 0xBA, 0x07, 0x9C, 0x04,
  0x46, 0x02, 0x9B, 0x00, 0x2C, 0xFF, 0x6E, 0xFD, 0xFE, 0xFA, 0xCE, 0xF7,
  0x40, 0xF4, 0x0E, 0xF1, 0x1D, 0xEF, 0x31, 0xEF, 0xB2, 0xF1, 0x7B, 0xF6,
  0xE0, 0xFC, 0xCE, 0x03, 0x0F, 0x0A, 0x9A, 0x0E, 0xD1, 0x10, 0xA4, 0x10,
  0x86, 0x0E, 0x44, 0x0B, 0xBF, 0x07, 0xA8, 0x04, 0x54, 0x02, 0xAB, 0x00,
  0x43, 0xFF, 0x95, 0xFD, 0x3A, 0xFB, 0x23, 0xF8, 0xA7, 0xF4, 0x7B, 0xF1,
  0x7F, 0xEF, 0x76, 0xEF, 0xCB, 0xF1, 0x63, 0xF6, 0x9A, 0xFC, 0x65, 0x03,
  0x96, 0x09, 0x24, 0x0E, 0x6F, 0x10, 0x5F, 0x10, 0x60, 0x0E, 0x37, 0x0B,
  0xC2, 0x07, 0xB3, 0x04, 0x61, 0x02, 0xBA, 0x00, 0x59, 0xFF, 0xB9, 0xFD,
  0x75, 0xFB, 0x75, 0xF8, 0x0C, 0xF5, 0xE8, 0xF1, 0xE1, 0xEF, 0xBD, 0xEF,
  0xE8, 0xF1, 0x4F, 0xF6, 0x58, 0xFC, 0x00, 0x03, 0x1F, 0x09, 0xAF, 0x0D,
  0x0C, 0x10, 0x18, 0x10, 0x38, 0x0E, 0x29, 0x0B, 0xC4, 0x07, 0xBD, 0x04,
  0x6D, 0x02, 0xC8, 0x00, 0x6E, 0xFF, 0xDD, 0xFD, 0xAD, 0xFB, 0xC5, 0xF8,
  0x70, 0xF5, 0x53, 0xF2, 0x45, 0xF0, 0x06, 0xF0, 0x08, 0xF2, 0x3F, 0xF6,
  0x19, 0xFC, 0x9D, 0x02, 0xAA, 0x08, 0x3B, 0x0D, 0xA9, 0x0F, 0xD0, 0x0F,
  0x0E, 0x0E, 0x18, 0x0B, 0xC5, 0x07, 0xC6, 0x04, 0x79, 0x02, 0xD6, 0x00,
  0x82, 0xFF, 0xFF, 0xFD, 0xE4, 0xFB, 0x13, 0xF9, 0xD2, 0xF5, 0xBE, 0xF2,
  0xA9, 0xF0, 0x51, 0xF0, 0x2C, 0xF2, 0x33, 0xF6, 0xDE, 0xFB, 0x3E, 0x02,
  0x37, 0x08, 0xC7, 0x0C, 0x44, 0x0F, 0x86, 0x0F, 0xE1, 0x0D, 0x06, 0x0B,
  0xC4, 0x07, 0xCE, 0x04, 0x84, 0x02, 0xE3, 0x00, 0x95, 0xFF, 0x20, 0xFE,
  0x19, 0xFC, 0x60, 0xF9, 0x32, 0xF6, 0x28, 0xF3, 0x0D, 0xF1, 0x9E, 0xF0,
  0x52, 0xF2, 0x2A, 0xF6, 0xA7, 0xFB, 0xE2, 0x01, 0xC6, 0x07, 0x53, 0x0C,
  0xDF, 0x0E, 0x3B, 0x0F, 0xB3, 0x0D, 0xF1, 0x0A, 0xC2, 0x07, 0xD5, 0x04,
  0x8F, 0x02, 0xF0, 0x00, 0xA8, 0xFF, 0x3F, 0xFE, 0x4C, 0xFC, 0xAA, 0xF9,
  0x91, 0xF6, 0x92, 0xF3, 0x71, 0xF1, 0xEC, 0xF0, 0x7B, 0xF2, 0x25, 0xF6,
  0x74, 0xFB, 0x89, 0x01, 0x57, 0x07, 0xE1, 0x0B, 0x7A, 0x0E, 0xEE, 0x0E,
  0x82, 0x0D, 0xDB, 0x0A, 0xBE, 0x07, 0xDB, 0x04, 0x98, 0x02, 0xFC, 0x00,
  0xBA, 0xFF, 0x5D, 0xFE, 0x7D, 0xFC, 0xF2, 0xF9, 0xEE, 0xF6, 0xFA, 0xF3,
  0xD6, 0xF1, 0x3D, 0xF1, 0xA7, 0xF2, 0x24, 0xF6, 0x45, 0xFB, 0x34, 0x01,
  0xEB, 0x06, 0x6F, 0x0B, 0x13, 0x0E, 0x9F, 0x0E, 0x50, 0x0D, 0xC2, 0x0A,
  0xB8, 0x07, 0xE0, 0x04, 0xA2, 0x02, 0x07, 0x01, 0xCB, 0xFF, 0x7A, 0xFE,
  0xAD, 0xFC, 0x39, 0xFA, 0x49, 0xF7, 0x61, 0xF4, 0x3B, 0xF2, 0x8E, 0xF1,
  0xD6, 0xF2, 0x27, 0xF6, 0x19, 0xFB, 0xE2, 0x00, 0x80, 0x06, 0xFE, 0x0A,
  0xAD, 0x0D, 0x4F, 0x0E, 0x1B, 0x0D, 0xA8, 0x0A, 0xB1, 0x07, 0xE4, 0x04,
  0xAA, 0x02, 0x12, 0x01, 0xDB, 0xFF, 0x95, 0xFE, 0xDB, 0xFC, 0x7D, 0xFA,
  0xA2, 0xF7, 0xC7, 0xF4, 0xA0, 0xF2, 0xE1, 0xF1, 0x08, 0xF3, 0x2D, 0xF6,
  0xF1, 0xFA, 0x93, 0x00, 0x18, 0x06, 0x8E, 0x0A, 0x46, 0x0D, 0xFD, 0x0D,
  0xE5, 0x0C, 0x8B, 0x0A, 0xA8, 0x07, 0xE7, 0x04, 0xB2, 0x02, 0x1D, 0x01,
  0xEA, 0xFF, 0xB0, 0xFE, 0x07, 0xFD, 0xBF, 0xFA, 0xFA, 0xF7, 0x2C, 0xF5,
  0x05, 0xF3, 0x35, 0xF2, 0x3C, 0xF3, 0x36, 0xF6, 0xCE, 0xFA, 0x48, 0x00,
  0xB2, 0x05, 0x1F, 0x0A, 0xDF, 0x0C, 0xAA, 0x0D, 0xAC, 0x0C, 0x6D, 0x0A,
  0x9E, 0x07, 0xE9, 0x04, 0xB9, 0x02, 0x27, 0x01, 0xF9, 0xFF, 0xC9, 0xFE,
  0x32, 0xFD, 0x00, 0xFB, 0x4F, 0xF8, 0x90, 0xF5, 0x6A, 0xF3, 0x8B, 0xF2,
  0x73, 0xF3, 0x43, 0xF6, 0xAE, 0xFA, 0x00, 0x00, 0x4F, 0x05, 0xB1, 0x09,
  0x77, 0x0C, 0x56, 0x0D, 0x72, 0x0C, 0x4C, 0x0A, 0x92, 0x07, 0xE9, 0x04,
  0xBF, 0x02, 0x30, 0x01, 0x07, 0x00, 0xE1, 0xFE, 0x5B, 0xFD, 0x3E, 0xFB,
  0xA3, 0xF8, 0xF2, 0xF5, 0xCE, 0xF3, 0xE2, 0xF2, 0xAC, 0xF3, 0x54, 0xF6,
  0x91, 0xFA, 0xBC, 0xFF, 0xEF, 0x04, 0x45, 0x09, 0x10, 0x0C, 0x01, 0x0D,
  0x36, 0x0C, 0x29, 0x0A, 0x84, 0x07, 0xE8, 0x04, 0xC5, 0x02, 0x39, 0x01,
  0x14, 0x00, 0xF8, 0xFE, 0x83, 0xFD, 0x7B, 0xFB, 0xF5, 0xF8, 0x54, 0xF6,
  0x32, 0xF4, 0x39, 0xF3, 0xE8, 0xF3, 0x67, 0xF6, 0x79, 0xFA, 0x7B, 0xFF,
  0x91, 0x04, 0xDA, 0x08, 0xA8, 0x0B, 0xAA, 0x0C, 0xF8, 0x0B, 0x05, 0x0A,
  0x74, 0x07, 0xE6, 0x04, 0xCA, 0x02, 0x41, 0x01, 0x21, 0x00, 0x0E, 0xFF,
  0xA9, 0xFD, 0xB6, 0xFB, 0x45, 0xF9, 0xB3, 0xF6, 0x96, 0xF4, 0x92, 0xF3,
  0x25, 0xF4, 0x7E, 0xF6, 0x64, 0xFA, 0x3E, 0xFF, 0x36, 0x04, 0x71, 0x08,
  0x41, 0x0B, 0x53, 0x0C, 0xB8, 0x0B, 0xDE, 0x09, 0x63, 0x07, 0xE3, 0x04,
  0xCE, 0x02, 0x48, 0x01, 0x2D, 0x00, 0x24, 0xFF, 0xCD, 0xFD, 0xEF, 0xFB,
  0x94, 0xF9, 0x12, 0xF7, 0xFA, 0xF4, 0xEB, 0xF3, 0x65, 0xF4, 0x99, 0xF6,
  0x53, 0xFA, 0x04, 0xFF, 0xDE, 0x03, 0x09, 0x08, 0xDA, 0x0A, 0xFA, 0x0B,
  0x77, 0x0B, 0xB6, 0x09, 0x4F, 0x07, 0xDE, 0x04, 0xD1, 0x02, 0x4F, 0x01,
  0x38, 0x00, 0x38, 0xFF, 0xF0, 0xFD, 0x26, 0xFC, 0xE0, 0xF9, 0x6F, 0xF7,
  0x5D, 0xF5, 0x46, 0xF4, 0xA7, 0xF4, 0xB6, 0xF6, 0x46, 0xFA, 0xCE, 0xFE,
  0x88, 0x03, 0xA3, 0x07, 0x73, 0x0A, 0xA1, 0x0B, 0x34, 0x0B, 0x8B, 0x09,
  0x3A, 0x07, 0xD8, 0x04, 0xD3, 0x02, 0x56, 0x01, 0x43, 0x00, 0x4B, 0xFF,
  0x12, 0xFE, 0x5B, 0xFC, 0x2B, 0xFA, 0xCA, 0xF7, 0xBF, 0xF5, 0xA1, 0xF4,
  0xEB, 0xF4, 0xD7, 0xF6, 0x3C, 0xFA, 0x9B, 0xFE, 0x36, 0x03, 0x3E, 0x07,
  0x0D, 0x0A, 0x47, 0x0B, 0xEF, 0x0A, 0x5F, 0x09, 0x23, 0x07, 0xD0, 0x04,
  0xD4, 0x02, 0x5B, 0x01, 0x4D, 0x00, 0x5D, 0xFF, 0x32, 0xFE, 0x8F, 0xFC,
  0x73, 0xFA, 0x24, 0xF8, 0x21, 0xF6, 0xFC, 0xF4, 0x31, 0xF5, 0xFA, 0xF6,
  0x36, 0xFA, 0x6C, 0xFE, 0xE6, 0x02, 0xDC, 0x06, 0xA7, 0x09, 0xEC, 0x0A,
  0xA9, 0x0A, 0x30, 0x09, 0x0A, 0x07, 0xC7, 0x04, 0xD4, 0x02, 0x60, 0x01,
  0x56, 0x00, 0x6E, 0xFF, 0x50, 0xFE, 0xC1, 0xFC, 0xBA, 0xFA, 0x7D, 0xF8,
  0x82, 0xF6, 0x58, 0xF5, 0x79, 0xF5, 0x20, 0xF7, 0x34, 0xFA, 0x41, 0xFE,
  0x99, 0x02, 0x7B, 0x06, 0x42, 0x09, 0x91, 0x0A, 0x61, 0x0A, 0x00, 0x09,
  0xF0, 0x06, 0xBD, 0x04, 0xD3, 0x02, 0x65, 0x01, 0x5F, 0x00, 0x7E, 0xFF,
  0x6E, 0xFE, 0xF1, 0xFC, 0xFF, 0xFA, 0xD4, 0xF8, 0xE2, 0xF6, 0xB4, 0xF5,
  0xC2, 0xF5, 0x49, 0xF7, 0x35, 0xFA, 0x19, 0xFE, 0x50, 0x02, 0x1C, 0x06,
  0xDE, 0x08, 0x35, 0x0A, 0x18, 0x0A, 0xCE, 0x08, 0xD3, 0x06, 0xB1, 0x04,
  0xD1, 0x02, 0x68, 0x01, 0x67, 0x00, 0x8E, 0xFF, 0x8A, 0xFE, 0x1F, 0xFD,
  0x42, 0xFB, 0x29, 0xF9, 0x41, 0xF7, 0x10, 0xF6, 0x0D, 0xF6, 0x75, 0xF7,
  0x39, 0xFA, 0xF6, 0xFD, 0x0A, 0x02, 0xC0, 0x05, 0x7A, 0x08, 0xD8, 0x09,
  0xCD, 0x09, 0x9A, 0x08, 0xB5, 0x06, 0xA3, 0x04, 0xCE, 0x02, 0x6B, 0x01,
  0x6F, 0x00, 0x9C, 0xFF, 0xA5, 0xFE, 0x4B, 0xFD, 0x83, 0xFB, 0x7D, 0xF9,
  0xA0, 0xF7, 0x6D, 0xF6, 0x59, 0xF6, 0xA4, 0xF7, 0x41, 0xFA, 0xD5, 0xFD,
  0xC7, 0x01, 0x66, 0x05, 0x17, 0x08, 0x7C, 0x09, 0x81, 0x09, 0x64, 0x08,
  0x95, 0x06, 0x94, 0x04, 0xCA, 0x02, 0x6E, 0x01, 0x76, 0x00, 0xAA, 0xFF,
  0xBF, 0xFE, 0x76, 0xFD, 0xC2, 0xFB, 0xCE, 0xF9, 0xFD, 0xF7, 0xCA, 0xF6,
  0xA7, 0xF6, 0xD5, 0xF7, 0x4D, 0xFA, 0xB9, 0xFD, 0x87, 0x01, 0x0E, 0x05,
  0xB6, 0x07, 0x1F, 0x09, 0x34, 0x09, 0x2C, 0x08, 0x73, 0x06, 0x83, 0x04,
  0xC5, 0x02, 0x6F, 0x01, 0x7C, 0x00, 0xB7, 0xFF, 0xD7, 0xFE, 0xA0, 0xFD,
  0xFF, 0xFB, 0x1F, 0xFA, 0x59, 0xF8, 0x27, 0xF7, 0xF6, 0xF6, 0x09, 0xF8,
  0x5C, 0xFA, 0xA0, 0xFD, 0x4A, 0x01, 0xB8, 0x04, 0x55, 0x07, 0xC1, 0x08,
  0xE6, 0x08, 0xF3, 0x07, 0x4F, 0x06, 0x71, 0x04, 0xBF, 0x02, 0x70, 0x01,
  0x81, 0x00, 0xC3, 0xFF, 0xEE, 0xFE, 0xC7, 0xFD, 0x3B, 0xFC, 0x6D, 0xFA,
  0xB4, 0xF8, 0x83, 0xF7, 0x46, 0xF7, 0x3F, 0xF8, 0x6E, 0xFA, 0x8A, 0xFD,
  0x11, 0x01, 0x65, 0x04, 0xF6, 0x06, 0x64, 0x08, 0x96, 0x08, 0xB8, 0x07,
  0x29, 0x06, 0x5D, 0x04, 0xB7, 0x02, 0x70, 0x01, 0x86, 0x00, 0xCF, 0xFF,
  0x04, 0xFF, 0xED, 0xFD, 0x75, 0xFC, 0xBA, 0xFA, 0x0E, 0xF9, 0xE0, 0xF7,
  0x98, 0xF7, 0x78, 0xF8, 0x83, 0xFA, 0x78, 0xFD, 0xDB, 0x00, 0x14, 0x04,
  0x98, 0x06, 0x07, 0x08, 0x45, 0x08, 0x7B, 0x07, 0x01, 0x06, 0x48, 0x04,
  0xAF, 0x02, 0x6F, 0x01, 0x8B, 0x00, 0xD9, 0xFF, 0x19, 0xFF, 0x12, 0xFE,
  0xAC, 0xFC, 0x05, 0xFB, 0x67, 0xF9, 0x3C, 0xF8, 0xEA, 0xF7, 0xB2, 0xF8,
  0x9C, 0xFA, 0x6A, 0xFD, 0xA8, 0x00, 0xC6, 0x03, 0x3B, 0x06, 0xAA, 0x07,
  0xF4, 0x07, 0x3C, 0x07, 0xD8, 0x05, 0x30, 0x04, 0xA5, 0x02, 0x6D, 0x01,
  0x8E, 0x00, 0xE3, 0xFF, 0x2D, 0xFF, 0x35, 0xFE, 0xE2, 0xFC, 0x4E, 0xFB,
  0xBF, 0xF9, 0x98, 0xF8, 0x3D, 0xF8, 0xEF, 0xF8, 0xB8, 0xFA, 0x60, 0xFD,
  0x79, 0x00, 0x7A, 0x03, 0xDF, 0x05, 0x4D, 0x07, 0xA1, 0x07, 0xFC, 0x06,
  0xAC, 0x05, 0x17, 0x04, 0x99, 0x02, 0x6A, 0x01, 0x91, 0x00, 0xEC, 0xFF,
  0x40, 0xFF, 0x56, 0xFE, 0x16, 0xFD, 0x95, 0xFB, 0x15, 0xFA, 0xF4, 0xF8,
  0x91, 0xF8, 0x2E, 0xF9, 0xD7, 0xFA, 0x59, 0xFD, 0x4D, 0x00, 0x31, 0x03,
  0x86, 0x05, 0xF0, 0x06, 0x4E, 0x07, 0xBA, 0x06, 0x7F, 0x05, 0xFD, 0x03,
  0x8D, 0x02, 0x67, 0x01, 0x94, 0x00, 0xF5, 0xFF, 0x52, 0xFF, 0x76, 0xFE,
  0x49, 0xFD, 0xDB, 0xFB, 0x6A, 0xFA, 0x4F, 0xF9, 0xE6, 0xF8, 0x6F, 0xF9,
  0xF9, 0xFA, 0x55, 0xFD, 0x25, 0x00, 0xEB, 0x02, 0x2E, 0x05, 0x94, 0x06,
  0xFA, 0x06, 0x77, 0x06, 0x4F, 0x05, 0xE0, 0x03, 0x7F, 0x02, 0x62, 0x01,
  0x95, 0x00, 0xFC, 0xFF, 0x63, 0xFF, 0x95, 0xFE, 0x79, 0xFD, 0x1F, 0xFC,
  0xBD, 0xFA, 0xAA, 0xF9, 0x3C, 0xF9, 0xB2, 0xF9, 0x1D, 0xFB, 0x55, 0xFD,
  0x00, 0x00, 0xA8, 0x02, 0xD7, 0x04, 0x38, 0x06, 0xA5, 0x06, 0x32, 0x06,
  0x1E, 0x05, 0xC2, 0x03, 0x70, 0x02, 0x5D, 0x01, 0x96, 0x00, 0x03, 0x00,
  0x72, 0xFF, 0xB2, 0xFE, 0xA8, 0xFD, 0x61, 0xFC, 0x0F, 0xFB, 0x04, 0xFA,
  0x92, 0xF9, 0xF7, 0xF9, 0x45, 0xFB, 0x59, 0xFD, 0xDF, 0xFF, 0x67, 0x02,
  0x83, 0x04, 0xDD, 0x05, 0x50, 0x06, 0xEC, 0x05, 0xEC, 0x04, 0xA2, 0x03,
  0x5F, 0x02, 0x56, 0x01, 0x97, 0x00, 0x0A, 0x00, 0x81, 0xFF, 0xCE, 0xFE,
  0xD5, 0xFD, 0xA1, 0xFC, 0x60, 0xFB, 0x5D, 0xFA, 0xE8, 0xF9, 0x3D, 0xFA,
  0x70, 0xFB, 0x60, 0xFD, 0xC1, 0xFF, 0x2A, 0x02, 0x30, 0x04, 0x82, 0x05,
  0xFA, 0x05, 0xA4, 0x05, 0xB7, 0x04, 0x81, 0x03, 0x4D, 0x02, 0x4F, 0x01,
  0x96, 0x00, 0x0F, 0x00, 0x8F, 0xFF, 0xE9, 0xFE, 0x01, 0xFE, 0xDF, 0xFC,
  0xAF, 0xFB, 0xB6, 0xFA, 0x3F, 0xFA, 0x85, 0xFA, 0x9D, 0xFB, 0x6A, 0xFD,
  0xA7, 0xFF, 0xEF, 0x01, 0xE0, 0x03, 0x28, 0x05, 0xA3, 0x05, 0x5B, 0x05,
  0x81, 0x04, 0x5D, 0x03, 0x39, 0x02, 0x46, 0x01, 0x95, 0x00, 0x14, 0x00,
  0x9C, 0xFF, 0x02, 0xFF, 0x2B, 0xFE, 0x1C, 0xFD, 0xFD, 0xFB, 0x0E, 0xFB,
  0x96, 0xFA, 0xCF, 0xFA, 0xCD, 0xFB, 0x78, 0xFD, 0x90, 0xFF, 0xB8, 0x01,
  0x91, 0x03, 0xCF, 0x04, 0x4D, 0x05, 0x11, 0x05, 0x48, 0x04, 0x38, 0x03,
  0x24, 0x02, 0x3C, 0x01, 0x93, 0x00, 0x19, 0x00, 0xA8, 0xFF, 0x1A, 0xFF,
  0x53, 0xFE, 0x57, 0xFD, 0x48, 0xFC, 0x64, 0xFB, 0xEE, 0xFA, 0x1A, 0xFB,
  0xFF, 0xFB, 0x89, 0xFD, 0x7C, 0xFF, 0x84, 0x01, 0x45, 0x03, 0x77, 0x04,
  0xF6, 0x04, 0xC5, 0x04, 0x0E, 0x04, 0x11, 0x03, 0x0D, 0x02, 0x32, 0x01,
  0x90, 0x00, 0x1C, 0x00, 0xB4, 0xFF, 0x30, 0xFF, 0x79, 0xFE, 0x8F, 0xFD,
  0x93, 0xFC, 0xBA, 0xFB, 0x45, 0xFB, 0x66, 0xFB, 0x34, 0xFC, 0x9E, 0xFD,
  0x6D, 0xFF, 0x52, 0x01, 0xFB, 0x02, 0x20, 0x04, 0x9F, 0x04, 0x78, 0x04,
  0xD3, 0x03, 0xE8, 0x02, 0xF5, 0x01, 0x26, 0x01, 0x8D, 0x00, 0x1F, 0x00,
  0xBE, 0xFF, 0x46, 0xFF, 0x9E, 0xFE, 0xC7, 0xFD, 0xDB, 0xFC, 0x0F, 0xFC,
  0x9D, 0xFB, 0xB4, 0xFB, 0x6C, 0xFC, 0xB5, 0xFD, 0x61, 0xFF, 0x25, 0x01,
  0xB3, 0x02, 0xCA, 0x03, 0x47, 0x04, 0x2B, 0x04, 0x96, 0x03, 0xBE, 0x02,
  0xDB, 0x01, 0x19, 0x01, 0x88, 0x00, 0x21, 0x00, 0xC8, 0xFF, 0x5A, 0xFF,
  0xC1, 0xFE, 0xFC, 0xFD, 0x22, 0xFD, 0x63, 0xFC, 0xF4, 0xFB, 0x03, 0xFC,
  0xA5, 0xFC, 0xD0, 0xFD, 0x58, 0xFF, 0xFA, 0x00, 0x6D, 0x02, 0x75, 0x03,
  0xF0, 0x03, 0xDC, 0x03, 0x57, 0x03, 0x91, 0x02, 0xC0, 0x01, 0x0A, 0x01,
  0x83, 0x00, 0x23, 0x00, 0xD1, 0xFF, 0x6D, 0xFF, 0xE3, 0xFE, 0x2F, 0xFE,
  0x68, 0xFD, 0xB6, 0xFC, 0x4B, 0xFC, 0x53, 0xFC, 0xE1, 0xFC, 0xEE, 0xFD,
  0x53, 0xFF, 0xD2, 0x00, 0x2A, 0x02, 0x22, 0x03, 0x99, 0x03, 0x8C, 0x03,
  0x16, 0x03, 0x63, 0x02, 0xA3, 0x01, 0xFB, 0x00, 0x7D, 0x00, 0x24, 0x00,
  0xD9, 0xFF, 0x7F, 0xFF, 0x03, 0xFF, 0x61, 0xFE, 0xAB, 0xFD, 0x07, 0xFD,
  0xA2, 0xFC, 0xA3, 0xFC, 0x1F, 0xFD, 0x0F, 0xFE, 0x51, 0xFF, 0xAE, 0x00,
  0xEA, 0x01, 0xD0, 0x02, 0x42, 0x03, 0x3C, 0x03, 0xD4, 0x02, 0x33, 0x02,
  0x84, 0x01, 0xEA, 0x00, 0x76, 0x00, 0x24, 0x00, 0xE0, 0xFF, 0x90, 0xFF,
  0x22, 0xFF, 0x91, 0xFE, 0xED, 0xFD, 0x57, 0xFD, 0xF9, 0xFC, 0xF5, 0xFC,
  0x60, 0xFD, 0x34, 0xFE, 0x53, 0xFF, 0x8D, 0x00, 0xAC, 0x01, 0x80, 0x02,
  0xEB, 0x02, 0xEA, 0x02, 0x90, 0x02, 0x01, 0x02, 0x63, 0x01, 0xD8, 0x00,
  0x6E, 0x00, 0x23, 0x00, 0xE6, 0xFF, 0xA0, 0xFF, 0x3F, 0xFF, 0xBF, 0xFE,
  0x2D, 0xFE, 0xA6, 0xFD, 0x4F, 0xFD, 0x48, 0xFD, 0xA2, 0xFD, 0x5B, 0xFE,
  0x58, 0xFF, 0x70, 0x00, 0x71, 0x01, 0x31, 0x02, 0x95, 0x02, 0x98, 0x02,
  0x4B, 0x02, 0xCD, 0x01, 0x41, 0x01, 0xC5, 0x00, 0x65, 0x00, 0x22, 0x00,
  0xEC, 0xFF, 0xAF, 0xFF, 0x5B, 0xFF, 0xEB, 0xFE, 0x6C, 0xFE, 0xF4, 0xFD,
  0xA5, 0xFD, 0x9B, 0xFD, 0xE6, 0xFD, 0x85, 0xFE, 0x61, 0xFF, 0x56, 0x00,
  0x39, 0x01, 0xE4, 0x01, 0x3F, 0x02, 0x45, 0x02, 0x04, 0x02, 0x98, 0x01,
  0x1E, 0x01, 0xB0, 0x00, 0x5B, 0x00, 0x20, 0x00, 0xF1, 0xFF, 0xBD, 0xFF,
  0x75, 0xFF, 0x16, 0xFF, 0xA8, 0xFE, 0x40, 0xFE, 0xFA, 0xFD, 0xEF, 0xFD,
  0x2C, 0xFE, 0xB2, 0xFE, 0x6D, 0xFF, 0x3F, 0x00, 0x03, 0x01, 0x98, 0x01,
  0xE9, 0x01, 0xF1, 0x01, 0xBC, 0x01, 0x61, 0x01, 0xF8, 0x00, 0x9A, 0x00,
  0x51, 0x00, 0x1D, 0x00, 0xF5, 0xFF, 0xCA, 0xFF, 0x8E, 0xFF, 0x3F, 0xFF,
  0xE3, 0xFE, 0x8B, 0xFE, 0x4F, 0xFE, 0x43, 0xFE, 0x74, 0xFE, 0xE2, 0xFE,
  0x7D, 0xFF, 0x2C, 0x00, 0xD0, 0x00, 0x4E, 0x01, 0x94, 0x01, 0x9D, 0x01,
  0x73, 0x01, 0x28, 0x01, 0xD1, 0x00, 0x82, 0x00, 0x45, 0x00, 0x1A, 0x00,
  0xF9, 0xFF, 0xD6, 0xFF, 0xA6, 0xFF, 0x66, 0xFF, 0x1C, 0xFF, 0xD5, 0xFE,
  0xA3, 0xFE, 0x97, 0xFE, 0xBD, 0xFE, 0x14, 0xFF, 0x90, 0xFF, 0x1C, 0x00,
  0xA1, 0x00, 0x07, 0x01, 0x40, 0x01, 0x49, 0x01, 0x28, 0x01, 0xED, 0x00,
  0xA8, 0x00, 0x69, 0x00, 0x38, 0x00, 0x16, 0x00, 0xFC, 0xFF, 0xE1, 0xFF,
  0xBC, 0xFF, 0x8C, 0xFF, 0x53, 0xFF, 0x1D, 0xFF, 0xF6, 0xFE, 0xED, 0xFE,
  0x08, 0xFF, 0x49, 0xFF, 0xA6, 0xFF, 0x10, 0x00, 0x74, 0x00, 0xC1, 0x00,
  0xED, 0x00, 0xF4, 0x00, 0xDC, 0x00, 0xB0, 0x00, 0x7D, 0x00, 0x4F, 0x00,
  0x2A, 0x00, 0x11, 0x00, 0xFE, 0xFF, 0xEB, 0xFF, 0xD2, 0xFF, 0xB0, 0xFF,
  0x89, 0xFF, 0x63, 0xFF, 0x48, 0xFF, 0x42, 0xFF, 0x55, 0xFF, 0x81, 0xFF,
  0xC0, 0xFF, 0x07, 0x00, 0x4A, 0x00, 0x7E, 0x00, 0x9A, 0x00, 0x9F, 0x00,
  0x8F, 0x00, 0x72, 0x00, 0x51, 0x00, 0x33, 0x00, 0x1B, 0x00, 0x0B, 0x00,
  0xFF, 0xFF, 0xF4, 0xFF, 0xE5, 0xFF, 0xD2, 0xFF, 0xBC, 0xFF, 0xA8, 0xFF,
  0x9A, 0xFF, 0x97, 0xFF, 0xA2, 0xFF, 0xBB, 0xFF, 0xDD, 0xFF, 0x02, 0x00,
  0x23, 0x00, 0x3C, 0x00, 0x49, 0x00, 0x4A, 0x00, 0x41, 0x00, 0x32, 0x00,
  0x23, 0x00, 0x15, 0x00, 0x0B, 0x00, 0x04, 0x00, 0x00, 0x00, 0xFC, 0xFF,
  0xF8, 0xFF, 0xF3, 0xFF, 0xEE, 0xFF, 0xEB, 0xFF, 0xEA, 0xFF, 0xED, 0xFF,
  0xF1, 0xFF, 0xF8, 0xFF, 0xFD, 0xFF, 0x00, 0x00, 0x00, 0x00, 0x00, 0x00,
  0x00, 0x00, 0x00, 0x00, 0x00, 0x00, 0x00, 0x00, 0x00, 0x00, 0x00, 0x00,
  0x00, 0x00, 0x00, 0x00, 0x00, 0x00, 0x00, 0x00, 0x00, 0x00, 0x00, 0x00,
  0x00, 0x00, 0x00, 0x00, 0x00, 0x00, 0x00, 0x00, 0x00, 0x00, 0x00, 0x00,
  0x00, 0x00, 0x00, 0x00, 0x00, 0x00, 0x00, 0x00, 0x00, 0x00, 0x00, 0x00,
  0x00, 0x00, 0x00, 0x00, 0x00, 0x00, 0x00, 0x00, 0x00, 0x00, 0x00, 0x00,
  0x00, 0x00, 0x00, 0x00, 0x00, 0x00, 0x00, 0x00, 0x00, 0x00, 0x00, 0x00,
  0x00, 0x00, 0x00, 0x00, 0x00, 0x00, 0x00, 0x00, 0x00, 0x00, 0x00, 0x00,
  0x00, 0x00, 0x00, 0x00, 0x00, 0x00, 0x00, 0x00, 0x00, 0x00, 0x00, 0x00,
  0x00, 0x00, 0x00, 0x00, 0x00, 0x00, 0x00, 0x00, 0x00, 0x00, 0x00, 0x00,
  0x00, 0x00, 0x00, 0x00, 0x00, 0x00, 0x00, 0x00, 0x00, 0x00, 0x00, 0x00,
  0x00, 0x00, 0x00, 0x00, 0x00, 0x00, 0x00, 0x00, 0x00, 0x00, 0x00, 0x00,
  0x00, 0x00, 0x00, 0x00, 0x00, 0x00, 0x00, 0x00, 0x00, 0x00, 0x00, 0x00,
  0x00, 0x00, 0x00, 0x00, 0x00, 0x00, 0x00, 0x00, 0x00, 0x00, 0x00, 0x00,
  0x00, 0x00, 0x00, 0x00, 0x00, 0x00, 0x00, 0x00, 0x00, 0x00, 0x00, 0x00,
  0x00, 0x00, 0x00, 0x00, 0x00, 0x00, 0x00, 0x00, 0x00, 0x00, 0x00, 0x00,
  0x00, 0x00, 0x00, 0x00, 0x00, 0x00, 0x00, 0x00, 0x00, 0x00, 0x00, 0x00,
  0x00, 0x00, 0x00, 0x00, 0x00, 0x00, 0x00, 0x00, 0x00, 0x00, 0x00, 0x00,
  0x00, 0x00, 0x00, 0x00, 0x00, 0x00, 0x00, 0x00, 0x00, 0x00, 0x00, 0x00,
  0x00, 0x00, 0x00, 0x00, 0x00, 0x00, 0x00, 0x00, 0x00, 0x00, 0x00, 0x00,
  0x00, 0x00, 0x00, 0x00, 0x00, 0x00, 0x00, 0x00, 0x00, 0x00, 0x00, 0x00,
  0x00, 0x00, 0x00, 0x00, 0x00, 0x00, 0x00, 0x00, 0x00, 0x00, 0x00, 0x00,
  0x00, 0x00, 0x00, 0x00, 0x00, 0x00, 0x00, 0x00, 0x00, 0x00, 0x00, 0x00,
  0x00, 0x00, 0x00, 0x00, 0x00, 0x00, 0x00, 0x00, 0x00, 0x00, 0x00, 0x00,
  0x00, 0x00, 0x00, 0x00, 0x00, 0x00, 0x00, 0x00, 0x00, 0x00, 0x00, 0x00,
  0x00, 0x00, 0x00, 0x00, 0x00, 0x00, 0x00, 0x00, 0x00, 0x00, 0x00, 0x00,
  0x00, 0x00, 0x00, 0x00, 0x00, 0x00, 0x00, 0x00, 0x00, 0x00, 0x00, 0x00,
  0x00, 0x00, 0x00, 0x00, 0x00, 0x00, 0x00, 0x00, 0x00, 0x00, 0x00, 0x00,
  0x00, 0x00, 0x00, 0x00, 0x00, 0x00, 0x00, 0x00, 0x00, 0x00, 0x00, 0x00,
  0x00, 0x00, 0x00, 0x00, 0x00, 0x00, 0x00, 0x00, 0x00, 0x00, 0x00, 0x00,
  0x00, 0x00, 0x00, 0x00, 0x00, 0x00, 0x00, 0x00, 0x00, 0x00, 0x00, 0x00,
  0x00, 0x00, 0x00, 0x00, 0x00, 0x00, 0x00, 0x00, 0x00, 0x00, 0x00, 0x00,
  0x00, 0x00, 0x00, 0x00, 0x00, 0x00, 0x00, 0x00, 0x00, 0x00, 0x00, 0x00,
  0x00, 0x00, 0x00, 0x00, 0x00, 0x00, 0x00, 0x00, 0x00, 0x00, 0x00, 0x00,
  0x00, 0x00, 0x00, 0x00, 0x00, 0x00, 0x00, 0x00, 0x00, 0x00, 0x00, 0x00,
  0x00, 0x00, 0x00, 0x00, 0x00, 0x00, 0x00, 0x00, 0x00, 0x00, 0x00, 0x00,
  0x00, 0x00, 0x00, 0x00, 0x00, 0x00, 0x00, 0x00, 0x00, 0x00, 0x00, 0x00,
  0x00, 0x00, 0x00, 0x00, 0x00, 0x00, 0x00, 0x00, 0x00, 0x00, 0x00, 0x00,
  0x00, 0x00, 0x00, 0x00, 0x00, 0x00, 0x00, 0x00, 0x00, 0x00, 0x00, 0x00,
  0x00, 0x00, 0x00, 0x00, 0x00, 0x00, 0x00, 0x00, 0x00, 0x00, 0x00, 0x00,
  0x00, 0x00, 0x00, 0x00, 0x00, 0x00, 0x00, 0x00, 0x00, 0x00, 0x00, 0x00,
  0x00, 0x00, 0x00, 0x00, 0x00, 0x00, 0x00, 0x00, 0x00, 0x00, 0x00, 0x00,
  0x00, 0x00, 0x00, 0x00, 0x00, 0x00, 0x00, 0x00, 0x00, 0x00, 0x00, 0x00,
  0x00, 0x00, 0x00, 0x00, 0x00, 0x00, 0x00, 0x00, 0x00, 0x00, 0x00, 0x00,
  0x00, 0x00, 0x00, 0x00, 0x00, 0x00, 0x00, 0x00, 0x00, 0x00, 0x00, 0x00,
  0x00, 0x00, 0x00, 0x00, 0x00, 0x00, 0x00, 0x00, 0x00, 0x00, 0x00, 0x00,
  0x00, 0x00, 0x00, 0x00, 0x00, 0x00, 0x00, 0x00, 0x00, 0x00, 0x00, 0x00,
  0x00, 0x00, 0x00, 0x00, 0x00, 0x00, 0x00, 0x00, 0x00, 0x00, 0x00, 0x00,
  0x00, 0x00, 0x00, 0x00, 0x00, 0x00, 0x00, 0x00, 0x00, 0x00, 0x00, 0x00,
  0x00, 0x00, 0x00, 0x00, 0x00, 0x00, 0x00, 0x00, 0x00, 0x00, 0x00, 0x00,
  0x00, 0x00, 0x00, 0x00, 0x00, 0x00, 0x00, 0x00, 0x00, 0x00, 0x00, 0x00,
  0x00, 0x00, 0x00, 0x00, 0x00, 0x00, 0x00, 0x00, 0x00, 0x00, 0x00, 0x00,
  0x00, 0x00, 0x00, 0x00, 0x00, 0x00, 0x00, 0x00, 0x00, 0x00, 0x00, 0x00,
  0x00, 0x00, 0x00, 0x00, 0x00, 0x00, 0x00, 0x00, 0x00, 0x00, 0x00, 0x00,
  0x00, 0x00, 0x00, 0x00, 0x00, 0x00, 0x00, 0x00, 0x00, 0x00, 0x00, 0x00,
  0x00, 0x00, 0x00, 0x00, 0x00, 0x00, 0x00, 0x00, 0x00, 0x00, 0x00, 0x00,
  0x00, 0x00, 0x00, 0x00, 0x00, 0x00, 0x00, 0x00, 0x00, 0x00, 0x00, 0x00,
  0x00, 0x00, 0x00, 0x00, 0x00, 0x00, 0x00, 0x00, 0x00, 0x00, 0x00, 0x00,
  0x00, 0x00, 0x00, 0x00, 0x00, 0x00, 0x00, 0x00, 0x00, 0x00, 0x00, 0x00,
  0x00, 0x00, 0x00, 0x00, 0x00, 0x00, 0x00, 0x00, 0x00, 0x00, 0x00, 0x00,
  0x00, 0x00, 0x00, 0x00, 0x00, 0x00, 0x00, 0x00, 0x00, 0x00, 0x00, 0x00,
  0x00, 0x00, 0x00, 0x00, 0x00, 0x00, 0x00, 0x00, 0x00, 0x00, 0x00, 0x00,
  0x00, 0x00, 0x00, 0x00, 0x00, 0x00, 0x00, 0x00, 0x00, 0x00, 0x00, 0x00,
  0x00, 0x00, 0x00, 0x00, 0x00, 0x00, 0x00, 0x00, 0x00, 0x00, 0x00, 0x00,
  0x00, 0x00, 0x00, 0x00, 0x00, 0x00, 0x00, 0x00, 0x00, 0x00, 0x00, 0x00,
  0x00, 0x00, 0x00, 0x00, 0x00, 0x00, 0x00, 0x00, 0x00, 0x00, 0x00, 0x00,
  0x00, 0x00, 0x00, 0x00, 0x00, 0x00, 0x00, 0x00, 0x00, 0x00, 0x00, 0x00,
  0x00, 0x00, 0x00, 0x00, 0x00, 0x00, 0x00, 0x00, 0x00, 0x00, 0x00, 0x00,
  0x00, 0x00, 0x00, 0x00, 0x00, 0x00, 0x00, 0x00, 0x00, 0x00, 0x00, 0x00,
  0x00, 0x00, 0x00, 0x00, 0x00, 0x00, 0x00, 0x00, 0x00, 0x00, 0x00, 0x00,
  0x00, 0x00, 0x00, 0x00, 0x00, 0x00, 0x00, 0x00, 0x00, 0x00, 0x00, 0x00,
  0x00, 0x00, 0x00, 0x00, 0x00, 0x00, 0x00, 0x00, 0x00, 0x00, 0x00, 0x00,
  0x00, 0x00, 0x00, 0x00, 0x00, 0x00, 0x00, 0x00, 0x00, 0x00, 0x00, 0x00,
  0x00, 0x00, 0x00, 0x00, 0x00, 0x00, 0x00, 0x00, 0x00, 0x00, 0x00, 0x00,
  0x00, 0x00, 0x00, 0x00, 0x00, 0x00, 0x00, 0x00, 0x00, 0x00, 0x00, 0x00,
  0x00, 0x00, 0x00, 0x00, 0x00, 0x00, 0x00, 0x00, 0x00, 0x00, 0x00, 0x00,
  0x00, 0x00, 0x00, 0x00, 0x00, 0x00, 0x00, 0x00, 0x00, 0x00, 0x00, 0x00,
  0x00, 0x00, 0x00, 0x00, 0x00, 0x00, 0x00, 0x00, 0x00, 0x00, 0x00, 0x00,
  0x00, 0x00, 0x00, 0x00, 0x00, 0x00, 0x00, 0x00, 0x00, 0x00, 0x00, 0x00,
  0x00, 0x00, 0x00, 0x00, 0x00, 0x00, 0x00, 0x00, 0x00, 0x00, 0x00, 0x00,
  0x00, 0x00, 0x00, 0x00, 0x00, 0x00, 0x00, 0x00, 0x00, 0x00, 0x00, 0x00,
  0x00, 0x00, 0x00, 0x00, 0x00, 0x00, 0x00, 0x00, 0x00, 0x00, 0x00, 0x00,
  0x00, 0x00, 0x00, 0x00, 0x00, 0x00, 0x00, 0x00, 0x00, 0x00, 0x00, 0x00,
  0x00, 0x00, 0x00, 0x00, 0x00, 0x00, 0x00, 0x00, 0x00, 0x00, 0x00, 0x00,
  0x00, 0x00, 0x00, 0x00, 0x00, 0x00, 0x00, 0x00, 0x00, 0x00, 0x00, 0x00,
  0x00, 0x00, 0x00, 0x00, 0x00, 0x00, 0x00, 0x00, 0x00, 0x00, 0x00, 0x00,
  0x00, 0x00, 0x00, 0x00, 0x00, 0x00, 0x00, 0x00, 0x00, 0x00, 0x00, 0x00,
  0x00, 0x00, 0x00, 0x00, 0x00, 0x00, 0x00, 0x00, 0x00, 0x00, 0x00, 0x00,
  0x00, 0x00, 0x00, 0x00, 0x00, 0x00, 0x00, 0x00, 0x00, 0x00, 0x00, 0x00,
  0x00, 0x00, 0x00, 0x00, 0x00, 0x00, 0x00, 0x00, 0x00, 0x00, 0x00, 0x00,
  0x00, 0x00, 0x00, 0x00, 0x00, 0x00, 0x00, 0x00, 0x00, 0x00, 0x00, 0x00,
  0x00, 0x00, 0x00, 0x00, 0x00, 0x00, 0x00, 0x00, 0x00, 0x00, 0x00, 0x00,
  0x00, 0x00, 0x00, 0x00, 0x00, 0x00, 0x00, 0x00, 0x00, 0x00, 0x00, 0x00,
  0x00, 0x00, 0x00, 0x00, 0x00, 0x00, 0x00, 0x00, 0x00, 0x00, 0x00, 0x00,
  0x00, 0x00, 0x00, 0x00, 0x00, 0x00, 0x00, 0x00, 0x00, 0x00, 0x00, 0x00,
  0x00, 0x00, 0x00, 0x00, 0x00, 0x00, 0x00, 0x00, 0x00, 0x00, 0x00, 0x00,
  0x00, 0x00, 0x00, 0x00, 0x00, 0x00, 0x00, 0x00, 0x00, 0x00, 0x00, 0x00,
  0x00, 0x00, 0x00, 0x00, 0x00, 0x00, 0x00, 0x00, 0x00, 0x00, 0x00, 0x00,
  0x00, 0x00, 0x00, 0x00, 0x00, 0x00, 0x00, 0x00, 0x00, 0x00, 0x00, 0x00,
  0x00, 0x00, 0x00, 0x00, 0x00, 0x00, 0x00, 0x00, 0x00, 0x00, 0x00, 0x00,
  0x00, 0x00, 0x00, 0x00, 0x00, 0x00, 0x00, 0x00, 0x00, 0x00, 0x00, 0x00,
  0x00, 0x00, 0x00, 0x00, 0x00, 0x00, 0x00, 0x00, 0x00, 0x00, 0x00, 0x00,
  0x00, 0x00, 0x00, 0x00, 0x00, 0x00, 0x00, 0x00, 0x00, 0x00, 0x00, 0x00,
  0x00, 0x00, 0x00, 0x00, 0x00, 0x00, 0x00, 0x00, 0x00, 0x00, 0x00, 0x00,
  0x00, 0x00, 0x00, 0x00, 0x00, 0x00, 0x00, 0x00, 0x00, 0x00, 0x00, 0x00,
  0x00, 0x00, 0x00, 0x00, 0x00, 0x00, 0x00, 0x00, 0x00, 0x00, 0x00, 0x00,
  0x00, 0x00, 0x00, 0x00, 0x00, 0x00, 0x00, 0x00, 0x00, 0x00, 0x00, 0x00,
  0x00, 0x00, 0x00, 0x00, 0x00, 0x00, 0x00, 0x00, 0x00, 0x00, 0x00, 0x00,
  0x00, 0x00, 0x00, 0x00, 0x00, 0x00, 0x00, 0x00, 0x00, 0x00, 0x00, 0x00,
  0x00, 0x00, 0x00, 0x00, 0x00, 0x00, 0x00, 0x00, 0x00, 0x00, 0x00, 0x00,
  0x00, 0x00, 0x00, 0x00, 0x00, 0x00, 0x00, 0x00, 0x00, 0x00, 0x00, 0x00,
  0x00, 0x00, 0x00, 0x00, 0x00, 0x00, 0x00, 0x00, 0x00, 0x00, 0x00, 0x00,
  0x00, 0x00, 0x00, 0x00, 0x00, 0x00, 0x00, 0x00, 0x00, 0x00, 0x00, 0x00,
  0x00, 0x00, 0x00, 0x00, 0x00, 0x00, 0x00, 0x00, 0x00, 0x00, 0x00, 0x00,
  0x00, 0x00, 0x00, 0x00, 0x00, 0x00, 0x00, 0x00, 0x00, 0x00, 0x00, 0x00,
  0x00, 0x00, 0x00, 0x00, 0x00, 0x00, 0x00, 0x00, 0x00, 0x00, 0x00, 0x00,
  0x00, 0x00, 0x00, 0x00, 0x00, 0x00, 0x00, 0x00, 0x00, 0x00, 0x00, 0x00,
  0x00, 0x00, 0x00, 0x00, 0x00, 0x00, 0x00, 0x00, 0x00, 0x00, 0x00, 0x00,
  0x00, 0x00, 0x00, 0x00, 0x00, 0x00, 0x00, 0x00, 0x00, 0x00, 0x00, 0x00,
  0x00, 0x00, 0x00, 0x00, 0x00, 0x00, 0x00, 0x00, 0x00, 0x00, 0x00, 0x00,
  0x00, 0x00, 0x00, 0x00, 0x00, 0x00, 0x00, 0x00, 0x00, 0x00, 0x00, 0x00,
  0x00, 0x00, 0x00, 0x00, 0x00, 0x00, 0x00, 0x00, 0x00, 0x00, 0x00, 0x00,
  0x00, 0x00, 0x00, 0x00, 0x00, 0x00, 0x00, 0x00, 0x00, 0x00, 0x00, 0x00,
  0x00, 0x00, 0x00, 0x00, 0x00, 0x00, 0x00, 0x00, 0x00, 0x00, 0x00, 0x00,
  0x00, 0x00, 0x00, 0x00, 0x00, 0x00, 0x00, 0x00, 0x00, 0x00, 0x00, 0x00,
  0x00, 0x00, 0x00, 0x00, 0x00, 0x00, 0x00, 0x00, 0x00, 0x00, 0x00, 0x00,
  0x00, 0x00, 0x00, 0x00, 0x00, 0x00, 0x00, 0x00, 0x00, 0x00, 0x00, 0x00,
  0x00, 0x00, 0x00, 0x00, 0x00, 0x00, 0x00, 0x00, 0x00, 0x00, 0x00, 0x00,
  0x00, 0x00, 0x00, 0x00, 0x00, 0x00, 0x00, 0x00, 0x00, 0x00, 0x00, 0x00,
  0x00, 0x00, 0x00, 0x00, 0x00, 0x00, 0x00, 0x00, 0x00, 0x00, 0x00, 0x00,
  0x00, 0x00, 0x00, 0x00, 0x00, 0x00, 0x00, 0x00, 0x00, 0x00, 0x00, 0x00,
  0x00, 0x00, 0x00, 0x00, 0x00, 0x00, 0x00, 0x00, 0x00, 0x00, 0x00, 0x00,
  0x00, 0x00, 0x00, 0x00, 0x00, 0x00, 0x00, 0x00, 0x00, 0x00, 0x00, 0x00,
  0x00, 0x00, 0x00, 0x00, 0x00, 0x00, 0x00, 0x00, 0x00, 0x00, 0x00, 0x00,
  0x00, 0x00, 0x00, 0x00, 0x00, 0x00, 0x00, 0x00, 0x00, 0x00, 0x00, 0x00,
  0x00, 0x00, 0x00, 0x00, 0x00, 0x00, 0x00, 0x00, 0x00, 0x00, 0x00, 0x00,
  0x00, 0x00, 0x00, 0x00, 0x00, 0x00, 0x00, 0x00, 0x00, 0x00, 0x00, 0x00,
  0x00, 0x00, 0x00, 0x00, 0x00, 0x00, 0x00, 0x00, 0x00, 0x00, 0x00, 0x00,
  0x00, 0x00, 0x00, 0x00, 0x00, 0x00, 0x00, 0x00, 0x00, 0x00, 0x00, 0x00,
  0x00, 0x00, 0x00, 0x00, 0x00, 0x00, 0x00, 0x00, 0x00, 0x00, 0x00, 0x00,
  0x00, 0x00, 0x00, 0x00, 0x00, 0x00, 0x00, 0x00, 0x00, 0x00, 0x00, 0x00,
  0x00, 0x00, 0x00, 0x00, 0x00, 0x00, 0x00, 0x00, 0x00, 0x00, 0x00, 0x00,
  0x00, 0x00, 0x00, 0x00, 0x00, 0x00, 0x00, 0x00, 0x00, 0x00, 0x00, 0x00,
  0x00, 0x00, 0x00, 0x00, 0x00, 0x00, 0x00, 0x00, 0x00, 0x00, 0x00, 0x00,
  0x00, 0x00, 0x00, 0x00, 0x00, 0x00, 0x00, 0x00, 0x00, 0x00, 0x00, 0x00,
  0x00, 0x00, 0x00, 0x00, 0x00, 0x00, 0x00, 0x00, 0x00, 0x00, 0x00, 0x00,
  0x00, 0x00, 0x00, 0x00, 0x00, 0x00, 0x00, 0x00, 0x00, 0x00, 0x00, 0x00,
  0x00, 0x00, 0x00, 0x00, 0x00, 0x00, 0x00, 0x00, 0x00, 0x00, 0x00, 0x00,
  0x00, 0x00, 0x00, 0x00, 0x00, 0x00, 0x00, 0x00, 0x00, 0x00, 0x00, 0x00,
  0x00, 0x00, 0x00, 0x00, 0x00, 0x00, 0x00, 0x00, 0x00, 0x00, 0x00, 0x00,
  0x00, 0x00, 0x00, 0x00, 0x00, 0x00, 0x00, 0x00, 0x00, 0x00, 0x00, 0x00,
  0x00, 0x00, 0x00, 0x00, 0x00, 0x00, 0x00, 0x00, 0x00, 0x00, 0x00, 0x00,
  0x00, 0x00, 0x00, 0x00, 0x00, 0x00, 0x00, 0x00, 0x00, 0x00, 0x00, 0x00,
  0x00, 0x00, 0x00, 0x00, 0x00, 0x00, 0x00, 0x00, 0x00, 0x00, 0x00, 0x00,
  0x00, 0x00, 0x00, 0x00, 0x00, 0x00, 0x00, 0x00, 0x00, 0x00, 0x00, 0x00,
  0x00, 0x00, 0x00, 0x00, 0x00, 0x00, 0x00, 0x00, 0x00, 0x00, 0x00, 0x00,
  0x00, 0x00, 0x00, 0x00, 0x00, 0x00, 0x00, 0x00, 0x00, 0x00, 0x00, 0x00,
  0x00, 0x00, 0x00, 0x00, 0x00, 0x00, 0x00, 0x00, 0x00, 0x00, 0x00, 0x00,
  0x00, 0x00, 0x00, 0x00, 0x00, 0x00, 0x00, 0x00, 0x00, 0x00, 0x00, 0x00,
  0x00, 0x00, 0x00, 0x00, 0x00, 0x00, 0x00, 0x00, 0x00, 0x00, 0x00, 0x00,
  0x00, 0x00, 0x00, 0x00, 0x00, 0x00, 0x00, 0x00, 0x00, 0x00, 0x00, 0x00,
  0x00, 0x00, 0x00, 0x00, 0x00, 0x00, 0x00, 0x00, 0x00, 0x00, 0x00, 0x00,
  0x00, 0x00, 0x00, 0x00, 0x00, 0x00, 0x00, 0x00, 0x00, 0x00, 0x00, 0x00,
  0x00, 0x00, 0x00, 0x00, 0x00, 0x00, 0x00, 0x00, 0x00, 0x00, 0x00, 0x00,
  0x00, 0x00, 0x00, 0x00, 0x00, 0x00, 0x00, 0x00, 0x00, 0x00, 0x00, 0x00,
  0x00, 0x00, 0x00, 0x00, 0x00, 0x00, 0x00, 0x00, 0x00, 0x00, 0x00, 0x00,
  0x00, 0x00, 0x00, 0x00, 0x00, 0x00, 0x00, 0x00, 0x00, 0x00, 0x00, 0x00,
  0x00, 0x00, 0x00, 0x00, 0x00, 0x00, 0x00, 0x00, 0x00, 0x00, 0x00, 0x00,
  0x00, 0x00, 0x00, 0x00, 0x00, 0x00, 0x00, 0x00, 0x00, 0x00, 0x00, 0x00,
  0x00, 0x00, 0x00, 0x00, 0x00, 0x00, 0x00, 0x00, 0x00, 0x00, 0x00, 0x00,
  0x00, 0x00, 0x00, 0x00, 0x00, 0x00, 0x00, 0x00, 0x00, 0x00, 0x00, 0x00,
  0x00, 0x00, 0x00, 0x00, 0x00, 0x00, 0x00, 0x00, 0x00, 0x00, 0x00, 0x00,
  0x00, 0x00, 0x00, 0x00, 0x00, 0x00, 0x00, 0x00, 0x00, 0x00, 0x00, 0x00,
  0x00, 0x00, 0x00, 0x00, 0x00, 0x00, 0x00, 0x00, 0x00, 0x00, 0x00, 0x00,
  0x00, 0x00, 0x00, 0x00, 0x00, 0x00, 0x00, 0x00, 0x00, 0x00, 0x00, 0x00,
  0x00, 0x00, 0x00, 0x00, 0x00, 0x00, 0x00, 0x00, 0x00, 0x00, 0x00, 0x00,
  0x00, 0x00, 0x00, 0x00, 0x00, 0x00, 0x00, 0x00, 0x00, 0x00, 0x00, 0x00,
  0x00, 0x00, 0x00, 0x00, 0x00, 0x00, 0x00, 0x00, 0x00, 0x00, 0x00, 0x00,
  0x00, 0x00, 0x00, 0x00, 0x00, 0x00, 0x00, 0x00, 0x00, 0x00, 0x00, 0x00,
  0x00, 0x00, 0x00, 0x00, 0x00, 0x00, 0x00, 0x00, 0x00, 0x00, 0x00, 0x00,
  0x00, 0x00, 0x00, 0x00, 0x00, 0x00, 0x00, 0x00, 0x00, 0x00, 0x00, 0x00,
  0x00, 0x00, 0x00, 0x00, 0x00, 0x00, 0x00, 0x00
};

const size_t CENSOR_BLEEP_WAV_SIZE = sizeof(CENSOR_BLEEP_WAV);

