#pragma once

#include <Arduino.h>

// Generated from charge-shot.wav.
const uint8_t CHARGE_SHOT_WAV[] PROGMEM = {
  0x52, 0x49, 0x46, 0x46, 0x8E, 0x60, 0x00, 0x00, 0x57, 0x41, 0x56, 0x45,
  0x66, 0x6D, 0x74, 0x20, 0x10, 0x00, 0x00, 0x00, 0x01, 0x00, 0x01, 0x00,
  0x22, 0x56, 0x00, 0x00, 0x44, 0xAC, 0x00, 0x00, 0x02, 0x00, 0x10, 0x00,
  0x64, 0x61, 0x74, 0x61, 0x6A, 0x60, 0x00, 0x00, 0x00, 0x00, 0x01, 0x00,
  0x02, 0x00, 0x04, 0x00, 0x06, 0x00, 0x09, 0x00, 0x0C, 0x00, 0x11, 0x00,
  0x15, 0x00, 0x1B, 0x00, 0x21, 0x00, 0x27, 0x00, 0x2E, 0x00, 0x36, 0x00,
  0x3E, 0x00, 0x47, 0x00, 0x51, 0x00, 0x5B, 0x00, 0x66, 0x00, 0x71, 0x00,
  0x7D, 0x00, 0x89, 0x00, 0x96, 0x00, 0xA4, 0x00, 0xB2, 0x00, 0xC1, 0x00,
  0xD1, 0x00, 0xE1, 0x00, 0xF2, 0x00, 0x03, 0x01, 0x0C, 0x01, 0x0C, 0x01,
  0x0B, 0x01, 0x09, 0x01, 0x07, 0x01, 0x04, 0x01, 0x01, 0x01, 0xFD, 0x00,
  0xF9, 0x00, 0xF3, 0x00, 0xEE, 0x00, 0xE7, 0x00, 0xE0, 0x00, 0xD9, 0x00,
  0xD1, 0x00, 0xC8, 0x00, 0xBF, 0x00, 0xB5, 0x00, 0xAA, 0x00, 0x9F, 0x00,
  0x93, 0x00, 0x87, 0x00, 0x7A, 0x00, 0x6C, 0x00, 0x5E, 0x00, 0x4F, 0x00,
  0x40, 0x00, 0x30, 0x00, 0x1F, 0x00, 0x0E, 0x00, 0xFC, 0xFF, 0xEA, 0xFF,
  0xD7, 0xFF, 0xC3, 0xFF, 0xAF, 0xFF, 0x9A, 0xFF, 0x84, 0xFF, 0x6E, 0xFF,
  0x58, 0xFF, 0x40, 0xFF, 0x28, 0xFF, 0x10, 0xFF, 0xF7, 0xFE, 0xDD, 0xFE,
  0xC3, 0xFE, 0xA8, 0xFE, 0x8C, 0xFE, 0x70, 0xFE, 0x53, 0xFE, 0x36, 0xFE,
  0x18, 0xFE, 0xF9, 0xFD, 0xDA, 0xFD, 0xBA, 0xFD, 0x9A, 0xFD, 0x78, 0xFD,
  0x57, 0xFD, 0x34, 0xFD, 0x12, 0xFD, 0xEE, 0xFC, 0xD3, 0xFC, 0xE6, 0xFC,
  0xF9, 0xFC, 0x0D, 0xFD, 0x21, 0xFD, 0x37, 0xFD, 0x4C, 0xFD, 0x62, 0xFD,
  0x79, 0xFD, 0x91, 0xFD, 0xA9, 0xFD, 0xC2, 0xFD, 0xDB, 0xFD, 0xF5, 0xFD,
  0x10, 0xFE, 0x2B, 0xFE, 0x47, 0xFE, 0x63, 0xFE, 0x80, 0xFE, 0x9E, 0xFE,
  0xBC, 0xFE, 0xDB, 0xFE, 0xFB, 0xFE, 0x1B, 0xFF, 0x3C, 0xFF, 0x5D, 0xFF,
  0x7F, 0xFF, 0xA2, 0xFF, 0xC5, 0xFF, 0xE9, 0xFF, 0x0D, 0x00, 0x32, 0x00,
  0x58, 0x00, 0x7E, 0x00, 0xA5, 0x00, 0xCD, 0x00, 0xF5, 0x00, 0x1E, 0x01,
  0x48, 0x01, 0x72, 0x01, 0x9C, 0x01, 0xC8, 0x01, 0xF4, 0x01, 0x20, 0x02,
  0x4D, 0x02, 0x7B, 0x02, 0xAA, 0x02, 0xD9, 0x02, 0x09, 0x03, 0x39, 0x03,
  0x6A, 0x03, 0x9B, 0x03, 0xCE, 0x03, 0x01, 0x04, 0x34, 0x04, 0x68, 0x04,
  0x9D, 0x04, 0xD2, 0x04, 0x08, 0x05, 0x3F, 0x05, 0x2E, 0x05, 0x09, 0x05,
  0xE2, 0x04, 0xBC, 0x04, 0x94, 0x04, 0x6C, 0x04, 0x43, 0x04, 0x19, 0x04,
  0xEF, 0x03, 0xC5, 0x03, 0x99, 0x03, 0x6D, 0x03, 0x41, 0x03, 0x13, 0x03,
  0xE6, 0x02, 0xB7, 0x02, 0x88, 0x02, 0x58, 0x02, 0x28, 0x02, 0xF7, 0x01,
  0xC5, 0x01, 0x93, 0x01, 0x60, 0x01, 0x2C, 0x01, 0xF8, 0x00, 0xC3, 0x00,
  0x8E, 0x00, 0x58, 0x00, 0x21, 0x00, 0xE9, 0xFF, 0xB1, 0xFF, 0x79, 0xFF,
  0x3F, 0xFF, 0x06, 0xFF, 0xCB, 0xFE, 0x90, 0xFE, 0x54, 0xFE, 0x18, 0xFE,
  0xDA, 0xFD, 0x9D, 0xFD, 0x5E, 0xFD, 0x1F, 0xFD, 0xE0, 0xFC, 0x9F, 0xFC,
  0x5E, 0xFC, 0x1D, 0xFC, 0xDB, 0xFB, 0x98, 0xFB, 0x54, 0xFB, 0x10, 0xFB,
  0xCB, 0xFA, 0x86, 0xFA, 0x40, 0xFA, 0xF9, 0xF9, 0xB2, 0xF9, 0x6A, 0xF9,
  0x21, 0xF9, 0xD8, 0xF8, 0xB0, 0xF8, 0xE8, 0xF8, 0x21, 0xF9, 0x5B, 0xF9,
  0x95, 0xF9, 0xD0, 0xF9, 0x0C, 0xFA, 0x48, 0xFA, 0x85, 0xFA, 0xC2, 0xFA,
  0x01, 0xFB, 0x3F, 0xFB, 0x7F, 0xFB, 0xBF, 0xFB, 0x00, 0xFC, 0x41, 0xFC,
  0x83, 0xFC, 0xC6, 0xFC, 0x09, 0xFD, 0x4D, 0xFD, 0x92, 0xFD, 0xD7, 0xFD,
  0x1D, 0xFE, 0x63, 0xFE, 0xAB, 0xFE, 0xF2, 0xFE, 0x3B, 0xFF, 0x84, 0xFF,
  0xCE, 0xFF, 0x18, 0x00, 0x63, 0x00, 0xAF, 0x00, 0xFC, 0x00, 0x49, 0x01,
  0x96, 0x01, 0xE5, 0x01, 0x34, 0x02, 0x83, 0x02, 0xD4, 0x02, 0x25, 0x03,
  0x76, 0x03, 0xC8, 0x03, 0x1B, 0x04, 0x6F, 0x04, 0xC3, 0x04, 0x18, 0x05,
  0x6E, 0x05, 0xC4, 0x05, 0x1B, 0x06, 0x72, 0x06, 0xCA, 0x06, 0x23, 0x07,
  0x7C, 0x07, 0xD6, 0x07, 0x31, 0x08, 0x8D, 0x08, 0xE9, 0x08, 0x45, 0x09,
  0x3C, 0x09, 0xF1, 0x08, 0xA4, 0x08, 0x57, 0x08, 0x09, 0x08, 0xBB, 0x07,
  0x6B, 0x07, 0x1C, 0x07, 0xCB, 0x06, 0x7A, 0x06, 0x28, 0x06, 0xD6, 0x05,
  0x83, 0x05, 0x2F, 0x05, 0xDA, 0x04, 0x85, 0x04, 0x30, 0x04, 0xD9, 0x03,
  0x82, 0x03, 0x2A, 0x03, 0xD2, 0x02, 0x79, 0x02, 0x1F, 0x02, 0xC5, 0x01,
  0x6A, 0x01, 0x0E, 0x01, 0xB2, 0x00, 0x55, 0x00, 0xF7, 0xFF, 0x99, 0xFF,
  0x3A, 0xFF, 0xDA, 0xFE, 0x7A, 0xFE, 0x19, 0xFE, 0xB7, 0xFD, 0x55, 0xFD,
  0xF2, 0xFC, 0x8E, 0xFC, 0x2A, 0xFC, 0xC5, 0xFB, 0x5F, 0xFB, 0xF9, 0xFA,
  0x92, 0xFA, 0x2A, 0xFA, 0xC2, 0xF9, 0x59, 0xF9, 0xEF, 0xF8, 0x85, 0xF8,
  0x1A, 0xF8, 0xAE, 0xF7, 0x42, 0xF7, 0xD5, 0xF6, 0x67, 0xF6, 0xF9, 0xF5,
  0x8A, 0xF5, 0x1A, 0xF5, 0xAA, 0xF4, 0xDD, 0xF4, 0x3C, 0xF5, 0x9D, 0xF5,
  0xFD, 0xF5, 0x5F, 0xF6, 0xC1, 0xF6, 0x24, 0xF7, 0x88, 0xF7, 0xEC, 0xF7,
  0x51, 0xF8, 0xB6, 0xF8, 0x1D, 0xF9, 0x84, 0xF9, 0xEB, 0xF9, 0x53, 0xFA,
  0xBC, 0xFA, 0x26, 0xFB, 0x90, 0xFB, 0xFB, 0xFB, 0x67, 0xFC, 0xD3, 0xFC,
  0x40, 0xFD, 0xAE, 0xFD, 0x1C, 0xFE, 0x8B, 0xFE, 0xFB, 0xFE, 0x6B, 0xFF,
  0xDC, 0xFF, 0x4E, 0x00, 0xC1, 0x00, 0x34, 0x01, 0xA7, 0x01, 0x1C, 0x02,
  0x91, 0x02, 0x07, 0x03, 0x7D, 0x03, 0xF4, 0x03, 0x6C, 0x04, 0xE5, 0x04,
  0x5E, 0x05, 0xD8, 0x05, 0x53, 0x06, 0xCE, 0x06, 0x4A, 0x07, 0xC6, 0x07,
  0x44, 0x08, 0xC2, 0x08, 0x40, 0x09, 0xC0, 0x09, 0x40, 0x0A, 0xC0, 0x0A,
  0x42, 0x0B, 0xC4, 0x0B, 0x47, 0x0C, 0xCA, 0x0C, 0x4E, 0x0D, 0x11, 0x0D,
  0x9D, 0x0C, 0x29, 0x0C, 0xB5, 0x0B, 0x3F, 0x0B, 0xC9, 0x0A, 0x52, 0x0A,
  0xDB, 0x09, 0x63, 0x09, 0xEA, 0x08, 0x70, 0x08, 0xF6, 0x07, 0x7B, 0x07,
  0x00, 0x07, 0x84, 0x06, 0x07, 0x06, 0x89, 0x05, 0x0B, 0x05, 0x8B, 0x04,
  0x09, 0x04, 0x87, 0x03, 0x04, 0x03, 0x82, 0x02, 0x00, 0x02, 0x7D, 0x01,
  0xFB, 0x00, 0x78, 0x00, 0xF6, 0xFF, 0x73, 0xFF, 0xF0, 0xFE, 0x6E, 0xFE,
  0xEB, 0xFD, 0x68, 0xFD, 0xE6, 0xFC, 0x63, 0xFC, 0xE0, 0xFB, 0x5D, 0xFB,
  0xDA, 0xFA, 0x57, 0xFA, 0xD4, 0xF9, 0x51, 0xF9, 0xCE, 0xF8, 0x4B, 0xF8,
  0xC8, 0xF7, 0x45, 0xF7, 0xC2, 0xF6, 0x3F, 0xF6, 0xBC, 0xF5, 0x38, 0xF5,
  0xB5, 0xF4, 0x32, 0xF4, 0xAF, 0xF3, 0x2B, 0xF3, 0xA8, 0xF2, 0x24, 0xF2,
  0x36, 0xF2, 0xBA, 0xF2, 0x3E, 0xF3, 0xC1, 0xF3, 0x45, 0xF4, 0xC8, 0xF4,
  0x4C, 0xF5, 0xD0, 0xF5, 0x54, 0xF6, 0xD7, 0xF6, 0x5B, 0xF7, 0xDF, 0xF7,
  0x63, 0xF8, 0xE7, 0xF8, 0x6B, 0xF9, 0xEF, 0xF9, 0x73, 0xFA, 0xF7, 0xFA,
  0x7B, 0xFB, 0xFF, 0xFB, 0x83, 0xFC, 0x07, 0xFD, 0x8C, 0xFD, 0x10, 0xFE,
  0x94, 0xFE, 0x18, 0xFF, 0x9D, 0xFF, 0x21, 0x00, 0xA6, 0x00, 0x2A, 0x01,
  0xAF, 0x01, 0x33, 0x02, 0xB8, 0x02, 0x3C, 0x03, 0xC1, 0x03, 0x46, 0x04,
  0xCA, 0x04, 0x4F, 0x05, 0xD4, 0x05, 0x59, 0x06, 0xDD, 0x06, 0x62, 0x07,
  0xE7, 0x07, 0x6C, 0x08, 0xF1, 0x08, 0x76, 0x09, 0xFB, 0x09, 0x80, 0x0A,
  0x05, 0x0B, 0x8A, 0x0B, 0x10, 0x0C, 0x95, 0x0C, 0x1A, 0x0D, 0x9F, 0x0D,
  0x04, 0x0E, 0x7F, 0x0D, 0xF9, 0x0C, 0x74, 0x0C, 0xEF, 0x0B, 0x69, 0x0B,
  0xE4, 0x0A, 0x5E, 0x0A, 0xD9, 0x09, 0x53, 0x09, 0xCD, 0x08, 0x48, 0x08,
  0xC2, 0x07, 0x3C, 0x07, 0xB6, 0x06, 0x31, 0x06, 0xAB, 0x05, 0x25, 0x05,
  0x9F, 0x04, 0x19, 0x04, 0x93, 0x03, 0x0D, 0x03, 0x87, 0x02, 0x01, 0x02,
  0x7B, 0x01, 0xF4, 0x00, 0x6E, 0x00, 0xE8, 0xFF, 0x62, 0xFF, 0xDB, 0xFE,
  0x55, 0xFE, 0xCF, 0xFD, 0x48, 0xFD, 0xC2, 0xFC, 0x3B, 0xFC, 0xB5, 0xFB,
  0x2E, 0xFB, 0xA8, 0xFA, 0x21, 0xFA, 0x9B, 0xF9, 0x14, 0xF9, 0x8D, 0xF8,
  0x06, 0xF8, 0x80, 0xF7, 0xF9, 0xF6, 0x72, 0xF6, 0xEB, 0xF5, 0x64, 0xF5,
  0xDD, 0xF4, 0x56, 0xF4, 0xCF, 0xF3, 0x48, 0xF3, 0xC1, 0xF2, 0x3A, 0xF2,
  0x24, 0xF2, 0xAC, 0xF2, 0x33, 0xF3, 0xBA, 0xF3, 0x41, 0xF4, 0xC9, 0xF4,
  0x50, 0xF5, 0xD7, 0xF5, 0x5F, 0xF6, 0xE6, 0xF6, 0x6E, 0xF7, 0xF5, 0xF7,
  0x7D, 0xF8, 0x05, 0xF9, 0x8C, 0xF9, 0x14, 0xFA, 0x9C, 0xFA, 0x23, 0xFB,
  0xAB, 0xFB, 0x33, 0xFC, 0xBB, 0xFC, 0x43, 0xFD, 0xCB, 0xFD, 0x53, 0xFE,
  0xDB, 0xFE, 0x63, 0xFF, 0xEB, 0xFF, 0x73, 0x00, 0xFB, 0x00, 0x83, 0x01,
  0x0B, 0x02, 0x93, 0x02, 0x1C, 0x03, 0xA4, 0x03, 0x2C, 0x04, 0xB5, 0x04,
  0x3D, 0x05, 0xC5, 0x05, 0x4E, 0x06, 0xD6, 0x06, 0x5F, 0x07, 0xE8, 0x07,
  0x70, 0x08, 0xF9, 0x08, 0x82, 0x09, 0x0A, 0x0A, 0x93, 0x0A, 0x1C, 0x0B,
  0xA5, 0x0B, 0x2D, 0x0C, 0xB6, 0x0C, 0x3F, 0x0D, 0xC8, 0x0D, 0xD7, 0x0D,
  0x4E, 0x0D, 0xC5, 0x0C, 0x3C, 0x0C, 0xB3, 0x0B, 0x2A, 0x0B, 0xA1, 0x0A,
  0x18, 0x0A, 0x8E, 0x09, 0x05, 0x09, 0x7C, 0x08, 0xF2, 0x07, 0x69, 0x07,
  0xDF, 0x06, 0x56, 0x06, 0xCC, 0x05, 0x43, 0x05, 0xB9, 0x04, 0x30, 0x04,
  0xA6, 0x03, 0x1C, 0x03, 0x92, 0x02, 0x09, 0x02, 0x7F, 0x01, 0xF5, 0x00,
  0x6B, 0x00, 0xE1, 0xFF, 0x57, 0xFF, 0xCD, 0xFE, 0x43, 0xFE, 0xB9, 0xFD,
  0x2F, 0xFD, 0xA5, 0xFC, 0x1B, 0xFC, 0x91, 0xFB, 0x06, 0xFB, 0x7C, 0xFA,
  0xF2, 0xF9, 0x68, 0xF9, 0xDD, 0xF8, 0x53, 0xF8, 0xC8, 0xF7, 0x3E, 0xF7,
  0xB3, 0xF6, 0x29, 0xF6, 0x9E, 0xF5, 0x14, 0xF5, 0x89, 0xF4, 0xFE, 0xF3,
  0x74, 0xF3, 0xE9, 0xF2, 0x5E, 0xF2, 0x04, 0xF2, 0x8F, 0xF2, 0x1A, 0xF3,
  0xA5, 0xF3, 0x30, 0xF4, 0xBB, 0xF4, 0x46, 0xF5, 0xD1, 0xF5, 0x5C, 0xF6,
  0xE7, 0xF6, 0x72, 0xF7, 0xFE, 0xF7, 0x89, 0xF8, 0x14, 0xF9, 0x9F, 0xF9,
  0x2B, 0xFA, 0xB6, 0xFA, 0x42, 0xFB, 0xCD, 0xFB, 0x59, 0xFC, 0xE4, 0xFC,
  0x70, 0xFD, 0xFB, 0xFD, 0x87, 0xFE, 0x13, 0xFF, 0x9E, 0xFF, 0x2A, 0x00,
  0xB6, 0x00, 0x42, 0x01, 0xCE, 0x01, 0x59, 0x02, 0xE5, 0x02, 0x71, 0x03,
  0xFD, 0x03, 0x89, 0x04, 0x15, 0x05, 0xA2, 0x05, 0x2E, 0x06, 0xBA, 0x06,
  0x46, 0x07, 0xD2, 0x07, 0x5F, 0x08, 0xEB, 0x08, 0x77, 0x09, 0x04, 0x0A,
  0x90, 0x0A, 0x1D, 0x0B, 0xA9, 0x0B, 0x36, 0x0C, 0xC2, 0x0C, 0x4F, 0x0D,
  0xDB, 0x0D, 0xC1, 0x0D, 0x34, 0x0D, 0xA7, 0x0C, 0x1A, 0x0C, 0x8D, 0x0B,
  0x01, 0x0B, 0x74, 0x0A, 0xE7, 0x09, 0x5A, 0x09, 0xCD, 0x08, 0x40, 0x08,
  0xB3, 0x07, 0x26, 0x07, 0x98, 0x06, 0x0B, 0x06, 0x7E, 0x05, 0xF1, 0x04,
  0x63, 0x04, 0xD6, 0x03, 0x49, 0x03, 0xBB, 0x02, 0x2E, 0x02, 0xA0, 0x01,
  0x13, 0x01, 0x85, 0x00, 0xF8, 0xFF, 0x6A, 0xFF, 0xDD, 0xFE, 0x4F, 0xFE,
  0xC1, 0xFD, 0x33, 0xFD, 0xA6, 0xFC, 0x18, 0xFC, 0x8A, 0xFB, 0xFC, 0xFA,
  0x6E, 0xFA, 0xE0, 0xF9, 0x52, 0xF9, 0xC4, 0xF8, 0x36, 0xF8, 0xA8, 0xF7,
  0x1A, 0xF7, 0x8B, 0xF6, 0xFD, 0xF5, 0x6F, 0xF5, 0xE1, 0xF4, 0x52, 0xF4,
  0xC4, 0xF3, 0x35, 0xF3, 0xA7, 0xF2, 0x18, 0xF2, 0x4D, 0xF2, 0xDC, 0xF2,
  0x6B, 0xF3, 0xF9, 0xF3, 0x88, 0xF4, 0x17, 0xF5, 0xA5, 0xF5, 0x34, 0xF6,
  0xC3, 0xF6, 0x52, 0xF7, 0xE1, 0xF7, 0x70, 0xF8, 0xFE, 0xF8, 0x8D, 0xF9,
  0x1D, 0xFA, 0xAC, 0xFA, 0x3B, 0xFB, 0xCA, 0xFB, 0x59, 0xFC, 0xE8, 0xFC,
  0x78, 0xFD, 0x07, 0xFE, 0x96, 0xFE, 0x26, 0xFF, 0xB5, 0xFF, 0x44, 0x00,
  0xD4, 0x00, 0x63, 0x01, 0xF3, 0x01, 0x82, 0x02, 0x12, 0x03, 0xA2, 0x03,
  0x31, 0x04, 0xC1, 0x04, 0x51, 0x05, 0xE1, 0x05, 0x71, 0x06, 0x00, 0x07,
  0x90, 0x07, 0x20, 0x08, 0xB0, 0x08, 0x40, 0x09, 0xD0, 0x09, 0x61, 0x0A,
  0xF1, 0x0A, 0x81, 0x0B, 0x11, 0x0C, 0xA1, 0x0C, 0x32, 0x0D, 0xC2, 0x0D,
  0xD6, 0x0D, 0x46, 0x0D, 0xB6, 0x0C, 0x25, 0x0C, 0x95, 0x0B, 0x04, 0x0B,
  0x74, 0x0A, 0xE3, 0x09, 0x52, 0x09, 0xC2, 0x08, 0x31, 0x08, 0xA0, 0x07,
  0x0F, 0x07, 0x7E, 0x06, 0xEE, 0x05, 0x5D, 0x05, 0xCC, 0x04, 0x3B, 0x04,
  0xAA, 0x03, 0x19, 0x03, 0x88, 0x02, 0xF6, 0x01, 0x65, 0x01, 0xD4, 0x00,
  0x43, 0x00, 0xB2, 0xFF, 0x20, 0xFF, 0x8F, 0xFE, 0xFD, 0xFD, 0x6C, 0xFD,
  0xDB, 0xFC, 0x49, 0xFC, 0xB8, 0xFB, 0x26, 0xFB, 0x94, 0xFA, 0x03, 0xFA,
  0x71, 0xF9, 0xDF, 0xF8, 0x4E, 0xF8, 0xBC, 0xF7, 0x2A, 0xF7, 0x98, 0xF6,
  0x06, 0xF6, 0x74, 0xF5, 0xE2, 0xF4, 0x50, 0xF4, 0xBE, 0xF3, 0x2C, 0xF3,
  0x9A, 0xF2, 0x08, 0xF2, 0x62, 0xF2, 0xF4, 0xF2, 0x86, 0xF3, 0x19, 0xF4,
  0xAB, 0xF4, 0x3D, 0xF5, 0xD0, 0xF5, 0x62, 0xF6, 0xF5, 0xF6, 0x87, 0xF7,
  0x1A, 0xF8, 0xAD, 0xF8, 0x3F, 0xF9, 0xD2, 0xF9, 0x65, 0xFA, 0xF7, 0xFA,
  0x8A, 0xFB, 0x1D, 0xFC, 0xB0, 0xFC, 0x43, 0xFD, 0xD6, 0xFD, 0x69, 0xFE,
  0xFC, 0xFE, 0x8F, 0xFF, 0x22, 0x00, 0xB5, 0x00, 0x48, 0x01, 0xDC, 0x01,
  0x6F, 0x02, 0x02, 0x03, 0x96, 0x03, 0x29, 0x04, 0xBC, 0x04, 0x50, 0x05,
  0xE3, 0x05, 0x77, 0x06, 0x0A, 0x07, 0x9E, 0x07, 0x32, 0x08, 0xC5, 0x08,
  0x59, 0x09, 0xED, 0x09, 0x81, 0x0A, 0x14, 0x0B, 0xA8, 0x0B, 0x3C, 0x0C,
  0xD0, 0x0C, 0x64, 0x0D, 0xF8, 0x0D, 0x9D, 0x0D, 0x09, 0x0D, 0x74, 0x0C,
  0xE0, 0x0B, 0x4C, 0x0B, 0xB8, 0x0A, 0x24, 0x0A, 0x8F, 0x09, 0xFB, 0x08,
  0x67, 0x08, 0xD2, 0x07, 0x3E, 0x07, 0xA9, 0x06, 0x15, 0x06, 0x80, 0x05,
  0xEB, 0x04, 0x57, 0x04, 0xC2, 0x03, 0x2D, 0x03, 0x99, 0x02, 0x04, 0x02,
  0x6F, 0x01, 0xDA, 0x00, 0x45, 0x00, 0xB0, 0xFF, 0x1B, 0xFF, 0x86, 0xFE,
  0xF1, 0xFD, 0x5C, 0xFD, 0xC7, 0xFC, 0x32, 0xFC, 0x9C, 0xFB, 0x07, 0xFB,
  0x72, 0xFA, 0xDC, 0xF9, 0x47, 0xF9, 0xB2, 0xF8, 0x1C, 0xF8, 0x87, 0xF7,
  0xF1, 0xF6, 0x5C, 0xF6, 0xC6, 0xF5, 0x30, 0xF5, 0x9B, 0xF4, 0x05, 0xF4,
  0x6F, 0xF3, 0xD9, 0xF2, 0x43, 0xF2, 0x2A, 0xF2, 0xC0, 0xF2, 0x56, 0xF3,
  0xEC, 0xF3, 0x82, 0xF4, 0x18, 0xF5, 0xAE, 0xF5, 0x44, 0xF6, 0xDA, 0xF6,
  0x70, 0xF7, 0x07, 0xF8, 0x9D, 0xF8, 0x33, 0xF9, 0xCA, 0xF9, 0x60, 0xFA,
  0xF6, 0xFA, 0x8D, 0xFB, 0x23, 0xFC, 0xBA, 0xFC, 0x51, 0xFD, 0xE7, 0xFD,
  0x7E, 0xFE, 0x15, 0xFF, 0xAB, 0xFF, 0x42, 0x00, 0xD9, 0x00, 0x70, 0x01,
  0x07, 0x02, 0x9E, 0x02, 0x35, 0x03, 0xCC, 0x03, 0x63, 0x04, 0xFA, 0x04,
  0x91, 0x05, 0x28, 0x06, 0xC0, 0x06, 0x57, 0x07, 0xEE, 0x07, 0x85, 0x08,
  0x1D, 0x09, 0xB4, 0x09, 0x4C, 0x0A, 0xE3, 0x0A, 0x7B, 0x0B, 0x12, 0x0C,
  0xAA, 0x0C, 0x42, 0x0D, 0xD9, 0x0D, 0xB8, 0x0D, 0x20, 0x0D, 0x88, 0x0C,
  0xF0, 0x0B, 0x59, 0x0B, 0xC1, 0x0A, 0x29, 0x0A, 0x91, 0x09, 0xF9, 0x08,
  0x61, 0x08, 0xC8, 0x07, 0x30, 0x07, 0x98, 0x06, 0x00, 0x06, 0x68, 0x05,
  0xCF, 0x04, 0x37, 0x04, 0x9F, 0x03, 0x06, 0x03, 0x6E, 0x02, 0xD5, 0x01,
  0x3D, 0x01, 0xA4, 0x00, 0x0B, 0x00, 0x73, 0xFF, 0xDA, 0xFE, 0x41, 0xFE,
  0xA9, 0xFD, 0x10, 0xFD, 0x77, 0xFC, 0xDE, 0xFB, 0x45, 0xFB, 0xAC, 0xFA,
  0x13, 0xFA, 0x7A, 0xF9, 0xE1, 0xF8, 0x48, 0xF8, 0xAF, 0xF7, 0x15, 0xF7,
  0x7C, 0xF6, 0xE3, 0xF5, 0x4A, 0xF5, 0xB0, 0xF4, 0x17, 0xF4, 0x7D, 0xF3,
  0xE4, 0xF2, 0x4A, 0xF2, 0x26, 0xF2, 0xC0, 0xF2, 0x5A, 0xF3, 0xF3, 0xF3,
  0x8D, 0xF4, 0x27, 0xF5, 0xC1, 0xF5, 0x5A, 0xF6, 0xF4, 0xF6, 0x8E, 0xF7,
  0x28, 0xF8, 0xC2, 0xF8, 0x5C, 0xF9, 0xF6, 0xF9, 0x90, 0xFA, 0x2A, 0xFB,
  0xC5, 0xFB, 0x5F, 0xFC, 0xF9, 0xFC, 0x93, 0xFD, 0x2E, 0xFE, 0xC8, 0xFE,
  0x63, 0xFF, 0xFD, 0xFF, 0x97, 0x00, 0x32, 0x01, 0xCD, 0x01, 0x67, 0x02,
  0x02, 0x03, 0x9D, 0x03, 0x37, 0x04, 0xD2, 0x04, 0x6D, 0x05, 0x08, 0x06,
  0xA3, 0x06, 0x3E, 0x07, 0xD9, 0x07, 0x74, 0x08, 0x0F, 0x09, 0xAA, 0x09,
  0x45, 0x0A, 0xE0, 0x0A, 0x7B, 0x0B, 0x16, 0x0C, 0xB2, 0x0C, 0x4D, 0x0D,
  0xE8, 0x0D, 0xA5, 0x0D, 0x09, 0x0D, 0x6E, 0x0C, 0xD2, 0x0B, 0x37, 0x0B,
  0x9B, 0x0A, 0x00, 0x0A, 0x64, 0x09, 0xC8, 0x08, 0x2C, 0x08, 0x91, 0x07,
  0xF5, 0x06, 0x59, 0x06, 0xBD, 0x05, 0x21, 0x05, 0x85, 0x04, 0xE9, 0x03,
  0x4D, 0x03, 0xB1, 0x02, 0x15, 0x02, 0x78, 0x01, 0xDC, 0x00, 0x40, 0x00,
  0xA4, 0xFF, 0x07, 0xFF, 0x6B, 0xFE, 0xCE, 0xFD, 0x32, 0xFD, 0x95, 0xFC,
  0xF9, 0xFB, 0x5C, 0xFB, 0xBF, 0xFA, 0x23, 0xFA, 0x86, 0xF9, 0xE9, 0xF8,
  0x4D, 0xF8, 0xB0, 0xF7, 0x13, 0xF7, 0x76, 0xF6, 0xD9, 0xF5, 0x3C, 0xF5,
  0x9F, 0xF4, 0x02, 0xF4, 0x65, 0xF3, 0xC7, 0xF2, 0x2A, 0xF2, 0x4A, 0xF2,
  0xE8, 0xF2, 0x85, 0xF3, 0x22, 0xF4, 0xC0, 0xF4, 0x5D, 0xF5, 0xFB, 0xF5,
  0x98, 0xF6, 0x36, 0xF7, 0xD3, 0xF7, 0x71, 0xF8, 0x0F, 0xF9, 0xAC, 0xF9,
  0x4A, 0xFA, 0xE8, 0xFA, 0x86, 0xFB, 0x24, 0xFC, 0xC2, 0xFC, 0x60, 0xFD,
  0xFE, 0xFD, 0x9C, 0xFE, 0x3A, 0xFF, 0xD8, 0xFF, 0x76, 0x00, 0x14, 0x01,
  0xB2, 0x01, 0x51, 0x02, 0xEF, 0x02, 0x8D, 0x03, 0x2C, 0x04, 0xCA, 0x04,
  0x69, 0x05, 0x07, 0x06, 0xA6, 0x06, 0x44, 0x07, 0xE3, 0x07, 0x82, 0x08,
  0x21, 0x09, 0xBF, 0x09, 0x5E, 0x0A, 0xFD, 0x0A, 0x9C, 0x0B, 0x3B, 0x0C,
  0xDA, 0x0C, 0x79, 0x0D, 0x11, 0x0E, 0x72, 0x0D, 0xD3, 0x0C, 0x33, 0x0C,
  0x94, 0x0B, 0xF5, 0x0A, 0x56, 0x0A, 0xB6, 0x09, 0x17, 0x09, 0x77, 0x08,
  0xD8, 0x07, 0x38, 0x07, 0x99, 0x06, 0xF9, 0x05, 0x5A, 0x05, 0xBA, 0x04,
  0x1A, 0x04, 0x7B, 0x03, 0xDB, 0x02, 0x3B, 0x02, 0x9B, 0x01, 0xFB, 0x00,
  0x5B, 0x00, 0xBB, 0xFF, 0x1B, 0xFF, 0x7B, 0xFE, 0xDB, 0xFD, 0x3B, 0xFD,
  0x9B, 0xFC, 0xFA, 0xFB, 0x5A, 0xFB, 0xBA, 0xFA, 0x19, 0xFA, 0x79, 0xF9,
  0xD9, 0xF8, 0x38, 0xF8, 0x97, 0xF7, 0xF7, 0xF6, 0x56, 0xF6, 0xB6, 0xF5,
  0x15, 0xF5, 0x74, 0xF4, 0xD3, 0xF3, 0x33, 0xF3, 0x92, 0xF2, 0xF1, 0xF1,
  0x87, 0xF2, 0x28, 0xF3, 0xC9, 0xF3, 0x6A, 0xF4, 0x0B, 0xF5, 0xAD, 0xF5,
  0x4E, 0xF6, 0xEF, 0xF6, 0x90, 0xF7, 0x32, 0xF8, 0xD3, 0xF8, 0x74, 0xF9,
  0x16, 0xFA, 0xB7, 0xFA, 0x59, 0xFB, 0xFA, 0xFB, 0x9C, 0xFC, 0x3E, 0xFD,
  0xDF, 0xFD, 0x81, 0xFE, 0x23, 0xFF, 0xC5, 0xFF, 0x66, 0x00, 0x08, 0x01,
  0xAA, 0x01, 0x4C, 0x02, 0xEE, 0x02, 0x90, 0x03, 0x32, 0x04, 0xD4, 0x04,
  0x77, 0x05, 0x19, 0x06, 0xBB, 0x06, 0x5D, 0x07, 0x00, 0x08, 0xA2, 0x08,
  0x45, 0x09, 0xE7, 0x09, 0x8A, 0x0A, 0x2C, 0x0B, 0xCF, 0x0B, 0x71, 0x0C,
  0x14, 0x0D, 0xB7, 0x0D, 0xCF, 0x0D, 0x2C, 0x0D, 0x8A, 0x0C, 0xE7, 0x0B,
  0x44, 0x0B, 0xA1, 0x0A, 0xFE, 0x09, 0x5B, 0x09, 0xB8, 0x08, 0x15, 0x08,
  0x71, 0x07, 0xCE, 0x06, 0x2B, 0x06, 0x88, 0x05, 0xE4, 0x04, 0x41, 0x04,
  0x9D, 0x03, 0xFA, 0x02, 0x57, 0x02, 0xB3, 0x01, 0x0F, 0x01, 0x6C, 0x00,
  0xC8, 0xFF, 0x24, 0xFF, 0x81, 0xFE, 0xDD, 0xFD, 0x39, 0xFD, 0x95, 0xFC,
  0xF1, 0xFB, 0x4D, 0xFB, 0xA9, 0xFA, 0x05, 0xFA, 0x61, 0xF9, 0xBD, 0xF8,
  0x19, 0xF8, 0x75, 0xF7, 0xD0, 0xF6, 0x2C, 0xF6, 0x88, 0xF5, 0xE3, 0xF4,
  0x3F, 0xF4, 0x9A, 0xF3, 0xF6, 0xF2, 0x51, 0xF2, 0x2B, 0xF2, 0xCF, 0xF2,
  0x74, 0xF3, 0x19, 0xF4, 0xBD, 0xF4, 0x62, 0xF5, 0x07, 0xF6, 0xAC, 0xF6,
  0x51, 0xF7, 0xF6, 0xF7, 0x9B, 0xF8, 0x40, 0xF9, 0xE5, 0xF9, 0x8A, 0xFA,
  0x2F, 0xFB, 0xD5, 0xFB, 0x7A, 0xFC, 0x1F, 0xFD, 0xC5, 0xFD, 0x6A, 0xFE,
  0x0F, 0xFF, 0xB5, 0xFF, 0x5A, 0x00, 0x00, 0x01, 0xA6, 0x01, 0x4B, 0x02,
  0xF1, 0x02, 0x97, 0x03, 0x3C, 0x04, 0xE2, 0x04, 0x88, 0x05, 0x2E, 0x06,
  0xD4, 0x06, 0x7A, 0x07, 0x20, 0x08, 0xC6, 0x08, 0x6C, 0x09, 0x12, 0x0A,
  0xB8, 0x0A, 0x5F, 0x0B, 0x05, 0x0C, 0xAB, 0x0C, 0x52, 0x0D, 0xF8, 0x0D,
  0x8A, 0x0D, 0xE4, 0x0C, 0x3D, 0x0C, 0x97, 0x0B, 0xF0, 0x0A, 0x49, 0x0A,
  0xA3, 0x09, 0xFC, 0x08, 0x55, 0x08, 0xAE, 0x07, 0x07, 0x07, 0x60, 0x06,
  0xB9, 0x05, 0x12, 0x05, 0x6B, 0x04, 0xC4, 0x03, 0x1D, 0x03, 0x76, 0x02,
  0xCF, 0x01, 0x27, 0x01, 0x80, 0x00, 0xD9, 0xFF, 0x31, 0xFF, 0x8A, 0xFE,
  0xE3, 0xFD, 0x3B, 0xFD, 0x93, 0xFC, 0xEC, 0xFB, 0x44, 0xFB, 0x9C, 0xFA,
  0xF5, 0xF9, 0x4D, 0xF9, 0xA5, 0xF8, 0xFD, 0xF7, 0x55, 0xF7, 0xAD, 0xF6,
  0x05, 0xF6, 0x5D, 0xF5, 0xB5, 0xF4, 0x0D, 0xF4, 0x65, 0xF3, 0xBD, 0xF2,
  0x15, 0xF2, 0x6B, 0xF2, 0x13, 0xF3, 0xBC, 0xF3, 0x64, 0xF4, 0x0D, 0xF5,
  0xB5, 0xF5, 0x5E, 0xF6, 0x06, 0xF7, 0xAF, 0xF7, 0x58, 0xF8, 0x00, 0xF9,
  0xA9, 0xF9, 0x52, 0xFA, 0xFB, 0xFA, 0xA4, 0xFB, 0x4D, 0xFC, 0xF5, 0xFC,
  0x9F, 0xFD, 0x48, 0xFE, 0xF1, 0xFE, 0x9A, 0xFF, 0x43, 0x00, 0xEC, 0x00,
  0x96, 0x01, 0x3F, 0x02, 0xE8, 0x02, 0x92, 0x03, 0x3B, 0x04, 0xE5, 0x04,
  0x8E, 0x05, 0x38, 0x06, 0xE1, 0x06, 0x8B, 0x07, 0x35, 0x08, 0xDF, 0x08,
  0x88, 0x09, 0x32, 0x0A, 0xDC, 0x0A, 0x86, 0x0B, 0x30, 0x0C, 0xDA, 0x0C,
  0x84, 0x0D, 0xFB, 0x0D, 0x50, 0x0D, 0xA6, 0x0C, 0xFC, 0x0B, 0x52, 0x0B,
  0xA7, 0x0A, 0xFD, 0x09, 0x53, 0x09, 0xA8, 0x08, 0xFE, 0x07, 0x53, 0x07,
  0xA9, 0x06, 0xFE, 0x05, 0x53, 0x05, 0xA9, 0x04, 0xFE, 0x03, 0x53, 0x03,
  0xA8, 0x02, 0xFD, 0x01, 0x52, 0x01, 0xA7, 0x00, 0xFC, 0xFF, 0x51, 0xFF,
  0xA6, 0xFE, 0xFB, 0xFD, 0x50, 0xFD, 0xA5, 0xFC, 0xF9, 0xFB, 0x4E, 0xFB,
  0xA3, 0xFA, 0xF7, 0xF9, 0x4C, 0xF9, 0xA0, 0xF8, 0xF5, 0xF7, 0x49, 0xF7,
  0x9D, 0xF6, 0xF2, 0xF5, 0x46, 0xF5, 0x9A, 0xF4, 0xEE, 0xF3, 0x43, 0xF3,
  0x97, 0xF2, 0xEC, 0xF1, 0x98, 0xF2, 0x44, 0xF3, 0xF1, 0xF3, 0x9D, 0xF4,
  0x49, 0xF5, 0xF5, 0xF5, 0xA1, 0xF6, 0x4E, 0xF7, 0xFA, 0xF7, 0xA6, 0xF8,
  0x53, 0xF9, 0xFF, 0xF9, 0xAC, 0xFA, 0x58, 0xFB, 0x05, 0xFC, 0xB1, 0xFC,
  0x5E, 0xFD, 0x0B, 0xFE, 0xB8, 0xFE, 0x64, 0xFF, 0x11, 0x00, 0xBE, 0x00,
  0x6B, 0x01, 0x18, 0x02, 0xC5, 0x02, 0x72, 0x03, 0x1F, 0x04, 0xCD, 0x04,
  0x7A, 0x05, 0x27, 0x06, 0xD4, 0x06, 0x82, 0x07, 0x2F, 0x08, 0xDD, 0x08,
  0x8A, 0x09, 0x38, 0x0A, 0xE5, 0x0A, 0x93, 0x0B, 0x40, 0x0C, 0xEE, 0x0C,
  0x9C, 0x0D, 0xDF, 0x0D, 0x31, 0x0D, 0x83, 0x0C, 0xD5, 0x0B, 0x27, 0x0B,
  0x79, 0x0A, 0xCB, 0x09, 0x1D, 0x09, 0x6F, 0x08, 0xC1, 0x07, 0x13, 0x07,
  0x64, 0x06, 0xB6, 0x05, 0x08, 0x05, 0x59, 0x04, 0xAB, 0x03, 0xFC, 0x02,
  0x4E, 0x02, 0x9F, 0x01, 0xF1, 0x00, 0x42, 0x00, 0x93, 0xFF, 0xE4, 0xFE,
  0x36, 0xFE, 0x87, 0xFD, 0xD8, 0xFC, 0x29, 0xFC, 0x7A, 0xFB, 0xCB, 0xFA,
  0x1C, 0xFA, 0x6D, 0xF9, 0xBD, 0xF8, 0x0E, 0xF8, 0x5F, 0xF7, 0xB0, 0xF6,
  0x00, 0xF6, 0x51, 0xF5, 0xA1, 0xF4, 0xF2, 0xF3, 0x42, 0xF3, 0x93, 0xF2,
  0xF4, 0xF1, 0xA4, 0xF2, 0x53, 0xF3, 0x03, 0xF4, 0xB3, 0xF4, 0x63, 0xF5,
  0x13, 0xF6, 0xC3, 0xF6, 0x73, 0xF7, 0x23, 0xF8, 0xD3, 0xF8, 0x83, 0xF9,
  0x33, 0xFA, 0xE3, 0xFA, 0x93, 0xFB, 0x44, 0xFC, 0xF4, 0xFC, 0xA4, 0xFD,
  0x55, 0xFE, 0x05, 0xFF, 0xB6, 0xFF, 0x66, 0x00, 0x17, 0x01, 0xC8, 0x01,
  0x78, 0x02, 0x29, 0x03, 0xDA, 0x03, 0x8B, 0x04, 0x3C, 0x05, 0xED, 0x05,
  0x9E, 0x06, 0x4F, 0x07, 0x00, 0x08, 0xB1, 0x08, 0x62, 0x09, 0x13, 0x0A,
  0xC4, 0x0A, 0x76, 0x0B, 0x27, 0x0C, 0xD8, 0x0C, 0x8A, 0x0D, 0xEE, 0x0D,
  0x3C, 0x0D, 0x8A, 0x0C, 0xD9, 0x0B, 0x27, 0x0B, 0x76, 0x0A, 0xC4, 0x09,
  0x12, 0x09, 0x60, 0x08, 0xAE, 0x07, 0xFC, 0x06, 0x4A, 0x06, 0x98, 0x05,
  0xE6, 0x04, 0x34, 0x04, 0x82, 0x03, 0xD0, 0x02, 0x1E, 0x02, 0x6B, 0x01,
  0xB9, 0x00, 0x07, 0x00, 0x54, 0xFF, 0xA2, 0xFE, 0xEF, 0xFD, 0x3D, 0xFD,
  0x8A, 0xFC, 0xD7, 0xFB, 0x25, 0xFB, 0x72, 0xFA, 0xBF, 0xF9, 0x0C, 0xF9,
  0x5A, 0xF8, 0xA7, 0xF7, 0xF4, 0xF6, 0x41, 0xF6, 0x8E, 0xF5, 0xDA, 0xF4,
  0x27, 0xF4, 0x74, 0xF3, 0xC1, 0xF2, 0x0E, 0xF2, 0x7D, 0xF2, 0x30, 0xF3,
  0xE4, 0xF3, 0x97, 0xF4, 0x4B, 0xF5, 0xFE, 0xF5, 0xB2, 0xF6, 0x66, 0xF7,
  0x19, 0xF8, 0xCD, 0xF8, 0x81, 0xF9, 0x35, 0xFA, 0xE9, 0xFA, 0x9D, 0xFB,
  0x51, 0xFC, 0x05, 0xFD, 0xB9, 0xFD, 0x6D, 0xFE, 0x21, 0xFF, 0xD5, 0xFF,
  0x89, 0x00, 0x3E, 0x01, 0xF2, 0x01, 0xA6, 0x02, 0x5B, 0x03, 0x0F, 0x04,
  0xC4, 0x04, 0x78, 0x05, 0x2D, 0x06, 0xE2, 0x06, 0x96, 0x07, 0x4B, 0x08,
  0x00, 0x09, 0xB5, 0x09, 0x6A, 0x0A, 0x1F, 0x0B, 0xD4, 0x0B, 0x89, 0x0C,
  0x3E, 0x0D, 0xF3, 0x0D, 0x81, 0x0D, 0xCB, 0x0C, 0x16, 0x0C, 0x61, 0x0B,
  0xAB, 0x0A, 0xF6, 0x09, 0x41, 0x09, 0x8B, 0x08, 0xD6, 0x07, 0x20, 0x07,
  0x6A, 0x06, 0xB5, 0x05, 0xFF, 0x04, 0x49, 0x04, 0x93, 0x03, 0xDD, 0x02,
  0x28, 0x02, 0x72, 0x01, 0xBC, 0x00, 0x05, 0x00, 0x4F, 0xFF, 0x99, 0xFE,
  0xE3, 0xFD, 0x2D, 0xFD, 0x77, 0xFC, 0xC0, 0xFB, 0x0A, 0xFB, 0x53, 0xFA,
  0x9D, 0xF9, 0xE6, 0xF8, 0x30, 0xF8, 0x79, 0xF7, 0xC3, 0xF6, 0x0C, 0xF6,
  0x55, 0xF5, 0x9E, 0xF4, 0xE7, 0xF3, 0x31, 0xF3, 0x7A, 0xF2, 0x15, 0xF2,
  0xCC, 0xF2, 0x83, 0xF3, 0x3A, 0xF4, 0xF1, 0xF4, 0xA8, 0xF5, 0x60, 0xF6,
  0x17, 0xF7, 0xCE, 0xF7, 0x86, 0xF8, 0x3D, 0xF9, 0xF5, 0xF9, 0xAC, 0xFA,
  0x64, 0xFB, 0x1B, 0xFC, 0xD3, 0xFC, 0x8B, 0xFD, 0x43, 0xFE, 0xFA, 0xFE,
  0xB2, 0xFF, 0x6A, 0x00, 0x22, 0x01, 0xDA, 0x01, 0x92, 0x02, 0x4A, 0x03,
  0x03, 0x04, 0xBB, 0x04, 0x73, 0x05, 0x2B, 0x06, 0xE4, 0x06, 0x9C, 0x07,
  0x55, 0x08, 0x0D, 0x09, 0xC6, 0x09, 0x7E, 0x0A, 0x37, 0x0B, 0xEF, 0x0B,
  0xA8, 0x0C, 0x61, 0x0D, 0x0F, 0x0E, 0x56, 0x0D, 0x9D, 0x0C, 0xE4, 0x0B,
  0x2B, 0x0B, 0x72, 0x0A, 0xB9, 0x09, 0x00, 0x09, 0x47, 0x08, 0x8D, 0x07,
  0xD4, 0x06, 0x1B, 0x06, 0x61, 0x05, 0xA8, 0x04, 0xEF, 0x03, 0x35, 0x03,
  0x7B, 0x02, 0xC2, 0x01, 0x08, 0x01, 0x4E, 0x00, 0x95, 0xFF, 0xDB, 0xFE,
  0x21, 0xFE, 0x67, 0xFD, 0xAD, 0xFC, 0xF3, 0xFB, 0x39, 0xFB, 0x7F, 0xFA,
  0xC5, 0xF9, 0x0B, 0xF9, 0x50, 0xF8, 0x96, 0xF7, 0xDC, 0xF6, 0x21, 0xF6,
  0x67, 0xF5, 0xAC, 0xF4, 0xF2, 0xF3, 0x37, 0xF3, 0x7D, 0xF2, 0x15, 0xF2,
  0xD0, 0xF2, 0x8B, 0xF3, 0x45, 0xF4, 0x00, 0xF5, 0xBB, 0xF5, 0x76, 0xF6,
  0x31, 0xF7, 0xEC, 0xF7, 0xA7, 0xF8, 0x62, 0xF9, 0x1E, 0xFA, 0xD9, 0xFA,
  0x94, 0xFB, 0x50, 0xFC, 0x0B, 0xFD, 0xC6, 0xFD, 0x82, 0xFE, 0x3D, 0xFF,
  0xF9, 0xFF, 0xB5, 0x00, 0x70, 0x01, 0x2C, 0x02, 0xE8, 0x02, 0xA4, 0x03,
  0x5F, 0x04, 0x1B, 0x05, 0xD7, 0x05, 0x93, 0x06, 0x4F, 0x07, 0x0B, 0x08,
  0xC8, 0x08, 0x84, 0x09, 0x40, 0x0A, 0xFC, 0x0A, 0xB9, 0x0B, 0x75, 0x0C,
  0x31, 0x0D, 0xEE, 0x0D, 0x7E, 0x0D, 0xC2, 0x0C, 0x05, 0x0C, 0x48, 0x0B,
  0x8C, 0x0A, 0xCF, 0x09, 0x12, 0x09, 0x55, 0x08, 0x98, 0x07, 0xDB, 0x06,
  0x1E, 0x06, 0x61, 0x05, 0xA4, 0x04, 0xE7, 0x03, 0x2A, 0x03, 0x6C, 0x02,
  0xAF, 0x01, 0xF2, 0x00, 0x34, 0x00, 0x77, 0xFF, 0xB9, 0xFE, 0xFC, 0xFD,
  0x3E, 0xFD, 0x81, 0xFC, 0xC3, 0xFB, 0x05, 0xFB, 0x47, 0xFA, 0x8A, 0xF9,
  0xCC, 0xF8, 0x0E, 0xF8, 0x50, 0xF7, 0x92, 0xF6, 0xD4, 0xF5, 0x15, 0xF5,
  0x57, 0xF4, 0x99, 0xF3, 0xDB, 0xF2, 0x1C, 0xF2, 0x79, 0xF2, 0x38, 0xF3,
  0xF6, 0xF3, 0xB5, 0xF4, 0x73, 0xF5, 0x32, 0xF6, 0xF0, 0xF6, 0xAF, 0xF7,
  0x6E, 0xF8, 0x2D, 0xF9, 0xEC, 0xF9, 0xAA, 0xFA, 0x69, 0xFB, 0x28, 0xFC,
  0xE7, 0xFC, 0xA7, 0xFD, 0x66, 0xFE, 0x25, 0xFF, 0xE4, 0xFF, 0xA3, 0x00,
  0x63, 0x01, 0x22, 0x02, 0xE2, 0x02, 0xA1, 0x03, 0x61, 0x04, 0x20, 0x05,
  0xE0, 0x05, 0xA0, 0x06, 0x5F, 0x07, 0x1F, 0x08, 0xDF, 0x08, 0x9F, 0x09,
  0x5F, 0x0A, 0x1F, 0x0B, 0xDF, 0x0B, 0x9F, 0x0C, 0x5F, 0x0D, 0x0A, 0x0E,
  0x49, 0x0D, 0x89, 0x0C, 0xC9, 0x0B, 0x08, 0x0B, 0x48, 0x0A, 0x87, 0x09,
  0xC7, 0x08, 0x06, 0x08, 0x46, 0x07, 0x85, 0x06, 0xC4, 0x05, 0x04, 0x05,
  0x43, 0x04, 0x82, 0x03, 0xC1, 0x02, 0x00, 0x02, 0x3F, 0x01, 0x7E, 0x00,
  0xBD, 0xFF, 0xFC, 0xFE, 0x3A, 0xFE, 0x79, 0xFD, 0xB8, 0xFC, 0xF6, 0xFB,
  0x35, 0xFB, 0x74, 0xFA, 0xB2, 0xF9, 0xF1, 0xF8, 0x2F, 0xF8, 0x6D, 0xF7,
  0xAC, 0xF6, 0xEA, 0xF5, 0x28, 0xF5, 0x66, 0xF4, 0xA4, 0xF3, 0xE2, 0xF2,
  0x20, 0xF2, 0x79, 0xF2, 0x3B, 0xF3, 0xFD, 0xF3, 0xC0, 0xF4, 0x82, 0xF5,
  0x44, 0xF6, 0x06, 0xF7, 0xC9, 0xF7, 0x8B, 0xF8, 0x4E, 0xF9, 0x10, 0xFA,
  0xD3, 0xFA, 0x96, 0xFB, 0x58, 0xFC, 0x1B, 0xFD, 0xDE, 0xFD, 0xA1, 0xFE,
  0x64, 0xFF, 0x26, 0x00, 0xE9, 0x00, 0xAD, 0x01, 0x70, 0x02, 0x33, 0x03,
  0xF6, 0x03, 0xB9, 0x04, 0x7D, 0x05, 0x40, 0x06, 0x03, 0x07, 0xC7, 0x07,
  0x8A, 0x08, 0x4E, 0x09, 0x11, 0x0A, 0xD5, 0x0A, 0x99, 0x0B, 0x5C, 0x0C,
  0x20, 0x0D, 0xE4, 0x0D, 0x81, 0x0D, 0xBD, 0x0C, 0xF9, 0x0B, 0x35, 0x0B,
  0x71, 0x0A, 0xAD, 0x09, 0xE8, 0x08, 0x24, 0x08, 0x60, 0x07, 0x9C, 0x06,
  0xD7, 0x05, 0x13, 0x05, 0x4E, 0x04, 0x8A, 0x03, 0xC5, 0x02, 0x00, 0x02,
  0x3C, 0x01, 0x77, 0x00, 0xB2, 0xFF, 0xED, 0xFE, 0x28, 0xFE, 0x63, 0xFD,
  0x9E, 0xFC, 0xD9, 0xFB, 0x14, 0xFB, 0x4F, 0xFA, 0x8A, 0xF9, 0xC5, 0xF8,
  0xFF, 0xF7, 0x3A, 0xF7, 0x75, 0xF6, 0xAF, 0xF5, 0xEA, 0xF4, 0x24, 0xF4,
  0x5F, 0xF3, 0x99, 0xF2, 0x04, 0xF2, 0xCA, 0xF2, 0x90, 0xF3, 0x55, 0xF4,
  0x1B, 0xF5, 0xE1, 0xF5, 0xA7, 0xF6, 0x6D, 0xF7, 0x33, 0xF8, 0xFA, 0xF8,
  0xC0, 0xF9, 0x86, 0xFA, 0x4C, 0xFB, 0x13, 0xFC, 0xD9, 0xFC, 0xA0, 0xFD,
  0x66, 0xFE, 0x2D, 0xFF, 0xF3, 0xFF, 0xBA, 0x00, 0x81, 0x01, 0x47, 0x02,
  0x0E, 0x03, 0xD5, 0x03, 0x9C, 0x04, 0x63, 0x05, 0x2A, 0x06, 0xF1, 0x06,
  0xB8, 0x07, 0x7F, 0x08, 0x47, 0x09, 0x0E, 0x0A, 0xD5, 0x0A, 0x9D, 0x0B,
  0x64, 0x0C, 0x2C, 0x0D, 0xF3, 0x0D, 0x6E, 0x0D, 0xA6, 0x0C, 0xDF, 0x0B,
  0x17, 0x0B, 0x4F, 0x0A, 0x87, 0x09, 0xC0, 0x08, 0xF8, 0x07, 0x30, 0x07,
  0x68, 0x06, 0x9F, 0x05, 0xD7, 0x04, 0x0F, 0x04, 0x47, 0x03, 0x7F, 0x02,
  0xB6, 0x01, 0xEE, 0x00, 0x25, 0x00, 0x5D, 0xFF, 0x94, 0xFE, 0xCC, 0xFD,
  0x03, 0xFD, 0x3A, 0xFC, 0x72, 0xFB, 0xA9, 0xFA, 0xE0, 0xF9, 0x17, 0xF9,
  0x4E, 0xF8, 0x85, 0xF7, 0xBC, 0xF6, 0xF3, 0xF5, 0x2A, 0xF5, 0x61, 0xF4,
  0x97, 0xF3, 0xCE, 0xF2, 0x05, 0xF2, 0x9C, 0xF2, 0x66, 0xF3, 0x2F, 0xF4,
  0xF9, 0xF4, 0xC2, 0xF5, 0x8C, 0xF6, 0x56, 0xF7, 0x1F, 0xF8, 0xE9, 0xF8,
  0xB3, 0xF9, 0x7D, 0xFA, 0x47, 0xFB, 0x11, 0xFC, 0xDB, 0xFC, 0xA5, 0xFD,
  0x70, 0xFE, 0x3A, 0xFF, 0x04, 0x00, 0xCE, 0x00, 0x99, 0x01, 0x63, 0x02,
  0x2E, 0x03, 0xF8, 0x03, 0xC3, 0x04, 0x8E, 0x05, 0x58, 0x06, 0x23, 0x07,
  0xEE, 0x07, 0xB9, 0x08, 0x84, 0x09, 0x4F, 0x0A, 0x1A, 0x0B, 0xE5, 0x0B,
  0xB0, 0x0C, 0x7B, 0x0D, 0xE2, 0x0D, 0x17, 0x0D, 0x4C, 0x0C, 0x80, 0x0B,
  0xB5, 0x0A, 0xEA, 0x09, 0x1E, 0x09, 0x52, 0x08, 0x87, 0x07, 0xBB, 0x06,
  0xEF, 0x05, 0x24, 0x05, 0x58, 0x04, 0x8C, 0x03, 0xC0, 0x02, 0xF4, 0x01,
  0x28, 0x01, 0x5C, 0x00, 0x8F, 0xFF, 0xC3, 0xFE, 0xF7, 0xFD, 0x2B, 0xFD,
  0x5E, 0xFC, 0x92, 0xFB, 0xC5, 0xFA, 0xF9, 0xF9, 0x2C, 0xF9, 0x60, 0xF8,
  0x93, 0xF7, 0xC6, 0xF6, 0xF9, 0xF5, 0x2D, 0xF5, 0x60, 0xF4, 0x93, 0xF3,
  0xC6, 0xF2, 0xF9, 0xF1, 0xAC, 0xF2, 0x79, 0xF3, 0x46, 0xF4, 0x13, 0xF5,
  0xE1, 0xF5, 0xAE, 0xF6, 0x7B, 0xF7, 0x49, 0xF8, 0x16, 0xF9, 0xE4, 0xF9,
  0xB2, 0xFA, 0x7F, 0xFB, 0x4D, 0xFC, 0x1B, 0xFD, 0xE9, 0xFD, 0xB7, 0xFE,
  0x84, 0xFF, 0x52, 0x00, 0x21, 0x01, 0xEF, 0x01, 0xBD, 0x02, 0x8B, 0x03,
  0x59, 0x04, 0x28, 0x05, 0xF6, 0x05, 0xC4, 0x06, 0x93, 0x07, 0x61, 0x08,
  0x30, 0x09, 0xFF, 0x09, 0xCD, 0x0A, 0x9C, 0x0B, 0x6B, 0x0C, 0x3A, 0x0D,
  0x08, 0x0E, 0x51, 0x0D, 0x82, 0x0C, 0xB3, 0x0B, 0xE4, 0x0A, 0x15, 0x0A,
  0x46, 0x09, 0x77, 0x08, 0xA7, 0x07, 0xD8, 0x06, 0x08, 0x06, 0x39, 0x05,
  0x69, 0x04, 0x9A, 0x03, 0xCA, 0x02, 0xFB, 0x01, 0x2B, 0x01, 0x5B, 0x00,
  0x8B, 0xFF, 0xBB, 0xFE, 0xEB, 0xFD, 0x1B, 0xFD, 0x4B, 0xFC, 0x7B, 0xFB,
  0xAB, 0xFA, 0xDB, 0xF9, 0x0A, 0xF9, 0x3A, 0xF8, 0x6A, 0xF7, 0x99, 0xF6,
  0xC9, 0xF5, 0xF8, 0xF4, 0x28, 0xF4, 0x57, 0xF3, 0x86, 0xF2, 0x22, 0xF2,
  0xF2, 0xF2, 0xC3, 0xF3, 0x94, 0xF4, 0x65, 0xF5, 0x36, 0xF6, 0x07, 0xF7,
  0xD8, 0xF7, 0xAA, 0xF8, 0x7B, 0xF9, 0x4C, 0xFA, 0x1D, 0xFB, 0xEF, 0xFB,
  0xC0, 0xFC, 0x92, 0xFD, 0x63, 0xFE, 0x35, 0xFF, 0x07, 0x00, 0xD8, 0x00,
  0xAA, 0x01, 0x7C, 0x02, 0x4E, 0x03, 0x20, 0x04, 0xF2, 0x04, 0xC4, 0x05,
  0x96, 0x06, 0x68, 0x07, 0x3A, 0x08, 0x0C, 0x09, 0xDF, 0x09, 0xB1, 0x0A,
  0x83, 0x0B, 0x56, 0x0C, 0x28, 0x0D, 0xFB, 0x0D, 0x5B, 0x0D, 0x89, 0x0C,
  0xB6, 0x0B, 0xE3, 0x0A, 0x10, 0x0A, 0x3D, 0x09, 0x6A, 0x08, 0x97, 0x07,
  0xC4, 0x06, 0xF1, 0x05, 0x1E, 0x05, 0x4B, 0x04, 0x78, 0x03, 0xA4, 0x02,
  0xD1, 0x01, 0xFD, 0x00, 0x2A, 0x00, 0x56, 0xFF, 0x83, 0xFE, 0xAF, 0xFD,
  0xDB, 0xFC, 0x08, 0xFC, 0x34, 0xFB, 0x60, 0xFA, 0x8C, 0xF9, 0xB8, 0xF8,
  0xE4, 0xF7, 0x10, 0xF7, 0x3C, 0xF6, 0x68, 0xF5, 0x93, 0xF4, 0xBF, 0xF3,
  0xEB, 0xF2, 0x16, 0xF2, 0x95, 0xF2, 0x6A, 0xF3, 0x3E, 0xF4, 0x13, 0xF5,
  0xE8, 0xF5, 0xBC, 0xF6, 0x91, 0xF7, 0x66, 0xF8, 0x3B, 0xF9, 0x10, 0xFA,
  0xE5, 0xFA, 0xBA, 0xFB, 0x8F, 0xFC, 0x64, 0xFD, 0x39, 0xFE, 0x0F, 0xFF,
  0xE4, 0xFF, 0xB9, 0x00, 0x8F, 0x01, 0x64, 0x02, 0x3A, 0x03, 0x0F, 0x04,
  0xE5, 0x04, 0xBB, 0x05, 0x91, 0x06, 0x66, 0x07, 0x3C, 0x08, 0x12, 0x09,
  0xE8, 0x09, 0xBE, 0x0A, 0x94, 0x0B, 0x6A, 0x0C, 0x41, 0x0D, 0x12, 0x0E,
  0x3C, 0x0D, 0x65, 0x0C, 0x8F, 0x0B, 0xB8, 0x0A, 0xE2, 0x09, 0x0B, 0x09,
  0x34, 0x08, 0x5E, 0x07, 0x87, 0x06, 0xB0, 0x05, 0xD9, 0x04, 0x02, 0x04,
  0x2C, 0x03, 0x54, 0x02, 0x7D, 0x01, 0xA6, 0x00, 0xCF, 0xFF, 0xF8, 0xFE,
  0x21, 0xFE, 0x49, 0xFD, 0x72, 0xFC, 0x9A, 0xFB, 0xC3, 0xFA, 0xEB, 0xF9,
  0x14, 0xF9, 0x3C, 0xF8, 0x64, 0xF7, 0x8C, 0xF6, 0xB5, 0xF5, 0xDD, 0xF4,
  0x05, 0xF4, 0x2D, 0xF3, 0x55, 0xF2, 0x5B, 0xF2, 0x33, 0xF3, 0x0B, 0xF4,
  0xE3, 0xF4, 0xBC, 0xF5, 0x94, 0xF6, 0x6D, 0xF7, 0x45, 0xF8, 0x1E, 0xF9,
  0xF6, 0xF9, 0xCF, 0xFA, 0xA8, 0xFB, 0x81, 0xFC, 0x59, 0xFD, 0x32, 0xFE,
  0x0B, 0xFF, 0xE4, 0xFF, 0xBD, 0x00, 0x96, 0x01, 0x70, 0x02, 0x49, 0x03,
  0x22, 0x04, 0xFB, 0x04, 0xD5, 0x05, 0xAE, 0x06, 0x88, 0x07, 0x61, 0x08,
  0x3B, 0x09, 0x15, 0x0A, 0xEE, 0x0A, 0xC8, 0x0B, 0xA2, 0x0C, 0x7C, 0x0D,
  0xD3, 0x0D, 0xF9, 0x0C, 0x1F, 0x0C, 0x45, 0x0B, 0x6B, 0x0A, 0x90, 0x09,
  0xB6, 0x08, 0xDC, 0x07, 0x01, 0x07, 0x27, 0x06, 0x4C, 0x05, 0x72, 0x04,
  0x97, 0x03, 0xBC, 0x02, 0xE2, 0x01, 0x07, 0x01, 0x2C, 0x00, 0x51, 0xFF,
  0x76, 0xFE, 0x9B, 0xFD, 0xC0, 0xFC, 0xE5, 0xFB, 0x0A, 0xFB, 0x2F, 0xFA,
  0x53, 0xF9, 0x78, 0xF8, 0x9D, 0xF7, 0xC1, 0xF6, 0xE6, 0xF5, 0x0A, 0xF5,
  0x2E, 0xF4, 0x53, 0xF3, 0x77, 0xF2, 0x3C, 0xF2, 0x18, 0xF3, 0xF4, 0xF3,
  0xD0, 0xF4, 0xAC, 0xF5, 0x88, 0xF6, 0x64, 0xF7, 0x40, 0xF8, 0x1C, 0xF9,
  0xF9, 0xF9, 0xD5, 0xFA, 0xB2, 0xFB, 0x8E, 0xFC, 0x6B, 0xFD, 0x47, 0xFE,
  0x24, 0xFF, 0x00, 0x00, 0xDD, 0x00, 0xBA, 0x01, 0x97, 0x02, 0x74, 0x03,
  0x51, 0x04, 0x2E, 0x05, 0x0B, 0x06, 0xE8, 0x06, 0xC5, 0x07, 0xA2, 0x08,
  0x80, 0x09, 0x5D, 0x0A, 0x3B, 0x0B, 0x18, 0x0C, 0xF6, 0x0C, 0xD3, 0x0D,
  0x78, 0x0D, 0x9A, 0x0C, 0xBC, 0x0B, 0xDF, 0x0A, 0x01, 0x0A, 0x23, 0x09,
  0x45, 0x08, 0x67, 0x07, 0x89, 0x06, 0xAA, 0x05, 0xCC, 0x04, 0xEE, 0x03,
  0x10, 0x03, 0x31, 0x02, 0x53, 0x01, 0x74, 0x00, 0x96, 0xFF, 0xB7, 0xFE,
  0xD8, 0xFD, 0xFA, 0xFC, 0x1B, 0xFC, 0x3C, 0xFB, 0x5D, 0xFA, 0x7E, 0xF9,
  0x9F, 0xF8, 0xC0, 0xF7, 0xE1, 0xF6, 0x02, 0xF6, 0x23, 0xF5, 0x43, 0xF4,
  0x64, 0xF3, 0x84, 0xF2, 0x32, 0xF2, 0x12, 0xF3, 0xF1, 0xF3, 0xD1, 0xF4,
  0xB1, 0xF5, 0x91, 0xF6, 0x70, 0xF7, 0x50, 0xF8, 0x30, 0xF9, 0x10, 0xFA,
  0xF0, 0xFA, 0xD0, 0xFB, 0xB0, 0xFC, 0x91, 0xFD, 0x71, 0xFE, 0x51, 0xFF,
  0x32, 0x00, 0x12, 0x01, 0xF3, 0x01, 0xD3, 0x02, 0xB4, 0x03, 0x94, 0x04,
  0x75, 0x05, 0x56, 0x06, 0x37, 0x07, 0x18, 0x08, 0xF9, 0x08, 0xDA, 0x09,
  0xBB, 0x0A, 0x9C, 0x0B, 0x7D, 0x0C, 0x5E, 0x0D, 0xE9, 0x0D, 0x08, 0x0D,
  0x26, 0x0C, 0x45, 0x0B, 0x63, 0x0A, 0x82, 0x09, 0xA0, 0x08, 0xBE, 0x07,
  0xDD, 0x06, 0xFB, 0x05, 0x19, 0x05, 0x37, 0x04, 0x55, 0x03, 0x73, 0x02,
  0x91, 0x01, 0xAF, 0x00, 0xCC, 0xFF, 0xEA, 0xFE, 0x08, 0xFE, 0x25, 0xFD,
  0x43, 0xFC, 0x60, 0xFB, 0x7E, 0xFA, 0x9B, 0xF9, 0xB9, 0xF8, 0xD6, 0xF7,
  0xF3, 0xF6, 0x10, 0xF6, 0x2D, 0xF5, 0x4A, 0xF4, 0x67, 0xF3, 0x84, 0xF2,
  0x36, 0xF2, 0x1A, 0xF3, 0xFD, 0xF3, 0xE0, 0xF4, 0xC4, 0xF5, 0xA7, 0xF6,
  0x8A, 0xF7, 0x6E, 0xF8, 0x52, 0xF9, 0x35, 0xFA, 0x19, 0xFB, 0xFD, 0xFB,
  0xE1, 0xFC, 0xC5, 0xFD, 0xA9, 0xFE, 0x8D, 0xFF, 0x71, 0x00, 0x55, 0x01,
  0x39, 0x02, 0x1D, 0x03, 0x02, 0x04, 0xE6, 0x04, 0xCA, 0x05, 0xAF, 0x06,
  0x93, 0x07, 0x78, 0x08, 0x5D, 0x09, 0x41, 0x0A, 0x26, 0x0B, 0x0B, 0x0C,
  0xF0, 0x0C, 0xD5, 0x0D, 0x6F, 0x0D, 0x8A, 0x0C, 0xA5, 0x0B, 0xBF, 0x0A,
  0xDA, 0x09, 0xF5, 0x08, 0x0F, 0x08, 0x2A, 0x07, 0x45, 0x06, 0x5F, 0x05,
  0x79, 0x04, 0x94, 0x03, 0xAE, 0x02, 0xC8, 0x01, 0xE2, 0x00, 0xFD, 0xFF,
  0x17, 0xFF, 0x31, 0xFE, 0x4B, 0xFD, 0x64, 0xFC, 0x7E, 0xFB, 0x98, 0xFA,
  0xB2, 0xF9, 0xCB, 0xF8, 0xE5, 0xF7, 0xFE, 0xF6, 0x18, 0xF6, 0x31, 0xF5,
  0x4B, 0xF4, 0x64, 0xF3, 0x7D, 0xF2, 0x41, 0xF2, 0x28, 0xF3, 0x0F, 0xF4,
  0xF6, 0xF4, 0xDD, 0xF5, 0xC4, 0xF6, 0xAB, 0xF7, 0x93, 0xF8, 0x7A, 0xF9,
  0x61, 0xFA, 0x49, 0xFB, 0x30, 0xFC, 0x18, 0xFD, 0xFF, 0xFD, 0xE7, 0xFE,
  0xCF, 0xFF, 0xB6, 0x00, 0x9E, 0x01, 0x86, 0x02, 0x6E, 0x03, 0x56, 0x04,
  0x3E, 0x05, 0x26, 0x06, 0x0F, 0x07, 0xF7, 0x07, 0xDF, 0x08, 0xC7, 0x09,
  0xB0, 0x0A, 0x98, 0x0B, 0x81, 0x0C, 0x6A, 0x0D, 0xD7, 0x0D, 0xEE, 0x0C,
  0x05, 0x0C, 0x1C, 0x0B, 0x33, 0x0A, 0x4A, 0x09, 0x61, 0x08, 0x78, 0x07,
  0x8F, 0x06, 0xA6, 0x05, 0xBD, 0x04, 0xD3, 0x03, 0xEA, 0x02, 0x00, 0x02,
  0x17, 0x01, 0x2D, 0x00, 0x44, 0xFF, 0x5A, 0xFE, 0x70, 0xFD, 0x87, 0xFC,
  0x9D, 0xFB, 0xB3, 0xFA, 0xC9, 0xF9, 0xDF, 0xF8, 0xF5, 0xF7, 0x0A, 0xF7,
  0x20, 0xF6, 0x36, 0xF5, 0x4C, 0xF4, 0x61, 0xF3, 0x77, 0xF2, 0x4B, 0xF2,
  0x36, 0xF3, 0x20, 0xF4, 0x0B, 0xF5, 0xF6, 0xF5, 0xE1, 0xF6, 0xCB, 0xF7,
  0xB6, 0xF8, 0xA1, 0xF9, 0x8C, 0xFA, 0x77, 0xFB, 0x63, 0xFC, 0x4E, 0xFD,
  0x39, 0xFE, 0x25, 0xFF, 0x10, 0x00, 0xFB, 0x00, 0xE7, 0x01, 0xD3, 0x02,
  0xBE, 0x03, 0xAA, 0x04, 0x96, 0x05, 0x82, 0x06, 0x6D, 0x07, 0x59, 0x08,
  0x45, 0x09, 0x32, 0x0A, 0x1E, 0x0B, 0x0A, 0x0C, 0xF6, 0x0C, 0xE2, 0x0D,
  0x5A, 0x0D, 0x6D, 0x0C, 0x81, 0x0B, 0x94, 0x0A, 0xA8, 0x09, 0xBB, 0x08,
  0xCE, 0x07, 0xE2, 0x06, 0xF5, 0x05, 0x08, 0x05, 0x1B, 0x04, 0x2E, 0x03,
  0x41, 0x02, 0x53, 0x01, 0x66, 0x00, 0x79, 0xFF, 0x8C, 0xFE, 0x9E, 0xFD,
  0xB1, 0xFC, 0xC3, 0xFB, 0xD6, 0xFA, 0xE8, 0xF9, 0xFA, 0xF8, 0x0C, 0xF8,
  0x1F, 0xF7, 0x31, 0xF6, 0x43, 0xF5, 0x55, 0xF4, 0x67, 0xF3, 0x79, 0xF2,
  0x4D, 0xF2, 0x3B, 0xF3, 0x29, 0xF4, 0x18, 0xF5, 0x06, 0xF6, 0xF5, 0xF6,
  0xE3, 0xF7, 0xD2, 0xF8, 0xC1, 0xF9, 0xAF, 0xFA, 0x9E, 0xFB, 0x8D, 0xFC,
  0x7C, 0xFD, 0x6B, 0xFE, 0x5A, 0xFF, 0x49, 0x00, 0x38, 0x01, 0x28, 0x02,
  0x17, 0x03, 0x06, 0x04, 0xF6, 0x04, 0xE5, 0x05, 0xD5, 0x06, 0xC4, 0x07,
  0xB4, 0x08, 0xA4, 0x09, 0x93, 0x0A, 0x83, 0x0B, 0x73, 0x0C, 0x63, 0x0D,
  0xD6, 0x0D, 0xE5, 0x0C, 0xF5, 0x0B, 0x05, 0x0B, 0x15, 0x0A, 0x24, 0x09,
  0x34, 0x08, 0x44, 0x07, 0x53, 0x06, 0x63, 0x05, 0x72, 0x04, 0x81, 0x03,
  0x90, 0x02, 0xA0, 0x01, 0xAF, 0x00, 0xBE, 0xFF, 0xCD, 0xFE, 0xDC, 0xFD,
  0xEB, 0xFC, 0xF9, 0xFB, 0x08, 0xFB, 0x17, 0xFA, 0x25, 0xF9, 0x34, 0xF8,
  0x42, 0xF7, 0x51, 0xF6, 0x5F, 0xF5, 0x6E, 0xF4, 0x7C, 0xF3, 0x8A, 0xF2,
  0x3F, 0xF2, 0x31, 0xF3, 0x23, 0xF4, 0x15, 0xF5, 0x07, 0xF6, 0xF9, 0xF6,
  0xEC, 0xF7, 0xDE, 0xF8, 0xD0, 0xF9, 0xC3, 0xFA, 0xB5, 0xFB, 0xA8, 0xFC,
  0x9A, 0xFD, 0x8D, 0xFE, 0x80, 0xFF, 0x73, 0x00, 0x66, 0x01, 0x58, 0x02,
  0x4B, 0x03, 0x3E, 0x04, 0x32, 0x05, 0x25, 0x06, 0x18, 0x07, 0x0B, 0x08,
  0xFF, 0x08, 0xF2, 0x09, 0xE6, 0x0A, 0xD9, 0x0B, 0xCD, 0x0C, 0xC0, 0x0D,
  0x75, 0x0D, 0x81, 0x0C, 0x8D, 0x0B, 0x99, 0x0A, 0xA5, 0x09, 0xB1, 0x08,
  0xBD, 0x07, 0xC9, 0x06, 0xD5, 0x05, 0xE0, 0x04, 0xEC, 0x03, 0xF7, 0x02,
  0x03, 0x02, 0x0E, 0x01, 0x1A, 0x00, 0x25, 0xFF, 0x30, 0xFE, 0x3C, 0xFD,
  0x47, 0xFC, 0x52, 0xFB, 0x5D, 0xFA, 0x68, 0xF9, 0x73, 0xF8, 0x7E, 0xF7,
  0x88, 0xF6, 0x93, 0xF5, 0x9E, 0xF4, 0xA8, 0xF3, 0xB3, 0xF2, 0x1A, 0xF2,
  0x10, 0xF3, 0x05, 0xF4, 0xFB, 0xF4, 0xF1, 0xF5, 0xE7, 0xF6, 0xDD, 0xF7,
  0xD3, 0xF8, 0xC9, 0xF9, 0xBF, 0xFA, 0xB5, 0xFB, 0xAB, 0xFC, 0xA1, 0xFD,
  0x98, 0xFE, 0x8E, 0xFF, 0x85, 0x00, 0x7B, 0x01, 0x72, 0x02, 0x69, 0x03,
  0x5F, 0x04, 0x56, 0x05, 0x4D, 0x06, 0x44, 0x07, 0x3B, 0x08, 0x32, 0x09,
  0x29, 0x0A, 0x20, 0x0B, 0x17, 0x0C, 0x0F, 0x0D, 0x06, 0x0E, 0x2B, 0x0D,
  0x34, 0x0C, 0x3C, 0x0B, 0x44, 0x0A, 0x4D, 0x09, 0x55, 0x08, 0x5D, 0x07,
  0x65, 0x06, 0x6D, 0x05, 0x75, 0x04, 0x7D, 0x03, 0x85, 0x02, 0x8D, 0x01,
  0x95, 0x00, 0x9C, 0xFF, 0xA4, 0xFE, 0xAC, 0xFD, 0xB3, 0xFC, 0xBB, 0xFB,
  0xC2, 0xFA, 0xC9, 0xF9, 0xD0, 0xF8, 0xD8, 0xF7, 0xDF, 0xF6, 0xE6, 0xF5,
  0xED, 0xF4, 0xF4, 0xF3, 0xFB, 0xF2, 0x01, 0xF2, 0xCF, 0xF2, 0xC8, 0xF3,
  0xC2, 0xF4, 0xBB, 0xF5, 0xB5, 0xF6, 0xAE, 0xF7, 0xA8, 0xF8, 0xA2, 0xF9,
  0x9C, 0xFA, 0x95, 0xFB, 0x8F, 0xFC, 0x89, 0xFD, 0x83, 0xFE, 0x7D, 0xFF,
  0x78, 0x00, 0x72, 0x01, 0x6C, 0x02, 0x66, 0x03, 0x61, 0x04, 0x5B, 0x05,
  0x56, 0x06, 0x51, 0x07, 0x4B, 0x08, 0x46, 0x09, 0x41, 0x0A, 0x3C, 0x0B,
  0x37, 0x0C, 0x32, 0x0D, 0xFC, 0x0D, 0x01, 0x0D, 0x06, 0x0C, 0x0B, 0x0B,
  0x0F, 0x0A, 0x14, 0x09, 0x18, 0x08, 0x1D, 0x07, 0x21, 0x06, 0x26, 0x05,
  0x2A, 0x04, 0x2E, 0x03, 0x32, 0x02, 0x37, 0x01, 0x3B, 0x00, 0x3F, 0xFF,
  0x42, 0xFE, 0x46, 0xFD, 0x4A, 0xFC, 0x4E, 0xFB, 0x51, 0xFA, 0x55, 0xF9,
  0x59, 0xF8, 0x5C, 0xF7, 0x5F, 0xF6, 0x63, 0xF5, 0x66, 0xF4, 0x69, 0xF3,
  0x6C, 0xF2, 0x68, 0xF2, 0x65, 0xF3, 0x62, 0xF4, 0x5F, 0xF5, 0x5C, 0xF6,
  0x59, 0xF7, 0x57, 0xF8, 0x54, 0xF9, 0x51, 0xFA, 0x4F, 0xFB, 0x4D, 0xFC,
  0x4A, 0xFD, 0x48, 0xFE, 0x46, 0xFF, 0x43, 0x00, 0x41, 0x01, 0x3F, 0x02,
  0x3D, 0x03, 0x3B, 0x04, 0x3A, 0x05, 0x38, 0x06, 0x36, 0x07, 0x34, 0x08,
  0x33, 0x09, 0x31, 0x0A, 0x30, 0x0B, 0x2E, 0x0C, 0x2D, 0x0D, 0xFD, 0x0D,
  0xFE, 0x0C, 0xFF, 0x0B, 0x00, 0x0B, 0x01, 0x0A, 0x02, 0x09, 0x03, 0x08,
  0x04, 0x07, 0x05, 0x06, 0x05, 0x05, 0x06, 0x04, 0x06, 0x03, 0x07, 0x02,
  0x07, 0x01, 0x08, 0x00, 0x08, 0xFF, 0x08, 0xFE, 0x08, 0xFD, 0x08, 0xFC,
  0x08, 0xFB, 0x08, 0xFA, 0x08, 0xF9, 0x08, 0xF8, 0x08, 0xF7, 0x08, 0xF6,
  0x07, 0xF5, 0x07, 0xF4, 0x06, 0xF3, 0x06, 0xF2, 0xD2, 0xF2, 0xD3, 0xF3,
  0xD4, 0xF4, 0xD4, 0xF5, 0xD5, 0xF6, 0xD6, 0xF7, 0xD7, 0xF8, 0xD8, 0xF9,
  0xDA, 0xFA, 0xDB, 0xFB, 0xDC, 0xFC, 0xDD, 0xFD, 0xDF, 0xFE, 0xE0, 0xFF,
  0xE2, 0x00, 0xE3, 0x01, 0xE5, 0x02, 0xE7, 0x03, 0xE9, 0x04, 0xEB, 0x05,
  0xED, 0x06, 0xEF, 0x07, 0xF1, 0x08, 0xF3, 0x09, 0xF5, 0x0A, 0xF7, 0x0B,
  0xFA, 0x0C, 0xFC, 0x0D, 0x2A, 0x0D, 0x28, 0x0C, 0x25, 0x0B, 0x22, 0x0A,
  0x20, 0x09, 0x1D, 0x08, 0x1A, 0x07, 0x17, 0x06, 0x14, 0x05, 0x11, 0x04,
  0x0E, 0x03, 0x0B, 0x02, 0x08, 0x01, 0x04, 0x00, 0x01, 0xFF, 0xFD, 0xFD,
  0xFA, 0xFC, 0xF6, 0xFB, 0xF3, 0xFA, 0xEF, 0xF9, 0xEB, 0xF8, 0xE7, 0xF7,
  0xE3, 0xF6, 0xDF, 0xF5, 0xDB, 0xF4, 0xD7, 0xF3, 0xD3, 0xF2, 0x09, 0xF2,
  0x0D, 0xF3, 0x11, 0xF4, 0x16, 0xF5, 0x1A, 0xF6, 0x1F, 0xF7, 0x24, 0xF8,
  0x28, 0xF9, 0x2D, 0xFA, 0x32, 0xFB, 0x37, 0xFC, 0x3C, 0xFD, 0x41, 0xFE,
  0x46, 0xFF, 0x4B, 0x00, 0x51, 0x01, 0x56, 0x02, 0x5B, 0x03, 0x61, 0x04,
  0x66, 0x05, 0x6C, 0x06, 0x71, 0x07, 0x77, 0x08, 0x7D, 0x09, 0x83, 0x0A,
  0x89, 0x0B, 0x8F, 0x0C, 0x95, 0x0D, 0x8E, 0x0D, 0x88, 0x0C, 0x81, 0x0B,
  0x7B, 0x0A, 0x75, 0x09, 0x6E, 0x08, 0x68, 0x07, 0x61, 0x06, 0x5A, 0x05,
  0x54, 0x04, 0x4D, 0x03, 0x46, 0x02, 0x3F, 0x01, 0x38, 0x00, 0x31, 0xFF,
  0x2A, 0xFE, 0x23, 0xFD, 0x1B, 0xFC, 0x14, 0xFB, 0x0D, 0xFA, 0x05, 0xF9,
  0xFE, 0xF7, 0xF6, 0xF6, 0xEE, 0xF5, 0xE7, 0xF4, 0xDF, 0xF3, 0xD7, 0xF2,
  0x08, 0xF2, 0x10, 0xF3, 0x18, 0xF4, 0x20, 0xF5, 0x29, 0xF6, 0x31, 0xF7,
  0x39, 0xF8, 0x42, 0xF9, 0x4A, 0xFA, 0x53, 0xFB, 0x5B, 0xFC, 0x64, 0xFD,
  0x6D, 0xFE, 0x76, 0xFF, 0x7E, 0x00, 0x87, 0x01, 0x90, 0x02, 0x99, 0x03,
  0xA3, 0x04, 0xAC, 0x05, 0xB5, 0x06, 0xBE, 0x07, 0xC8, 0x08, 0xD1, 0x09,
  0xDB, 0x0A, 0xE5, 0x0B, 0xEE, 0x0C, 0xF8, 0x0D, 0x27, 0x0D, 0x1D, 0x0C,
  0x13, 0x0B, 0x09, 0x0A, 0xFF, 0x08, 0xF5, 0x07, 0xEA, 0x06, 0xE0, 0x05,
  0xD6, 0x04, 0xCB, 0x03, 0xC1, 0x02, 0xB6, 0x01, 0xAC, 0x00, 0xA1, 0xFF,
  0x96, 0xFE, 0x8B, 0xFD, 0x80, 0xFC, 0x75, 0xFB, 0x6A, 0xFA, 0x5F, 0xF9,
  0x54, 0xF8, 0x49, 0xF7, 0x3D, 0xF6, 0x32, 0xF5, 0x27, 0xF4, 0x1B, 0xF3,
  0x0F, 0xF2, 0xD4, 0xF2, 0xDF, 0xF3, 0xEB, 0xF4, 0xF7, 0xF5, 0x03, 0xF7,
  0x0F, 0xF8, 0x1B, 0xF9, 0x27, 0xFA, 0x33, 0xFB, 0x40, 0xFC, 0x4C, 0xFD,
  0x58, 0xFE, 0x65, 0xFF, 0x71, 0x00, 0x7E, 0x01, 0x8B, 0x02, 0x98, 0x03,
  0xA4, 0x04, 0xB1, 0x05, 0xBE, 0x06, 0xCB, 0x07, 0xD8, 0x08, 0xE6, 0x09,
  0xF3, 0x0A, 0x00, 0x0C, 0x0E, 0x0D, 0x0E, 0x0E, 0x00, 0x0D, 0xF3, 0x0B,
  0xE5, 0x0A, 0xD7, 0x09, 0xC9, 0x08, 0xBC, 0x07, 0xAE, 0x06, 0xA0, 0x05,
  0x92, 0x04, 0x83, 0x03, 0x75, 0x02, 0x67, 0x01, 0x59, 0x00, 0x4A, 0xFF,
  0x3C, 0xFE, 0x2D, 0xFD, 0x1F, 0xFC, 0x10, 0xFB, 0x01, 0xFA, 0xF2, 0xF8,
  0xE3, 0xF7, 0xD4, 0xF6, 0xC5, 0xF5, 0xB6, 0xF4, 0xA7, 0xF3, 0x98, 0xF2,
  0x4F, 0xF2, 0x5E, 0xF3, 0x6E, 0xF4, 0x7D, 0xF5, 0x8D, 0xF6, 0x9C, 0xF7,
  0xAC, 0xF8, 0xBC, 0xF9, 0xCC, 0xFA, 0xDC, 0xFB, 0xEC, 0xFC, 0xFC, 0xFD,
  0x0C, 0xFF, 0x1C, 0x00, 0x2C, 0x01, 0x3D, 0x02, 0x4D, 0x03, 0x5E, 0x04,
  0x6E, 0x05, 0x7F, 0x06, 0x90, 0x07, 0xA0, 0x08, 0xB1, 0x09, 0xC2, 0x0A,
  0xD3, 0x0B, 0xE4, 0x0C, 0xF5, 0x0D, 0x22, 0x0D, 0x11, 0x0C, 0x00, 0x0B,
  0xEE, 0x09, 0xDD, 0x08, 0xCB, 0x07, 0xBA, 0x06, 0xA8, 0x05, 0x96, 0x04,
  0x84, 0x03, 0x73, 0x02, 0x61, 0x01, 0x4F, 0x00, 0x3C, 0xFF, 0x2A, 0xFE,
  0x18, 0xFD, 0x06, 0xFC, 0xF3, 0xFA, 0xE1, 0xF9, 0xCE, 0xF8, 0xBC, 0xF7,
  0xA9, 0xF6, 0x96, 0xF5, 0x84, 0xF4, 0x71, 0xF3, 0x5E, 0xF2, 0x8D, 0xF2,
  0xA0, 0xF3, 0xB3, 0xF4, 0xC6, 0xF5, 0xD9, 0xF6, 0xED, 0xF7, 0x00, 0xF9,
  0x14, 0xFA, 0x27, 0xFB, 0x3B, 0xFC, 0x4E, 0xFD, 0x62, 0xFE, 0x76, 0xFF,
  0x8A, 0x00, 0x9E, 0x01, 0xB2, 0x02, 0xC6, 0x03, 0xDA, 0x04, 0xEF, 0x05,
  0x03, 0x07, 0x17, 0x08, 0x2C, 0x09, 0x41, 0x0A, 0x55, 0x0B, 0x6A, 0x0C,
  0x7F, 0x0D, 0x95, 0x0D, 0x80, 0x0C, 0x6B, 0x0B, 0x56, 0x0A, 0x41, 0x09,
  0x2C, 0x08, 0x17, 0x07, 0x01, 0x06, 0xEC, 0x04, 0xD6, 0x03, 0xC1, 0x02,
  0xAB, 0x01, 0x96, 0x00, 0x80, 0xFF, 0x6A, 0xFE, 0x54, 0xFD, 0x3E, 0xFC,
  0x28, 0xFB, 0x12, 0xFA, 0xFC, 0xF8, 0xE6, 0xF7, 0xCF, 0xF6, 0xB9, 0xF5,
  0xA2, 0xF4, 0x8C, 0xF3, 0x75, 0xF2, 0x79, 0xF2, 0x90, 0xF3, 0xA6, 0xF4,
  0xBD, 0xF5, 0xD4, 0xF6, 0xEB, 0xF7, 0x02, 0xF9, 0x1A, 0xFA, 0x31, 0xFB,
  0x48, 0xFC, 0x60, 0xFD, 0x77, 0xFE, 0x8F, 0xFF, 0xA6, 0x00, 0xBE, 0x01,
  0xD6, 0x02, 0xED, 0x03, 0x05, 0x05, 0x1D, 0x06, 0x35, 0x07, 0x4D, 0x08,
  0x66, 0x09, 0x7E, 0x0A, 0x96, 0x0B, 0xAF, 0x0C, 0xC7, 0x0D, 0x49, 0x0D,
  0x31, 0x0C, 0x18, 0x0B, 0xFF, 0x09, 0xE6, 0x08, 0xCD, 0x07, 0xB4, 0x06,
  0x9B, 0x05, 0x82, 0x04, 0x69, 0x03, 0x50, 0x02, 0x36, 0x01, 0x1D, 0x00,
  0x04, 0xFF, 0xEA, 0xFD, 0xD0, 0xFC, 0xB7, 0xFB, 0x9D, 0xFA, 0x83, 0xF9,
  0x69, 0xF8, 0x4F, 0xF7, 0x35, 0xF6, 0x1B, 0xF5, 0x01, 0xF4, 0xE7, 0xF2,
  0x0B, 0xF2, 0x25, 0xF3, 0x40, 0xF4, 0x5A, 0xF5, 0x75, 0xF6, 0x90, 0xF7,
  0xAA, 0xF8, 0xC5, 0xF9, 0xE0, 0xFA, 0xFB, 0xFB, 0x16, 0xFD, 0x31, 0xFE,
  0x4D, 0xFF, 0x68, 0x00, 0x83, 0x01, 0x9F, 0x02, 0xBA, 0x03, 0xD6, 0x04,
  0xF1, 0x05, 0x0D, 0x07, 0x29, 0x08, 0x45, 0x09, 0x61, 0x0A, 0x7D, 0x0B,
  0x99, 0x0C, 0xB5, 0x0D, 0x58, 0x0D, 0x3B, 0x0C, 0x1F, 0x0B, 0x03, 0x0A,
  0xE6, 0x08, 0xC9, 0x07, 0xAD, 0x06, 0x90, 0x05, 0x73, 0x04, 0x56, 0x03,
  0x3A, 0x02, 0x1C, 0x01, 0xFF, 0xFF, 0xE2, 0xFE, 0xC5, 0xFD, 0xA8, 0xFC,
  0x8A, 0xFB, 0x6D, 0xFA, 0x4F, 0xF9, 0x32, 0xF8, 0x14, 0xF7, 0xF6, 0xF5,
  0xD9, 0xF4, 0xBB, 0xF3, 0x9D, 0xF2, 0x59, 0xF2, 0x77, 0xF3, 0x95, 0xF4,
  0xB3, 0xF5, 0xD2, 0xF6, 0xF0, 0xF7, 0x0E, 0xF9, 0x2D, 0xFA, 0x4C, 0xFB,
  0x6A, 0xFC, 0x89, 0xFD, 0xA8, 0xFE, 0xC7, 0xFF, 0xE6, 0x00, 0x05, 0x02,
  0x24, 0x03, 0x43, 0x04, 0x62, 0x05, 0x82, 0x06, 0xA1, 0x07, 0xC1, 0x08,
  0xE0, 0x09, 0x00, 0x0B, 0x20, 0x0C, 0x3F, 0x0D, 0xC9, 0x0D, 0xA9, 0x0C,
  0x89, 0x0B, 0x69, 0x0A, 0x49, 0x09, 0x29, 0x08, 0x09, 0x07, 0xE8, 0x05,
  0xC8, 0x04, 0xA7, 0x03, 0x87, 0x02, 0x66, 0x01, 0x45, 0x00, 0x24, 0xFF,
  0x04, 0xFE, 0xE3, 0xFC, 0xC2, 0xFB, 0xA0, 0xFA, 0x7F, 0xF9, 0x5E, 0xF8,
  0x3D, 0xF7, 0x1B, 0xF6, 0xFA, 0xF4, 0xD8, 0xF3, 0xB6, 0xF2, 0x42, 0xF2,
  0x64, 0xF3, 0x86, 0xF4, 0xA8, 0xF5, 0xCA, 0xF6, 0xEC, 0xF7, 0x0E, 0xF9,
  0x31, 0xFA, 0x53, 0xFB, 0x75, 0xFC, 0x98, 0xFD, 0xBA, 0xFE, 0xDD, 0xFF,
  0xFF, 0x00, 0x22, 0x02, 0x45, 0x03, 0x68, 0x04, 0x8B, 0x05, 0xAE, 0x06,
  0xD1, 0x07, 0xF4, 0x08, 0x18, 0x0A, 0x3B, 0x0B, 0x5E, 0x0C, 0x82, 0x0D,
  0x83, 0x0D, 0x60, 0x0C, 0x3C, 0x0B, 0x18, 0x0A, 0xF4, 0x08, 0xD0, 0x07,
  0xAC, 0x06, 0x88, 0x05, 0x64, 0x04, 0x40, 0x03, 0x1C, 0x02, 0xF7, 0x00,
  0xD3, 0xFF, 0xAE, 0xFE, 0x8A, 0xFD, 0x65, 0xFC, 0x40, 0xFB, 0x1B, 0xFA,
  0xF7, 0xF8, 0xD2, 0xF7, 0xAC, 0xF6, 0x87, 0xF5, 0x62, 0xF4, 0x3D, 0xF3,
  0x17, 0xF2, 0xE5, 0xF2, 0x0B, 0xF4, 0x30, 0xF5, 0x56, 0xF6, 0x7C, 0xF7,
  0xA1, 0xF8, 0xC7, 0xF9, 0xED, 0xFA, 0x13, 0xFC, 0x39, 0xFD, 0x60, 0xFE,
  0x86, 0xFF, 0xAC, 0x00, 0xD3, 0x01, 0xF9, 0x02, 0x20, 0x04, 0x46, 0x05,
  0x6D, 0x06, 0x94, 0x07, 0xBB, 0x08, 0xE2, 0x09, 0x09, 0x0B, 0x30, 0x0C,
  0x57, 0x0D, 0xAB, 0x0D, 0x83, 0x0C, 0x5C, 0x0B, 0x35, 0x0A, 0x0D, 0x09,
  0xE5, 0x07, 0xBE, 0x06, 0x96, 0x05, 0x6E, 0x04, 0x46, 0x03, 0x1E, 0x02,
  0xF6, 0x00, 0xCE, 0xFF, 0xA6, 0xFE, 0x7D, 0xFD, 0x55, 0xFC, 0x2D, 0xFB,
  0x04, 0xFA, 0xDC, 0xF8, 0xB3, 0xF7, 0x8A, 0xF6, 0x61, 0xF5, 0x38, 0xF4,
  0x0F, 0xF3, 0xF1, 0xF1, 0x1A, 0xF3, 0x43, 0xF4, 0x6C, 0xF5, 0x96, 0xF6,
  0xBF, 0xF7, 0xE9, 0xF8, 0x12, 0xFA, 0x3C, 0xFB, 0x66, 0xFC, 0x90, 0xFD,
  0xB9, 0xFE, 0xE3, 0xFF, 0x0D, 0x01, 0x38, 0x02, 0x62, 0x03, 0x8C, 0x04,
  0xB6, 0x05, 0xE1, 0x06, 0x0B, 0x08, 0x36, 0x09, 0x60, 0x0A, 0x8B, 0x0B,
  0xB6, 0x0C, 0xE1, 0x0D, 0x1D, 0x0D, 0xF2, 0x0B, 0xC7, 0x0A, 0x9C, 0x09,
  0x70, 0x08, 0x45, 0x07, 0x1A, 0x06, 0xEE, 0x04, 0xC3, 0x03, 0x97, 0x02,
  0x6B, 0x01, 0x3F, 0x00, 0x14, 0xFF, 0xE8, 0xFD, 0xBC, 0xFC, 0x90, 0xFB,
  0x63, 0xFA, 0x37, 0xF9, 0x0B, 0xF8, 0xDE, 0xF6, 0xB2, 0xF5, 0x85, 0xF4,
  0x59, 0xF3, 0x2C, 0xF2, 0xD8, 0xF2, 0x05, 0xF4, 0x32, 0xF5, 0x5F, 0xF6,
  0x8C, 0xF7, 0xB9, 0xF8, 0xE6, 0xF9, 0x14, 0xFB, 0x41, 0xFC, 0x6F, 0xFD,
  0x9C, 0xFE, 0xCA, 0xFF, 0xF8, 0x00, 0x25, 0x02, 0x53, 0x03, 0x81, 0x04,
  0xAF, 0x05, 0xDD, 0x06, 0x0B, 0x08, 0x3A, 0x09, 0x68, 0x0A, 0x96, 0x0B,
  0xC5, 0x0C, 0xF3, 0x0D, 0x07, 0x0D, 0xD8, 0x0B, 0xA9, 0x0A, 0x7A, 0x09,
  0x4B, 0x08, 0x1C, 0x07, 0xED, 0x05, 0xBE, 0x04, 0x8F, 0x03, 0x5F, 0x02,
  0x30, 0x01, 0x01, 0x00, 0xD1, 0xFE, 0xA1, 0xFD, 0x72, 0xFC, 0x42, 0xFB,
  0x12, 0xFA, 0xE2, 0xF8, 0xB2, 0xF7, 0x82, 0xF6, 0x52, 0xF5, 0x21, 0xF4,
  0xF1, 0xF2, 0x17, 0xF2, 0x47, 0xF3, 0x78, 0xF4, 0xA8, 0xF5, 0xD9, 0xF6,
  0x0A, 0xF8, 0x3B, 0xF9, 0x6C, 0xFA, 0x9D, 0xFB, 0xCE, 0xFC, 0xFF, 0xFD,
  0x30, 0xFF, 0x62, 0x00, 0x93, 0x01, 0xC5, 0x02, 0xF6, 0x03, 0x28, 0x05,
  0x5A, 0x06, 0x8B, 0x07, 0xBD, 0x08, 0xEF, 0x09, 0x21, 0x0B, 0x53, 0x0C,
  0x86, 0x0D, 0x71, 0x0D, 0x3E, 0x0C, 0x0C, 0x0B, 0xD9, 0x09, 0xA7, 0x08,
  0x74, 0x07, 0x41, 0x06, 0x0F, 0x05, 0xDC, 0x03, 0xA9, 0x02, 0x76, 0x01,
  0x42, 0x00, 0x0F, 0xFF, 0xDC, 0xFD, 0xA9, 0xFC, 0x75, 0xFB, 0x42, 0xFA,
  0x0E, 0xF9, 0xDA, 0xF7, 0xA6, 0xF6, 0x73, 0xF5, 0x3F, 0xF4, 0x0B, 0xF3,
  0x01, 0xF2, 0x35, 0xF3, 0x69, 0xF4, 0x9D, 0xF5, 0xD2, 0xF6, 0x06, 0xF8,
  0x3B, 0xF9, 0x70, 0xFA, 0xA4, 0xFB, 0xD9, 0xFC, 0x0E, 0xFE, 0x43, 0xFF,
  0x78, 0x00, 0xAD, 0x01, 0xE2, 0x02, 0x18, 0x04, 0x4D, 0x05, 0x82, 0x06,
  0xB8, 0x07, 0xED, 0x08, 0x23, 0x0A, 0x59, 0x0B, 0x8F, 0x0C, 0xC5, 0x0D,
  0x2E, 0x0D, 0xF8, 0x0B, 0xC2, 0x0A, 0x8C, 0x09, 0x55, 0x08, 0x1F, 0x07,
  0xE9, 0x05, 0xB2, 0x04, 0x7B, 0x03, 0x45, 0x02, 0x0E, 0x01, 0xD7, 0xFF,
  0xA0, 0xFE, 0x69, 0xFD, 0x32, 0xFC, 0xFB, 0xFA, 0xC4, 0xF9, 0x8C, 0xF8,
  0x55, 0xF7, 0x1D, 0xF6, 0xE6, 0xF4, 0xAE, 0xF3, 0x76, 0xF2, 0x99, 0xF2,
  0xD1, 0xF3, 0x09, 0xF5, 0x41, 0xF6, 0x79, 0xF7, 0xB1, 0xF8, 0xE9, 0xF9,
  0x22, 0xFB, 0x5A, 0xFC, 0x93, 0xFD, 0xCB, 0xFE, 0x04, 0x00, 0x3D, 0x01,
  0x75, 0x02, 0xAE, 0x03, 0xE7, 0x04, 0x20, 0x06, 0x5A, 0x07, 0x93, 0x08,
  0xCC, 0x09, 0x06, 0x0B, 0x3F, 0x0C, 0x79, 0x0D, 0x76, 0x0D, 0x3D, 0x0C,
  0x03, 0x0B, 0xC9, 0x09, 0x8F, 0x08, 0x55, 0x07, 0x1B, 0x06, 0xE1, 0x04,
  0xA6, 0x03, 0x6C, 0x02, 0x32, 0x01, 0xF7, 0xFF, 0xBC, 0xFE, 0x82, 0xFD,
  0x47, 0xFC, 0x0C, 0xFB, 0xD1, 0xF9, 0x96, 0xF8, 0x5B, 0xF7, 0x20, 0xF6,
  0xE5, 0xF4, 0xA9, 0xF3, 0x6E, 0xF2, 0xA5, 0xF2, 0xE0, 0xF3, 0x1C, 0xF5,
  0x58, 0xF6, 0x94, 0xF7, 0xCF, 0xF8, 0x0B, 0xFA, 0x48, 0xFB, 0x84, 0xFC,
  0xC0, 0xFD, 0xFC, 0xFE, 0x39, 0x00, 0x75, 0x01, 0xB2, 0x02, 0xEE, 0x03,
  0x2B, 0x05, 0x68, 0x06, 0xA5, 0x07, 0xE1, 0x08, 0x1F, 0x0A, 0x5C, 0x0B,
  0x99, 0x0C, 0xD6, 0x0D, 0x15, 0x0D, 0xD8, 0x0B, 0x9A, 0x0A, 0x5D, 0x09,
  0x1F, 0x08, 0xE1, 0x06, 0xA4, 0x05, 0x66, 0x04, 0x28, 0x03, 0xEA, 0x01,
  0xAB, 0x00, 0x6D, 0xFF, 0x2F, 0xFE, 0xF0, 0xFC, 0xB2, 0xFB, 0x73, 0xFA,
  0x35, 0xF9, 0xF6, 0xF7, 0xB7, 0xF6, 0x78, 0xF5, 0x39, 0xF4, 0xFA, 0xF2,
  0x1C, 0xF2, 0x5B, 0xF3, 0x9B, 0xF4, 0xDA, 0xF5, 0x1A, 0xF7, 0x59, 0xF8,
  0x99, 0xF9, 0xD8, 0xFA, 0x18, 0xFC, 0x58, 0xFD, 0x98, 0xFE, 0xD8, 0xFF,
  0x18, 0x01, 0x58, 0x02, 0x99, 0x03, 0xD9, 0x04, 0x1A, 0x06, 0x5A, 0x07,
  0x9B, 0x08, 0xDB, 0x09, 0x1C, 0x0B, 0x5D, 0x0C, 0x9E, 0x0D, 0x4A, 0x0D,
  0x09, 0x0C, 0xC8, 0x0A, 0x86, 0x09, 0x45, 0x08, 0x04, 0x07, 0xC2, 0x05,
  0x80, 0x04, 0x3F, 0x03, 0xFD, 0x01, 0xBB, 0x00, 0x79, 0xFF, 0x37, 0xFE,
  0xF5, 0xFC, 0xB3, 0xFB, 0x71, 0xFA, 0x2E, 0xF9, 0xEC, 0xF7, 0xA9, 0xF6,
  0x67, 0xF5, 0x24, 0xF4, 0xE2, 0xF2, 0x39, 0xF2, 0x7B, 0xF3, 0xBE, 0xF4,
  0x02, 0xF6, 0x45, 0xF7, 0x88, 0xF8, 0xCB, 0xF9, 0x0F, 0xFB, 0x52, 0xFC,
  0x96, 0xFD, 0xD9, 0xFE, 0x1D, 0x00, 0x61, 0x01, 0xA5, 0x02, 0xE9, 0x03,
  0x2D, 0x05, 0x71, 0x06, 0xB5, 0x07, 0xFA, 0x08, 0x3E, 0x0A, 0x82, 0x0B,
  0xC7, 0x0C, 0x0C, 0x0E, 0xD8, 0x0C, 0x94, 0x0B, 0x4F, 0x0A, 0x0A, 0x09,
  0xC5, 0x07, 0x80, 0x06, 0x3A, 0x05, 0xF5, 0x03, 0xB0, 0x02, 0x6A, 0x01,
  0x25, 0x00, 0xDF, 0xFE, 0x99, 0xFD, 0x53, 0xFC, 0x0E, 0xFB, 0xC8, 0xF9,
  0x82, 0xF8, 0x3B, 0xF7, 0xF5, 0xF5, 0xAF, 0xF4, 0x68, 0xF3, 0x22, 0xF2,
  0xFC, 0xF2, 0x42, 0xF4, 0x89, 0xF5, 0xD0, 0xF6, 0x17, 0xF8, 0x5E, 0xF9,
  0xA5, 0xFA, 0xEC, 0xFB, 0x33, 0xFD, 0x7B, 0xFE, 0xC2, 0xFF, 0x09, 0x01,
  0x51, 0x02, 0x99, 0x03, 0xE0, 0x04, 0x28, 0x06, 0x70, 0x07, 0xB8, 0x08,
  0x00, 0x0A, 0x48, 0x0B, 0x90, 0x0C, 0xD9, 0x0D, 0x08, 0x0D, 0xBF, 0x0B,
  0x77, 0x0A, 0x2E, 0x09, 0xE5, 0x07, 0x9C, 0x06, 0x53, 0x05, 0x0A, 0x04,
  0xC1, 0x02, 0x78, 0x01, 0x2F, 0x00, 0xE6, 0xFE, 0x9C, 0xFD, 0x53, 0xFC,
  0x09, 0xFB, 0xC0, 0xF9, 0x76, 0xF8, 0x2C, 0xF7, 0xE2, 0xF5, 0x98, 0xF4,
  0x4E, 0xF3, 0x04, 0xF2, 0x1E, 0xF3, 0x68, 0xF4, 0xB2, 0xF5, 0xFD, 0xF6,
  0x47, 0xF8, 0x92, 0xF9, 0xDD, 0xFA, 0x28, 0xFC, 0x73, 0xFD, 0xBE, 0xFE,
  0x09, 0x00, 0x54, 0x01, 0x9F, 0x02, 0xEA, 0x03, 0x36, 0x05, 0x81, 0x06,
  0xCD, 0x07, 0x19, 0x09, 0x64, 0x0A, 0xB0, 0x0B, 0xFC, 0x0C, 0xE1, 0x0D,
  0x94, 0x0C, 0x48, 0x0B, 0xFC, 0x09, 0xB0, 0x08, 0x63, 0x07, 0x17, 0x06,
  0xCA, 0x04, 0x7D, 0x03, 0x31, 0x02, 0xE4, 0x00, 0x97, 0xFF, 0x4A, 0xFE,
  0xFD, 0xFC, 0xAF, 0xFB, 0x62, 0xFA, 0x15, 0xF9, 0xC7, 0xF7, 0x7A, 0xF6,
  0x2C, 0xF5, 0xDE, 0xF3, 0x91, 0xF2, 0x95, 0xF2, 0xE3, 0xF3, 0x31, 0xF5,
  0x7F, 0xF6, 0xCD, 0xF7, 0x1B, 0xF9, 0x6A, 0xFA, 0xB8, 0xFB, 0x07, 0xFD,
  0x55, 0xFE, 0xA4, 0xFF, 0xF3, 0x00, 0x42, 0x02, 0x91, 0x03, 0xE0, 0x04,
  0x2F, 0x06, 0x7E, 0x07, 0xCE, 0x08, 0x1D, 0x0A, 0x6D, 0x0B, 0xBC, 0x0C,
  0x0C, 0x0E, 0xCD, 0x0C, 0x7D, 0x0B, 0x2D, 0x0A, 0xDD, 0x08, 0x8D, 0x07,
  0x3D, 0x06, 0xED, 0x04, 0x9C, 0x03, 0x4C, 0x02, 0xFB, 0x00, 0xAB, 0xFF,
  0x5A, 0xFE, 0x09, 0xFD, 0xB8, 0xFB, 0x67, 0xFA, 0x16, 0xF9, 0xC5, 0xF7,
  0x74, 0xF6, 0x23, 0xF5, 0xD1, 0xF3, 0x80, 0xF2, 0xA9, 0xF2, 0xFB, 0xF3,
  0x4D, 0xF5, 0x9E, 0xF6, 0xF0, 0xF7, 0x42, 0xF9, 0x94, 0xFA, 0xE7, 0xFB,
  0x39, 0xFD, 0x8B, 0xFE, 0xDE, 0xFF, 0x30, 0x01, 0x83, 0x02, 0xD5, 0x03,
  0x28, 0x05, 0x7B, 0x06, 0xCE, 0x07, 0x21, 0x09, 0x74, 0x0A, 0xC7, 0x0B,
  0x1B, 0x0D, 0xBB, 0x0D, 0x67, 0x0C, 0x14, 0x0B, 0xC0, 0x09, 0x6C, 0x08,
  0x18, 0x07, 0xC4, 0x05, 0x70, 0x04, 0x1C, 0x03, 0xC8, 0x01, 0x74, 0x00,
  0x20, 0xFF, 0xCB, 0xFD, 0x77, 0xFC, 0x22, 0xFB, 0xCD, 0xF9, 0x79, 0xF8,
  0x24, 0xF7, 0xCF, 0xF5, 0x7A, 0xF4, 0x25, 0xF3, 0x08, 0xF2, 0x5D, 0xF3,
  0xB3, 0xF4, 0x08, 0xF6, 0x5E, 0xF7, 0xB3, 0xF8, 0x09, 0xFA, 0x5F, 0xFB,
  0xB5, 0xFC, 0x0B, 0xFE, 0x61, 0xFF, 0xB7, 0x00, 0x0D, 0x02, 0x63, 0x03,
  0xBA, 0x04, 0x10, 0x06, 0x67, 0x07, 0xBE, 0x08, 0x15, 0x0A, 0x6B, 0x0B,
  0xC2, 0x0C, 0x0F, 0x0E, 0xB8, 0x0C, 0x61, 0x0B, 0x0A, 0x0A, 0xB2, 0x08,
  0x5B, 0x07, 0x03, 0x06, 0xAC, 0x04, 0x54, 0x03, 0xFC, 0x01, 0xA4, 0x00,
  0x4C, 0xFF, 0xF4, 0xFD, 0x9C, 0xFC, 0x44, 0xFB, 0xEB, 0xF9, 0x93, 0xF8,
  0x3A, 0xF7, 0xE2, 0xF5, 0x89, 0xF4, 0x30, 0xF3, 0x00, 0xF2, 0x59, 0xF3,
  0xB2, 0xF4, 0x0B, 0xF6, 0x65, 0xF7, 0xBE, 0xF8, 0x17, 0xFA, 0x71, 0xFB,
  0xCA, 0xFC, 0x24, 0xFE, 0x7E, 0xFF, 0xD8, 0x00, 0x32, 0x02, 0x8C, 0x03,
  0xE6, 0x04, 0x40, 0x06, 0x9A, 0x07, 0xF5, 0x08, 0x4F, 0x0A, 0xAA, 0x0B,
  0x04, 0x0D, 0xCA, 0x0D, 0x6F, 0x0C, 0x14, 0x0B, 0xB9, 0x09, 0x5E, 0x08,
  0x03, 0x07, 0xA7, 0x05, 0x4C, 0x04, 0xF0, 0x02, 0x95, 0x01, 0x39, 0x00,
  0xDE, 0xFE, 0x82, 0xFD, 0x26, 0xFC, 0xCA, 0xFA, 0x6E, 0xF9, 0x12, 0xF8,
  0xB5, 0xF6, 0x59, 0xF5, 0xFD, 0xF3, 0xA0, 0xF2, 0x94, 0xF2, 0xF0, 0xF3,
  0x4D, 0xF5, 0xAA, 0xF6, 0x07, 0xF8, 0x64, 0xF9, 0xC1, 0xFA, 0x1E, 0xFC,
  0x7C, 0xFD, 0xD9, 0xFE, 0x37, 0x00, 0x94, 0x01, 0xF2, 0x02, 0x50, 0x04,
  0xAE, 0x05, 0x0C, 0x07, 0x6A, 0x08, 0xC8, 0x09, 0x26, 0x0B, 0x84, 0x0C,
  0xE3, 0x0D, 0xE8, 0x0C, 0x89, 0x0B, 0x2A, 0x0A, 0xCC, 0x08, 0x6D, 0x07,
  0x0E, 0x06, 0xAF, 0x04, 0x50, 0x03, 0xF1, 0x01, 0x91, 0x00, 0x32, 0xFF,
  0xD2, 0xFD, 0x73, 0xFC, 0x13, 0xFB, 0xB4, 0xF9, 0x54, 0xF8, 0xF4, 0xF6,
  0x94, 0xF5, 0x34, 0xF4, 0xD4, 0xF2, 0x64, 0xF2, 0xC4, 0xF3, 0x25, 0xF5,
  0x85, 0xF6, 0xE6, 0xF7, 0x47, 0xF9, 0xA8, 0xFA, 0x08, 0xFC, 0x69, 0xFD,
  0xCA, 0xFE, 0x2C, 0x00, 0x8D, 0x01, 0xEE, 0x02, 0x50, 0x04, 0xB1, 0x05,
  0x13, 0x07, 0x75, 0x08, 0xD6, 0x09, 0x38, 0x0B, 0x9A, 0x0C, 0xFC, 0x0D,
  0xCA, 0x0C, 0x68, 0x0B, 0x06, 0x0A, 0xA3, 0x08, 0x41, 0x07, 0xDE, 0x05,
  0x7B, 0x04, 0x19, 0x03, 0xB6, 0x01, 0x53, 0x00, 0xF0, 0xFE, 0x8C, 0xFD,
  0x29, 0xFC, 0xC6, 0xFA, 0x62, 0xF9, 0xFF, 0xF7, 0x9B, 0xF6, 0x38, 0xF5,
  0xD4, 0xF3, 0x70, 0xF2, 0xCB, 0xF2, 0x2F, 0xF4, 0x94, 0xF5, 0xF8, 0xF6,
  0x5C, 0xF8, 0xC1, 0xF9, 0x25, 0xFB, 0x8A, 0xFC, 0xEF, 0xFD, 0x53, 0xFF,
  0xB8, 0x00, 0x1D, 0x02, 0x82, 0x03, 0xE7, 0x04, 0x4D, 0x06, 0xB2, 0x07,
  0x17, 0x09, 0x7D, 0x0A, 0xE3, 0x0B, 0x48, 0x0D, 0x7B, 0x0D, 0x15, 0x0C,
  0xAF, 0x0A, 0x49, 0x09, 0xE3, 0x07, 0x7C, 0x06, 0x16, 0x05, 0xAF, 0x03,
  0x49, 0x02, 0xE2, 0x00, 0x7C, 0xFF, 0x15, 0xFE, 0xAE, 0xFC, 0x47, 0xFB,
  0xE0, 0xF9, 0x79, 0xF8, 0x11, 0xF7, 0xAA, 0xF5, 0x43, 0xF4, 0xDB, 0xF2,
  0x64, 0xF2, 0xCC, 0xF3, 0x33, 0xF5, 0x9B, 0xF6, 0x03, 0xF8, 0x6B, 0xF9,
  0xD4, 0xFA, 0x3C, 0xFC, 0xA4, 0xFD, 0x0D, 0xFF, 0x75, 0x00, 0xDE, 0x01,
  0x47, 0x03, 0xAF, 0x04, 0x18, 0x06, 0x81, 0x07, 0xEA, 0x08, 0x54, 0x0A,
  0xBD, 0x0B, 0x26, 0x0D, 0x99, 0x0D, 0x2F, 0x0C, 0xC6, 0x0A, 0x5C, 0x09,
  0xF2, 0x07, 0x88, 0x06, 0x1E, 0x05, 0xB4, 0x03, 0x4A, 0x02, 0xDF, 0x00,
  0x75, 0xFF, 0x0B, 0xFE, 0xA0, 0xFC, 0x35, 0xFB, 0xCB, 0xF9, 0x60, 0xF8,
  0xF5, 0xF6, 0x8A, 0xF5, 0x1F, 0xF4, 0xB3, 0xF2, 0x8F, 0xF2, 0xFB, 0xF3,
  0x66, 0xF5, 0xD2, 0xF6, 0x3D, 0xF8, 0xA9, 0xF9, 0x15, 0xFB, 0x81, 0xFC,
  0xED, 0xFD, 0x59, 0xFF, 0xC6, 0x00, 0x32, 0x02, 0x9E, 0x03, 0x0B, 0x05,
  0x78, 0x06, 0xE4, 0x07, 0x51, 0x09, 0xBE, 0x0A, 0x2B, 0x0C, 0x98, 0x0D,
  0x24, 0x0D, 0xB6, 0x0B, 0x49, 0x0A, 0xDB, 0x08, 0x6E, 0x07, 0x00, 0x06,
  0x92, 0x04, 0x25, 0x03, 0xB7, 0x01, 0x49, 0x00, 0xDB, 0xFE, 0x6C, 0xFD,
  0xFE, 0xFB, 0x90, 0xFA, 0x21, 0xF9, 0xB3, 0xF7, 0x44, 0xF6, 0xD5, 0xF4,
  0x66, 0xF3, 0xF7, 0xF1, 0x4F, 0xF3, 0xBE, 0xF4, 0x2D, 0xF6, 0x9D, 0xF7,
  0x0C, 0xF9, 0x7C, 0xFA, 0xEB, 0xFB, 0x5B, 0xFD, 0xCB, 0xFE, 0x3B, 0x00,
  0xAB, 0x01, 0x1B, 0x03, 0x8B, 0x04, 0xFB, 0x05, 0x6C, 0x07, 0xDC, 0x08,
  0x4D, 0x0A, 0xBD, 0x0B, 0x2E, 0x0D, 0x8A, 0x0D, 0x19, 0x0C, 0xA8, 0x0A,
  0x37, 0x09, 0xC6, 0x07, 0x54, 0x06, 0xE3, 0x04, 0x71, 0x03, 0x00, 0x02,
  0x8E, 0x00, 0x1C, 0xFF, 0xAB, 0xFD, 0x39, 0xFC, 0xC6, 0xFA, 0x54, 0xF9,
  0xE2, 0xF7, 0x70, 0xF6, 0xFD, 0xF4, 0x8B, 0xF3, 0x18, 0xF2, 0x32, 0xF3,
  0xA5, 0xF4, 0x18, 0xF6, 0x8B, 0xF7, 0xFE, 0xF8, 0x71, 0xFA, 0xE4, 0xFB,
  0x58, 0xFD, 0xCB, 0xFE, 0x3F, 0x00, 0xB2, 0x01, 0x26, 0x03, 0x9A, 0x04,
  0x0E, 0x06, 0x82, 0x07, 0xF6, 0x08, 0x6A, 0x0A, 0xDF, 0x0B, 0x53, 0x0D,
  0x61, 0x0D, 0xEC, 0x0B, 0x78, 0x0A, 0x03, 0x09, 0x8E, 0x07, 0x19, 0x06,
  0xA4, 0x04, 0x2F, 0x03, 0xB9, 0x01, 0x44, 0x00, 0xCF, 0xFE, 0x59, 0xFD,
  0xE3, 0xFB, 0x6E, 0xFA, 0xF8, 0xF8, 0x82, 0xF7, 0x0C, 0xF6, 0x96, 0xF4,
  0x1F, 0xF3, 0x2E, 0xF2, 0xA5, 0xF3, 0x1B, 0xF5, 0x92, 0xF6, 0x09, 0xF8,
  0x7F, 0xF9, 0xF6, 0xFA, 0x6D, 0xFC, 0xE4, 0xFD, 0x5C, 0xFF, 0xD3, 0x00,
  0x4A, 0x02, 0xC2, 0x03, 0x39, 0x05, 0xB1, 0x06, 0x29, 0x08, 0xA1, 0x09,
  0x19, 0x0B, 0x91, 0x0C, 0x09, 0x0E, 0xA8, 0x0C, 0x2F, 0x0B, 0xB7, 0x09,
  0x3E, 0x08, 0xC6, 0x06, 0x4D, 0x05, 0xD4, 0x03, 0x5B, 0x02, 0xE2, 0x00,
  0x69, 0xFF, 0xF0, 0xFD, 0x77, 0xFC, 0xFD, 0xFA, 0x84, 0xF9, 0x0A, 0xF8,
  0x90, 0xF6, 0x16, 0xF5, 0x9D, 0xF3, 0x23, 0xF2, 0x2F, 0xF3, 0xA9, 0xF4,
  0x23, 0xF6, 0x9E, 0xF7, 0x18, 0xF9, 0x93, 0xFA, 0x0D, 0xFC, 0x88, 0xFD,
  0x03, 0xFF, 0x7E, 0x00, 0xF9, 0x01, 0x74, 0x03, 0xEF, 0x04, 0x6B, 0x06,
  0xE6, 0x07, 0x62, 0x09, 0xDD, 0x0A, 0x59, 0x0C, 0xD5, 0x0D, 0xD8, 0x0C,
  0x5C, 0x0B, 0xE0, 0x09, 0x64, 0x08, 0xE7, 0x06, 0x6B, 0x05, 0xEF, 0x03,
  0x72, 0x02, 0xF5, 0x00, 0x78, 0xFF, 0xFC, 0xFD, 0x7F, 0xFC, 0x01, 0xFB,
  0x84, 0xF9, 0x07, 0xF8, 0x8A, 0xF6, 0x0C, 0xF5, 0x8F, 0xF3, 0x11, 0xF2,
  0x44, 0xF3, 0xC2, 0xF4, 0x40, 0xF6, 0xBE, 0xF7, 0x3C, 0xF9, 0xBA, 0xFA,
  0x39, 0xFC, 0xB7, 0xFD, 0x36, 0xFF, 0xB4, 0x00, 0x33, 0x02, 0xB2, 0x03,
  0x31, 0x05, 0xB0, 0x06, 0x2F, 0x08, 0xAE, 0x09, 0x2E, 0x0B, 0xAD, 0x0C,
  0xFC, 0x0D, 0x7C, 0x0C, 0xFD, 0x0A, 0x7D, 0x09, 0xFD, 0x07, 0x7D, 0x06,
  0xFD, 0x04, 0x7D, 0x03, 0xFC, 0x01, 0x7C, 0x00, 0xFB, 0xFE, 0x7B, 0xFD,
  0xFA, 0xFB, 0x79, 0xFA, 0xF8, 0xF8, 0x77, 0xF7, 0xF6, 0xF5, 0x75, 0xF4,
  0xF4, 0xF2, 0x65, 0xF2, 0xE6, 0xF3, 0x68, 0xF5, 0xEA, 0xF6, 0x6B, 0xF8,
  0xED, 0xF9, 0x6F, 0xFB, 0xF1, 0xFC, 0x73, 0xFE, 0xF6, 0xFF, 0x78, 0x01,
  0xFB, 0x02, 0x7D, 0x04, 0x00, 0x06, 0x83, 0x07, 0x05, 0x09, 0x88, 0x0A,
  0x0C, 0x0C, 0x8F, 0x0D, 0x17, 0x0D, 0x93, 0x0B, 0x10, 0x0A, 0x8C, 0x08,
  0x09, 0x07, 0x85, 0x05, 0x01, 0x04, 0x7D, 0x02, 0xF9, 0x00, 0x75, 0xFF,
  0xF1, 0xFD, 0x6C, 0xFC, 0xE8, 0xFA, 0x63, 0xF9, 0xDF, 0xF7, 0x5A, 0xF6,
  0xD5, 0xF4, 0x50, 0xF3, 0x0C, 0xF2, 0x91, 0xF3, 0x17, 0xF5, 0x9C, 0xF6,
  0x21, 0xF8, 0xA7, 0xF9, 0x2D, 0xFB, 0xB2, 0xFC, 0x38, 0xFE, 0xBE, 0xFF,
  0x44, 0x01, 0xCA, 0x02, 0x50, 0x04, 0xD7, 0x05, 0x5D, 0x07, 0xE4, 0x08,
  0x6A, 0x0A, 0xF1, 0x0B, 0x78, 0x0D, 0x2A, 0x0D, 0xA3, 0x0B, 0x1C, 0x0A,
  0x94, 0x08, 0x0D, 0x07, 0x86, 0x05, 0xFE, 0x03, 0x76, 0x02, 0xEF, 0x00,
  0x67, 0xFF, 0xDF, 0xFD, 0x57, 0xFC, 0xCF, 0xFA, 0x47, 0xF9, 0xBE, 0xF7,
  0x36, 0xF6, 0xAD, 0xF4, 0x25, 0xF3, 0x3B, 0xF2, 0xC4, 0xF3, 0x4D, 0xF5,
  0xD6, 0xF6, 0x5F, 0xF8, 0xE9, 0xF9, 0x72, 0xFB, 0xFB, 0xFC, 0x85, 0xFE,
  0x0F, 0x00, 0x98, 0x01, 0x22, 0x03, 0xAC, 0x04, 0x36, 0x06, 0xC0, 0x07,
  0x4B, 0x09, 0xD5, 0x0A, 0x5F, 0x0C, 0xEA, 0x0D, 0xB4, 0x0C, 0x29, 0x0B,
  0x9F, 0x09, 0x14, 0x08, 0x89, 0x06, 0xFD, 0x04, 0x72, 0x03, 0xE7, 0x01,
  0x5B, 0x00, 0xD0, 0xFE, 0x44, 0xFD, 0xB8, 0xFB, 0x2D, 0xFA, 0xA1, 0xF8,
  0x14, 0xF7, 0x88, 0xF5, 0xFC, 0xF3, 0x70, 0xF2, 0xF4, 0xF2, 0x81, 0xF4,
  0x0D, 0xF6, 0x9A, 0xF7, 0x27, 0xF9, 0xB4, 0xFA, 0x41, 0xFC, 0xCE, 0xFD,
  0x5B, 0xFF, 0xE9, 0x00, 0x76, 0x02, 0x04, 0x04, 0x92, 0x05, 0x1F, 0x07,
  0xAD, 0x08, 0x3B, 0x0A, 0xC9, 0x0B, 0x57, 0x0D, 0x43, 0x0D, 0xB5, 0x0B,
  0x26, 0x0A, 0x98, 0x08, 0x09, 0x07, 0x7A, 0x05, 0xEB, 0x03, 0x5C, 0x02,
  0xCD, 0x00, 0x3E, 0xFF, 0xAE, 0xFD, 0x1F, 0xFC, 0x90, 0xFA, 0x00, 0xF9,
  0x70, 0xF7, 0xE0, 0xF5, 0x50, 0xF4, 0xC0, 0xF2, 0xA7, 0xF2, 0x37, 0xF4,
  0xC7, 0xF5, 0x58, 0xF7, 0xE8, 0xF8, 0x79, 0xFA, 0x0A, 0xFC, 0x9B, 0xFD,
  0x2C, 0xFF, 0xBD, 0x00, 0x4E, 0x02, 0xDF, 0x03, 0x70, 0x05, 0x02, 0x07,
  0x93, 0x08, 0x25, 0x0A, 0xB7, 0x0B, 0x49, 0x0D, 0x4E, 0x0D, 0xBC, 0x0B,
  0x2A, 0x0A, 0x98, 0x08, 0x05, 0x07, 0x73, 0x05, 0xE0, 0x03, 0x4D, 0x02,
  0xBB, 0x00, 0x28, 0xFF, 0x95, 0xFD, 0x02, 0xFC, 0x6E, 0xFA, 0xDB, 0xF8,
  0x48, 0xF7, 0xB4, 0xF5, 0x21, 0xF4, 0x8D, 0xF2, 0xDE, 0xF2, 0x72, 0xF4,
  0x06, 0xF6, 0x9A, 0xF7, 0x2F, 0xF9, 0xC3, 0xFA, 0x57, 0xFC, 0xEC, 0xFD,
  0x80, 0xFF, 0x15, 0x01, 0xAA, 0x02, 0x3F, 0x04, 0xD4, 0x05, 0x69, 0x07,
  0xFF, 0x08, 0x94, 0x0A, 0x29, 0x0C, 0xBF, 0x0D, 0xD4, 0x0C, 0x3E, 0x0B,
  0xA8, 0x09, 0x12, 0x08, 0x7C, 0x06, 0xE6, 0x04, 0x50, 0x03, 0xB9, 0x01,
  0x23, 0x00, 0x8C, 0xFE, 0xF6, 0xFC, 0x5F, 0xFB, 0xC8, 0xF9, 0x31, 0xF8,
  0x9A, 0xF6, 0x02, 0xF5, 0x6B, 0xF3, 0x04, 0xF2, 0x9B, 0xF3, 0x33, 0xF5,
  0xCB, 0xF6, 0x62, 0xF8, 0xFA, 0xF9, 0x92, 0xFB, 0x2B, 0xFD, 0xC3, 0xFE,
  0x5B, 0x00, 0xF4, 0x01, 0x8C, 0x03, 0x25, 0x05, 0xBE, 0x06, 0x57, 0x08,
  0xF0, 0x09, 0x89, 0x0B, 0x22, 0x0D, 0x6D, 0x0D, 0xD4, 0x0B, 0x3A, 0x0A,
  0xA1, 0x08, 0x07, 0x07, 0x6D, 0x05, 0xD3, 0x03, 0x39, 0x02, 0x9F, 0x00,
  0x05, 0xFF, 0x6A, 0xFD, 0xD0, 0xFB, 0x35, 0xFA, 0x9B, 0xF8, 0x00, 0xF7,
  0x65, 0xF5, 0xCA, 0xF3, 0x2F, 0xF2, 0x44, 0xF3, 0xDF, 0xF4, 0x7A, 0xF6,
  0x16, 0xF8, 0xB1, 0xF9, 0x4D, 0xFB, 0xE9, 0xFC, 0x85, 0xFE, 0x21, 0x00,
  0xBD, 0x01, 0x59, 0x03, 0xF6, 0x04, 0x92, 0x06, 0x2F, 0x08, 0xCB, 0x09,
  0x68, 0x0B, 0x05, 0x0D, 0x87, 0x0D, 0xEA, 0x0B, 0x4C, 0x0A, 0xAF, 0x08,
  0x12, 0x07, 0x74, 0x05, 0xD6, 0x03, 0x39, 0x02, 0x9B, 0x00, 0xFD, 0xFE,
  0x5F, 0xFD, 0xC1, 0xFB, 0x22, 0xFA, 0x84, 0xF8, 0xE6, 0xF6, 0x47, 0xF5,
  0xA8, 0xF3, 0x0A, 0xF2, 0x6D, 0xF3, 0x0C, 0xF5, 0xAB, 0xF6, 0x4A, 0xF8,
  0xE9, 0xF9, 0x89, 0xFB, 0x28, 0xFD, 0xC8, 0xFE, 0x68, 0x00, 0x07, 0x02,
  0xA7, 0x03, 0x47, 0x05, 0xE8, 0x06, 0x88, 0x08, 0x28, 0x0A, 0xC9, 0x0B,
  0x69, 0x0D, 0x1F, 0x0D, 0x7E, 0x0B, 0xDD, 0x09, 0x3C, 0x08, 0x9B, 0x06,
  0xFA, 0x04, 0x58, 0x03, 0xB7, 0x01, 0x15, 0x00, 0x74, 0xFE, 0xD2, 0xFC,
  0x30, 0xFB, 0x8E, 0xF9, 0xEC, 0xF7, 0x4A, 0xF6, 0xA7, 0xF4, 0x05, 0xF3,
  0x75, 0xF2, 0x17, 0xF4, 0xBA, 0xF5, 0x5D, 0xF7, 0x00, 0xF9, 0xA3, 0xFA,
  0x46, 0xFC, 0xE9, 0xFD, 0x8D, 0xFF, 0x30, 0x01, 0xD4, 0x02, 0x77, 0x04,
  0x1B, 0x06, 0xBF, 0x07, 0x63, 0x09, 0x07, 0x0B, 0xAB, 0x0C, 0xD9, 0x0D,
  0x35, 0x0C, 0x90, 0x0A, 0xEB, 0x08, 0x47, 0x07, 0xA2, 0x05, 0xFD, 0x03,
  0x58, 0x02, 0xB2, 0x00, 0x0D, 0xFF, 0x68, 0xFD, 0xC2, 0xFB, 0x1D, 0xFA,
  0x77, 0xF8, 0xD1, 0xF6, 0x2B, 0xF5, 0x85, 0xF3, 0xF8, 0xF1, 0x9F, 0xF3,
  0x45, 0xF5, 0xEC, 0xF6, 0x92, 0xF8, 0x39, 0xFA, 0xE0, 0xFB, 0x87, 0xFD,
  0x2E, 0xFF, 0xD5, 0x00, 0x7C, 0x02, 0x23, 0x04, 0xCB, 0x05, 0x72, 0x07,
  0x1A, 0x09, 0xC2, 0x0A, 0x6A, 0x0C, 0x12, 0x0E, 0x6F, 0x0C, 0xC7, 0x0A,
  0x1E, 0x09, 0x76, 0x07, 0xCE, 0x05, 0x25, 0x04, 0x7C, 0x02, 0xD3, 0x00,
  0x2A, 0xFF, 0x81, 0xFD, 0xD8, 0xFB, 0x2F, 0xFA, 0x85, 0xF8, 0xDC, 0xF6,
  0x32, 0xF5, 0x88, 0xF3, 0xF9, 0xF1, 0xA3, 0xF3, 0x4D, 0xF5, 0xF7, 0xF6,
  0xA1, 0xF8, 0x4B, 0xFA, 0xF6, 0xFB, 0xA1, 0xFD, 0x4B, 0xFF, 0xF6, 0x00,
  0xA1, 0x02, 0x4C, 0x04, 0xF7, 0x05, 0xA2, 0x07, 0x4E, 0x09, 0xF9, 0x0A,
  0xA5, 0x0C, 0xD8, 0x0D, 0x2C, 0x0C, 0x80, 0x0A, 0xD4, 0x08, 0x28, 0x07,
  0x7C, 0x05, 0xD0, 0x03, 0x23, 0x02, 0x77, 0x00, 0xCA, 0xFE, 0x1D, 0xFD,
  0x70, 0xFB, 0xC3, 0xF9, 0x16, 0xF8, 0x69, 0xF6, 0xBC, 0xF4, 0x0E, 0xF3,
  0x77, 0xF2, 0x24, 0xF4, 0xD2, 0xF5, 0x80, 0xF7, 0x2E, 0xF9, 0xDC, 0xFA,
  0x8A, 0xFC, 0x38, 0xFE, 0xE7, 0xFF, 0x95, 0x01, 0x44, 0x03, 0xF3, 0x04,
  0xA2, 0x06, 0x51, 0x08, 0x00, 0x0A, 0xAF, 0x0B, 0x5E, 0x0D, 0x1B, 0x0D,
  0x6B, 0x0B, 0xBC, 0x09, 0x0C, 0x08, 0x5C, 0x06, 0xAC, 0x04, 0xFC, 0x02,
  0x4C, 0x01, 0x9C, 0xFF, 0xEB, 0xFD, 0x3B, 0xFC, 0x8A, 0xFA, 0xD9, 0xF8,
  0x29, 0xF7, 0x78, 0xF5, 0xC6, 0xF3, 0x15, 0xF2, 0x73, 0xF3, 0x25, 0xF5,
  0xD6, 0xF6, 0x88, 0xF8, 0x3A, 0xFA, 0xEB, 0xFB, 0x9D, 0xFD, 0x4F, 0xFF,
  0x02, 0x01, 0xB4, 0x02, 0x66, 0x04, 0x19, 0x06, 0xCB, 0x07, 0x7E, 0x09,
  0x31, 0x0B, 0xE4, 0x0C, 0x92, 0x0D, 0xDF, 0x0B, 0x2B, 0x0A, 0x78, 0x08,
  0xC4, 0x06, 0x11, 0x05, 0x5D, 0x03, 0xA9, 0x01, 0xF5, 0xFF, 0x41, 0xFE,
  0x8D, 0xFC, 0xD9, 0xFA, 0x24, 0xF9, 0x70, 0xF7, 0xBB, 0xF5, 0x06, 0xF4,
  0x51, 0xF2, 0x3B, 0xF3, 0xF0, 0xF4, 0xA5, 0xF6, 0x5A, 0xF8, 0x10, 0xFA,
  0xC5, 0xFB, 0x7B, 0xFD, 0x31, 0xFF, 0xE6, 0x00, 0x9C, 0x02, 0x52, 0x04,
  0x09, 0x06, 0xBF, 0x07, 0x75, 0x09, 0x2C, 0x0B, 0xE3, 0x0C, 0x8F, 0x0D,
  0xD9, 0x0B, 0x22, 0x0A, 0x6B, 0x08, 0xB3, 0x06, 0xFC, 0x04, 0x45, 0x03,
  0x8D, 0x01, 0xD5, 0xFF, 0x1E, 0xFE, 0x66, 0xFC, 0xAE, 0xFA, 0xF6, 0xF8,
  0x3E, 0xF7, 0x85, 0xF5, 0xCD, 0xF3, 0x14, 0xF2, 0x7C, 0xF3, 0x34, 0xF5,
  0xED, 0xF6, 0xA6, 0xF8, 0x5F, 0xFA, 0x19, 0xFC, 0xD2, 0xFD, 0x8B, 0xFF,
  0x45, 0x01, 0xFF, 0x02, 0xB8, 0x04, 0x72, 0x06, 0x2C, 0x08, 0xE6, 0x09,
  0xA1, 0x0B, 0x5B, 0x0D, 0x13, 0x0D, 0x59, 0x0B, 0x9E, 0x09, 0xE3, 0x07,
  0x28, 0x06, 0x6D, 0x04, 0xB2, 0x02, 0xF7, 0x00, 0x3B, 0xFF, 0x80, 0xFD,
  0xC4, 0xFB, 0x09, 0xFA, 0x4D, 0xF8, 0x91, 0xF6, 0xD5, 0xF4, 0x19, 0xF3,
  0x7B, 0xF2, 0x37, 0xF4, 0xF4, 0xF5, 0xB0, 0xF7, 0x6D, 0xF9, 0x2A, 0xFB,
  0xE7, 0xFC, 0xA4, 0xFE, 0x61, 0x00, 0x1E, 0x02, 0xDC, 0x03, 0x99, 0x05,
  0x57, 0x07, 0x15, 0x09, 0xD3, 0x0A, 0x90, 0x0C, 0xDA, 0x0D, 0x1C, 0x0C,
  0x5E, 0x0A, 0x9F, 0x08, 0xE1, 0x06, 0x22, 0x05, 0x63, 0x03, 0xA4, 0x01,
  0xE5, 0xFF, 0x26, 0xFE, 0x67, 0xFC, 0xA8, 0xFA, 0xE8, 0xF8, 0x29, 0xF7,
  0x69, 0xF5, 0xA9, 0xF3, 0xEE, 0xF1, 0xAE, 0xF3, 0x6E, 0xF5, 0x2E, 0xF7,
  0xEF, 0xF8, 0xAF, 0xFA, 0x70, 0xFC, 0x31, 0xFE, 0xF1, 0xFF, 0xB2, 0x01,
  0x73, 0x03, 0x35, 0x05, 0xF6, 0x06, 0xB7, 0x08, 0x79, 0x0A, 0x3A, 0x0C,
  0xFC, 0x0D, 0x6B, 0x0C, 0xA9, 0x0A, 0xE7, 0x08, 0x24, 0x07, 0x62, 0x05,
  0xA0, 0x03, 0xDD, 0x01, 0x1A, 0x00, 0x58, 0xFE, 0x95, 0xFC, 0xD2, 0xFA,
  0x0F, 0xF9, 0x4B, 0xF7, 0x88, 0xF5, 0xC4, 0xF3, 0x01, 0xF2, 0x9A, 0xF3,
  0x5E, 0xF5, 0x22, 0xF7, 0xE6, 0xF8, 0xAA, 0xFA, 0x6E, 0xFC, 0x33, 0xFE,
  0xF7, 0xFF, 0xBC, 0x01, 0x81, 0x03, 0x45, 0x05, 0x0A, 0x07, 0xCF, 0x08,
  0x95, 0x0A, 0x5A, 0x0C, 0x09, 0x0E, 0x44, 0x0C, 0x7E, 0x0A, 0xB8, 0x08,
  0xF2, 0x06, 0x2C, 0x05, 0x66, 0x03, 0xA0, 0x01, 0xDA, 0xFF, 0x13, 0xFE,
  0x4D, 0xFC, 0x86, 0xFA, 0xBF, 0xF8, 0xF8, 0xF6, 0x31, 0xF5, 0x6A, 0xF3,
  0x35, 0xF2, 0xFC, 0xF3, 0xC4, 0xF5, 0x8B, 0xF7, 0x53, 0xF9, 0x1B, 0xFB,
  0xE3, 0xFC, 0xAB, 0xFE, 0x73, 0x00, 0x3C, 0x02, 0x04, 0x04, 0xCD, 0x05,
  0x95, 0x07, 0x5E, 0x09, 0x27, 0x0B, 0xF0, 0x0C, 0x70, 0x0D, 0xA6, 0x0B,
  0xDD, 0x09, 0x13, 0x08, 0x4A, 0x06, 0x80, 0x04, 0xB6, 0x02, 0xEC, 0x00,
  0x22, 0xFF, 0x58, 0xFD, 0x8E, 0xFB, 0xC3, 0xF9, 0xF9, 0xF7, 0x2E, 0xF6,
  0x63, 0xF4, 0x98, 0xF2, 0x0A, 0xF3, 0xD5, 0xF4, 0xA1, 0xF6, 0x6C, 0xF8,
  0x37, 0xFA, 0x03, 0xFC, 0xCF, 0xFD, 0x9B, 0xFF, 0x67, 0x01, 0x33, 0x03,
  0xFF, 0x04, 0xCB, 0x06, 0x98, 0x08, 0x64, 0x0A, 0x31, 0x0C, 0xFE, 0x0D,
  0x5E, 0x0C, 0x91, 0x0A, 0xC4, 0x08, 0xF7, 0x06, 0x29, 0x05, 0x5C, 0x03,
  0x8E, 0x01, 0xC1, 0xFF, 0xF3, 0xFD, 0x25, 0xFC, 0x57, 0xFA, 0x89, 0xF8,
  0xBA, 0xF6, 0xEC, 0xF4, 0x1D, 0xF3, 0x89, 0xF2, 0x58, 0xF4, 0x26, 0xF6,
  0xF5, 0xF7, 0xC5, 0xF9, 0x94, 0xFB, 0x63, 0xFD, 0x33, 0xFF, 0x02, 0x01,
  0xD2, 0x02, 0xA2, 0x04, 0x72, 0x06, 0x42, 0x08, 0x12, 0x0A, 0xE3, 0x0B,
  0xB3, 0x0D, 0xA5, 0x0C, 0xD4, 0x0A, 0x04, 0x09, 0x33, 0x07, 0x62, 0x05,
  0x91, 0x03, 0xBF, 0x01, 0xEE, 0xFF, 0x1C, 0xFE, 0x4B, 0xFC, 0x79, 0xFA,
  0xA7, 0xF8, 0xD5, 0xF6, 0x03, 0xF5, 0x31, 0xF3, 0x79, 0xF2, 0x4B, 0xF4,
  0x1E, 0xF6, 0xF1, 0xF7, 0xC3, 0xF9, 0x96, 0xFB, 0x69, 0xFD, 0x3D, 0xFF,
  0x10, 0x01, 0xE3, 0x02, 0xB7, 0x04, 0x8B, 0x06, 0x5E, 0x08, 0x32, 0x0A,
  0x06, 0x0C, 0xDA, 0x0D, 0x7A, 0x0C, 0xA6, 0x0A, 0xD1, 0x08, 0xFD, 0x06,
  0x28, 0x05, 0x53, 0x03, 0x7E, 0x01, 0xA9, 0xFF, 0xD4, 0xFD, 0xFE, 0xFB,
  0x29, 0xFA, 0x53, 0xF8, 0x7E, 0xF6, 0xA8, 0xF4, 0xD2, 0xF2, 0xDB, 0xF2,
  0xB2, 0xF4, 0x88, 0xF6, 0x5E, 0xF8, 0x35, 0xFA, 0x0B, 0xFC, 0xE2, 0xFD,
  0xB9, 0xFF, 0x90, 0x01, 0x67, 0x03, 0x3E, 0x05, 0x16, 0x07, 0xED, 0x08,
  0xC5, 0x0A, 0x9D, 0x0C, 0xB4, 0x0D, 0xDC, 0x0B, 0x04, 0x0A, 0x2C, 0x08,
  0x54, 0x06, 0x7B, 0x04, 0xA3, 0x02, 0xCA, 0x00, 0xF1, 0xFE, 0x18, 0xFD,
  0x3F, 0xFB, 0x66, 0xF9, 0x8C, 0xF7, 0xB3, 0xF5, 0xDA, 0xF3, 0x00, 0xF2,
  0xB1, 0xF3, 0x8B, 0xF5, 0x65, 0xF7, 0x3F, 0xF9, 0x1A, 0xFB, 0xF4, 0xFC,
  0xCE, 0xFE, 0xA9, 0x00, 0x84, 0x02, 0x5F, 0x04, 0x3A, 0x06, 0x15, 0x08,
  0xF0, 0x09, 0xCB, 0x0B, 0xA7, 0x0D, 0xA6, 0x0C, 0xCA, 0x0A, 0xEF, 0x08,
  0x13, 0x07, 0x37, 0x05, 0x5A, 0x03, 0x7E, 0x01, 0xA2, 0xFF, 0xC5, 0xFD,
  0xE8, 0xFB, 0x0B, 0xFA, 0x2F, 0xF8, 0x51, 0xF6, 0x74, 0xF4, 0x97, 0xF2,
  0x1E, 0xF3, 0xFB, 0xF4, 0xD9, 0xF6, 0xB7, 0xF8, 0x95, 0xFA, 0x73, 0xFC,
  0x51, 0xFE, 0x2F, 0x00, 0x0E, 0x02, 0xEC, 0x03, 0xCB, 0x05, 0xA9, 0x07,
  0x88, 0x09, 0x67, 0x0B, 0x47, 0x0D, 0x03, 0x0D, 0x24, 0x0B, 0x44, 0x09,
  0x64, 0x07, 0x85, 0x05, 0xA5, 0x03, 0xC5, 0x01, 0xE5, 0xFF, 0x04, 0xFE,
  0x24, 0xFC, 0x44, 0xFA, 0x63, 0xF8, 0x82, 0xF6, 0xA1, 0xF4, 0xC0, 0xF2,
  0xF8, 0xF2, 0xD9, 0xF4, 0xBB, 0xF6, 0x9C, 0xF8, 0x7E, 0xFA, 0x5F, 0xFC,
  0x41, 0xFE, 0x23, 0x00, 0x05, 0x02, 0xE7, 0x03, 0xCA, 0x05, 0xAC, 0x07,
  0x8F, 0x09, 0x71, 0x0B, 0x54, 0x0D, 0xF2, 0x0C, 0x0E, 0x0B, 0x2B, 0x09,
  0x48, 0x07, 0x65, 0x05, 0x81, 0x03, 0x9D, 0x01, 0xB9, 0xFF, 0xD6, 0xFD,
  0xF1, 0xFB, 0x0D, 0xFA, 0x29, 0xF8, 0x45, 0xF6, 0x60, 0xF4, 0x7B, 0xF2,
  0x41, 0xF3, 0x26, 0xF5, 0x0B, 0xF7, 0xF0, 0xF8, 0xD5, 0xFA, 0xBB, 0xFC,
  0xA0, 0xFE, 0x86, 0x00, 0x6C, 0x02, 0x51, 0x04, 0x37, 0x06, 0x1E, 0x08,
  0x04, 0x0A, 0xEA, 0x0B, 0xD1, 0x0D, 0x71, 0x0C, 0x8A, 0x0A, 0xA4, 0x08,
  0xBC, 0x06, 0xD5, 0x04, 0xEE, 0x02, 0x07, 0x01, 0x1F, 0xFF, 0x37, 0xFD,
  0x50, 0xFB, 0x68, 0xF9, 0x80, 0xF7, 0x98, 0xF5, 0xAF, 0xF3, 0x10, 0xF2,
  0xF9, 0xF3, 0xE1, 0xF5, 0xCA, 0xF7, 0xB3, 0xF9, 0x9C, 0xFB, 0x85, 0xFD,
  0x6F, 0xFF, 0x58, 0x01, 0x42, 0x03, 0x2B, 0x05, 0x15, 0x07, 0xFF, 0x08,
  0xE9, 0x0A, 0xD3, 0x0C, 0x6B, 0x0D, 0x81, 0x0B, 0x97, 0x09, 0xAC, 0x07,
  0xC1, 0x05, 0xD6, 0x03, 0xEB, 0x01, 0x00, 0x00, 0x15, 0xFE, 0x29, 0xFC,
  0x3E, 0xFA, 0x52, 0xF8, 0x66, 0xF6, 0x7B, 0xF4, 0x8E, 0xF2, 0x35, 0xF3,
  0x21, 0xF5, 0x0E, 0xF7, 0xFA, 0xF8, 0xE7, 0xFA, 0xD4, 0xFC, 0xC1, 0xFE,
  0xAE, 0x00, 0x9B, 0x02, 0x88, 0x04, 0x75, 0x06, 0x63, 0x08, 0x51, 0x0A,
  0x3E, 0x0C, 0xFC, 0x0D, 0x0E, 0x0C, 0x20, 0x0A, 0x32, 0x08, 0x44, 0x06,
  0x55, 0x04, 0x66, 0x02, 0x77, 0x00, 0x89, 0xFE, 0x9A, 0xFC, 0xAA, 0xFA,
  0xBB, 0xF8, 0xCC, 0xF6, 0xDC, 0xF4, 0xEC, 0xF2, 0xDB, 0xF2, 0xCB, 0xF4,
  0xBB, 0xF6, 0xAB, 0xF8, 0x9B, 0xFA, 0x8C, 0xFC, 0x7C, 0xFE, 0x6D, 0x00,
  0x5E, 0x02, 0x4F, 0x04, 0x40, 0x06, 0x31, 0x08, 0x22, 0x0A, 0x14, 0x0C,
  0x05, 0x0E, 0x32, 0x0C, 0x40, 0x0A, 0x4E, 0x08, 0x5C, 0x06, 0x6A, 0x04,
  0x77, 0x02, 0x85, 0x00, 0x92, 0xFE, 0x9F, 0xFC, 0xAD, 0xFA, 0xBA, 0xF8,
  0xC6, 0xF6, 0xD3, 0xF4, 0xE0, 0xF2, 0xEB, 0xF2, 0xDF, 0xF4, 0xD2, 0xF6,
  0xC6, 0xF8, 0xBA, 0xFA, 0xAE, 0xFC, 0xA3, 0xFE, 0x97, 0x00, 0x8B, 0x02,
  0x80, 0x04, 0x75, 0x06, 0x6A, 0x08, 0x5F, 0x0A, 0x54, 0x0C, 0xDF, 0x0D,
  0xEA, 0x0B, 0xF5, 0x09, 0xFF, 0x07, 0x09, 0x06, 0x13, 0x04, 0x1D, 0x02,
  0x27, 0x00, 0x31, 0xFE, 0x3A, 0xFC, 0x44, 0xFA, 0x4D, 0xF8, 0x56, 0xF6,
  0x5F, 0xF4, 0x68, 0xF2, 0x66, 0xF3, 0x5E, 0xF5, 0x55, 0xF7, 0x4D, 0xF9,
  0x45, 0xFB, 0x3C, 0xFD, 0x34, 0xFF, 0x2C, 0x01, 0x25, 0x03, 0x1D, 0x05,
  0x16, 0x07, 0x0E, 0x09, 0x07, 0x0B, 0x00, 0x0D, 0x30, 0x0D, 0x37, 0x0B,
  0x3E, 0x09, 0x44, 0x07, 0x4B, 0x05, 0x51, 0x03, 0x57, 0x01, 0x5D, 0xFF,
  0x63, 0xFD, 0x69, 0xFB, 0x6F, 0xF9, 0x74, 0xF7, 0x7A, 0xF5, 0x7F, 0xF3,
  0x53, 0xF2, 0x4E, 0xF4, 0x49, 0xF6, 0x44, 0xF8, 0x40, 0xFA, 0x3B, 0xFC,
  0x37, 0xFE, 0x32, 0x00, 0x2E, 0x02, 0x2A, 0x04, 0x26, 0x06, 0x22, 0x08,
  0x1F, 0x0A, 0x1B, 0x0C, 0x0F, 0x0E, 0x11, 0x0C, 0x13, 0x0A, 0x15, 0x08,
  0x19, 0x06, 0x1C, 0x04, 0x20, 0x02, 0x25, 0x00, 0x29, 0xFE, 0x2F, 0xFC,
  0x35, 0xFA, 0x3B, 0xF8, 0x42, 0xF6, 0x49, 0xF4, 0x50, 0xF2, 0xC0, 0xF3,
  0xBC, 0xF5, 0xB7, 0xF7, 0xB2, 0xF9, 0xAC, 0xFB, 0xA6, 0xFD, 0x9F, 0xFF,
  0x98, 0x01, 0x90, 0x03, 0x88, 0x05, 0x80, 0x07, 0x77, 0x09, 0x6D, 0x0B,
  0x64, 0x0D, 0x55, 0x0C, 0x5B, 0x0A, 0x63, 0x08, 0x6A, 0x06, 0x72, 0x04,
  0x7B, 0x02, 0x83, 0x00, 0x8D, 0xFE, 0x97, 0xFC, 0xA1, 0xFA, 0xAC, 0xF8,
  0xB7, 0xF6, 0xC2, 0xF4, 0xCF, 0xF2, 0xB0, 0xF3, 0xA7, 0xF5, 0x9E, 0xF7,
  0x94, 0xF9, 0x8A, 0xFB, 0x7F, 0xFD, 0x74, 0xFF, 0x68, 0x01, 0x5C, 0x03,
  0x4F, 0x05, 0x42, 0x07, 0x35, 0x09, 0x27, 0x0B, 0x19, 0x0D, 0x32, 0x0C,
  0x3D, 0x0A, 0x49, 0x08, 0x55, 0x06, 0x62, 0x04, 0x6F, 0x02, 0x7C, 0x00,
  0x8A, 0xFE, 0x99, 0xFC, 0xA8, 0xFA, 0xB7, 0xF8, 0xC7, 0xF6, 0xD7, 0xF4,
  0xE8, 0xF2, 0x05, 0xF4, 0xF7, 0xF5, 0xE9, 0xF7, 0xDB, 0xF9, 0xCC, 0xFB,
  0xBC, 0xFD, 0xAC, 0xFF, 0x9C, 0x01, 0x8B, 0x03, 0x7A, 0x05, 0x68, 0x07,
  0x56, 0x09, 0x43, 0x0B, 0x30, 0x0D, 0xAD, 0x0B, 0xBC, 0x09, 0xCD, 0x07,
  0xDE, 0x05, 0xEF, 0x03, 0x01, 0x02, 0x13, 0x00, 0x26, 0xFE, 0x39, 0xFC,
  0x4D, 0xFA, 0x61, 0xF8, 0x75, 0xF6, 0x8A, 0xF4, 0xCC, 0xF2, 0xBA, 0xF4,
  0xA8, 0xF6, 0x95, 0xF8, 0x81, 0xFA, 0x6E, 0xFC, 0x59, 0xFE, 0x45, 0x00,
  0x30, 0x02, 0x1A, 0x04, 0x04, 0x06, 0xED, 0x07, 0xD6, 0x09, 0xBF, 0x0B,
  0xB4, 0x0C, 0xC8, 0x0A, 0xDD, 0x08, 0xF3, 0x06, 0x08, 0x05, 0x1F, 0x03,
  0x35, 0x01, 0x4C, 0xFF, 0x64, 0xFD, 0x7C, 0xFB, 0x95, 0xF9, 0xAE, 0xF7,
  0xC7, 0xF5, 0xE1, 0xF3, 0xE3, 0xF3, 0xCC, 0xF5, 0xB4, 0xF7, 0x9D, 0xF9,
  0x84, 0xFB, 0x6C, 0xFD, 0x52, 0xFF, 0x39, 0x01, 0x1F, 0x03, 0x04, 0x05,
  0xE9, 0x06, 0xCD, 0x08, 0xB1, 0x0A, 0x95, 0x0C, 0x71, 0x0B, 0x8A, 0x09,
  0xA4, 0x07, 0xBE, 0x05, 0xD9, 0x03, 0xF4, 0x01, 0x10, 0x00, 0x2C, 0xFE,
  0x49, 0xFC, 0x66, 0xFA, 0x84, 0xF8, 0xA2, 0xF6, 0xC1, 0xF4, 0x6D, 0xF3,
  0x52, 0xF5, 0x36, 0xF7, 0x19, 0xF9, 0xFC, 0xFA, 0xDF, 0xFC, 0xC1, 0xFE,
  0xA3, 0x00, 0x84, 0x02, 0x65, 0x04, 0x45, 0x06, 0x25, 0x08, 0x04, 0x0A,
  0xE3, 0x0B, 0xB9, 0x0B, 0xD7, 0x09, 0xF6, 0x07, 0x15, 0x06, 0x34, 0x04,
  0x54, 0x02, 0x75, 0x00, 0x96, 0xFE, 0xB7, 0xFC, 0xD9, 0xFA, 0xFB, 0xF8,
  0x1E, 0xF7, 0x42, 0xF5, 0x65, 0xF3, 0x35, 0xF5, 0x15, 0xF7, 0xF3, 0xF8,
  0xD2, 0xFA, 0xAF, 0xFC, 0x8D, 0xFE, 0x6A, 0x00, 0x46, 0x02, 0x22, 0x04,
  0xFD, 0x05, 0xD8, 0x07, 0xB3, 0x09, 0x8D, 0x0B, 0xA6, 0x0B, 0xC8, 0x09,
  0xEC, 0x07, 0x10, 0x06, 0x34, 0x04, 0x59, 0x02, 0x7E, 0x00, 0xA4, 0xFE,
  0xCA, 0xFC, 0xF1, 0xFA, 0x19, 0xF9, 0x40, 0xF7, 0x69, 0xF5, 0x98, 0xF3,
  0x73, 0xF5, 0x4D, 0xF7, 0x27, 0xF9, 0x00, 0xFB, 0xD9, 0xFC, 0xB2, 0xFE,
  0x8A, 0x00, 0x61, 0x02, 0x38, 0x04, 0x0F, 0x06, 0xE5, 0x07, 0xBA, 0x09,
  0x8F, 0x0B, 0x3A, 0x0B, 0x62, 0x09, 0x8A, 0x07, 0xB3, 0x05, 0xDD, 0x03,
  0x06, 0x02, 0x31, 0x00, 0x5C, 0xFE, 0x87, 0xFC, 0xB3, 0xFA, 0xDF, 0xF8,
  0x0C, 0xF7, 0x39, 0xF5, 0x31, 0xF4, 0x06, 0xF6, 0xDC, 0xF7, 0xB1, 0xF9,
  0x85, 0xFB, 0x59, 0xFD, 0x2C, 0xFF, 0xFF, 0x00, 0xD1, 0x02, 0xA3, 0x04,
  0x74, 0x06, 0x45, 0x08, 0x16, 0x0A, 0xE5, 0x0B, 0x7A, 0x0A, 0xA7, 0x08,
  0xD5, 0x06, 0x03, 0x05, 0x31, 0x03, 0x61, 0x01, 0x90, 0xFF, 0xC0, 0xFD,
  0xF1, 0xFB, 0x22, 0xFA, 0x53, 0xF8, 0x85, 0xF6, 0xB8, 0xF4, 0x1B, 0xF5,
  0xEC, 0xF6, 0xBC, 0xF8, 0x8C, 0xFA, 0x5B, 0xFC, 0x29, 0xFE, 0xF7, 0xFF,
  0xC5, 0x01, 0x92, 0x03, 0x5F, 0x05, 0x2B, 0x07, 0xF6, 0x08, 0xC1, 0x0A,
  0x39, 0x0B, 0x6B, 0x09, 0x9D, 0x07, 0xD0, 0x05, 0x03, 0x04, 0x37, 0x02,
  0x6B, 0x00, 0xA0, 0xFE, 0xD6, 0xFC, 0x0B, 0xFB, 0x42, 0xF9, 0x79, 0xF7,
  0xB0, 0xF5, 0x88, 0xF4, 0x54, 0xF6, 0x1F, 0xF8, 0xEA, 0xF9, 0xB4, 0xFB,
  0x7E, 0xFD, 0x47, 0xFF, 0x10, 0x01, 0xD8, 0x02, 0xA0, 0x04, 0x67, 0x06,
  0x2E, 0x08, 0xF4, 0x09, 0xA1, 0x0B, 0xD8, 0x09, 0x0F, 0x08, 0x47, 0x06,
  0x7F, 0x04, 0xB8, 0x02, 0xF1, 0x00, 0x2B, 0xFF, 0x65, 0xFD, 0xA0, 0xFB,
  0xDB, 0xF9, 0x17, 0xF8, 0x54, 0xF6, 0x90, 0xF4, 0x11, 0xF6, 0xD7, 0xF7,
  0x9D, 0xF9, 0x62, 0xFB, 0x27, 0xFD, 0xEB, 0xFE, 0xAF, 0x00, 0x72, 0x02,
  0x34, 0x04, 0xF6, 0x05, 0xB8, 0x07, 0x79, 0x09, 0x3A, 0x0B, 0xF2, 0x09,
  0x2F, 0x08, 0x6C, 0x06, 0xA9, 0x04, 0xE7, 0x02, 0x25, 0x01, 0x64, 0xFF,
  0xA3, 0xFD, 0xE3, 0xFB, 0x24, 0xFA, 0x65, 0xF8, 0xA6, 0xF6, 0xE8, 0xF4,
  0x1E, 0xF6, 0xDF, 0xF7, 0xA0, 0xF9, 0x60, 0xFB, 0x1F, 0xFD, 0xDE, 0xFE,
  0x9D, 0x00, 0x5B, 0x02, 0x18, 0x04, 0xD5, 0x05, 0x92, 0x07, 0x4E, 0x09,
  0x09, 0x0B, 0xBE, 0x09, 0x00, 0x08, 0x42, 0x06, 0x84, 0x04, 0xC7, 0x02,
  0x0B, 0x01, 0x4F, 0xFF, 0x94, 0xFD, 0xD9, 0xFB, 0x1F, 0xFA, 0x65, 0xF8,
  0xAC, 0xF6, 0xF3, 0xF4, 0x78, 0xF6, 0x34, 0xF8, 0xF0, 0xF9, 0xAA, 0xFB,
  0x64, 0xFD, 0x1E, 0xFF, 0xD7, 0x00, 0x90, 0x02, 0x48, 0x04, 0x00, 0x06,
  0xB7, 0x07, 0x6E, 0x09, 0xF8, 0x0A, 0x3F, 0x09, 0x86, 0x07, 0xCD, 0x05,
  0x15, 0x04, 0x5D, 0x02, 0xA6, 0x00, 0xF0, 0xFE, 0x3A, 0xFD, 0x85, 0xFB,
  0xD0, 0xF9, 0x1B, 0xF8, 0x67, 0xF6, 0x65, 0xF5, 0x1C, 0xF7, 0xD2, 0xF8,
  0x88, 0xFA, 0x3E, 0xFC, 0xF2, 0xFD, 0xA7, 0xFF, 0x5A, 0x01, 0x0E, 0x03,
  0xC0, 0x04, 0x72, 0x06, 0x24, 0x08, 0xD5, 0x09, 0x2C, 0x0A, 0x78, 0x08,
  0xC4, 0x06, 0x11, 0x05, 0x5F, 0x03, 0xAD, 0x01, 0xFB, 0xFF, 0x4A, 0xFE,
  0x9A, 0xFC, 0xEA, 0xFA, 0x3B, 0xF9, 0x8C, 0xF7, 0xDD, 0xF5, 0x54, 0xF6,
  0x05, 0xF8, 0xB6, 0xF9, 0x66, 0xFB, 0x16, 0xFD, 0xC5, 0xFE, 0x74, 0x00,
  0x22, 0x02, 0xCF, 0x03, 0x7C, 0x05, 0x29, 0x07, 0xD5, 0x08, 0x80, 0x0A,
  0x1C, 0x09, 0x6E, 0x07, 0xC0, 0x05, 0x12, 0x04, 0x65, 0x02, 0xB9, 0x00,
  0x0D, 0xFF, 0x62, 0xFD, 0xB7, 0xFB, 0x0D, 0xFA, 0x63, 0xF8, 0xBA, 0xF6,
  0xD8, 0xF5, 0x84, 0xF7, 0x30, 0xF9, 0xDB, 0xFA, 0x85, 0xFC, 0x2F, 0xFE,
  0xD9, 0xFF, 0x82, 0x01, 0x2A, 0x03, 0xD2, 0x04, 0x79, 0x06, 0x20, 0x08,
  0xC6, 0x09, 0x75, 0x09, 0xCC, 0x07, 0x23, 0x06, 0x7B, 0x04, 0xD4, 0x02,
  0x2D, 0x01, 0x86, 0xFF, 0xE0, 0xFD, 0x3B, 0xFC, 0x96, 0xFA, 0xF1, 0xF8,
  0x4D, 0xF7, 0xAA, 0xF5, 0x4C, 0xF7, 0xF3, 0xF8, 0x98, 0xFA, 0x3E, 0xFC,
  0xE2, 0xFD, 0x86, 0xFF, 0x2A, 0x01, 0xCD, 0x02, 0x6F, 0x04, 0x11, 0x06,
  0xB3, 0x07, 0x54, 0x09, 0x87, 0x09, 0xE3, 0x07, 0x40, 0x06, 0x9D, 0x04,
  0xFB, 0x02, 0x59, 0x01, 0xB8, 0xFF, 0x18, 0xFE, 0x78, 0xFC, 0xD8, 0xFA,
  0x39, 0xF9, 0x9B, 0xF7, 0xFD, 0xF5, 0x5A, 0xF7, 0xFB, 0xF8, 0x9B, 0xFA,
  0x3B, 0xFC, 0xDA, 0xFD, 0x79, 0xFF, 0x17, 0x01, 0xB4, 0x02, 0x51, 0x04,
  0xEE, 0x05, 0x8A, 0x07, 0x25, 0x09, 0x55, 0x09, 0xB7, 0x07, 0x19, 0x06,
  0x7C, 0x04, 0xDF, 0x02, 0x43, 0x01, 0xA8, 0xFF, 0x0D, 0xFE, 0x72, 0xFC,
  0xD8, 0xFA, 0x3F, 0xF9, 0xA6, 0xF7, 0x0E, 0xF6, 0xAA, 0xF7, 0x45, 0xF9,
  0xE0, 0xFA, 0x7A, 0xFC, 0x14, 0xFE, 0xAD, 0xFF, 0x45, 0x01, 0xDD, 0x02,
  0x74, 0x04, 0x0B, 0x06, 0xA1, 0x07, 0x37, 0x09, 0xE3, 0x08, 0x4A, 0x07,
  0xB2, 0x05, 0x1A, 0x04, 0x84, 0x02, 0xED, 0x00, 0x57, 0xFF, 0xC2, 0xFD,
  0x2D, 0xFC, 0x99, 0xFA, 0x05, 0xF9, 0x72, 0xF7, 0xA2, 0xF6, 0x38, 0xF8,
  0xCE, 0xF9, 0x63, 0xFB, 0xF7, 0xFC, 0x8B, 0xFE, 0x1E, 0x00, 0xB1, 0x01,
  0x43, 0x03, 0xD5, 0x04, 0x66, 0x06, 0xF6, 0x07, 0x86, 0x09, 0x33, 0x08,
  0xA1, 0x06, 0x0E, 0x05, 0x7D, 0x03, 0xEB, 0x01, 0x5B, 0x00, 0xCB, 0xFE,
  0x3B, 0xFD, 0xAC, 0xFB, 0x1E, 0xFA, 0x90, 0xF8, 0x03, 0xF7, 0x72, 0xF7,
  0x02, 0xF9, 0x92, 0xFA, 0x21, 0xFC, 0xAF, 0xFD, 0x3D, 0xFF, 0xCA, 0x00,
  0x57, 0x02, 0xE3, 0x03, 0x6F, 0x05, 0xFA, 0x06, 0x84, 0x08, 0xD8, 0x08,
  0x4B, 0x07, 0xBE, 0x05, 0x31, 0x04, 0xA6, 0x02, 0x1B, 0x01, 0x90, 0xFF,
  0x06, 0xFE, 0x7C, 0xFC, 0xF4, 0xFA, 0x6B, 0xF9, 0xE3, 0xF7, 0xEE, 0xF6,
  0x79, 0xF8, 0x03, 0xFA, 0x8D, 0xFB, 0x16, 0xFD, 0x9E, 0xFE, 0x26, 0x00,
  0xAD, 0x01, 0x34, 0x03, 0xBA, 0x04, 0x40, 0x06, 0xC5, 0x07, 0x3B, 0x09,
  0xB4, 0x07, 0x2C, 0x06, 0xA5, 0x04, 0x1F, 0x03, 0x9A, 0x01, 0x15, 0x00,
  0x90, 0xFE, 0x0C, 0xFD, 0x89, 0xFB, 0x06, 0xFA, 0x84, 0xF8, 0x02, 0xF7,
  0x2F, 0xF8, 0xB4, 0xF9, 0x38, 0xFB, 0xBB, 0xFC, 0x3E, 0xFE, 0xC0, 0xFF,
  0x42, 0x01, 0xC3, 0x02, 0x44, 0x04, 0xC4, 0x05, 0x43, 0x07, 0xC2, 0x08,
  0xDE, 0x07, 0x5D, 0x06, 0xDC, 0x04, 0x5B, 0x03, 0xDB, 0x01, 0x5C, 0x00,
  0xDD, 0xFE, 0x5F, 0xFD, 0xE1, 0xFB, 0x64, 0xFA, 0xE7, 0xF8, 0x6C, 0xF7,
  0x23, 0xF8, 0xA1, 0xF9, 0x20, 0xFB, 0x9D, 0xFC, 0x1A, 0xFE, 0x97, 0xFF,
  0x13, 0x01, 0x8E, 0x02, 0x09, 0x04, 0x83, 0x05, 0xFC, 0x06, 0x75, 0x08,
  0xCE, 0x07, 0x52, 0x06, 0xD7, 0x04, 0x5C, 0x03, 0xE2, 0x01, 0x69, 0x00,
  0xF0, 0xFE, 0x77, 0xFD, 0xFF, 0xFB, 0x88, 0xFA, 0x12, 0xF9, 0x9C, 0xF7,
  0x4F, 0xF8, 0xC8, 0xF9, 0x40, 0xFB, 0xB8, 0xFC, 0x2F, 0xFE, 0xA6, 0xFF,
  0x1C, 0x01, 0x91, 0x02, 0x06, 0x04, 0x7A, 0x05, 0xEE, 0x06, 0x61, 0x08,
  0x87, 0x07, 0x11, 0x06, 0x9B, 0x04, 0x27, 0x03, 0xB2, 0x01, 0x3F, 0x00,
  0xCC, 0xFE, 0x59, 0xFD, 0xE7, 0xFB, 0x76, 0xFA, 0x06, 0xF9, 0x95, 0xF7,
  0xB1, 0xF8, 0x24, 0xFA, 0x96, 0xFB, 0x08, 0xFD, 0x79, 0xFE, 0xEA, 0xFF,
  0x5A, 0x01, 0xC9, 0x02, 0x38, 0x04, 0xA6, 0x05, 0x14, 0x07, 0x7B, 0x08,
  0x0B, 0x07, 0x9B, 0x05, 0x2C, 0x04, 0xBD, 0x02, 0x4F, 0x01, 0xE1, 0xFF,
  0x74, 0xFE, 0x08, 0xFD, 0x9C, 0xFB, 0x31, 0xFA, 0xC7, 0xF8, 0xD8, 0xF7,
  0x46, 0xF9, 0xB3, 0xFA, 0x1F, 0xFC, 0x8A, 0xFD, 0xF5, 0xFE, 0x60, 0x00,
  0xCA, 0x01, 0x33, 0x03, 0x9C, 0x04, 0x04, 0x06, 0x6B, 0x07, 0xC8, 0x07,
  0x5E, 0x06, 0xF4, 0x04, 0x8B, 0x03, 0x23, 0x02, 0xBB, 0x00, 0x53, 0xFF,
  0xED, 0xFD, 0x87, 0xFC, 0x21, 0xFB, 0xBC, 0xF9, 0x58, 0xF8, 0xA3, 0xF8,
  0x0A, 0xFA, 0x70, 0xFB, 0xD6, 0xFC, 0x3C, 0xFE, 0xA0, 0xFF, 0x05, 0x01,
  0x68, 0x02, 0xCB, 0x03, 0x2D, 0x05, 0x8F, 0x06, 0xF0, 0x07, 0xE7, 0x06,
  0x83, 0x05, 0x20, 0x04, 0xBD, 0x02, 0x5B, 0x01, 0xFA, 0xFF, 0x99, 0xFE,
  0x38, 0xFD, 0xD9, 0xFB, 0x79, 0xFA, 0x1B, 0xF9, 0x38, 0xF8, 0x99, 0xF9,
  0xFA, 0xFA, 0x5A, 0xFC, 0xBA, 0xFD, 0x19, 0xFF, 0x77, 0x00, 0xD5, 0x01,
  0x32, 0x03, 0x8E, 0x04, 0xEA, 0x05, 0x45, 0x07, 0x3A, 0x07, 0xDC, 0x05,
  0x7E, 0x04, 0x22, 0x03, 0xC5, 0x01, 0x6A, 0x00, 0x0F, 0xFF, 0xB4, 0xFD,
  0x5A, 0xFC, 0x01, 0xFB, 0xA9, 0xF9, 0x51, 0xF8, 0x5E, 0xF9, 0xB9, 0xFA,
  0x13, 0xFC, 0x6C, 0xFD, 0xC5, 0xFE, 0x1E, 0x00, 0x75, 0x01, 0xCD, 0x02,
  0x23, 0x04, 0x79, 0x05, 0xCE, 0x06, 0x59, 0x07, 0x01, 0x06, 0xAA, 0x04,
  0x53, 0x03, 0xFC, 0x01, 0xA7, 0x00, 0x52, 0xFF, 0xFD, 0xFD, 0xAA, 0xFC,
  0x56, 0xFB, 0x04, 0xFA, 0xB2, 0xF8, 0x54, 0xF9, 0xA9, 0xFA, 0xFD, 0xFB,
  0x51, 0xFD, 0xA4, 0xFE, 0xF6, 0xFF, 0x48, 0x01, 0x99, 0x02, 0xE9, 0x03,
  0x39, 0x05, 0x88, 0x06, 0x48, 0x07, 0xF6, 0x05, 0xA4, 0x04, 0x54, 0x03,
  0x03, 0x02, 0xB4, 0x00, 0x65, 0xFF, 0x17, 0xFE, 0xC9, 0xFC, 0x7C, 0xFB,
  0x30, 0xFA, 0xE4, 0xF8, 0x7A, 0xF9, 0xC9, 0xFA, 0x16, 0xFC, 0x64, 0xFD,
  0xB0, 0xFE, 0xFC, 0xFF, 0x48, 0x01, 0x93, 0x02, 0xDD, 0x03, 0x26, 0x05,
  0x6F, 0x06, 0x08, 0x07, 0xBD, 0x05, 0x72, 0x04, 0x27, 0x03, 0xDD, 0x01,
  0x94, 0x00, 0x4C, 0xFF, 0x04, 0xFE, 0xBC, 0xFC, 0x76, 0xFB, 0x30, 0xFA,
  0xEA, 0xF8, 0xCC, 0xF9, 0x14, 0xFB, 0x5B, 0xFC, 0xA2, 0xFD, 0xE9, 0xFE,
  0x2E, 0x00, 0x74, 0x01, 0xB8, 0x02, 0xFC, 0x03, 0x3F, 0x05, 0x81, 0x06,
  0x9F, 0x06, 0x59, 0x05, 0x15, 0x04, 0xD1, 0x02, 0x8D, 0x01, 0x4A, 0x00,
  0x08, 0xFF, 0xC7, 0xFD, 0x86, 0xFC, 0x46, 0xFB, 0x06, 0xFA, 0x04, 0xF9,
  0x46, 0xFA, 0x88, 0xFB, 0xC9, 0xFC, 0x0A, 0xFE, 0x4A, 0xFF, 0x89, 0x00,
  0xC7, 0x01, 0x05, 0x03, 0x43, 0x04, 0x7F, 0x05, 0xBB, 0x06, 0x0D, 0x06,
  0xCF, 0x04, 0x90, 0x03, 0x53, 0x02, 0x16, 0x01, 0xDA, 0xFF, 0x9E, 0xFE,
  0x63, 0xFD, 0x29, 0xFC, 0xEF, 0xFA, 0xB6, 0xF9, 0xAB, 0xF9, 0xE7, 0xFA,
  0x22, 0xFC, 0x5D, 0xFD, 0x96, 0xFE, 0xD0, 0xFF, 0x08, 0x01, 0x40, 0x02,
  0x78, 0x03, 0xAE, 0x04, 0xE4, 0x05, 0x91, 0x06, 0x58, 0x05, 0x20, 0x04,
  0xE8, 0x02, 0xB1, 0x01, 0x7B, 0x00, 0x46, 0xFF, 0x11, 0xFE, 0xDC, 0xFC,
  0xA9, 0xFB, 0x76, 0xFA, 0x44, 0xF9, 0x75, 0xFA, 0xAA, 0xFB, 0xDF, 0xFC,
  0x12, 0xFE, 0x46, 0xFF, 0x78, 0x00, 0xAA, 0x01, 0xDB, 0x02, 0x0C, 0x04,
  0x3B, 0x05, 0x6B, 0x06, 0xB3, 0x05, 0x81, 0x04, 0x50, 0x03, 0x1F, 0x02,
  0xEF, 0x00, 0xBF, 0xFF, 0x91, 0xFE, 0x63, 0xFD, 0x35, 0xFC, 0x08, 0xFB,
  0xDC, 0xF9, 0x30, 0xFA, 0x5F, 0xFB, 0x8D, 0xFC, 0xBB, 0xFD, 0xE8, 0xFE,
  0x14, 0x00, 0x3F, 0x01, 0x6A, 0x02, 0x95, 0x03, 0xBE, 0x04, 0xE7, 0x05,
  0xE3, 0x05, 0xB7, 0x04, 0x8C, 0x03, 0x61, 0x02, 0x38, 0x01, 0x0F, 0x00,
  0xE6, 0xFE, 0xBE, 0xFD, 0x97, 0xFC, 0x71, 0xFB, 0x4B, 0xFA, 0x15, 0xFA,
  0x3D, 0xFB, 0x65, 0xFC, 0x8C, 0xFD, 0xB3, 0xFE, 0xD9, 0xFF, 0xFE, 0x00,
  0x23, 0x02, 0x47, 0x03, 0x6A, 0x04, 0x8C, 0x05, 0xEA, 0x05, 0xC5, 0x04,
  0xA0, 0x03, 0x7C, 0x02, 0x59, 0x01, 0x36, 0x00, 0x14, 0xFF, 0xF3, 0xFD,
  0xD2, 0xFC, 0xB2, 0xFB, 0x93, 0xFA, 0x21, 0xFA, 0x43, 0xFB, 0x64, 0xFC,
  0x85, 0xFD, 0xA5, 0xFE, 0xC4, 0xFF, 0xE3, 0x00, 0x01, 0x02, 0x1F, 0x03,
  0x3B, 0x04, 0x57, 0x05, 0xCC, 0x05, 0xAD, 0x04, 0x8F, 0x03, 0x71, 0x02,
  0x54, 0x01, 0x38, 0x00, 0x1D, 0xFF, 0x02, 0xFE, 0xE8, 0xFC, 0xCE, 0xFB,
  0xB6, 0xFA, 0x51, 0xFA, 0x6C, 0xFB, 0x87, 0xFC, 0xA1, 0xFD, 0xBB, 0xFE,
  0xD4, 0xFF, 0xEC, 0x00, 0x03, 0x02, 0x1A, 0x03, 0x30, 0x04, 0x46, 0x05,
  0x8A, 0x05, 0x72, 0x04, 0x5B, 0x03, 0x44, 0x02, 0x2E, 0x01, 0x18, 0x00,
  0x03, 0xFF, 0xEF, 0xFD, 0xDC, 0xFC, 0xC9, 0xFB, 0xB7, 0xFA, 0xA3, 0xFA,
  0xB7, 0xFB, 0xCC, 0xFC, 0xDF, 0xFD, 0xF2, 0xFE, 0x04, 0x00, 0x15, 0x01,
  0x26, 0x02, 0x36, 0x03, 0x45, 0x04, 0x54, 0x05, 0x29, 0x05, 0x17, 0x04,
  0x07, 0x03, 0xF7, 0x01, 0xE7, 0x00, 0xD9, 0xFF, 0xCB, 0xFE, 0xBE, 0xFD,
  0xB1, 0xFC, 0xA5, 0xFB, 0x9A, 0xFA, 0x13, 0xFB, 0x21, 0xFC, 0x2E, 0xFD,
  0x3B, 0xFE, 0x47, 0xFF, 0x52, 0x00, 0x5C, 0x01, 0x66, 0x02, 0x6F, 0x03,
  0x78, 0x04, 0x7F, 0x05, 0xAA, 0x04, 0xA0, 0x03, 0x96, 0x02, 0x8D, 0x01,
  0x85, 0x00, 0x7D, 0xFF, 0x76, 0xFE, 0x6F, 0xFD, 0x6A, 0xFC, 0x65, 0xFB,
  0x97, 0xFA, 0x9F, 0xFB, 0xA6, 0xFC, 0xAC, 0xFD, 0xB2, 0xFE, 0xB7, 0xFF,
  0xBB, 0x00, 0xBE, 0x01, 0xC1, 0x02, 0xC3, 0x03, 0xC5, 0x04, 0x15, 0x05,
  0x11, 0x04, 0x0E, 0x03, 0x0B, 0x02, 0x09, 0x01, 0x08, 0x00, 0x07, 0xFF,
  0x07, 0xFE, 0x08, 0xFD, 0x0A, 0xFC, 0x0C, 0xFB, 0x44, 0xFB, 0x44, 0xFC,
  0x44, 0xFD, 0x43, 0xFE, 0x42, 0xFF, 0x3F, 0x00, 0x3C, 0x01, 0x39, 0x02,
  0x4A, 0x03, 0x5A, 0x04, 0x6A, 0x05, 0xB7, 0x04, 0xD5, 0x03, 0xF4, 0x02,
  0x15, 0x02, 0x37, 0x01, 0x57, 0x00, 0x5E, 0xFF, 0x9E, 0xFC, 0x87, 0xFB,
  0x63, 0xFA, 0xD2, 0xF9, 0xA9, 0xFA, 0x8D, 0xFB, 0x86, 0xFC, 0x77, 0xFD,
  0x3A, 0xFE, 0x23, 0xFF, 0x19, 0x00, 0x98, 0x04, 0x92, 0x05, 0xBF, 0x06,
  0x7E, 0x06, 0xC5, 0x05, 0xE4, 0x04, 0xFB, 0x03, 0x2E, 0x03, 0x55, 0x02,
  0x9C, 0x01, 0xD6, 0x00, 0x15, 0x00, 0x8D, 0xF9, 0x93, 0xF8, 0x09, 0xF9,
  0xC7, 0xF9, 0x9B, 0xFA, 0x80, 0xFB, 0x79, 0xFC, 0x4F, 0xFD, 0x15, 0xFE,
  0x01, 0xFF, 0xB3, 0xFF, 0xF6, 0x07, 0x11, 0x08, 0x75, 0x07, 0x73, 0x06,
  0x59, 0x05, 0x51, 0x04, 0x49, 0x03, 0x88, 0x02, 0xE2, 0x01, 0x09, 0x01,
  0x3A, 0x00, 0xAA, 0xFF, 0xF0, 0xF6, 0xCD, 0xF7, 0xFF, 0xF8, 0x84, 0xF9,
  0x03, 0xFA, 0xFF, 0xFA, 0x09, 0xFC, 0x90, 0xFC, 0x60, 0xFD, 0x99, 0xFE,
  0x0F, 0xFF, 0x53, 0x09, 0xC0, 0x08, 0xDD, 0x07, 0xA1, 0x06, 0xA1, 0x05,
  0x7E, 0x04, 0x1E, 0x04, 0x70, 0x03, 0xF5, 0x02, 0xD7, 0x01, 0x4D, 0x02,
  0x58, 0x03, 0x7A, 0xF7, 0xCF, 0xF7, 0xBA, 0xF8, 0xCE, 0xF9, 0x25, 0xFA,
  0x9A, 0xFA, 0x13, 0xFB, 0xA0, 0xFC, 0x7E, 0xFC, 0x52, 0xFB, 0x69, 0xFA,
  0x11, 0x09, 0x13, 0x08, 0x1E, 0x07, 0x7A, 0x06, 0x72, 0x05, 0x49, 0x05,
  0x76, 0x04, 0x94, 0x03, 0x37, 0x04, 0xF9, 0x05, 0xC9, 0x06, 0xB0, 0x07,
  0x88, 0xF7, 0xC2, 0xF8, 0x0C, 0xF9, 0xFB, 0xF9, 0x49, 0xFB, 0x61, 0xFB,
  0x2D, 0xFB, 0xC4, 0xFA, 0x93, 0xF9, 0x9F, 0xF8, 0xE8, 0xF7, 0xA4, 0xF6,
  0x66, 0x08, 0x12, 0x07, 0xFD, 0x05, 0xF5, 0x05, 0x64, 0x05, 0x69, 0x06,
  0xE0, 0x06, 0x80, 0x08, 0x47, 0x09, 0x52, 0x0A, 0xA3, 0x0B, 0x5A, 0x0C,
  0x86, 0xF7, 0x04, 0xF8, 0x2E, 0xF9, 0xA7, 0xF9, 0x2C, 0xF9, 0x17, 0xF8,
  0xE4, 0xF6, 0xF9, 0xF5, 0x01, 0xF5, 0x0B, 0xF4, 0x9A, 0xF3, 0x5B, 0xF3,
  0xB2, 0x08, 0xF2, 0x08, 0x6D, 0x09, 0x4A, 0x0A, 0x87, 0x0A, 0x9F, 0x0A,
  0x05, 0x0B, 0xAF, 0x0C, 0x19, 0x0E, 0xC4, 0x0F, 0xB3, 0x0F, 0x91, 0x10,
  0x78, 0xF7, 0x37, 0xF6, 0xBA, 0xF4, 0xF1, 0xF3, 0xA0, 0xF3, 0x36, 0xF3,
  0x80, 0xF2, 0x6C, 0xF1, 0xAD, 0xF0, 0x88, 0xEF, 0xB1, 0xEF, 0x1C, 0xF1,
  0x2B, 0x0C, 0xB8, 0x0D, 0xFB, 0x0D, 0x8B, 0x0E, 0x11, 0x10, 0x48, 0x10,
  0xE7, 0x10, 0x02, 0x11, 0x16, 0x12, 0x9E, 0x11, 0x66, 0x11, 0x68, 0x10,
  0x05, 0xF3, 0x97, 0xF2, 0xFA, 0xF1, 0xD9, 0xEF, 0xAE, 0xED, 0xFF, 0xEB,
  0x0E, 0xEB, 0x0E, 0xED, 0xD7, 0xEE, 0x5D, 0xEE, 0xB3, 0xEF, 0x72, 0xEF,
  0xB3, 0xF0, 0x87, 0x11, 0x2B, 0x13, 0x92, 0x12, 0x16, 0x14, 0xEF, 0x13,
  0xA4, 0x11, 0x64, 0x10, 0xEB, 0x10, 0x22, 0x10, 0xB2, 0x0F, 0x0B, 0x10,
  0x1D, 0x10, 0x5E, 0xEC, 0x69, 0xEB, 0xEB, 0xEC, 0x1A, 0xED, 0xDF, 0xED,
  0x65, 0xED, 0xA2, 0xEC, 0xF7, 0xED, 0xAB, 0xED, 0x02, 0xEF, 0x65, 0xF0,
  0x7C, 0xF0, 0x7A, 0x12, 0x1C, 0x13, 0x80, 0x13, 0x62, 0x13, 0x79, 0x12,
  0x9C, 0x11, 0x7A, 0x10, 0x89, 0x10, 0xC8, 0x0E, 0xE2, 0x0D, 0x28, 0x0D,
  0x21, 0x0D, 0x6D, 0x0F, 0xC2, 0xEB, 0x52, 0xEC, 0xF2, 0xEB, 0xB5, 0xED,
  0xD9, 0xED, 0x08, 0xEE, 0xF3, 0xED, 0x91, 0xEE, 0x25, 0xEF, 0xDC, 0xEF,
  0x29, 0xEE, 0x4A, 0xED, 0x78, 0x13, 0xE5, 0x11, 0x30, 0x12, 0x0B, 0x12,
  0xD1, 0x11, 0x93, 0x11, 0x39, 0x11, 0xDB, 0x13, 0x04, 0x15, 0x75, 0x16,
  0x65, 0x16, 0x90, 0x15, 0x38, 0x15, 0xEE, 0xEC, 0xE6, 0xEC, 0x48, 0xEE,
  0x1F, 0xEF, 0x1E, 0xEF, 0xF7, 0xED, 0x62, 0xED, 0x9C, 0xED, 0x7B, 0xEC,
  0x94, 0xE9, 0xC6, 0xE8, 0xC5, 0xE7, 0xA3, 0xE5, 0xA6, 0x11, 0xA2, 0x11,
  0x34, 0x14, 0x56, 0x15, 0x89, 0x17, 0xE4, 0x17, 0x3A, 0x18, 0x02, 0x1A,
  0x45, 0x1A, 0x8A, 0x19, 0x9E, 0x18, 0x19, 0x19, 0x94, 0x19, 0xC7, 0xEA,
  0xDF, 0xE7, 0x0A, 0xE8, 0x0B, 0xE7, 0x5A, 0xE7, 0xA4, 0xE7, 0x14, 0xE7,
  0x3F, 0xE6, 0xA6, 0xE7, 0x2A, 0xE9, 0xBE, 0xE9, 0xA2, 0xEA, 0xCD, 0x1B,
  0xED, 0x1C, 0xCA, 0x1B, 0x50, 0x1A, 0x74, 0x1B, 0xA0, 0x18, 0x31, 0x18,
  0xE8, 0x16, 0x1D, 0x18, 0xB6, 0x15, 0x85, 0x16, 0x9D, 0x14, 0xAC, 0x13,
  0x63, 0xE0, 0x58, 0xE2, 0xF1, 0xE1, 0x10, 0xE2, 0xFB, 0xE2, 0x27, 0xE3,
  0x87, 0xE5, 0x9B, 0xE6, 0xE6, 0xE6, 0x26, 0xE9, 0xE2, 0xE8, 0x5D, 0xE7,
  0xA5, 0xE7, 0x44, 0x1D, 0x8C, 0x1A, 0xFA, 0x1B, 0x44, 0x19, 0xA5, 0x17,
  0x53, 0x18, 0x26, 0x1A, 0x6C, 0x18, 0x71, 0x19, 0x05, 0x18, 0xF6, 0x18,
  0x0E, 0x18, 0x23, 0x1A, 0xF6, 0x19, 0x77, 0xE2, 0xA2, 0xE2, 0xEC, 0xE4,
  0xA4, 0xE6, 0xA3, 0xE5, 0xB6, 0xE6, 0x2E, 0xE4, 0x22, 0xE5, 0xB8, 0xE4,
  0xBB, 0xE4, 0x63, 0xE2, 0x95, 0xE2, 0xED, 0xE3, 0x40, 0x1B, 0x8C, 0x1A,
  0x25, 0x1C, 0xA4, 0x1C, 0x9C, 0x1B, 0x51, 0x1C, 0xDB, 0x1D, 0x86, 0x1C,
  0xBE, 0x1B, 0xCA, 0x1D, 0x47, 0x1F, 0x25, 0x20, 0x53, 0x1F, 0x11, 0xE4,
  0x23, 0xE3, 0x32, 0xE1, 0x26, 0xDF, 0xF4, 0xDE, 0x6B, 0xDD, 0x1F, 0xDF,
  0x0F, 0xDF, 0x25, 0xE2, 0xC5, 0xE1, 0x1B, 0xE1, 0xBE, 0xE2, 0x20, 0xE5,
  0x15, 0x22, 0xAD, 0x23, 0x46, 0x22, 0xB6, 0x22, 0x11, 0x23, 0x1D, 0x23,
  0xE1, 0x23, 0x95, 0x20, 0xEE, 0x20, 0x0F, 0x1E, 0x87, 0x1D, 0x7A, 0x1E,
  0x59, 0x1E, 0x54, 0x20, 0x3E, 0xDE, 0x29, 0xDF, 0x71, 0xDD, 0x1D, 0xDE,
  0x65, 0xDF, 0x4C, 0xE1, 0x2C, 0xE3, 0x85, 0xE0, 0x80, 0xE1, 0x4D, 0xDF,
  0x0B, 0xE1, 0x20, 0xE2, 0xAD, 0xE2, 0x75, 0x23, 0x8D, 0x23, 0x91, 0x21,
  0xE6, 0x21, 0xA5, 0x1F, 0x99, 0x1D, 0xCF, 0x1B, 0x49, 0x1B, 0xDC, 0x1A,
  0xA2, 0x1B, 0x4A, 0x1D, 0xC2, 0x20, 0xDF, 0x1F, 0x8C, 0x20, 0x7A, 0xDF,
  0x01, 0xE2, 0xB6, 0xE0, 0x34, 0xDE, 0xC7, 0xDF, 0x78, 0xDD, 0x8E, 0xDE,
  0x7C, 0xDD, 0xE0, 0xDF, 0xD4, 0xDE, 0x2E, 0xE0, 0x1C, 0xE0, 0x2F, 0xDF,
  0x76, 0xDE, 0xBF, 0x1F, 0x1D, 0x1E, 0x5A, 0x1E, 0x2B, 0x21, 0x1C, 0x21,
  0x7E, 0x23, 0x82, 0x24, 0x47, 0x23, 0xA8, 0x20, 0x56, 0x20, 0x38, 0x1F,
  0x23, 0x21, 0x7C, 0x1F, 0xB5, 0xDE, 0xF1, 0xDC, 0xFE, 0xDB, 0x18, 0xDB,
  0x49, 0xDE, 0xA6, 0xDF, 0xFA, 0xE0, 0xA7, 0xDE, 0x23, 0xDE, 0x81, 0xE0,
  0x4E, 0xE2, 0x4A, 0xE3, 0x84, 0xE5, 0x09, 0xE2, 0x18, 0x23, 0x15, 0x25,
  0xA7, 0x25, 0x27, 0x23, 0x04, 0x21, 0x3C, 0x20, 0xD1, 0x1D, 0x9D, 0x20,
  0x8B, 0x20, 0x36, 0x21, 0x82, 0x20, 0x09, 0x20, 0xDF, 0x1F, 0x72, 0x1E,
  0x1C, 0xDC, 0xF9, 0xDA, 0x2C, 0xDC, 0x18, 0xDD, 0xE7, 0xDB, 0x68, 0xDD,
  0x43, 0xE0, 0xAE, 0xE0, 0x0A, 0xE1, 0x26, 0xDE, 0x4B, 0xDD, 0x30, 0xDD,
  0x5D, 0xDB, 0x40, 0xDA, 0x6C, 0x20, 0x5F, 0x23, 0x3C, 0x24, 0xEB, 0x21,
  0x09, 0x20, 0x02, 0x21, 0xA1, 0x21, 0xFA, 0x23, 0x9C, 0x25, 0xB6, 0x24,
  0xA6, 0x24, 0x15, 0x25, 0x6F, 0x22, 0x7F, 0x21, 0x7C, 0x1F, 0x9D, 0xDD,
  0x82, 0xDC, 0x6F, 0xDD, 0x04, 0xDE, 0x17, 0xDD, 0x1D, 0xDE, 0xBA, 0xDC,
  0x40, 0xDC, 0xD3, 0xDC, 0x8D, 0xDB, 0xDE, 0xDD, 0xB5, 0xDD, 0x59, 0xDF,
  0xF4, 0xDE, 0x2E, 0x23, 0xC7, 0x23, 0xF7, 0x20, 0x35, 0x1F, 0x6F, 0x1F,
  0x60, 0x1F, 0x99, 0x21, 0x2C, 0x23, 0x40, 0x24, 0xC6, 0x21, 0xA4, 0x22,
  0x42, 0x23, 0xDF, 0x20, 0xAD, 0x20, 0x53, 0xDD, 0xF5, 0xDB, 0x90, 0xDD,
  0x9B, 0xDD, 0xD3, 0xDE, 0x80, 0xE0, 0xB9, 0xDE, 0x69, 0xE0, 0x94, 0xE1,
  0xA6, 0xDE, 0xB4, 0xE0, 0xF9, 0xE0, 0x59, 0xE1, 0x6B, 0xDE, 0xDF, 0xDE,
  0xF6, 0x23, 0x67, 0x22, 0x56, 0x24, 0x88, 0x21, 0x84, 0x20, 0x9D, 0x21,
  0x03, 0x20, 0x67, 0x21, 0x64, 0x1F, 0x15, 0x20, 0x6C, 0x1E, 0x7B, 0x20,
  0xE8, 0x20, 0x37, 0x1F, 0xE6, 0xDC, 0x1C, 0xDB, 0x24, 0xDC, 0xF0, 0xDA,
  0x44, 0xDB, 0x43, 0xDA, 0xB8, 0xDD, 0x71, 0xE0, 0x9E, 0xDE, 0x6A, 0xE0,
  0x95, 0xE1, 0xA0, 0xE2, 0x20, 0xE1, 0xCC, 0xE1, 0xF4, 0xE1, 0x6F, 0x25,
  0x6C, 0x22, 0xEA, 0x22, 0xF6, 0x22, 0x22, 0x22, 0x87, 0x20, 0x32, 0x23,
  0x29, 0x23, 0x64, 0x20, 0xDB, 0x21, 0xB1, 0x23, 0x37, 0x24, 0xE1, 0x22,
  0x1C, 0x24, 0x90, 0x23, 0x31, 0xDF, 0xAC, 0xDE, 0x92, 0xDD, 0xD6, 0xDB,
  0x2E, 0xDC, 0x9C, 0xDD, 0x30, 0xDC, 0x36, 0xDB, 0x22, 0xDE, 0x0B, 0xDE,
  0x36, 0xDD, 0xEC, 0xDF, 0x95, 0xDE, 0x37, 0xDD, 0x62, 0x1F, 0x46, 0x1F,
  0x6A, 0x21, 0xDF, 0x1F, 0x3C, 0x1F, 0x5F, 0x1F, 0x10, 0x20, 0xC3, 0x22,
  0xB3, 0x20, 0x50, 0x1F, 0x1D, 0x1E, 0x60, 0x20, 0x77, 0x21, 0xFB, 0x23,
  0xF4, 0x21, 0x4C, 0xE1, 0xA5, 0xDF, 0xAA, 0xDD, 0xE5, 0xDE, 0x9B, 0xDE,
  0x83, 0xDF, 0x4D, 0xE1, 0x2F, 0xDF, 0x0B, 0xE0, 0xD1, 0xDD, 0xAE, 0xE0,
  0x84, 0xE0, 0xE5, 0xE1, 0x6C, 0xE1, 0x41, 0xE2, 0x4D, 0xE3, 0x1A, 0x22,
  0xF7, 0x1F, 0xD5, 0x1E, 0x0C, 0x1E, 0x79, 0x1C, 0x08, 0x1E, 0x4A, 0x1F,
  0xED, 0x1F, 0x8C, 0x20, 0x41, 0x20, 0x6B, 0x1F, 0x24, 0x1E, 0xF4, 0x1C,
  0xDF, 0x1C, 0xD5, 0x1F, 0x22, 0xDF, 0xDA, 0xDD, 0x66, 0xDF, 0x37, 0xE0,
  0x60, 0xE1, 0xD2, 0xDF, 0x88, 0xDF, 0x91, 0xE1, 0xB5, 0xDE, 0x19, 0xE0,
  0x6B, 0xE1, 0xB5, 0xDE, 0x05, 0xE1, 0xF4, 0xE1, 0x9F, 0xDF, 0x9D, 0x23,
  0x45, 0x24, 0x4C, 0x21, 0xAA, 0x22, 0xDC, 0x21, 0xDA, 0x22, 0x83, 0x22,
  0xAD, 0x21, 0xEF, 0x21, 0x25, 0x20, 0x24, 0x21, 0xB0, 0x1E, 0x30, 0x1E,
  0x0F, 0x21, 0x20, 0x23, 0x82, 0xE0, 0x82, 0xE1, 0xFC, 0xE0, 0x1D, 0xDE,
  0xF8, 0xDB, 0x90, 0xDC, 0xC7, 0xDC, 0x24, 0xDF, 0x1B, 0xDE, 0xAF, 0xDE,
  0xFA, 0xDE, 0x51, 0xDD, 0xF9, 0xDF, 0x45, 0xE2, 0x7F, 0xE1, 0xC4, 0xDF,
  0x8A, 0x24, 0xCD, 0x22, 0x91, 0x21, 0x15, 0x20, 0x94, 0x21, 0x06, 0x21,
  0xE8, 0x1F, 0xA4, 0x1E, 0x43, 0x1E, 0x95, 0x1C, 0xF9, 0x1D, 0x2B, 0x1D,
  0x96, 0x1C, 0x51, 0x1D, 0xDE, 0x1F, 0xCF, 0x1E, 0xA7, 0xDF, 0x29, 0xE2,
  0x45, 0xDF, 0x69, 0xDE, 0x28, 0xDE, 0x7A, 0xDD, 0x76, 0xDD, 0x5D, 0xDE,
  0xE4, 0xE0, 0x4E, 0xDE, 0xAC, 0xDF, 0x9F, 0xDD, 0x30, 0xDF, 0x2A, 0xE1,
  0x70, 0xDE, 0x61, 0x23, 0x7B, 0x24, 0x5F, 0x25, 0x91, 0x26, 0x2F, 0x26,
  0xBC, 0x26, 0x78, 0x25, 0x68, 0x24, 0x20, 0x23, 0x81, 0x20, 0xDF, 0x20,
  0x23, 0x21, 0x49, 0x20, 0xC0, 0x1E, 0xE2, 0x1E, 0x23, 0x1D, 0xD0, 0xDB,
  0xF3, 0xDB, 0x23, 0xDE, 0xC2, 0xE0, 0x80, 0xE2, 0x71, 0xE2, 0xB4, 0xDF,
  0xA9, 0xDD, 0x61, 0xDD, 0x32, 0xDD, 0x6F, 0xDF, 0xF3, 0xDE, 0xA0, 0xDC,
  0x14, 0xDD, 0xC6, 0xDE, 0xBE, 0xDC, 0x86, 0x20, 0x22, 0x1F, 0x4B, 0x20,
  0x77, 0x1E, 0x27, 0x1E, 0xAA, 0x21, 0xD0, 0x1F, 0xAD, 0x1F, 0x59, 0x22,
  0x0F, 0x20, 0x39, 0x20, 0xD6, 0x1E, 0x3E, 0x1F, 0xAA, 0x20, 0xEE, 0x22,
  0x9A, 0x22, 0xF7, 0xDF, 0x51, 0xE0, 0x06, 0xE2, 0x1C, 0xE2, 0x97, 0xDF,
  0xB8, 0xE1, 0x11, 0xE3, 0x7C, 0xE4, 0x8B, 0xE2, 0xFB, 0xDE, 0x4A, 0xE0,
  0x14, 0xE0, 0xCC, 0xE1, 0x1C, 0xE3, 0x59, 0xE0, 0x93, 0xE0, 0x5E, 0xDF,
  0x9D, 0x21, 0x98, 0x21, 0x68, 0x23, 0xAE, 0x22, 0xC1, 0x22, 0xD9, 0x1F,
  0x44, 0x1F, 0xF7, 0x20, 0xB4, 0x1F, 0xCD, 0x1F, 0x34, 0x1F, 0x2D, 0x21,
  0x70, 0x20, 0x00, 0x1F, 0x2A, 0x1F, 0x25, 0x1D, 0x7B, 0xD9, 0x65, 0xD8,
  0xA4, 0xD8, 0x91, 0xDA, 0xF3, 0xDD, 0xC0, 0xDC, 0xDD, 0xDC, 0xF9, 0xDC,
  0x08, 0xDC, 0x27, 0xDE, 0x57, 0xDE, 0xB5, 0xDF, 0x94, 0xDE, 0x59, 0xDD,
  0x17, 0xE0, 0xD1, 0xDF, 0x78, 0xE0, 0x87, 0x20, 0x09, 0x22, 0x2F, 0x20,
  0x2F, 0x1F, 0xE9, 0x20, 0xC7, 0x1F, 0x81, 0x1F, 0xE7, 0x1F, 0x49, 0x20,
  0xDE, 0x21, 0xBD, 0x1F, 0x5D, 0x21, 0x28, 0x23, 0x95, 0x24, 0x96, 0x25,
  0x40, 0x23, 0x59, 0xDE, 0xDB, 0xE0, 0x0A, 0xDE, 0x1C, 0xDF, 0x1C, 0xE1,
  0xA0, 0xDF, 0x28, 0xDD, 0xB8, 0xDD, 0x5E, 0xE0, 0x89, 0xE0, 0xA9, 0xE1,
  0x85, 0xE3, 0x23, 0xE4, 0xD6, 0xE3, 0xDE, 0xE4, 0x90, 0xE5, 0xEC, 0xE1,
  0xD5, 0x22, 0x33, 0x20, 0xCF, 0x1E, 0x44, 0x20, 0xF6, 0x1D, 0x76, 0x1F,
  0xDB, 0x1D, 0x5A, 0x20, 0x47, 0x1E, 0x51, 0x21, 0xB9, 0x1F, 0x07, 0x21,
  0x5E, 0x1F, 0xE8, 0x20, 0xD1, 0x1F, 0xE7, 0x1E, 0x43, 0x21, 0x2B, 0xDF,
  0xB9, 0xE0, 0x5B, 0xE1, 0xFF, 0xE2, 0x2A, 0xE0, 0x56, 0xE0, 0xBD, 0xE1,
  0x55, 0xE1, 0xCC, 0xE2, 0xDC, 0xE0, 0xF2, 0xE0, 0xD2, 0xE0, 0x21, 0xE2,
  0x85, 0xE0, 0xE1, 0xE0, 0xF2, 0xDE, 0xD1, 0xDC, 0x33, 0x21, 0x53, 0x1E,
  0x64, 0x1D, 0x8E, 0x1F, 0x70, 0x1F, 0x0A, 0x1E, 0x27, 0x1D, 0x68, 0x1D,
  0xBD, 0x1F, 0x97, 0x1F, 0x55, 0x20, 0xFC, 0x21, 0x9D, 0x1F, 0x8C, 0x20,
  0x5E, 0x20, 0x1D, 0x1E, 0xA7, 0x1E, 0xF2, 0xDC, 0x39, 0xDC, 0x77, 0xDB,
  0x0F, 0xDA, 0x13, 0xDA, 0x36, 0xDA, 0xA9, 0xDB, 0x11, 0xDF, 0xA0, 0xDF,
  0x5D, 0xDE, 0x23, 0xE0, 0x27, 0xDE, 0x66, 0xDF, 0x9D, 0xE1, 0x47, 0xE1,
  0x93, 0xDE, 0x21, 0xE1, 0x3B, 0x23, 0xB9, 0x24, 0x33, 0x24, 0x6F, 0x25,
  0x80, 0x25, 0x2C, 0x24, 0xEC, 0x20, 0x52, 0x23, 0xEB, 0x21, 0xA2, 0x20,
  0x37, 0x1E, 0xFD, 0x1F, 0x57, 0x1E, 0xEC, 0x1F, 0x66, 0x1E, 0x85, 0x20,
  0xD5, 0x21, 0xE8, 0x21, 0x6F, 0xDE, 0x46, 0xDF, 0xA8, 0xDF, 0x3C, 0xE0,
  0xA9, 0xDD, 0x81, 0xDC, 0x09, 0xDD, 0x16, 0xDD, 0x73, 0xDF, 0x2D, 0xDE,
  0x47, 0xDF, 0x88, 0xDD, 0x3C, 0xE0, 0x11, 0xDE, 0x44, 0xDE, 0xDD, 0xDC,
  0x04, 0xDD, 0xA3, 0xDC, 0x2A, 0x21, 0x8A, 0x20, 0xB1, 0x21, 0x6A, 0x22,
  0x3F, 0x20, 0xD1, 0x1F, 0xC4, 0x1F, 0x54, 0x21, 0x84, 0x20, 0x66, 0x21,
  0xE5, 0x1F, 0xEA, 0x21, 0x6F, 0x23, 0x16, 0x21, 0x9A, 0x22, 0x16, 0x21,
  0x78, 0x20, 0x26, 0xDC, 0x7E, 0xDF, 0x77, 0xDD, 0x27, 0xE0, 0xDF, 0xE1,
  0xF1, 0xDE, 0x7A, 0xDD, 0x66, 0xE0, 0xA7, 0xDE, 0x0A, 0xDD, 0xD0, 0xDF,
  0x50, 0xDF, 0xC2, 0xE0, 0xC3, 0xE1, 0x66, 0xE1, 0x4D, 0xE0, 0x91, 0xDD,
  0xC6, 0xDF, 0xDD, 0x1F, 0x14, 0x1E, 0xCA, 0x1C, 0x4C, 0x1C, 0xBA, 0x1D,
  0xB7, 0x1D, 0x07, 0x20, 0xA1, 0x1E, 0x20, 0x1E, 0xAF, 0x20, 0xF8, 0x22,
  0x8E, 0x24, 0x87, 0x26, 0xD0, 0x23, 0x90, 0x23, 0x0F, 0x21, 0x23, 0x20,
  0x41, 0x21, 0xF6, 0xE0, 0xA5, 0xDE, 0x79, 0xDE, 0x8A, 0xE0, 0xAE, 0xE1,
  0x08, 0xE2, 0xCD, 0xE2, 0xF6, 0xE3, 0xA8, 0xE1, 0xED, 0xE1, 0xF3, 0xE1,
  0x46, 0xE2, 0x0B, 0xDF, 0xA5, 0xE0, 0x14, 0xDE, 0x93, 0xDF, 0xF7, 0xDF,
  0x6D, 0xE1, 0x98, 0xDE, 0x25, 0x1F, 0x7A, 0x1D, 0x62, 0x1F, 0x30, 0x20,
  0x8D, 0x21, 0x98, 0x1F, 0x18, 0x1E, 0x0A, 0x1F, 0xF4, 0x1D, 0x33, 0x1F,
  0x16, 0x21, 0x4C, 0x23, 0x95, 0x21, 0xE3, 0x21, 0x3B, 0x22, 0xB2, 0x21,
  0x6D, 0x20, 0xA0, 0x21, 0x7A, 0xDF, 0x4D, 0xE1, 0x95, 0xE1, 0x4B, 0xDF,
  0x71, 0xDF, 0xB3, 0xDD, 0xA8, 0xDF, 0x76, 0xE1, 0x75, 0xDF, 0x89, 0xE0,
  0x0E, 0xE0, 0xAB, 0xDF, 0x34, 0xE1, 0xCC, 0xDE, 0xAD, 0xE0, 0xE7, 0xE0,
  0xC1, 0xDD, 0x27, 0xDD, 0xBB, 0x20, 0x3E, 0x22, 0x72, 0x22, 0xB8, 0x1F,
  0x73, 0x21, 0x4A, 0x1F, 0xC6, 0x1D, 0x4A, 0x20, 0xD6, 0x20, 0xE4, 0x1E,
  0x9F, 0x1D, 0xCC, 0x1E, 0x53, 0x1F, 0x3B, 0x1E, 0x3B, 0x1D, 0x39, 0x1E,
  0xCF, 0x20, 0xFE, 0x22, 0x1E, 0x24, 0xC7, 0xE0, 0xD3, 0xE0, 0x6F, 0xDE,
  0xD8, 0xDF, 0x0B, 0xE0, 0x81, 0xDD, 0x1E, 0xDF, 0x27, 0xDE, 0x6E, 0xDE,
  0xEE, 0xDC, 0x9E, 0xDC, 0x3A, 0xDB, 0x8B, 0xDC, 0xBA, 0xDD, 0x75, 0xDD,
  0x5C, 0xDF, 0x69, 0xDF, 0x18, 0xDF, 0x5C, 0xDD, 0xD7, 0x1F, 0x4D, 0x20,
  0xA0, 0x1F, 0x5D, 0x20, 0x66, 0x22, 0xDA, 0x21, 0x8E, 0x20, 0xD2, 0x21,
  0x1A, 0x21, 0xDA, 0x22, 0x64, 0x21, 0xF4, 0x1F, 0x14, 0x1F, 0x94, 0x1E,
  0xC7, 0x1D, 0x74, 0x1D, 0x2F, 0x1E, 0xD8, 0x1D, 0x78, 0x1D, 0xBE, 0xDC,
  0x13, 0xDE, 0x96, 0xDD, 0xE4, 0xDE, 0x70, 0xDE, 0x7A, 0xE0, 0xB1, 0xDF,
  0x71, 0xE1, 0xFC, 0xE2, 0xC8, 0xE2, 0xC3, 0xE3, 0xE5, 0xE0, 0xF9, 0xDF,
  0x5B, 0xDF, 0x17, 0xE1, 0xE3, 0xDE, 0xD0, 0xDF, 0xB7, 0xE0, 0x6A, 0xE1,
  0x51, 0x25, 0xFA, 0x22, 0x48, 0x23, 0x97, 0x21, 0xA6, 0x22, 0x6B, 0x23,
  0xF2, 0x20, 0xCC, 0x22, 0xFE, 0x22, 0xCF, 0x22, 0xBE, 0x22, 0x63, 0x23,
  0xEF, 0x23, 0x8D, 0x21, 0xEB, 0x21, 0x43, 0x22, 0x9A, 0x20, 0xDF, 0x1F,
  0x40, 0x20, 0xE8, 0x21, 0x1A, 0xDE, 0x2A, 0xDD, 0x87, 0xDD, 0xFD, 0xDB,
  0x39, 0xDE, 0x2A, 0xDF, 0xB6, 0xDE, 0xBF, 0xDF, 0x97, 0xDD, 0x6C, 0xDC,
  0x80, 0xDB, 0xF4, 0xDD, 0x1E, 0xDE, 0x83, 0xDD, 0x3D, 0xDE, 0xF1, 0xDC,
  0x27, 0xDF, 0xB7, 0xDF, 0x58, 0xDF, 0x2D, 0x23, 0xF8, 0x23, 0x30, 0x22,
  0xC9, 0x20, 0x95, 0x22, 0x42, 0x22, 0x5F, 0x22, 0x5D, 0x20, 0xD6, 0x21,
  0x45, 0x22, 0x11, 0x20, 0x26, 0x1F, 0xA4, 0x1E, 0xF9, 0x1F, 0xAD, 0x1F,
  0x50, 0x1E, 0x24, 0x20, 0xF9, 0x1F, 0x0A, 0x20, 0x10, 0x1F, 0x45, 0xDC,
  0xB4, 0xDC, 0xFB, 0xDB, 0x50, 0xDE, 0xFF, 0xDF, 0xCC, 0xE0, 0x9A, 0xE1,
  0xE7, 0xE1, 0xCE, 0xE1, 0xC8, 0xDF, 0xF6, 0xDE, 0xA2, 0xDF, 0x5F, 0xDF,
  0xF0, 0xDD, 0x16, 0xDF, 0xB6, 0xDD, 0xDD, 0xDC, 0xC5, 0xDD, 0x9C, 0xDE,
  0xCA, 0xDF, 0x7B, 0x20, 0x3B, 0x21, 0x8F, 0x21, 0xEF, 0x1F, 0x58, 0x1F,
  0xD9, 0x1E, 0x2B, 0x1E, 0xB4, 0x1E, 0xB8, 0x1F, 0xE2, 0x1F, 0xB9, 0x1F,
  0x7B, 0x21, 0x22, 0x21, 0x7C, 0x21, 0x34, 0x22, 0x94, 0x20, 0xFD, 0x21,
  0x6D, 0x23, 0x16, 0x22, 0x70, 0x22, 0xBD, 0xDF, 0xA1, 0xDF, 0xC4, 0xDE,
  0x18, 0xE0, 0x15, 0xE0, 0x0A, 0xDF, 0xA4, 0xE0, 0xCB, 0xDF, 0x41, 0xE1,
  0xF1, 0xE0, 0x98, 0xDF, 0xC7, 0xDE, 0xC2, 0xDD, 0x55, 0xDE, 0x13, 0xDF,
  0xDC, 0xDD, 0xAC, 0xDD, 0xD1, 0xDE, 0x26, 0xE0, 0x96, 0xDF, 0xE6, 0xDF,
  0x93, 0x21, 0xCB, 0x21, 0xFF, 0x21, 0x68, 0x22, 0x81, 0x23, 0x22, 0x22,
  0x56, 0x23, 0x46, 0x23, 0xE1, 0x21, 0x12, 0x22, 0xC8, 0x21, 0x1D, 0x22,
  0x21, 0x22, 0x07, 0x23, 0x3A, 0x22, 0x36, 0x22, 0xCA, 0x21, 0x68, 0x22,
  0x73, 0x21, 0x1B, 0x21, 0x34, 0xDF, 0x0F, 0xE0, 0xE4, 0xDE, 0x2E, 0xDE,
  0xE3, 0xDE, 0x64, 0xDF, 0xB9, 0xDF, 0xA5, 0xE0, 0x9D, 0xE0, 0xB0, 0xE0,
  0xD5, 0xDF, 0x8F, 0xDF, 0x05, 0xE0, 0xD8, 0xDD, 0x7B, 0xDE, 0x02, 0xDE,
  0x25, 0xDD, 0xB2, 0xDB, 0x7B, 0xDC, 0x63, 0xDB, 0x6A, 0xDB, 0x77, 0x1E,
  0xD3, 0x1D, 0x8F, 0x1E, 0x3A, 0x1E, 0xAA, 0x1F, 0x70, 0x21, 0xFB, 0x1F,
  0x4A, 0x21, 0xB0, 0x22, 0x7F, 0x21, 0x20, 0x20, 0x82, 0x21, 0x23, 0x20,
  0xA4, 0x21, 0x9F, 0x22, 0x8E, 0x23, 0xE6, 0x22, 0x4D, 0x22, 0xAB, 0x22,
  0x84, 0x22, 0xE4, 0x20, 0xE3, 0xDD, 0xB6, 0xDC, 0xBE, 0xDB, 0x19, 0xDD,
  0x4A, 0xDE, 0x5C, 0xDE, 0x85, 0xDD, 0x48, 0xDE, 0x46, 0xDD, 0x93, 0xDC,
  0xF8, 0xDD, 0x71, 0xDF, 0xAF, 0xE0, 0x73, 0xE1, 0x69, 0xDF, 0xDF, 0xDF,
  0x7E, 0xDF, 0x10, 0xE0, 0x62, 0xE0, 0x51, 0xDF, 0xF8, 0xDF, 0x0E, 0x21,
  0x62, 0x20, 0x2C, 0x20, 0xCE, 0x1F, 0x85, 0x20, 0x57, 0x20, 0x74, 0x1F,
  0x31, 0x21, 0x64, 0x21, 0xD1, 0x20, 0x29, 0x22, 0x29, 0x21, 0x3B, 0x21,
  0x70, 0x20, 0x92, 0x20, 0xE3, 0x1F, 0x85, 0x1F, 0x64, 0x20, 0x78, 0x20,
  0x0F, 0x20, 0xA0, 0x20, 0xC8, 0xDD, 0x24, 0xDE, 0x96, 0xDE, 0xFB, 0xDD,
  0x75, 0xDD, 0xC4, 0xDE, 0x3A, 0xDE, 0x86, 0xDE, 0xF5, 0xDF, 0x75, 0xDF,
  0x29, 0xDF, 0x6A, 0xE0, 0xF5, 0xDF, 0x41, 0xDF, 0x3B, 0xDF, 0xE0, 0xDE,
  0xFA, 0xDE, 0x96, 0xDE, 0x15, 0xDE, 0x3E, 0xDD, 0xBE, 0xDE, 0x46, 0xDF,
  0x5C, 0x22, 0x96, 0x21, 0xFC, 0x20, 0xD5, 0x20, 0x1D, 0x21, 0x7E, 0x21,
  0x97, 0x22, 0xBD, 0x22, 0x4A, 0x23, 0x58, 0x23, 0x3D, 0x22, 0x8C, 0x22,
  0x87, 0x21, 0xC1, 0x20, 0xFB, 0x20, 0x39, 0x20, 0x6A, 0x21, 0x4D, 0x20,
  0x14, 0x20, 0x93, 0x20, 0xE1, 0x20, 0x51, 0x20, 0xD3, 0xDE, 0xDC, 0xDF,
  0x31, 0xE0, 0x54, 0xE0, 0x7A, 0xDF, 0x60, 0xDF, 0x81, 0xDF, 0xF8, 0xDE,
  0x68, 0xDE, 0x67, 0xDD, 0x5F, 0xDD, 0x60, 0xDD, 0xE3, 0xDC, 0xB0, 0xDC,
  0x70, 0xDC, 0x13, 0xDD, 0x8A, 0xDD, 0xE5, 0xDE, 0xBE, 0xDF, 0x4D, 0xE0,
  0x9B, 0xE0, 0x1D, 0xE1, 0x14, 0x22, 0x74, 0x21, 0xB4, 0x20, 0x66, 0x21,
  0xA8, 0x20, 0xFE, 0x1F, 0xC9, 0x1F, 0x37, 0x20, 0x82, 0x21, 0x7E, 0x22,
  0x29, 0x22, 0xB0, 0x22, 0x6C, 0x22, 0x12, 0x23, 0x5E, 0x22, 0x4E, 0x22,
  0x81, 0x21, 0x87, 0x20, 0x90, 0x21, 0xD1, 0x20, 0xCC, 0x20, 0x8A, 0x20,
  0xE7, 0xDE, 0xED, 0xDE, 0xD2, 0xDF, 0x30, 0xDF, 0xC2, 0xDE, 0xA7, 0xDE,
  0x34, 0xDF, 0xD9, 0xDE, 0x60, 0xDE, 0xF4, 0xDD, 0x09, 0xDE, 0xF6, 0xDE,
  0xF7, 0xDE, 0x05, 0xDE, 0x07, 0xDF, 0x71, 0xDF, 0xC6, 0xDE, 0x52, 0xDE,
  0x14, 0xDE, 0xF4, 0xDE, 0x2A, 0xDE, 0xF2, 0xDE, 0x18, 0xDF, 0xE6, 0x21,
  0x8B, 0x21, 0xF5, 0x20, 0x2E, 0x20, 0x76, 0x20, 0x1A, 0x20, 0xBB, 0x1F,
  0x10, 0x21, 0x92, 0x21, 0x54, 0x22, 0xA6, 0x22, 0x04, 0x23, 0x53, 0x22,
  0x73, 0x21, 0x13, 0x22, 0xB6, 0x22, 0xB8, 0x22, 0x97, 0x22, 0xC6, 0x22,
  0xDD, 0x21, 0xFB, 0x20, 0x28, 0x20, 0xA0, 0xDE, 0x13, 0xDF, 0xAF, 0xDE,
  0xB6, 0xDE, 0xB7, 0xDE, 0x22, 0xDE, 0x17, 0xDE, 0x23, 0xDE, 0x9F, 0xDD,
  0x04, 0xDD, 0x3B, 0xDD, 0x6A, 0xDE, 0x42, 0xDE, 0x97, 0xDD, 0x78, 0xDE,
  0x1C, 0xDF, 0x61, 0xDE, 0x89, 0xDE, 0x95, 0xDE, 0x2E, 0xDF, 0x6A, 0xDF,
  0x03, 0xE0, 0xCF, 0xDF, 0x2E, 0x22, 0x9C, 0x21, 0xEF, 0x21, 0x56, 0x22,
  0x6D, 0x22, 0x08, 0x22, 0x54, 0x22, 0xAC, 0x22, 0x3B, 0x22, 0xE4, 0x21,
  0xA6, 0x21, 0x0C, 0x21, 0x6F, 0x21, 0xD6, 0x21, 0x1E, 0x22, 0x6D, 0x21,
  0x09, 0x21, 0x98, 0x20, 0xDF, 0x1F, 0x6C, 0x1F, 0xCD, 0x1F, 0xCD, 0x1F,
  0x2C, 0x20, 0xF2, 0x20, 0x1A, 0xDE, 0x81, 0xDD, 0x1F, 0xDD, 0xBC, 0xDD,
  0x27, 0xDE, 0x65, 0xDE, 0xF1, 0xDD, 0xC5, 0xDE, 0xB0, 0xDE, 0x48, 0xDF,
  0xDD, 0xDE, 0x5B, 0xDE, 0xBD, 0xDE, 0x52, 0xDE, 0xAB, 0xDE, 0x8C, 0xDE,
  0xB9, 0xDE, 0xAD, 0xDE, 0x0D, 0xDF, 0x7C, 0xDF, 0xA0, 0xDF, 0x4F, 0xDF,
  0x87, 0xDE, 0xB3, 0x21, 0x78, 0x21, 0xFA, 0x20, 0x95, 0x21, 0x26, 0x21,
  0xC3, 0x20, 0xBF, 0x20, 0x2E, 0x21, 0xCD, 0x20, 0x9D, 0x20, 0x6F, 0x20,
  0xC6, 0x20, 0x5D, 0x21, 0xDB, 0x20, 0x7A, 0x20, 0x2D, 0x20, 0xFF, 0x20,
  0xC6, 0x20, 0x57, 0x21, 0xFB, 0x20, 0x36, 0x21, 0x21, 0x21, 0xBD, 0x21,
  0xBA, 0x21, 0x77, 0xDF, 0xF7, 0xDE, 0x0F, 0xDF, 0xE6, 0xDE, 0x48, 0xDF,
  0xCD, 0xDE, 0xD7, 0xDE, 0x25, 0xDF, 0x93, 0xDF, 0xF4, 0xDE, 0x08, 0xDF,
  0xB6, 0xDE, 0x54, 0xDE, 0x7B, 0xDE, 0x41, 0xDE, 0x5B, 0xDE, 0xE1, 0xDE,
  0xCB, 0xDE, 0x73, 0xDE, 0x46, 0xDE, 0x22, 0xDE, 0x67, 0xDE, 0xDE, 0xDE,
  0x5F, 0xDF, 0x67, 0x21, 0x15, 0x21, 0x95, 0x21, 0xB1, 0x21, 0x19, 0x22,
  0x56, 0x22, 0xBB, 0x21, 0xF1, 0x21, 0xC9, 0x21, 0xFC, 0x21, 0xE9, 0x21,
  0x76, 0x21, 0x3D, 0x21, 0x42, 0x21, 0x87, 0x21, 0x91, 0x21, 0x9C, 0x21,
  0x37, 0x21, 0xD4, 0x20, 0x80, 0x20, 0xCD, 0x20, 0x81, 0x20, 0xBF, 0x20,
  0xBE, 0x20, 0x20, 0x21, 0xDD, 0xDE, 0xC8, 0xDE, 0xD5, 0xDE, 0x2D, 0xDF,
  0x08, 0xDF, 0x15, 0xDF, 0x3F, 0xDF, 0xBD, 0xDE, 0x9A, 0xDE, 0xDF, 0xDE,
  0xBF, 0xDE, 0x69, 0xDE, 0x92, 0xDE, 0xDA, 0xDE, 0xE0, 0xDE, 0x94, 0xDE,
  0x99, 0xDE, 0x5F, 0xDE, 0xB2, 0xDE, 0xBD, 0xDE, 0x9A, 0xDE, 0xE5, 0xDE,
  0xB1, 0xDE, 0x7B, 0xDE, 0x45, 0x21, 0x2E, 0x21, 0x6E, 0x21, 0x73, 0x21,
  0x93, 0x21, 0x82, 0x21, 0x1F, 0x21, 0x5A, 0x21, 0x80, 0x21, 0x66, 0x21,
  0x55, 0x21, 0x4D, 0x21, 0x6D, 0x21, 0x4B, 0x21, 0x3F, 0x21, 0x36, 0x21,
  0x3B, 0x21, 0x4C, 0x21, 0x51, 0x21, 0x05, 0x21, 0x4B, 0x21, 0x4F, 0x21,
  0x45, 0x21, 0x2B, 0x21, 0x0C, 0x21, 0x4B, 0xDE, 0x68, 0xDE, 0x41, 0xDE,
  0x2D, 0xDE, 0x71, 0xDE, 0x7F, 0xDE, 0xC4, 0xDE, 0xE8, 0xDE, 0xDB, 0xDE,
  0xC5, 0xDE, 0x96, 0xDE, 0x73, 0xDE, 0x71, 0xDE, 0x77, 0xDE, 0xB2, 0xDE,
  0xA9, 0xDE, 0xD9, 0xDE, 0xC8, 0xDE, 0xF9, 0xDE, 0x1A, 0xDF, 0x27, 0xDF,
  0xFA, 0xDE, 0x11, 0xDF, 0xD8, 0xDE, 0xEC, 0xDE, 0x76, 0x21, 0x82, 0x21,
  0x54, 0x21, 0x76, 0x21, 0x66, 0x21, 0x74, 0x21, 0x45, 0x21, 0x4E, 0x21,
  0x59, 0x21, 0x46, 0x21, 0x58, 0x21, 0x54, 0x21, 0x49, 0x21, 0x58, 0x21,
  0x68, 0x21, 0x75, 0x21, 0x7F, 0x21, 0x6C, 0x21, 0x53, 0x21, 0x59, 0x21,
  0x67, 0x21, 0x6D, 0x21, 0x6C, 0x21, 0x4B, 0x21, 0x58, 0x21, 0x39, 0x21,
  0xB7, 0xDE, 0xA8, 0xDE, 0x92, 0xDE, 0x94, 0xDE, 0x9C, 0xDE, 0xA9, 0xDE,
  0x9F, 0xDE, 0xA2, 0xDE, 0x9C, 0xDE, 0x9C, 0xDE, 0xAC, 0xDE, 0xB2, 0xDE,
  0xB7, 0xDE, 0xB4, 0xDE, 0xAB, 0xDE, 0xAB, 0xDE, 0xA8, 0xDE, 0xB1, 0xDE,
  0xAD, 0xDE, 0xAF, 0xDE, 0xB4, 0xDE, 0xB2, 0xDE, 0xB3, 0xDE, 0xB2, 0xDE,
  0xB6, 0xDE, 0xB5, 0xDE, 0x46, 0x21, 0x47, 0x21, 0x48, 0x21, 0x47, 0x21,
  0x47, 0x21, 0x47, 0x21, 0x47, 0x21, 0x47, 0x21, 0x47, 0x21, 0x47, 0x21,
  0x47, 0x21, 0x47, 0x21, 0x47, 0x21, 0x47, 0x21, 0x47, 0x21, 0x47, 0x21,
  0x47, 0x21, 0x47, 0x21, 0x47, 0x21, 0x47, 0x21, 0x47, 0x21, 0x47, 0x21,
  0x47, 0x21, 0x47, 0x21, 0x47, 0x21, 0x47, 0x21, 0xB9, 0xDE, 0xB9, 0xDE,
  0xB9, 0xDE, 0xB9, 0xDE, 0xB9, 0xDE, 0xB9, 0xDE, 0xB9, 0xDE, 0xB9, 0xDE,
  0xB9, 0xDE, 0xB9, 0xDE, 0xB9, 0xDE, 0xB9, 0xDE, 0xB9, 0xDE, 0xB9, 0xDE,
  0xB9, 0xDE, 0xB9, 0xDE, 0xB9, 0xDE, 0xB9, 0xDE, 0xB9, 0xDE, 0xB9, 0xDE,
  0xB9, 0xDE, 0xB9, 0xDE, 0xB9, 0xDE, 0xB9, 0xDE, 0xB9, 0xDE, 0xB9, 0xDE,
  0x47, 0x21, 0x47, 0x21, 0x47, 0x21, 0x47, 0x21, 0x47, 0x21, 0x47, 0x21,
  0x47, 0x21, 0x47, 0x21, 0x47, 0x21, 0x47, 0x21, 0x47, 0x21, 0x47, 0x21,
  0x47, 0x21, 0x47, 0x21, 0x47, 0x21, 0x47, 0x21, 0x47, 0x21, 0x47, 0x21,
  0x47, 0x21, 0x47, 0x21, 0x47, 0x21, 0x47, 0x21, 0x47, 0x21, 0x47, 0x21,
  0x47, 0x21, 0x47, 0x21, 0x47, 0x21, 0xB9, 0xDE, 0xB9, 0xDE, 0xB9, 0xDE,
  0xB9, 0xDE, 0xB9, 0xDE, 0xB9, 0xDE, 0xB9, 0xDE, 0xB9, 0xDE, 0xB9, 0xDE,
  0xB9, 0xDE, 0xB9, 0xDE, 0xB9, 0xDE, 0xB9, 0xDE, 0xB9, 0xDE, 0xB9, 0xDE,
  0xB9, 0xDE, 0xB9, 0xDE, 0xB9, 0xDE, 0xB9, 0xDE, 0xB9, 0xDE, 0xB9, 0xDE,
  0xB9, 0xDE, 0xB9, 0xDE, 0xB9, 0xDE, 0xB9, 0xDE, 0xB9, 0xDE, 0xB9, 0xDE,
  0xB9, 0xDE, 0x47, 0x21, 0x47, 0x21, 0x47, 0x21, 0x47, 0x21, 0x47, 0x21,
  0x47, 0x21, 0x47, 0x21, 0x47, 0x21, 0x47, 0x21, 0x47, 0x21, 0x47, 0x21,
  0x47, 0x21, 0x47, 0x21, 0x47, 0x21, 0x47, 0x21, 0x47, 0x21, 0x47, 0x21,
  0x47, 0x21, 0x47, 0x21, 0x47, 0x21, 0x47, 0x21, 0x47, 0x21, 0x47, 0x21,
  0x47, 0x21, 0x47, 0x21, 0x47, 0x21, 0x47, 0x21, 0xB9, 0xDE, 0xB9, 0xDE,
  0xB9, 0xDE, 0xB9, 0xDE, 0xB9, 0xDE, 0xB9, 0xDE, 0xB9, 0xDE, 0xB9, 0xDE,
  0xB9, 0xDE, 0xB9, 0xDE, 0xB9, 0xDE, 0xB9, 0xDE, 0xB9, 0xDE, 0xB9, 0xDE,
  0xB9, 0xDE, 0xB9, 0xDE, 0xB9, 0xDE, 0xB9, 0xDE, 0xB9, 0xDE, 0xB9, 0xDE,
  0xB9, 0xDE, 0xB9, 0xDE, 0xB9, 0xDE, 0xB9, 0xDE, 0xB9, 0xDE, 0xB9, 0xDE,
  0xB9, 0xDE, 0xB9, 0xDE, 0x47, 0x21, 0x47, 0x21, 0x47, 0x21, 0x47, 0x21,
  0x47, 0x21, 0x47, 0x21, 0x47, 0x21, 0x47, 0x21, 0x47, 0x21, 0x47, 0x21,
  0x47, 0x21, 0x47, 0x21, 0x47, 0x21, 0x47, 0x21, 0x47, 0x21, 0x47, 0x21,
  0x47, 0x21, 0x47, 0x21, 0x47, 0x21, 0x47, 0x21, 0x47, 0x21, 0x47, 0x21,
  0x47, 0x21, 0x47, 0x21, 0x47, 0x21, 0x47, 0x21, 0x47, 0x21, 0x47, 0x21,
  0xB9, 0xDE, 0xB9, 0xDE, 0xB9, 0xDE, 0xB9, 0xDE, 0xB9, 0xDE, 0xB9, 0xDE,
  0xB9, 0xDE, 0xB9, 0xDE, 0xB9, 0xDE, 0xB9, 0xDE, 0xB9, 0xDE, 0xB9, 0xDE,
  0xB9, 0xDE, 0xB9, 0xDE, 0xB9, 0xDE, 0xB9, 0xDE, 0xB9, 0xDE, 0xB9, 0xDE,
  0xB9, 0xDE, 0xB9, 0xDE, 0xB9, 0xDE, 0xB9, 0xDE, 0xB9, 0xDE, 0xB9, 0xDE,
  0xB9, 0xDE, 0xB9, 0xDE, 0xB9, 0xDE, 0xB9, 0xDE, 0xB9, 0xDE, 0x47, 0x21,
  0x47, 0x21, 0x47, 0x21, 0x47, 0x21, 0x47, 0x21, 0x47, 0x21, 0x47, 0x21,
  0x47, 0x21, 0x47, 0x21, 0x47, 0x21, 0x47, 0x21, 0x47, 0x21, 0x47, 0x21,
  0x47, 0x21, 0x47, 0x21, 0x47, 0x21, 0x47, 0x21, 0x47, 0x21, 0x47, 0x21,
  0x47, 0x21, 0x47, 0x21, 0x47, 0x21, 0x47, 0x21, 0x47, 0x21, 0x47, 0x21,
  0x47, 0x21, 0x47, 0x21, 0x47, 0x21, 0x47, 0x21, 0xB9, 0xDE, 0xB9, 0xDE,
  0xB9, 0xDE, 0xB9, 0xDE, 0xB9, 0xDE, 0xB9, 0xDE, 0xB9, 0xDE, 0xB9, 0xDE,
  0xB9, 0xDE, 0xB9, 0xDE, 0xB9, 0xDE, 0xB9, 0xDE, 0xB9, 0xDE, 0xB9, 0xDE,
  0xB9, 0xDE, 0xB9, 0xDE, 0xB9, 0xDE, 0xB9, 0xDE, 0xB9, 0xDE, 0xB9, 0xDE,
  0xB9, 0xDE, 0xB9, 0xDE, 0xB9, 0xDE, 0xB9, 0xDE, 0xB9, 0xDE, 0xB9, 0xDE,
  0xB9, 0xDE, 0xB9, 0xDE, 0xB9, 0xDE, 0xB9, 0xDE, 0x47, 0x21, 0x47, 0x21,
  0x47, 0x21, 0x47, 0x21, 0x47, 0x21, 0x47, 0x21, 0x47, 0x21, 0x47, 0x21,
  0x47, 0x21, 0x47, 0x21, 0x47, 0x21, 0x47, 0x21, 0x47, 0x21, 0x47, 0x21,
  0x47, 0x21, 0x47, 0x21, 0x47, 0x21, 0x47, 0x21, 0x47, 0x21, 0x47, 0x21,
  0x47, 0x21, 0x47, 0x21, 0x47, 0x21, 0x47, 0x21, 0x47, 0x21, 0x47, 0x21,
  0x47, 0x21, 0x47, 0x21, 0x47, 0x21, 0xB9, 0xDE, 0xB9, 0xDE, 0xB9, 0xDE,
  0xB9, 0xDE, 0xB9, 0xDE, 0xB9, 0xDE, 0xB9, 0xDE, 0xB9, 0xDE, 0xB9, 0xDE,
  0xB9, 0xDE, 0xB9, 0xDE, 0xB9, 0xDE, 0xB9, 0xDE, 0xB9, 0xDE, 0xB9, 0xDE,
  0xB9, 0xDE, 0xB9, 0xDE, 0xB9, 0xDE, 0xB9, 0xDE, 0xB9, 0xDE, 0xB9, 0xDE,
  0xB9, 0xDE, 0xB9, 0xDE, 0xB9, 0xDE, 0xB9, 0xDE, 0xB9, 0xDE, 0xB9, 0xDE,
  0xB9, 0xDE, 0xB9, 0xDE, 0xB9, 0xDE, 0xB9, 0xDE, 0x47, 0x21, 0x47, 0x21,
  0x47, 0x21, 0x47, 0x21, 0x47, 0x21, 0x47, 0x21, 0x47, 0x21, 0x47, 0x21,
  0x47, 0x21, 0x47, 0x21, 0x47, 0x21, 0x47, 0x21, 0x47, 0x21, 0x47, 0x21,
  0x47, 0x21, 0x47, 0x21, 0x47, 0x21, 0x47, 0x21, 0x47, 0x21, 0x47, 0x21,
  0x47, 0x21, 0x47, 0x21, 0x47, 0x21, 0x47, 0x21, 0x47, 0x21, 0x47, 0x21,
  0x47, 0x21, 0x47, 0x21, 0x47, 0x21, 0x47, 0x21, 0x47, 0x21, 0xB9, 0xDE,
  0xB9, 0xDE, 0xB9, 0xDE, 0xB9, 0xDE, 0xB9, 0xDE, 0xB9, 0xDE, 0xB9, 0xDE,
  0xB9, 0xDE, 0xB9, 0xDE, 0xB9, 0xDE, 0xB9, 0xDE, 0xB9, 0xDE, 0xB9, 0xDE,
  0xB9, 0xDE, 0xB9, 0xDE, 0xB9, 0xDE, 0xB9, 0xDE, 0xB9, 0xDE, 0xB9, 0xDE,
  0xB9, 0xDE, 0xB9, 0xDE, 0xB9, 0xDE, 0xB9, 0xDE, 0xB9, 0xDE, 0xB9, 0xDE,
  0xB9, 0xDE, 0xB9, 0xDE, 0xB9, 0xDE, 0xB9, 0xDE, 0xB9, 0xDE, 0xB9, 0xDE,
  0x47, 0x21, 0x47, 0x21, 0x47, 0x21, 0x47, 0x21, 0x47, 0x21, 0x47, 0x21,
  0x47, 0x21, 0x47, 0x21, 0x47, 0x21, 0x47, 0x21, 0x47, 0x21, 0x47, 0x21,
  0x47, 0x21, 0x47, 0x21, 0x47, 0x21, 0x47, 0x21, 0x47, 0x21, 0x47, 0x21,
  0x47, 0x21, 0x47, 0x21, 0x47, 0x21, 0x47, 0x21, 0x47, 0x21, 0x47, 0x21,
  0x47, 0x21, 0x47, 0x21, 0x47, 0x21, 0x47, 0x21, 0x47, 0x21, 0x47, 0x21,
  0x47, 0x21, 0x47, 0x21, 0xB9, 0xDE, 0xB9, 0xDE, 0xB9, 0xDE, 0xB9, 0xDE,
  0xB9, 0xDE, 0xB9, 0xDE, 0xB9, 0xDE, 0xB9, 0xDE, 0xB9, 0xDE, 0xB9, 0xDE,
  0xB9, 0xDE, 0xB9, 0xDE, 0xB9, 0xDE, 0xB9, 0xDE, 0xB9, 0xDE, 0xB9, 0xDE,
  0xB9, 0xDE, 0xB9, 0xDE, 0xB9, 0xDE, 0xB9, 0xDE, 0xB9, 0xDE, 0xB9, 0xDE,
  0xB9, 0xDE, 0xB9, 0xDE, 0xB9, 0xDE, 0xB9, 0xDE, 0xB9, 0xDE, 0xB9, 0xDE,
  0xB9, 0xDE, 0xB9, 0xDE, 0xB9, 0xDE, 0xB9, 0xDE, 0x47, 0x21, 0x47, 0x21,
  0x47, 0x21, 0x47, 0x21, 0x47, 0x21, 0x47, 0x21, 0x47, 0x21, 0x47, 0x21,
  0x47, 0x21, 0x47, 0x21, 0x47, 0x21, 0x47, 0x21, 0x47, 0x21, 0x47, 0x21,
  0x47, 0x21, 0x47, 0x21, 0x47, 0x21, 0x47, 0x21, 0x47, 0x21, 0x47, 0x21,
  0x47, 0x21, 0x47, 0x21, 0x47, 0x21, 0x47, 0x21, 0x47, 0x21, 0x47, 0x21,
  0x47, 0x21, 0x47, 0x21, 0x47, 0x21, 0x47, 0x21, 0x47, 0x21, 0x47, 0x21,
  0xB9, 0xDE, 0xB9, 0xDE, 0xB9, 0xDE, 0xB9, 0xDE, 0xB9, 0xDE, 0xB9, 0xDE,
  0xB9, 0xDE, 0xB9, 0xDE, 0xB9, 0xDE, 0xB9, 0xDE, 0xB9, 0xDE, 0xB9, 0xDE,
  0xB9, 0xDE, 0xB9, 0xDE, 0xB9, 0xDE, 0xB9, 0xDE, 0xB9, 0xDE, 0xB9, 0xDE,
  0xB9, 0xDE, 0xB9, 0xDE, 0xB9, 0xDE, 0xB9, 0xDE, 0xB9, 0xDE, 0xB9, 0xDE,
  0xB9, 0xDE, 0xB9, 0xDE, 0xB9, 0xDE, 0xB9, 0xDE, 0xB9, 0xDE, 0xB9, 0xDE,
  0xB9, 0xDE, 0xB9, 0xDE, 0xB9, 0xDE, 0xB9, 0xDE, 0x47, 0x21, 0x47, 0x21,
  0x47, 0x21, 0x47, 0x21, 0x47, 0x21, 0x47, 0x21, 0x47, 0x21, 0x47, 0x21,
  0x47, 0x21, 0x47, 0x21, 0x47, 0x21, 0x47, 0x21, 0x47, 0x21, 0x47, 0x21,
  0x47, 0x21, 0x47, 0x21, 0x47, 0x21, 0x47, 0x21, 0x47, 0x21, 0x47, 0x21,
  0x47, 0x21, 0x47, 0x21, 0x47, 0x21, 0x47, 0x21, 0x47, 0x21, 0x47, 0x21,
  0x47, 0x21, 0x47, 0x21, 0x47, 0x21, 0x47, 0x21, 0x47, 0x21, 0x47, 0x21,
  0x47, 0x21, 0xB9, 0xDE, 0xB9, 0xDE, 0xB9, 0xDE, 0xB9, 0xDE, 0xB9, 0xDE,
  0xB9, 0xDE, 0xB9, 0xDE, 0xB9, 0xDE, 0xB9, 0xDE, 0xB9, 0xDE, 0xB9, 0xDE,
  0xB9, 0xDE, 0xB9, 0xDE, 0xB9, 0xDE, 0xB9, 0xDE, 0xB9, 0xDE, 0xB9, 0xDE,
  0xB9, 0xDE, 0xB9, 0xDE, 0xB9, 0xDE, 0xB9, 0xDE, 0xB9, 0xDE, 0xB9, 0xDE,
  0xB9, 0xDE, 0xB9, 0xDE, 0xB9, 0xDE, 0xB9, 0xDE, 0xB9, 0xDE, 0xB9, 0xDE,
  0xB9, 0xDE, 0xB9, 0xDE, 0xB9, 0xDE, 0xB9, 0xDE, 0xB9, 0xDE, 0xB9, 0xDE,
  0x47, 0x21, 0x47, 0x21, 0x47, 0x21, 0x47, 0x21, 0x47, 0x21, 0x47, 0x21,
  0x47, 0x21, 0x47, 0x21, 0x47, 0x21, 0x47, 0x21, 0x47, 0x21, 0x47, 0x21,
  0x47, 0x21, 0x47, 0x21, 0x47, 0x21, 0x47, 0x21, 0x47, 0x21, 0x47, 0x21,
  0x47, 0x21, 0x47, 0x21, 0x47, 0x21, 0x47, 0x21, 0x47, 0x21, 0x47, 0x21,
  0x47, 0x21, 0x47, 0x21, 0x47, 0x21, 0x47, 0x21, 0x47, 0x21, 0x47, 0x21,
  0x47, 0x21, 0x47, 0x21, 0x47, 0x21, 0x47, 0x21, 0x47, 0x21, 0xB9, 0xDE,
  0xB9, 0xDE, 0xB9, 0xDE, 0xB9, 0xDE, 0xB9, 0xDE, 0xB9, 0xDE, 0xB9, 0xDE,
  0xB9, 0xDE, 0xB9, 0xDE, 0xB9, 0xDE, 0xB9, 0xDE, 0xB9, 0xDE, 0xB9, 0xDE,
  0xB9, 0xDE, 0xB9, 0xDE, 0xB9, 0xDE, 0xB9, 0xDE, 0xB9, 0xDE, 0xB9, 0xDE,
  0xB9, 0xDE, 0xB9, 0xDE, 0xB9, 0xDE, 0xB9, 0xDE, 0xB9, 0xDE, 0xB9, 0xDE,
  0xB9, 0xDE, 0xB9, 0xDE, 0xB9, 0xDE, 0xB9, 0xDE, 0xB9, 0xDE, 0xB9, 0xDE,
  0xB9, 0xDE, 0xB9, 0xDE, 0xB9, 0xDE, 0xB9, 0xDE, 0x47, 0x21, 0x47, 0x21,
  0x47, 0x21, 0x47, 0x21, 0x47, 0x21, 0x47, 0x21, 0x47, 0x21, 0x47, 0x21,
  0x47, 0x21, 0x47, 0x21, 0x47, 0x21, 0x47, 0x21, 0x47, 0x21, 0x47, 0x21,
  0x47, 0x21, 0x47, 0x21, 0x47, 0x21, 0x47, 0x21, 0x47, 0x21, 0x47, 0x21,
  0x47, 0x21, 0x47, 0x21, 0x47, 0x21, 0x47, 0x21, 0x47, 0x21, 0x47, 0x21,
  0x47, 0x21, 0x47, 0x21, 0x47, 0x21, 0x47, 0x21, 0x47, 0x21, 0x47, 0x21,
  0x47, 0x21, 0x47, 0x21, 0x47, 0x21, 0x47, 0x21, 0xB9, 0xDE, 0xB9, 0xDE,
  0xB9, 0xDE, 0xB9, 0xDE, 0xB9, 0xDE, 0xB9, 0xDE, 0xB9, 0xDE, 0xB9, 0xDE,
  0xB9, 0xDE, 0xB9, 0xDE, 0xB9, 0xDE, 0xB9, 0xDE, 0xB9, 0xDE, 0xB9, 0xDE,
  0xB9, 0xDE, 0xB9, 0xDE, 0xB9, 0xDE, 0xB9, 0xDE, 0xB9, 0xDE, 0xB9, 0xDE,
  0xB9, 0xDE, 0xB9, 0xDE, 0xB9, 0xDE, 0xB9, 0xDE, 0xB9, 0xDE, 0xB9, 0xDE,
  0xB9, 0xDE, 0xB9, 0xDE, 0xB9, 0xDE, 0xB9, 0xDE, 0xB9, 0xDE, 0xB9, 0xDE,
  0xB9, 0xDE, 0xB9, 0xDE, 0xB9, 0xDE, 0xB9, 0xDE, 0xB9, 0xDE, 0x47, 0x21,
  0x47, 0x21, 0x47, 0x21, 0x47, 0x21, 0x47, 0x21, 0x47, 0x21, 0x47, 0x21,
  0x47, 0x21, 0x47, 0x21, 0x47, 0x21, 0x47, 0x21, 0x47, 0x21, 0x47, 0x21,
  0x47, 0x21, 0x47, 0x21, 0x47, 0x21, 0x47, 0x21, 0x47, 0x21, 0x47, 0x21,
  0x47, 0x21, 0x47, 0x21, 0x47, 0x21, 0x47, 0x21, 0x47, 0x21, 0x47, 0x21,
  0x47, 0x21, 0x47, 0x21, 0x47, 0x21, 0x47, 0x21, 0x47, 0x21, 0x47, 0x21,
  0x47, 0x21, 0x47, 0x21, 0x47, 0x21, 0x47, 0x21, 0x47, 0x21, 0x47, 0x21,
  0xB9, 0xDE, 0xB9, 0xDE, 0xB9, 0xDE, 0xB9, 0xDE, 0xB9, 0xDE, 0xB9, 0xDE,
  0xB9, 0xDE, 0xB9, 0xDE, 0xB9, 0xDE, 0xB9, 0xDE, 0xB9, 0xDE, 0xB9, 0xDE,
  0xB9, 0xDE, 0xB9, 0xDE, 0xB9, 0xDE, 0xB9, 0xDE, 0xB9, 0xDE, 0xB9, 0xDE,
  0xB9, 0xDE, 0xB9, 0xDE, 0xB9, 0xDE, 0xB9, 0xDE, 0xB9, 0xDE, 0xB9, 0xDE,
  0xB9, 0xDE, 0xB9, 0xDE, 0xB9, 0xDE, 0xB9, 0xDE, 0xB9, 0xDE, 0xB9, 0xDE,
  0xB9, 0xDE, 0xB9, 0xDE, 0xB9, 0xDE, 0xB9, 0xDE, 0xB9, 0xDE, 0xB9, 0xDE,
  0xB9, 0xDE, 0xB9, 0xDE, 0x47, 0x21, 0x47, 0x21, 0x47, 0x21, 0x47, 0x21,
  0x47, 0x21, 0x47, 0x21, 0x47, 0x21, 0x47, 0x21, 0x47, 0x21, 0x47, 0x21,
  0x47, 0x21, 0x47, 0x21, 0x47, 0x21, 0x47, 0x21, 0x47, 0x21, 0x47, 0x21,
  0x47, 0x21, 0x47, 0x21, 0x47, 0x21, 0x47, 0x21, 0x47, 0x21, 0x47, 0x21,
  0x47, 0x21, 0x47, 0x21, 0x47, 0x21, 0x47, 0x21, 0x47, 0x21, 0x47, 0x21,
  0x47, 0x21, 0x47, 0x21, 0x47, 0x21, 0x47, 0x21, 0x47, 0x21, 0x47, 0x21,
  0x47, 0x21, 0x47, 0x21, 0x47, 0x21, 0x47, 0x21, 0x47, 0x21, 0xB9, 0xDE,
  0xB9, 0xDE, 0xB9, 0xDE, 0xB9, 0xDE, 0xB9, 0xDE, 0xB9, 0xDE, 0xB9, 0xDE,
  0xB9, 0xDE, 0xB9, 0xDE, 0xB9, 0xDE, 0xB9, 0xDE, 0xB9, 0xDE, 0xB9, 0xDE,
  0xB9, 0xDE, 0xB9, 0xDE, 0xB9, 0xDE, 0xB9, 0xDE, 0xB9, 0xDE, 0xB9, 0xDE,
  0xB9, 0xDE, 0xB9, 0xDE, 0xB9, 0xDE, 0xB9, 0xDE, 0xB9, 0xDE, 0xB9, 0xDE,
  0xB9, 0xDE, 0xB9, 0xDE, 0xB9, 0xDE, 0xB9, 0xDE, 0xB9, 0xDE, 0xB9, 0xDE,
  0xBD, 0xDE, 0xC2, 0xDE, 0xC7, 0xDE, 0xCC, 0xDE, 0xD1, 0xDE, 0xD6, 0xDE,
  0xDA, 0xDE, 0xDF, 0xDE, 0xE4, 0xDE, 0x17, 0x21, 0x12, 0x21, 0x0D, 0x21,
  0x09, 0x21, 0x04, 0x21, 0xFF, 0x20, 0xFA, 0x20, 0xF5, 0x20, 0xF0, 0x20,
  0xEC, 0x20, 0xE7, 0x20, 0xE2, 0x20, 0xDD, 0x20, 0xD8, 0x20, 0xD4, 0x20,
  0xCF, 0x20, 0xCA, 0x20, 0xC5, 0x20, 0xC0, 0x20, 0xBB, 0x20, 0xB7, 0x20,
  0xB2, 0x20, 0xAD, 0x20, 0xA8, 0x20, 0xA3, 0x20, 0x9E, 0x20, 0x9A, 0x20,
  0x95, 0x20, 0x90, 0x20, 0x8B, 0x20, 0x86, 0x20, 0x81, 0x20, 0x7D, 0x20,
  0x78, 0x20, 0x73, 0x20, 0x6E, 0x20, 0x69, 0x20, 0x64, 0x20, 0x60, 0x20,
  0x5B, 0x20, 0xAA, 0xDF, 0xAF, 0xDF, 0xB4, 0xDF, 0xB9, 0xDF, 0xBD, 0xDF,
  0xC2, 0xDF, 0xC7, 0xDF, 0xCC, 0xDF, 0xD1, 0xDF, 0xD6, 0xDF, 0xDA, 0xDF,
  0xDF, 0xDF, 0xE4, 0xDF, 0xE9, 0xDF, 0xEE, 0xDF, 0xF3, 0xDF, 0xF7, 0xDF,
  0xFC, 0xDF, 0x01, 0xE0, 0x06, 0xE0, 0x0B, 0xE0, 0x0F, 0xE0, 0x14, 0xE0,
  0x19, 0xE0, 0x1E, 0xE0, 0x23, 0xE0, 0x28, 0xE0, 0x2C, 0xE0, 0x31, 0xE0,
  0x36, 0xE0, 0x3B, 0xE0, 0x40, 0xE0, 0x45, 0xE0, 0x49, 0xE0, 0x4E, 0xE0,
  0x53, 0xE0, 0x58, 0xE0, 0x5D, 0xE0, 0x62, 0xE0, 0x66, 0xE0, 0x6B, 0xE0,
  0x90, 0x1F, 0x8B, 0x1F, 0x86, 0x1F, 0x81, 0x1F, 0x7D, 0x1F, 0x78, 0x1F,
  0x73, 0x1F, 0x6E, 0x1F, 0x69, 0x1F, 0x64, 0x1F, 0x60, 0x1F, 0x5B, 0x1F,
  0x56, 0x1F, 0x51, 0x1F, 0x4C, 0x1F, 0x47, 0x1F, 0x43, 0x1F, 0x3E, 0x1F,
  0x39, 0x1F, 0x34, 0x1F, 0x2F, 0x1F, 0x2B, 0x1F, 0x26, 0x1F, 0x21, 0x1F,
  0x1C, 0x1F, 0x17, 0x1F, 0x12, 0x1F, 0x0E, 0x1F, 0x09, 0x1F, 0x04, 0x1F,
  0xFF, 0x1E, 0xFA, 0x1E, 0xF5, 0x1E, 0xF1, 0x1E, 0xEC, 0x1E, 0xE7, 0x1E,
  0xE2, 0x1E, 0xDD, 0x1E, 0xD8, 0x1E, 0xD4, 0x1E, 0xCF, 0x1E, 0xCA, 0x1E,
  0x3B, 0xE1, 0x40, 0xE1, 0x45, 0xE1, 0x49, 0xE1, 0x4E, 0xE1, 0x53, 0xE1,
  0x58, 0xE1, 0x5D, 0xE1, 0x62, 0xE1, 0x66, 0xE1, 0x6B, 0xE1, 0x70, 0xE1,
  0x75, 0xE1, 0x7A, 0xE1, 0x7F, 0xE1, 0x83, 0xE1, 0x88, 0xE1, 0x8D, 0xE1,
  0x92, 0xE1, 0x97, 0xE1, 0x9C, 0xE1, 0xA0, 0xE1, 0xA5, 0xE1, 0xAA, 0xE1,
  0xAF, 0xE1, 0xB4, 0xE1, 0xB8, 0xE1, 0xBD, 0xE1, 0xC2, 0xE1, 0xC7, 0xE1,
  0xCC, 0xE1, 0xD1, 0xE1, 0xD5, 0xE1, 0xDA, 0xE1, 0xDF, 0xE1, 0xE4, 0xE1,
  0xE9, 0xE1, 0xEE, 0xE1, 0xF2, 0xE1, 0xF7, 0xE1, 0xFC, 0xE1, 0x01, 0xE2,
  0xFA, 0x1D, 0xF5, 0x1D, 0xF1, 0x1D, 0xEC, 0x1D, 0xE7, 0x1D, 0xE2, 0x1D,
  0xDD, 0x1D, 0xD8, 0x1D, 0xD4, 0x1D, 0xCF, 0x1D, 0xCA, 0x1D, 0xC5, 0x1D,
  0xC0, 0x1D, 0xBB, 0x1D, 0xB7, 0x1D, 0xB2, 0x1D, 0xAD, 0x1D, 0xA8, 0x1D,
  0xA3, 0x1D, 0x9E, 0x1D, 0x9A, 0x1D, 0x95, 0x1D, 0x90, 0x1D, 0x8B, 0x1D,
  0x86, 0x1D, 0x81, 0x1D, 0x7D, 0x1D, 0x78, 0x1D, 0x73, 0x1D, 0x6E, 0x1D,
  0x69, 0x1D, 0x65, 0x1D, 0x60, 0x1D, 0x5B, 0x1D, 0x56, 0x1D, 0x51, 0x1D,
  0x4C, 0x1D, 0x48, 0x1D, 0x43, 0x1D, 0x3E, 0x1D, 0x39, 0x1D, 0x34, 0x1D,
  0x2F, 0x1D, 0x2B, 0x1D, 0xDA, 0xE2, 0xDF, 0xE2, 0xE4, 0xE2, 0xE9, 0xE2,
  0xEE, 0xE2, 0xF2, 0xE2, 0xF7, 0xE2, 0xFC, 0xE2, 0x01, 0xE3, 0x06, 0xE3,
  0x0B, 0xE3, 0x0F, 0xE3, 0x14, 0xE3, 0x19, 0xE3, 0x1E, 0xE3, 0x23, 0xE3,
  0x28, 0xE3, 0x2C, 0xE3, 0x31, 0xE3, 0x36, 0xE3, 0x3B, 0xE3, 0x40, 0xE3,
  0x45, 0xE3, 0x49, 0xE3, 0x4E, 0xE3, 0x53, 0xE3, 0x58, 0xE3, 0x5D, 0xE3,
  0x61, 0xE3, 0x66, 0xE3, 0x6B, 0xE3, 0x70, 0xE3, 0x75, 0xE3, 0x7A, 0xE3,
  0x7E, 0xE3, 0x83, 0xE3, 0x88, 0xE3, 0x8D, 0xE3, 0x92, 0xE3, 0x97, 0xE3,
  0x9B, 0xE3, 0xA0, 0xE3, 0xA5, 0xE3, 0xAA, 0xE3, 0x51, 0x1C, 0x4C, 0x1C,
  0x48, 0x1C, 0x43, 0x1C, 0x3E, 0x1C, 0x39, 0x1C, 0x34, 0x1C, 0x2F, 0x1C,
  0x2B, 0x1C, 0x26, 0x1C, 0x21, 0x1C, 0x1C, 0x1C, 0x17, 0x1C, 0x12, 0x1C,
  0x0E, 0x1C, 0x09, 0x1C, 0x04, 0x1C, 0xFF, 0x1B, 0xFA, 0x1B, 0xF5, 0x1B,
  0xF1, 0x1B, 0xEC, 0x1B, 0xE7, 0x1B, 0xE2, 0x1B, 0xDD, 0x1B, 0xD8, 0x1B,
  0xD4, 0x1B, 0xCF, 0x1B, 0xCA, 0x1B, 0xC5, 0x1B, 0xC0, 0x1B, 0xBC, 0x1B,
  0xB7, 0x1B, 0xB2, 0x1B, 0xAD, 0x1B, 0xA8, 0x1B, 0xA3, 0x1B, 0x9F, 0x1B,
  0x9A, 0x1B, 0x95, 0x1B, 0x90, 0x1B, 0x8B, 0x1B, 0x86, 0x1B, 0x82, 0x1B,
  0x7D, 0x1B, 0x78, 0x1B, 0x8D, 0xE4, 0x92, 0xE4, 0x97, 0xE4, 0x9B, 0xE4,
  0xA0, 0xE4, 0xA5, 0xE4, 0xAA, 0xE4, 0xAF, 0xE4, 0xB4, 0xE4, 0xB8, 0xE4,
  0xBD, 0xE4, 0xC2, 0xE4, 0xC7, 0xE4, 0xCC, 0xE4, 0xD1, 0xE4, 0xD5, 0xE4,
  0xDA, 0xE4, 0xDF, 0xE4, 0xE4, 0xE4, 0xE9, 0xE4, 0xEE, 0xE4, 0xF2, 0xE4,
  0xF7, 0xE4, 0xFC, 0xE4, 0x01, 0xE5, 0x06, 0xE5, 0x0A, 0xE5, 0x0F, 0xE5,
  0x14, 0xE5, 0x19, 0xE5, 0x1E, 0xE5, 0x23, 0xE5, 0x27, 0xE5, 0x2C, 0xE5,
  0x31, 0xE5, 0x36, 0xE5, 0x3B, 0xE5, 0x40, 0xE5, 0x44, 0xE5, 0x49, 0xE5,
  0x4E, 0xE5, 0x53, 0xE5, 0x58, 0xE5, 0x5D, 0xE5, 0x61, 0xE5, 0x66, 0xE5,
  0x95, 0x1A, 0x90, 0x1A, 0x8B, 0x1A, 0x86, 0x1A, 0x82, 0x1A, 0x7D, 0x1A,
  0x78, 0x1A, 0x73, 0x1A, 0x6E, 0x1A, 0x69, 0x1A, 0x65, 0x1A, 0x60, 0x1A,
  0x5B, 0x1A, 0x56, 0x1A, 0x51, 0x1A, 0x4C, 0x1A, 0x48, 0x1A, 0x43, 0x1A,
  0x3E, 0x1A, 0x39, 0x1A, 0x34, 0x1A, 0x2F, 0x1A, 0x2B, 0x1A, 0x26, 0x1A,
  0x21, 0x1A, 0x1C, 0x1A, 0x17, 0x1A, 0x13, 0x1A, 0x0E, 0x1A, 0x09, 0x1A,
  0x04, 0x1A, 0xFF, 0x19, 0xFA, 0x19, 0xF6, 0x19, 0xF1, 0x19, 0xEC, 0x19,
  0xE7, 0x19, 0xE2, 0x19, 0xDD, 0x19, 0xD9, 0x19, 0xD4, 0x19, 0xCF, 0x19,
  0xCA, 0x19, 0xC5, 0x19, 0xC0, 0x19, 0xBC, 0x19, 0xB7, 0x19, 0xB2, 0x19,
  0x53, 0xE6, 0x58, 0xE6, 0x5D, 0xE6, 0x61, 0xE6, 0x66, 0xE6, 0x6B, 0xE6,
  0x70, 0xE6, 0x75, 0xE6, 0x7A, 0xE6, 0x7E, 0xE6, 0x83, 0xE6, 0x88, 0xE6,
  0x8D, 0xE6, 0x92, 0xE6, 0x97, 0xE6, 0x9B, 0xE6, 0xA0, 0xE6, 0xA5, 0xE6,
  0xAA, 0xE6, 0xAF, 0xE6, 0xB4, 0xE6, 0xB8, 0xE6, 0xBD, 0xE6, 0xC2, 0xE6,
  0xC7, 0xE6, 0xCC, 0xE6, 0xD0, 0xE6, 0xD5, 0xE6, 0xDA, 0xE6, 0xDF, 0xE6,
  0xE4, 0xE6, 0xE9, 0xE6, 0xED, 0xE6, 0xF2, 0xE6, 0xF7, 0xE6, 0xFC, 0xE6,
  0x01, 0xE7, 0x06, 0xE7, 0x0A, 0xE7, 0x0F, 0xE7, 0x14, 0xE7, 0x19, 0xE7,
  0x1E, 0xE7, 0x23, 0xE7, 0x27, 0xE7, 0x2C, 0xE7, 0x31, 0xE7, 0x36, 0xE7,
  0xC5, 0x18, 0xC0, 0x18, 0xBC, 0x18, 0xB7, 0x18, 0xB2, 0x18, 0xAD, 0x18,
  0xA8, 0x18, 0xA3, 0x18, 0x9F, 0x18, 0x9A, 0x18, 0x95, 0x18, 0x90, 0x18,
  0x8B, 0x18, 0x86, 0x18, 0x82, 0x18, 0x7D, 0x18, 0x78, 0x18, 0x73, 0x18,
  0x6E, 0x18, 0x6A, 0x18, 0x65, 0x18, 0x60, 0x18, 0x5B, 0x18, 0x56, 0x18,
  0x51, 0x18, 0x4D, 0x18, 0x48, 0x18, 0x43, 0x18, 0x3E, 0x18, 0x39, 0x18,
  0x34, 0x18, 0x30, 0x18, 0x2B, 0x18, 0x26, 0x18, 0x21, 0x18, 0x1C, 0x18,
  0x17, 0x18, 0x13, 0x18, 0x0E, 0x18, 0x09, 0x18, 0x04, 0x18, 0xFF, 0x17,
  0xFA, 0x17, 0xF6, 0x17, 0xF1, 0x17, 0xEC, 0x17, 0xE7, 0x17, 0xE2, 0x17,
  0xDD, 0x17, 0xD9, 0x17, 0x2C, 0xE8, 0x31, 0xE8, 0x36, 0xE8, 0x3B, 0xE8,
  0x40, 0xE8, 0x44, 0xE8, 0x49, 0xE8, 0x4E, 0xE8, 0x53, 0xE8, 0x58, 0xE8,
  0x5D, 0xE8, 0x61, 0xE8, 0x66, 0xE8, 0x6B, 0xE8, 0x70, 0xE8, 0x75, 0xE8,
  0x79, 0xE8, 0x7E, 0xE8, 0x83, 0xE8, 0x88, 0xE8, 0x8D, 0xE8, 0x92, 0xE8,
  0x96, 0xE8, 0x9B, 0xE8, 0xA0, 0xE8, 0xA5, 0xE8, 0xAA, 0xE8, 0xAF, 0xE8,
  0xB3, 0xE8, 0xB8, 0xE8, 0xBD, 0xE8, 0xC2, 0xE8, 0xC7, 0xE8, 0xCC, 0xE8,
  0xD0, 0xE8, 0xD5, 0xE8, 0xDA, 0xE8, 0xDF, 0xE8, 0xE4, 0xE8, 0xE9, 0xE8,
  0xED, 0xE8, 0xF2, 0xE8, 0xF7, 0xE8, 0xFC, 0xE8, 0x01, 0xE9, 0x06, 0xE9,
  0x0A, 0xE9, 0x0F, 0xE9, 0x14, 0xE9, 0x19, 0xE9, 0x1E, 0xE9, 0xDD, 0x16,
  0xD9, 0x16, 0xD4, 0x16, 0xCF, 0x16, 0xCA, 0x16, 0xC5, 0x16, 0xC1, 0x16,
  0xBC, 0x16, 0xB7, 0x16, 0xB2, 0x16, 0xAD, 0x16, 0xA8, 0x16, 0xA4, 0x16,
  0x9F, 0x16, 0x9A, 0x16, 0x95, 0x16, 0x90, 0x16, 0x8B, 0x16, 0x87, 0x16,
  0x82, 0x16, 0x7D, 0x16, 0x78, 0x16, 0x73, 0x16, 0x6E, 0x16, 0x6A, 0x16,
  0x65, 0x16, 0x60, 0x16, 0x5B, 0x16, 0x56, 0x16, 0x51, 0x16, 0x4D, 0x16,
  0x48, 0x16, 0x43, 0x16, 0x3E, 0x16, 0x39, 0x16, 0x34, 0x16, 0x30, 0x16,
  0x2B, 0x16, 0x26, 0x16, 0x21, 0x16, 0x1C, 0x16, 0x17, 0x16, 0x13, 0x16,
  0x0E, 0x16, 0x09, 0x16, 0x04, 0x16, 0xFF, 0x15, 0xFA, 0x15, 0xF6, 0x15,
  0xF1, 0x15, 0xEC, 0x15, 0xE7, 0x15, 0x1E, 0xEA, 0x22, 0xEA, 0x27, 0xEA,
  0x2C, 0xEA, 0x31, 0xEA, 0x36, 0xEA, 0x3B, 0xEA, 0x3F, 0xEA, 0x44, 0xEA,
  0x49, 0xEA, 0x4E, 0xEA, 0x53, 0xEA, 0x58, 0xEA, 0x5C, 0xEA, 0x61, 0xEA,
  0x66, 0xEA, 0x6B, 0xEA, 0x70, 0xEA, 0x75, 0xEA, 0x79, 0xEA, 0x7E, 0xEA,
  0x83, 0xEA, 0x88, 0xEA, 0x8D, 0xEA, 0x92, 0xEA, 0x96, 0xEA, 0x9B, 0xEA,
  0xA0, 0xEA, 0xA5, 0xEA, 0xAA, 0xEA, 0xAF, 0xEA, 0xB3, 0xEA, 0xB8, 0xEA,
  0xBD, 0xEA, 0xC2, 0xEA, 0xC7, 0xEA, 0xCC, 0xEA, 0xD0, 0xEA, 0xD5, 0xEA,
  0xDA, 0xEA, 0xDF, 0xEA, 0xE4, 0xEA, 0xE9, 0xEA, 0xED, 0xEA, 0xF2, 0xEA,
  0xF7, 0xEA, 0xFC, 0xEA, 0x01, 0xEB, 0x05, 0xEB, 0x0A, 0xEB, 0x0F, 0xEB,
  0x14, 0xEB, 0x19, 0xEB, 0x1E, 0xEB, 0xDE, 0x14, 0xD9, 0x14, 0xD4, 0x14,
  0xCF, 0x14, 0xCA, 0x14, 0xC5, 0x14, 0xC1, 0x14, 0xBC, 0x14, 0xB7, 0x14,
  0xB2, 0x14, 0xAD, 0x14, 0xA8, 0x14, 0xA4, 0x14, 0x9F, 0x14, 0x9A, 0x14,
  0x95, 0x14, 0x90, 0x14, 0x8B, 0x14, 0x87, 0x14, 0x82, 0x14, 0x7D, 0x14,
  0x78, 0x14, 0x73, 0x14, 0x6E, 0x14, 0x6A, 0x14, 0x65, 0x14, 0x60, 0x14,
  0x5B, 0x14, 0x56, 0x14, 0x51, 0x14, 0x4D, 0x14, 0x48, 0x14, 0x43, 0x14,
  0x3E, 0x14, 0x39, 0x14, 0x35, 0x14, 0x30, 0x14, 0x2B, 0x14, 0x26, 0x14,
  0x21, 0x14, 0x1C, 0x14, 0x18, 0x14, 0x13, 0x14, 0x0E, 0x14, 0x09, 0x14,
  0x04, 0x14, 0xFF, 0x13, 0xFB, 0x13, 0xF6, 0x13, 0xF1, 0x13, 0xEC, 0x13,
  0xE7, 0x13, 0xE2, 0x13, 0xDE, 0x13, 0xD9, 0x13, 0x2C, 0xEC, 0x31, 0xEC,
  0x36, 0xEC, 0x3B, 0xEC, 0x3F, 0xEC, 0x44, 0xEC, 0x49, 0xEC, 0x4E, 0xEC,
  0x53, 0xEC, 0x58, 0xEC, 0x5C, 0xEC, 0x61, 0xEC, 0x66, 0xEC, 0x6B, 0xEC,
  0x70, 0xEC, 0x75, 0xEC, 0x79, 0xEC, 0x7E, 0xEC, 0x83, 0xEC, 0x88, 0xEC,
  0x8D, 0xEC, 0x92, 0xEC, 0x96, 0xEC, 0x9B, 0xEC, 0xA0, 0xEC, 0xA5, 0xEC,
  0xAA, 0xEC, 0xAE, 0xEC, 0xB3, 0xEC, 0xB8, 0xEC, 0xBD, 0xEC, 0xC2, 0xEC,
  0xC7, 0xEC, 0xCB, 0xEC, 0xD0, 0xEC, 0xD5, 0xEC, 0xDA, 0xEC, 0xDF, 0xEC,
  0xE4, 0xEC, 0xE8, 0xEC, 0xED, 0xEC, 0xF2, 0xEC, 0xF7, 0xEC, 0xFC, 0xEC,
  0x01, 0xED, 0x05, 0xED, 0x0A, 0xED, 0x0F, 0xED, 0x14, 0xED, 0x19, 0xED,
  0x1E, 0xED, 0x22, 0xED, 0x27, 0xED, 0x2C, 0xED, 0x31, 0xED, 0x36, 0xED,
  0xC5, 0x12, 0xC1, 0x12, 0xBC, 0x12, 0xB7, 0x12, 0xB2, 0x12, 0xAD, 0x12,
  0xA8, 0x12, 0xA4, 0x12, 0x9F, 0x12, 0x9A, 0x12, 0x95, 0x12, 0x90, 0x12,
  0x8C, 0x12, 0x87, 0x12, 0x82, 0x12, 0x7D, 0x12, 0x78, 0x12, 0x73, 0x12,
  0x6F, 0x12, 0x6A, 0x12, 0x65, 0x12, 0x60, 0x12, 0x5B, 0x12, 0x56, 0x12,
  0x52, 0x12, 0x4D, 0x12, 0x48, 0x12, 0x43, 0x12, 0x3E, 0x12, 0x39, 0x12,
  0x35, 0x12, 0x30, 0x12, 0x2B, 0x12, 0x26, 0x12, 0x21, 0x12, 0x1C, 0x12,
  0x18, 0x12, 0x13, 0x12, 0x0E, 0x12, 0x09, 0x12, 0x04, 0x12, 0xFF, 0x11,
  0xFB, 0x11, 0xF6, 0x11, 0xF1, 0x11, 0xEC, 0x11, 0xE7, 0x11, 0xE2, 0x11,
  0xDE, 0x11, 0xD9, 0x11, 0xD4, 0x11, 0xCF, 0x11, 0xCA, 0x11, 0xC5, 0x11,
  0xC1, 0x11, 0xBC, 0x11, 0xB7, 0x11, 0xB2, 0x11, 0x53, 0xEE, 0x57, 0xEE,
  0x5C, 0xEE, 0x61, 0xEE, 0x66, 0xEE, 0x6B, 0xEE, 0x70, 0xEE, 0x74, 0xEE,
  0x79, 0xEE, 0x7E, 0xEE, 0x83, 0xEE, 0x88, 0xEE, 0x8D, 0xEE, 0x91, 0xEE,
  0x96, 0xEE, 0x9B, 0xEE, 0xA0, 0xEE, 0xA5, 0xEE, 0xAA, 0xEE, 0xAE, 0xEE,
  0xB3, 0xEE, 0xB8, 0xEE, 0xBD, 0xEE, 0xC2, 0xEE, 0xC7, 0xEE, 0xCB, 0xEE,
  0xD0, 0xEE, 0xD5, 0xEE, 0xDA, 0xEE, 0xDF, 0xEE, 0xE4, 0xEE, 0xE8, 0xEE,
  0xED, 0xEE, 0xF2, 0xEE, 0xF7, 0xEE, 0xFC, 0xEE, 0x01, 0xEF, 0x05, 0xEF,
  0x0A, 0xEF, 0x0F, 0xEF, 0x14, 0xEF, 0x19, 0xEF, 0x1E, 0xEF, 0x22, 0xEF,
  0x27, 0xEF, 0x2C, 0xEF, 0x31, 0xEF, 0x36, 0xEF, 0x3A, 0xEF, 0x3F, 0xEF,
  0x44, 0xEF, 0x49, 0xEF, 0x4E, 0xEF, 0x53, 0xEF, 0x57, 0xEF, 0x5C, 0xEF,
  0x61, 0xEF, 0x66, 0xEF, 0x6B, 0xEF, 0x70, 0xEF, 0x8C, 0x10, 0x87, 0x10,
  0x82, 0x10, 0x7D, 0x10, 0x78, 0x10, 0x73, 0x10, 0x6F, 0x10, 0x6A, 0x10,
  0x65, 0x10, 0x60, 0x10, 0x5B, 0x10, 0x56, 0x10, 0x52, 0x10, 0x4D, 0x10,
  0x48, 0x10, 0x43, 0x10, 0x3E, 0x10, 0x39, 0x10, 0x35, 0x10, 0x30, 0x10,
  0x2B, 0x10, 0x26, 0x10, 0x21, 0x10, 0x1C, 0x10, 0x18, 0x10, 0x13, 0x10,
  0x0E, 0x10, 0x09, 0x10, 0x04, 0x10, 0x00, 0x10, 0xFB, 0x0F, 0xF6, 0x0F,
  0xF1, 0x0F, 0xEC, 0x0F, 0xE7, 0x0F, 0xE3, 0x0F, 0xDE, 0x0F, 0xD9, 0x0F,
  0xD4, 0x0F, 0xCF, 0x0F, 0xCA, 0x0F, 0xC6, 0x0F, 0xC1, 0x0F, 0xBC, 0x0F,
  0xB7, 0x0F, 0xB2, 0x0F, 0xAD, 0x0F, 0xA9, 0x0F, 0xA4, 0x0F, 0x9F, 0x0F,
  0x9A, 0x0F, 0x95, 0x0F, 0x90, 0x0F, 0x8C, 0x0F, 0x87, 0x0F, 0x82, 0x0F,
  0x7D, 0x0F, 0x78, 0x0F, 0x73, 0x0F, 0x6F, 0x0F, 0x6A, 0x0F, 0x9B, 0xF0,
  0xA0, 0xF0, 0xA5, 0xF0, 0xAA, 0xF0, 0xAE, 0xF0, 0xB3, 0xF0, 0xB8, 0xF0,
  0xBD, 0xF0, 0xC2, 0xF0, 0xC7, 0xF0, 0xCB, 0xF0, 0xD0, 0xF0, 0xD5, 0xF0,
  0xDA, 0xF0, 0xDF, 0xF0, 0xE3, 0xF0, 0xE8, 0xF0, 0xED, 0xF0, 0xF2, 0xF0,
  0xF7, 0xF0, 0xFC, 0xF0, 0x00, 0xF1, 0x05, 0xF1, 0x0A, 0xF1, 0x0F, 0xF1,
  0x14, 0xF1, 0x19, 0xF1, 0x1D, 0xF1, 0x22, 0xF1, 0x27, 0xF1, 0x2C, 0xF1,
  0x31, 0xF1, 0x36, 0xF1, 0x3A, 0xF1, 0x3F, 0xF1, 0x44, 0xF1, 0x49, 0xF1,
  0x4E, 0xF1, 0x53, 0xF1, 0x57, 0xF1, 0x5C, 0xF1, 0x61, 0xF1, 0x66, 0xF1,
  0x6B, 0xF1, 0x70, 0xF1, 0x74, 0xF1, 0x79, 0xF1, 0x7E, 0xF1, 0x83, 0xF1,
  0x88, 0xF1, 0x8D, 0xF1, 0x91, 0xF1, 0x96, 0xF1, 0x9B, 0xF1, 0xA0, 0xF1,
  0xA5, 0xF1, 0xAA, 0xF1, 0xAE, 0xF1, 0xB3, 0xF1, 0xB8, 0xF1, 0xBD, 0xF1,
  0xC2, 0xF1, 0xC6, 0xF1, 0xCB, 0xF1, 0x30, 0x0E, 0x2B, 0x0E, 0x26, 0x0E,
  0x21, 0x0E, 0x1D, 0x0E, 0x18, 0x0E, 0x13, 0x0E, 0x0E, 0x0E, 0x09, 0x0E,
  0x04, 0x0E, 0x00, 0x0E, 0xFB, 0x0D, 0xF6, 0x0D, 0xF1, 0x0D, 0xEC, 0x0D,
  0xE7, 0x0D, 0xE3, 0x0D, 0xDE, 0x0D, 0xD9, 0x0D, 0xD4, 0x0D, 0xCF, 0x0D,
  0xCA, 0x0D, 0xC6, 0x0D, 0xC1, 0x0D, 0xBC, 0x0D, 0xB7, 0x0D, 0xB2, 0x0D,
  0xAD, 0x0D, 0xA9, 0x0D, 0xA4, 0x0D, 0x9F, 0x0D, 0x9A, 0x0D, 0x95, 0x0D,
  0x90, 0x0D, 0x8C, 0x0D, 0x87, 0x0D, 0x82, 0x0D, 0x7D, 0x0D, 0x78, 0x0D,
  0x74, 0x0D, 0x6F, 0x0D, 0x6A, 0x0D, 0x65, 0x0D, 0x60, 0x0D, 0x5B, 0x0D,
  0x57, 0x0D, 0x52, 0x0D, 0x4D, 0x0D, 0x48, 0x0D, 0x43, 0x0D, 0x3E, 0x0D,
  0x3A, 0x0D, 0x35, 0x0D, 0x30, 0x0D, 0x2B, 0x0D, 0x26, 0x0D, 0x21, 0x0D,
  0x1D, 0x0D, 0x18, 0x0D, 0x13, 0x0D, 0x0E, 0x0D, 0x09, 0x0D, 0x04, 0x0D,
  0x00, 0x0D, 0xFB, 0x0C, 0x0A, 0xF3, 0x0F, 0xF3, 0x14, 0xF3, 0x19, 0xF3,
  0x1D, 0xF3, 0x22, 0xF3, 0x27, 0xF3, 0x2C, 0xF3, 0x31, 0xF3, 0x36, 0xF3,
  0x3A, 0xF3, 0x3F, 0xF3, 0x44, 0xF3, 0x49, 0xF3, 0x4E, 0xF3, 0x53, 0xF3,
  0x57, 0xF3, 0x5C, 0xF3, 0x61, 0xF3, 0x66, 0xF3, 0x6B, 0xF3, 0x6F, 0xF3,
  0x74, 0xF3, 0x79, 0xF3, 0x7E, 0xF3, 0x83, 0xF3, 0x88, 0xF3, 0x8C, 0xF3,
  0x91, 0xF3, 0x96, 0xF3, 0x9B, 0xF3, 0xA0, 0xF3, 0xA5, 0xF3, 0xA9, 0xF3,
  0xAE, 0xF3, 0xB3, 0xF3, 0xB8, 0xF3, 0xBD, 0xF3, 0xC2, 0xF3, 0xC6, 0xF3,
  0xCB, 0xF3, 0xD0, 0xF3, 0xD5, 0xF3, 0xDA, 0xF3, 0xDF, 0xF3, 0xE3, 0xF3,
  0xE8, 0xF3, 0xED, 0xF3, 0xF2, 0xF3, 0xF7, 0xF3, 0xFC, 0xF3, 0x00, 0xF4,
  0x05, 0xF4, 0x0A, 0xF4, 0x0F, 0xF4, 0x14, 0xF4, 0x19, 0xF4, 0x1D, 0xF4,
  0x22, 0xF4, 0x27, 0xF4, 0x2C, 0xF4, 0x31, 0xF4, 0x35, 0xF4, 0x3A, 0xF4,
  0x3F, 0xF4, 0x44, 0xF4, 0x49, 0xF4, 0xB2, 0x0B, 0xAE, 0x0B, 0xA9, 0x0B,
  0xA4, 0x0B, 0x9F, 0x0B, 0x9A, 0x0B, 0x95, 0x0B, 0x91, 0x0B, 0x8C, 0x0B,
  0x87, 0x0B, 0x82, 0x0B, 0x7D, 0x0B, 0x78, 0x0B, 0x74, 0x0B, 0x6F, 0x0B,
  0x6A, 0x0B, 0x65, 0x0B, 0x60, 0x0B, 0x5B, 0x0B, 0x57, 0x0B, 0x52, 0x0B,
  0x4D, 0x0B, 0x48, 0x0B, 0x43, 0x0B, 0x3E, 0x0B, 0x3A, 0x0B, 0x35, 0x0B,
  0x30, 0x0B, 0x2B, 0x0B, 0x26, 0x0B, 0x21, 0x0B, 0x1D, 0x0B, 0x18, 0x0B,
  0x13, 0x0B, 0x0E, 0x0B, 0x09, 0x0B, 0x04, 0x0B, 0x00, 0x0B, 0xFB, 0x0A,
  0xF6, 0x0A, 0xF1, 0x0A, 0xEC, 0x0A, 0xE8, 0x0A, 0xE3, 0x0A, 0xDE, 0x0A,
  0xD9, 0x0A, 0xD4, 0x0A, 0xCF, 0x0A, 0xCB, 0x0A, 0xC6, 0x0A, 0xC1, 0x0A,
  0xBC, 0x0A, 0xB7, 0x0A, 0xB2, 0x0A, 0xAE, 0x0A, 0xA9, 0x0A, 0xA4, 0x0A,
  0x9F, 0x0A, 0x9A, 0x0A, 0x95, 0x0A, 0x91, 0x0A, 0x8C, 0x0A, 0x87, 0x0A,
  0x82, 0x0A, 0x7D, 0x0A, 0x78, 0x0A, 0x74, 0x0A, 0x6F, 0x0A, 0x6A, 0x0A,
  0x65, 0x0A, 0xA0, 0xF5, 0xA5, 0xF5, 0xA9, 0xF5, 0xAE, 0xF5, 0xB3, 0xF5,
  0xB8, 0xF5, 0xBD, 0xF5, 0xC2, 0xF5, 0xC6, 0xF5, 0xCB, 0xF5, 0xD0, 0xF5,
  0xD5, 0xF5, 0xDA, 0xF5, 0xDF, 0xF5, 0xE3, 0xF5, 0xE8, 0xF5, 0xED, 0xF5,
  0xF2, 0xF5, 0xF7, 0xF5, 0xFB, 0xF5, 0x00, 0xF6, 0x05, 0xF6, 0x0A, 0xF6,
  0x0F, 0xF6, 0x14, 0xF6, 0x18, 0xF6, 0x1D, 0xF6, 0x22, 0xF6, 0x27, 0xF6,
  0x2C, 0xF6, 0x31, 0xF6, 0x35, 0xF6, 0x3A, 0xF6, 0x3F, 0xF6, 0x44, 0xF6,
  0x49, 0xF6, 0x4E, 0xF6, 0x52, 0xF6, 0x57, 0xF6, 0x5C, 0xF6, 0x61, 0xF6,
  0x66, 0xF6, 0x6B, 0xF6, 0x6F, 0xF6, 0x74, 0xF6, 0x79, 0xF6, 0x7E, 0xF6,
  0x83, 0xF6, 0x88, 0xF6, 0x8C, 0xF6, 0x91, 0xF6, 0x96, 0xF6, 0x9B, 0xF6,
  0xA0, 0xF6, 0xA5, 0xF6, 0xA9, 0xF6, 0xAE, 0xF6, 0xB3, 0xF6, 0xB8, 0xF6,
  0xBD, 0xF6, 0xC1, 0xF6, 0xC6, 0xF6, 0xCB, 0xF6, 0xD0, 0xF6, 0xD5, 0xF6,
  0xDA, 0xF6, 0xDE, 0xF6, 0xE3, 0xF6, 0xE8, 0xF6, 0xED, 0xF6, 0xF2, 0xF6,
  0xF7, 0xF6, 0x05, 0x09, 0x00, 0x09, 0xFB, 0x08, 0xF6, 0x08, 0xF1, 0x08,
  0xEC, 0x08, 0xE8, 0x08, 0xE3, 0x08, 0xDE, 0x08, 0xD9, 0x08, 0xD4, 0x08,
  0xCF, 0x08, 0xCB, 0x08, 0xC6, 0x08, 0xC1, 0x08, 0xBC, 0x08, 0xB7, 0x08,
  0xB2, 0x08, 0xAE, 0x08, 0xA9, 0x08, 0xA4, 0x08, 0x9F, 0x08, 0x9A, 0x08,
  0x95, 0x08, 0x91, 0x08, 0x8C, 0x08, 0x87, 0x08, 0x82, 0x08, 0x7D, 0x08,
  0x78, 0x08, 0x74, 0x08, 0x6F, 0x08, 0x6A, 0x08, 0x65, 0x08, 0x60, 0x08,
  0x5C, 0x08, 0x57, 0x08, 0x52, 0x08, 0x4D, 0x08, 0x48, 0x08, 0x43, 0x08,
  0x3F, 0x08, 0x3A, 0x08, 0x35, 0x08, 0x30, 0x08, 0x2B, 0x08, 0x26, 0x08,
  0x22, 0x08, 0x1D, 0x08, 0x18, 0x08, 0x13, 0x08, 0x0E, 0x08, 0x09, 0x08,
  0x05, 0x08, 0x00, 0x08, 0xFB, 0x07, 0xF6, 0x07, 0xF1, 0x07, 0xEC, 0x07,
  0xE8, 0x07, 0xE3, 0x07, 0xDE, 0x07, 0xD9, 0x07, 0xD4, 0x07, 0xCF, 0x07,
  0xCB, 0x07, 0xC6, 0x07, 0xC1, 0x07, 0xBC, 0x07, 0xB7, 0x07, 0xB2, 0x07,
  0xAE, 0x07, 0xA9, 0x07, 0xA4, 0x07, 0x61, 0xF8, 0x66, 0xF8, 0x6A, 0xF8,
  0x6F, 0xF8, 0x74, 0xF8, 0x79, 0xF8, 0x7E, 0xF8, 0x83, 0xF8, 0x87, 0xF8,
  0x8C, 0xF8, 0x91, 0xF8, 0x96, 0xF8, 0x9B, 0xF8, 0xA0, 0xF8, 0xA4, 0xF8,
  0xA9, 0xF8, 0xAE, 0xF8, 0xB3, 0xF8, 0xB8, 0xF8, 0xBD, 0xF8, 0xC1, 0xF8,
  0xC6, 0xF8, 0xCB, 0xF8, 0xD0, 0xF8, 0xD5, 0xF8, 0xDA, 0xF8, 0xDE, 0xF8,
  0xE3, 0xF8, 0xE8, 0xF8, 0xED, 0xF8, 0xF2, 0xF8, 0xF7, 0xF8, 0xFB, 0xF8,
  0x00, 0xF9, 0x05, 0xF9, 0x0A, 0xF9, 0x0F, 0xF9, 0x14, 0xF9, 0x18, 0xF9,
  0x1D, 0xF9, 0x22, 0xF9, 0x27, 0xF9, 0x2C, 0xF9, 0x31, 0xF9, 0x35, 0xF9,
  0x3A, 0xF9, 0x3F, 0xF9, 0x44, 0xF9, 0x49, 0xF9, 0x4D, 0xF9, 0x52, 0xF9,
  0x57, 0xF9, 0x5C, 0xF9, 0x61, 0xF9, 0x66, 0xF9, 0x6A, 0xF9, 0x6F, 0xF9,
  0x74, 0xF9, 0x79, 0xF9, 0x7E, 0xF9, 0x83, 0xF9, 0x87, 0xF9, 0x8C, 0xF9,
  0x91, 0xF9, 0x96, 0xF9, 0x9B, 0xF9, 0xA0, 0xF9, 0xA4, 0xF9, 0xA9, 0xF9,
  0xAE, 0xF9, 0xB3, 0xF9, 0xB8, 0xF9, 0xBD, 0xF9, 0xC1, 0xF9, 0xC6, 0xF9,
  0xCB, 0xF9, 0xD0, 0xF9, 0x2B, 0x06, 0x26, 0x06, 0x22, 0x06, 0x1D, 0x06,
  0x18, 0x06, 0x13, 0x06, 0x0E, 0x06, 0x09, 0x06, 0x05, 0x06, 0x00, 0x06,
  0xFB, 0x05, 0xF6, 0x05, 0xF1, 0x05, 0xEC, 0x05, 0xE8, 0x05, 0xE3, 0x05,
  0xDE, 0x05, 0xD9, 0x05, 0xD4, 0x05, 0xD0, 0x05, 0xCB, 0x05, 0xC6, 0x05,
  0xC1, 0x05, 0xBC, 0x05, 0xB7, 0x05, 0xB3, 0x05, 0xAE, 0x05, 0xA9, 0x05,
  0xA4, 0x05, 0x9F, 0x05, 0x9A, 0x05, 0x96, 0x05, 0x91, 0x05, 0x8C, 0x05,
  0x87, 0x05, 0x82, 0x05, 0x7D, 0x05, 0x79, 0x05, 0x74, 0x05, 0x6F, 0x05,
  0x6A, 0x05, 0x65, 0x05, 0x60, 0x05, 0x5C, 0x05, 0x57, 0x05, 0x52, 0x05,
  0x4D, 0x05, 0x48, 0x05, 0x43, 0x05, 0x3F, 0x05, 0x3A, 0x05, 0x35, 0x05,
  0x30, 0x05, 0x2B, 0x05, 0x26, 0x05, 0x22, 0x05, 0x1D, 0x05, 0x18, 0x05,
  0x13, 0x05, 0x0E, 0x05, 0x0A, 0x05, 0x05, 0x05, 0x00, 0x05, 0xFB, 0x04,
  0xF6, 0x04, 0xF1, 0x04, 0xED, 0x04, 0xE8, 0x04, 0xE3, 0x04, 0xDE, 0x04,
  0xD9, 0x04, 0xD4, 0x04, 0xD0, 0x04, 0xCB, 0x04, 0xC6, 0x04, 0xC1, 0x04,
  0xBC, 0x04, 0xB7, 0x04, 0xB3, 0x04, 0xAE, 0x04, 0x57, 0xFB, 0x5C, 0xFB,
  0x61, 0xFB, 0x66, 0xFB, 0x6A, 0xFB, 0x6F, 0xFB, 0x74, 0xFB, 0x79, 0xFB,
  0x7E, 0xFB, 0x83, 0xFB, 0x87, 0xFB, 0x8C, 0xFB, 0x91, 0xFB, 0x96, 0xFB,
  0x9B, 0xFB, 0xA0, 0xFB, 0xA4, 0xFB, 0xA9, 0xFB, 0xAE, 0xFB, 0xB3, 0xFB,
  0xB8, 0xFB, 0xBD, 0xFB, 0xC1, 0xFB, 0xC6, 0xFB, 0xCB, 0xFB, 0xD0, 0xFB,
  0xD5, 0xFB, 0xD9, 0xFB, 0xDE, 0xFB, 0xE3, 0xFB, 0xE8, 0xFB, 0xED, 0xFB,
  0xF2, 0xFB, 0xF6, 0xFB, 0xFB, 0xFB, 0x00, 0xFC, 0x05, 0xFC, 0x0A, 0xFC,
  0x0F, 0xFC, 0x13, 0xFC, 0x18, 0xFC, 0x1D, 0xFC, 0x22, 0xFC, 0x27, 0xFC,
  0x2C, 0xFC, 0x30, 0xFC, 0x35, 0xFC, 0x3A, 0xFC, 0x3F, 0xFC, 0x44, 0xFC,
  0x49, 0xFC, 0x4D, 0xFC, 0x52, 0xFC, 0x57, 0xFC, 0x5C, 0xFC, 0x61, 0xFC,
  0x66, 0xFC, 0x6A, 0xFC, 0x6F, 0xFC, 0x74, 0xFC, 0x79, 0xFC, 0x7E, 0xFC,
  0x83, 0xFC, 0x87, 0xFC, 0x8C, 0xFC, 0x91, 0xFC, 0x96, 0xFC, 0x9B, 0xFC,
  0xA0, 0xFC, 0xA4, 0xFC, 0xA9, 0xFC, 0xAE, 0xFC, 0xB3, 0xFC, 0xB8, 0xFC,
  0xBC, 0xFC, 0xC1, 0xFC, 0xC6, 0xFC, 0xCB, 0xFC, 0xD0, 0xFC, 0xD5, 0xFC,
  0xD9, 0xFC, 0xDE, 0xFC, 0xE3, 0xFC, 0xE8, 0xFC, 0x13, 0x03, 0x0E, 0x03,
  0x0A, 0x03, 0x05, 0x03, 0x00, 0x03, 0xFB, 0x02, 0xF6, 0x02, 0xF1, 0x02,
  0xED, 0x02, 0xE8, 0x02, 0xE3, 0x02, 0xDE, 0x02, 0xD9, 0x02, 0xD4, 0x02,
  0xD0, 0x02, 0xCB, 0x02, 0xC6, 0x02, 0xC1, 0x02, 0xBC, 0x02, 0xB7, 0x02,
  0xB3, 0x02, 0xAE, 0x02, 0xA9, 0x02, 0xA4, 0x02, 0x9F, 0x02, 0x9A, 0x02,
  0x96, 0x02, 0x91, 0x02, 0x8C, 0x02, 0x87, 0x02, 0x82, 0x02, 0x7E, 0x02,
  0x79, 0x02, 0x74, 0x02, 0x6F, 0x02, 0x6A, 0x02, 0x65, 0x02, 0x61, 0x02,
  0x5C, 0x02, 0x57, 0x02, 0x52, 0x02, 0x4D, 0x02, 0x48, 0x02, 0x44, 0x02,
  0x3F, 0x02, 0x3A, 0x02, 0x35, 0x02, 0x30, 0x02, 0x2B, 0x02, 0x27, 0x02,
  0x22, 0x02, 0x1D, 0x02, 0x18, 0x02, 0x13, 0x02, 0x0E, 0x02, 0x0A, 0x02,
  0x05, 0x02, 0x00, 0x02, 0xFB, 0x01, 0xF6, 0x01, 0xF1, 0x01, 0xED, 0x01,
  0xE8, 0x01, 0xE3, 0x01, 0xDE, 0x01, 0xD9, 0x01, 0xD4, 0x01, 0xD0, 0x01,
  0xCB, 0x01, 0xC6, 0x01, 0xC1, 0x01, 0xBC, 0x01, 0xB7, 0x01, 0xB3, 0x01,
  0xAE, 0x01, 0xA9, 0x01, 0xA4, 0x01, 0x9F, 0x01, 0x9B, 0x01, 0x96, 0x01,
  0x91, 0x01, 0x8C, 0x01, 0x87, 0x01, 0x82, 0x01, 0x7E, 0x01, 0x79, 0x01,
  0x8C, 0xFE, 0x91, 0xFE, 0x96, 0xFE, 0x9B, 0xFE, 0x9F, 0xFE, 0xA4, 0xFE,
  0xA9, 0xFE, 0xAE, 0xFE, 0xB3, 0xFE, 0xB8, 0xFE, 0xBC, 0xFE, 0xC1, 0xFE,
  0xC6, 0xFE, 0xCB, 0xFE, 0xD0, 0xFE, 0xD5, 0xFE, 0xD9, 0xFE, 0xDE, 0xFE,
  0xE3, 0xFE, 0xE8, 0xFE, 0xED, 0xFE, 0xF2, 0xFE, 0xF6, 0xFE, 0xFB, 0xFE,
  0x00, 0xFF, 0x05, 0xFF, 0x0A, 0xFF, 0x0F, 0xFF, 0x13, 0xFF, 0x18, 0xFF,
  0x1D, 0xFF, 0x22, 0xFF, 0x27, 0xFF, 0x2B, 0xFF, 0x30, 0xFF, 0x35, 0xFF,
  0x3A, 0xFF, 0x3F, 0xFF, 0x44, 0xFF, 0x48, 0xFF, 0x4D, 0xFF, 0x52, 0xFF,
  0x57, 0xFF, 0x5C, 0xFF, 0x61, 0xFF, 0x65, 0xFF, 0x6A, 0xFF, 0x6F, 0xFF,
  0x74, 0xFF, 0x79, 0xFF, 0x7E, 0xFF, 0x82, 0xFF, 0x87, 0xFF, 0x8C, 0xFF,
  0x91, 0xFF, 0x96, 0xFF, 0x9B, 0xFF, 0x9F, 0xFF, 0xA4, 0xFF, 0xA9, 0xFF,
  0xAE, 0xFF, 0xB3, 0xFF, 0xB8, 0xFF, 0xBC, 0xFF, 0xC1, 0xFF, 0xC6, 0xFF,
  0xCB, 0xFF, 0xD0, 0xFF, 0xD5, 0xFF, 0xD9, 0xFF, 0xDE, 0xFF, 0xE3, 0xFF,
  0xE8, 0xFF, 0xED, 0xFF, 0xF2, 0xFF, 0xF6, 0xFF, 0xFB, 0xFF, 0x00, 0x00,
  0x00, 0x00, 0x00, 0x00, 0x00, 0x00, 0x00, 0x00, 0x00, 0x00, 0x00, 0x00,
  0x00, 0x00, 0x00, 0x00, 0x00, 0x00, 0x00, 0x00, 0x00, 0x00, 0x00, 0x00,
  0x00, 0x00, 0x00, 0x00, 0x00, 0x00, 0x00, 0x00, 0x00, 0x00, 0x00, 0x00,
  0x00, 0x00, 0x00, 0x00, 0x00, 0x00, 0x00, 0x00, 0x00, 0x00, 0x00, 0x00,
  0x00, 0x00, 0x00, 0x00, 0x00, 0x00, 0x00, 0x00, 0x00, 0x00, 0x00, 0x00,
  0x00, 0x00, 0x00, 0x00, 0x00, 0x00, 0x00, 0x00, 0x00, 0x00, 0x00, 0x00,
  0x00, 0x00, 0x00, 0x00, 0x00, 0x00, 0x00, 0x00, 0x00, 0x00, 0x00, 0x00,
  0x00, 0x00, 0x00, 0x00, 0x00, 0x00, 0x00, 0x00, 0x00, 0x00, 0x00, 0x00,
  0x00, 0x00, 0x00, 0x00, 0x00, 0x00, 0x00, 0x00, 0x00, 0x00, 0x00, 0x00,
  0x00, 0x00, 0x00, 0x00, 0x00, 0x00, 0x00, 0x00, 0x00, 0x00, 0x00, 0x00,
  0x00, 0x00, 0x00, 0x00, 0x00, 0x00, 0x00, 0x00, 0x00, 0x00, 0x00, 0x00,
  0x00, 0x00, 0x00, 0x00, 0x00, 0x00, 0x00, 0x00, 0x00, 0x00, 0x00, 0x00,
  0x00, 0x00, 0x00, 0x00, 0x00, 0x00, 0x00, 0x00, 0x00, 0x00, 0x00, 0x00,
  0x00, 0x00, 0x00, 0x00, 0x00, 0x00, 0x00, 0x00, 0x00, 0x00, 0x00, 0x00,
  0x00, 0x00, 0x00, 0x00, 0x00, 0x00, 0x00, 0x00, 0x00, 0x00, 0x00, 0x00,
  0x00, 0x00, 0x00, 0x00, 0x00, 0x00, 0x00, 0x00, 0x00, 0x00, 0x00, 0x00,
  0x00, 0x00, 0x00, 0x00, 0x00, 0x00, 0x00, 0x00, 0x00, 0x00, 0x00, 0x00,
  0x00, 0x00, 0x00, 0x00, 0x00, 0x00, 0x00, 0x00, 0x00, 0x00, 0x00, 0x00,
  0x00, 0x00, 0x00, 0x00, 0x00, 0x00, 0x00, 0x00, 0x00, 0x00, 0x00, 0x00,
  0x00, 0x00, 0x00, 0x00, 0x00, 0x00, 0x00, 0x00, 0x00, 0x00, 0x00, 0x00,
  0x00, 0x00, 0x00, 0x00, 0x00, 0x00, 0x00, 0x00, 0x00, 0x00, 0x00, 0x00,
  0x00, 0x00, 0x00, 0x00, 0x00, 0x00, 0x00, 0x00, 0x00, 0x00, 0x00, 0x00,
  0x00, 0x00, 0x00, 0x00, 0x00, 0x00, 0x00, 0x00, 0x00, 0x00, 0x00, 0x00,
  0x00, 0x00, 0x00, 0x00, 0x00, 0x00, 0x00, 0x00, 0x00, 0x00, 0x00, 0x00,
  0x00, 0x00, 0x00, 0x00, 0x00, 0x00, 0x00, 0x00, 0x00, 0x00, 0x00, 0x00,
  0x00, 0x00, 0x00, 0x00, 0x00, 0x00, 0x00, 0x00, 0x00, 0x00, 0x00, 0x00,
  0x00, 0x00, 0x00, 0x00, 0x00, 0x00, 0x00, 0x00, 0x00, 0x00, 0x00, 0x00,
  0x00, 0x00, 0x00, 0x00, 0x00, 0x00, 0x00, 0x00, 0x00, 0x00, 0x00, 0x00,
  0x00, 0x00, 0x00, 0x00, 0x00, 0x00, 0x00, 0x00, 0x00, 0x00, 0x00, 0x00,
  0x00, 0x00, 0x00, 0x00, 0x00, 0x00, 0x00, 0x00, 0x00, 0x00, 0x00, 0x00,
  0x00, 0x00, 0x00, 0x00, 0x00, 0x00, 0x00, 0x00, 0x00, 0x00, 0x00, 0x00,
  0x00, 0x00, 0x00, 0x00, 0x00, 0x00, 0x00, 0x00, 0x00, 0x00, 0x00, 0x00,
  0x00, 0x00, 0x00, 0x00, 0x00, 0x00, 0x00, 0x00, 0x00, 0x00, 0x00, 0x00,
  0x00, 0x00, 0x00, 0x00, 0x00, 0x00, 0x00, 0x00, 0x00, 0x00, 0x00, 0x00,
  0x00, 0x00, 0x00, 0x00, 0x00, 0x00, 0x00, 0x00, 0x00, 0x00, 0x00, 0x00,
  0x00, 0x00, 0x00, 0x00, 0x00, 0x00, 0x00, 0x00, 0x00, 0x00, 0x00, 0x00,
  0x00, 0x00, 0x00, 0x00, 0x00, 0x00, 0x00, 0x00, 0x00, 0x00, 0x00, 0x00,
  0x00, 0x00, 0x00, 0x00, 0x00, 0x00, 0x00, 0x00, 0x00, 0x00, 0x00, 0x00,
  0x00, 0x00, 0x00, 0x00, 0x00, 0x00, 0x00, 0x00, 0x00, 0x00, 0x00, 0x00,
  0x00, 0x00, 0x00, 0x00, 0x00, 0x00, 0x00, 0x00, 0x00, 0x00, 0x00, 0x00,
  0x00, 0x00, 0x00, 0x00, 0x00, 0x00, 0x00, 0x00, 0x00, 0x00, 0x00, 0x00,
  0x00, 0x00, 0x00, 0x00, 0x00, 0x00, 0x00, 0x00, 0x00, 0x00, 0x00, 0x00,
  0x00, 0x00, 0x00, 0x00, 0x00, 0x00, 0x00, 0x00, 0x00, 0x00, 0x00, 0x00,
  0x00, 0x00, 0x00, 0x00, 0x00, 0x00, 0x00, 0x00, 0x00, 0x00, 0x00, 0x00,
  0x00, 0x00, 0x00, 0x00, 0x00, 0x00, 0x00, 0x00, 0x00, 0x00, 0x00, 0x00,
  0x00, 0x00, 0x00, 0x00, 0x00, 0x00, 0x00, 0x00, 0x00, 0x00, 0x00, 0x00,
  0x00, 0x00, 0x00, 0x00, 0x00, 0x00, 0x00, 0x00, 0x00, 0x00, 0x00, 0x00,
  0x00, 0x00, 0x00, 0x00, 0x00, 0x00, 0x00, 0x00, 0x00, 0x00, 0x00, 0x00,
  0x00, 0x00, 0x00, 0x00, 0x00, 0x00, 0x00, 0x00, 0x00, 0x00, 0x00, 0x00,
  0x00, 0x00, 0x00, 0x00, 0x00, 0x00, 0x00, 0x00, 0x00, 0x00, 0x00, 0x00,
  0x00, 0x00, 0x00, 0x00, 0x00, 0x00, 0x00, 0x00, 0x00, 0x00, 0x00, 0x00,
  0x00, 0x00, 0x00, 0x00, 0x00, 0x00, 0x00, 0x00, 0x00, 0x00, 0x00, 0x00,
  0x00, 0x00, 0x00, 0x00, 0x00, 0x00, 0x00, 0x00, 0x00, 0x00, 0x00, 0x00,
  0x00, 0x00, 0x00, 0x00, 0x00, 0x00, 0x00, 0x00, 0x00, 0x00, 0x00, 0x00,
  0x00, 0x00, 0x00, 0x00, 0x00, 0x00, 0x00, 0x00, 0x00, 0x00, 0x00, 0x00,
  0x00, 0x00, 0x00, 0x00, 0x00, 0x00, 0x00, 0x00, 0x00, 0x00, 0x00, 0x00,
  0x00, 0x00, 0x00, 0x00, 0x00, 0x00, 0x00, 0x00, 0x00, 0x00, 0x00, 0x00,
  0x00, 0x00, 0x00, 0x00, 0x00, 0x00, 0x00, 0x00, 0x00, 0x00, 0x00, 0x00,
  0x00, 0x00, 0x00, 0x00, 0x00, 0x00, 0x00, 0x00, 0x00, 0x00, 0x00, 0x00,
  0x00, 0x00, 0x00, 0x00, 0x00, 0x00, 0x00, 0x00, 0x00, 0x00, 0x00, 0x00,
  0x00, 0x00, 0x00, 0x00, 0x00, 0x00, 0x00, 0x00, 0x00, 0x00, 0x00, 0x00,
  0x00, 0x00, 0x00, 0x00, 0x00, 0x00, 0x00, 0x00, 0x00, 0x00, 0x00, 0x00,
  0x00, 0x00, 0x00, 0x00, 0x00, 0x00, 0x00, 0x00, 0x00, 0x00, 0x00, 0x00,
  0x00, 0x00, 0x00, 0x00, 0x00, 0x00, 0x00, 0x00, 0x00, 0x00, 0x00, 0x00,
  0x00, 0x00, 0x00, 0x00, 0x00, 0x00, 0x00, 0x00, 0x00, 0x00, 0x00, 0x00,
  0x00, 0x00, 0x00, 0x00, 0x00, 0x00, 0x00, 0x00, 0x00, 0x00, 0x00, 0x00,
  0x00, 0x00, 0x00, 0x00, 0x00, 0x00, 0x00, 0x00, 0x00, 0x00, 0x00, 0x00,
  0x00, 0x00, 0x00, 0x00, 0x00, 0x00, 0x00, 0x00, 0x00, 0x00, 0x00, 0x00,
  0x00, 0x00, 0x00, 0x00, 0x00, 0x00, 0x00, 0x00, 0x00, 0x00, 0x00, 0x00,
  0x00, 0x00, 0x00, 0x00, 0x00, 0x00, 0x00, 0x00, 0x00, 0x00, 0x00, 0x00,
  0x00, 0x00, 0x00, 0x00, 0x00, 0x00, 0x00, 0x00, 0x00, 0x00, 0x00, 0x00,
  0x00, 0x00, 0x00, 0x00, 0x00, 0x00, 0x00, 0x00, 0x00, 0x00, 0x00, 0x00,
  0x00, 0x00, 0x00, 0x00, 0x00, 0x00, 0x00, 0x00, 0x00, 0x00, 0x00, 0x00,
  0x00, 0x00, 0x00, 0x00, 0x00, 0x00, 0x00, 0x00, 0x00, 0x00, 0x00, 0x00,
  0x00, 0x00, 0x00, 0x00, 0x00, 0x00, 0x00, 0x00, 0x00, 0x00, 0x00, 0x00,
  0x00, 0x00, 0x00, 0x00, 0x00, 0x00, 0x00, 0x00, 0x00, 0x00, 0x00, 0x00,
  0x00, 0x00, 0x00, 0x00, 0x00, 0x00, 0x00, 0x00, 0x00, 0x00, 0x00, 0x00,
  0x00, 0x00, 0x00, 0x00, 0x00, 0x00, 0x00, 0x00, 0x00, 0x00, 0x00, 0x00,
  0x00, 0x00, 0x00, 0x00, 0x00, 0x00, 0x00, 0x00, 0x00, 0x00, 0x00, 0x00,
  0x00, 0x00, 0x00, 0x00, 0x00, 0x00, 0x00, 0x00, 0x00, 0x00, 0x00, 0x00,
  0x00, 0x00, 0x00, 0x00, 0x00, 0x00, 0x00, 0x00, 0x00, 0x00, 0x00, 0x00,
  0x00, 0x00, 0x00, 0x00, 0x00, 0x00, 0x00, 0x00, 0x00, 0x00, 0x00, 0x00,
  0x00, 0x00, 0x00, 0x00, 0x00, 0x00, 0x00, 0x00, 0x00, 0x00, 0x00, 0x00,
  0x00, 0x00, 0x00, 0x00, 0x00, 0x00, 0x00, 0x00, 0x00, 0x00, 0x00, 0x00,
  0x00, 0x00, 0x00, 0x00, 0x00, 0x00, 0x00, 0x00, 0x00, 0x00, 0x00, 0x00,
  0x00, 0x00, 0x00, 0x00, 0x00, 0x00, 0x00, 0x00, 0x00, 0x00, 0x00, 0x00,
  0x00, 0x00, 0x00, 0x00, 0x00, 0x00, 0x00, 0x00, 0x00, 0x00, 0x00, 0x00,
  0x00, 0x00, 0x00, 0x00, 0x00, 0x00, 0x00, 0x00, 0x00, 0x00, 0x00, 0x00,
  0x00, 0x00, 0x00, 0x00, 0x00, 0x00, 0x00, 0x00, 0x00, 0x00, 0x00, 0x00,
  0x00, 0x00, 0x00, 0x00, 0x00, 0x00, 0x00, 0x00, 0x00, 0x00, 0x00, 0x00,
  0x00, 0x00, 0x00, 0x00, 0x00, 0x00, 0x00, 0x00, 0x00, 0x00, 0x00, 0x00,
  0x00, 0x00, 0x00, 0x00, 0x00, 0x00, 0x00, 0x00, 0x00, 0x00, 0x00, 0x00,
  0x00, 0x00, 0x00, 0x00, 0x00, 0x00, 0x00, 0x00, 0x00, 0x00, 0x00, 0x00,
  0x00, 0x00, 0x00, 0x00, 0x00, 0x00, 0x00, 0x00, 0x00, 0x00, 0x00, 0x00,
  0x00, 0x00, 0x00, 0x00, 0x00, 0x00, 0x00, 0x00, 0x00, 0x00, 0x00, 0x00,
  0x00, 0x00, 0x00, 0x00, 0x00, 0x00, 0x00, 0x00, 0x00, 0x00, 0x00, 0x00,
  0x00, 0x00, 0x00, 0x00, 0x00, 0x00, 0x00, 0x00, 0x00, 0x00, 0x00, 0x00,
  0x00, 0x00, 0x00, 0x00, 0x00, 0x00, 0x00, 0x00, 0x00, 0x00, 0x00, 0x00,
  0x00, 0x00, 0x00, 0x00, 0x00, 0x00, 0x00, 0x00, 0x00, 0x00, 0x00, 0x00,
  0x00, 0x00, 0x00, 0x00, 0x00, 0x00, 0x00, 0x00, 0x00, 0x00, 0x00, 0x00,
  0x00, 0x00, 0x00, 0x00, 0x00, 0x00, 0x00, 0x00, 0x00, 0x00, 0x00, 0x00,
  0x00, 0x00, 0x00, 0x00, 0x00, 0x00, 0x00, 0x00, 0x00, 0x00, 0x00, 0x00,
  0x00, 0x00, 0x00, 0x00, 0x00, 0x00, 0x00, 0x00, 0x00, 0x00, 0x00, 0x00,
  0x00, 0x00, 0x00, 0x00, 0x00, 0x00, 0x00, 0x00, 0x00, 0x00, 0x00, 0x00,
  0x00, 0x00, 0x00, 0x00, 0x00, 0x00, 0x00, 0x00, 0x00, 0x00, 0x00, 0x00,
  0x00, 0x00, 0x00, 0x00, 0x00, 0x00, 0x00, 0x00, 0x00, 0x00, 0x00, 0x00,
  0x00, 0x00, 0x00, 0x00, 0x00, 0x00, 0x00, 0x00, 0x00, 0x00, 0x00, 0x00,
  0x00, 0x00, 0x00, 0x00, 0x00, 0x00, 0x00, 0x00, 0x00, 0x00, 0x00, 0x00,
  0x00, 0x00, 0x00, 0x00, 0x00, 0x00, 0x00, 0x00, 0x00, 0x00, 0x00, 0x00,
  0x00, 0x00, 0x00, 0x00, 0x00, 0x00, 0x00, 0x00, 0x00, 0x00, 0x00, 0x00,
  0x00, 0x00, 0x00, 0x00, 0x00, 0x00, 0x00, 0x00, 0x00, 0x00, 0x00, 0x00,
  0x00, 0x00, 0x00, 0x00, 0x00, 0x00, 0x00, 0x00, 0x00, 0x00, 0x00, 0x00,
  0x00, 0x00, 0x00, 0x00, 0x00, 0x00, 0x00, 0x00, 0x00, 0x00, 0x00, 0x00,
  0x00, 0x00, 0x00, 0x00, 0x00, 0x00, 0x00, 0x00, 0x00, 0x00, 0x00, 0x00,
  0x00, 0x00, 0x00, 0x00, 0x00, 0x00, 0x00, 0x00, 0x00, 0x00, 0x00, 0x00,
  0x00, 0x00, 0x00, 0x00, 0x00, 0x00, 0x00, 0x00, 0x00, 0x00, 0x00, 0x00,
  0x00, 0x00, 0x00, 0x00, 0x00, 0x00, 0x00, 0x00, 0x00, 0x00, 0x00, 0x00,
  0x00, 0x00, 0x00, 0x00, 0x00, 0x00, 0x00, 0x00, 0x00, 0x00, 0x00, 0x00,
  0x00, 0x00, 0x00, 0x00, 0x00, 0x00, 0x00, 0x00, 0x00, 0x00, 0x00, 0x00,
  0x00, 0x00, 0x00, 0x00, 0x00, 0x00, 0x00, 0x00, 0x00, 0x00, 0x00, 0x00,
  0x00, 0x00, 0x00, 0x00, 0x00, 0x00, 0x00, 0x00, 0x00, 0x00, 0x00, 0x00,
  0x00, 0x00, 0x00, 0x00, 0x00, 0x00, 0x00, 0x00, 0x00, 0x00, 0x00, 0x00,
  0x00, 0x00, 0x00, 0x00, 0x00, 0x00, 0x00, 0x00, 0x00, 0x00, 0x00, 0x00,
  0x00, 0x00, 0x00, 0x00, 0x00, 0x00, 0x00, 0x00, 0x00, 0x00, 0x00, 0x00,
  0x00, 0x00, 0x00, 0x00, 0x00, 0x00, 0x00, 0x00, 0x00, 0x00, 0x00, 0x00,
  0x00, 0x00, 0x00, 0x00, 0x00, 0x00, 0x00, 0x00, 0x00, 0x00, 0x00, 0x00,
  0x00, 0x00, 0x00, 0x00, 0x00, 0x00, 0x00, 0x00, 0x00, 0x00, 0x00, 0x00,
  0x00, 0x00, 0x00, 0x00, 0x00, 0x00, 0x00, 0x00, 0x00, 0x00, 0x00, 0x00,
  0x00, 0x00, 0x00, 0x00, 0x00, 0x00, 0x00, 0x00, 0x00, 0x00, 0x00, 0x00,
  0x00, 0x00, 0x00, 0x00, 0x00, 0x00, 0x00, 0x00, 0x00, 0x00, 0x00, 0x00,
  0x00, 0x00, 0x00, 0x00, 0x00, 0x00, 0x00, 0x00, 0x00, 0x00, 0x00, 0x00,
  0x00, 0x00, 0x00, 0x00, 0x00, 0x00, 0x00, 0x00, 0x00, 0x00, 0x00, 0x00,
  0x00, 0x00, 0x00, 0x00, 0x00, 0x00, 0x00, 0x00, 0x00, 0x00, 0x00, 0x00,
  0x00, 0x00, 0x00, 0x00, 0x00, 0x00, 0x00, 0x00, 0x00, 0x00, 0x00, 0x00,
  0x00, 0x00, 0x00, 0x00, 0x00, 0x00, 0x00, 0x00, 0x00, 0x00, 0x00, 0x00,
  0x00, 0x00, 0x00, 0x00, 0x00, 0x00, 0x00, 0x00, 0x00, 0x00, 0x00, 0x00,
  0x00, 0x00, 0x00, 0x00, 0x00, 0x00, 0x00, 0x00, 0x00, 0x00, 0x00, 0x00,
  0x00, 0x00, 0x00, 0x00, 0x00, 0x00, 0x00, 0x00, 0x00, 0x00, 0x00, 0x00,
  0x00, 0x00, 0x00, 0x00, 0x00, 0x00, 0x00, 0x00, 0x00, 0x00, 0x00, 0x00,
  0x00, 0x00, 0x00, 0x00, 0x00, 0x00, 0x00, 0x00, 0x00, 0x00, 0x00, 0x00,
  0x00, 0x00, 0x00, 0x00, 0x00, 0x00, 0x00, 0x00, 0x00, 0x00, 0x00, 0x00,
  0x00, 0x00, 0x00, 0x00, 0x00, 0x00, 0x00, 0x00, 0x00, 0x00, 0x00, 0x00,
  0x00, 0x00, 0x00, 0x00, 0x00, 0x00, 0x00, 0x00, 0x00, 0x00, 0x00, 0x00,
  0x00, 0x00, 0x00, 0x00, 0x00, 0x00, 0x00, 0x00, 0x00, 0x00, 0x00, 0x00,
  0x00, 0x00, 0x00, 0x00, 0x00, 0x00, 0x00, 0x00, 0x00, 0x00, 0x00, 0x00,
  0x00, 0x00, 0x00, 0x00, 0x00, 0x00, 0x00, 0x00, 0x00, 0x00, 0x00, 0x00,
  0x00, 0x00, 0x00, 0x00, 0x00, 0x00, 0x00, 0x00, 0x00, 0x00, 0x00, 0x00,
  0x00, 0x00, 0x00, 0x00, 0x00, 0x00, 0x00, 0x00, 0x00, 0x00, 0x00, 0x00,
  0x00, 0x00, 0x00, 0x00, 0x00, 0x00, 0x00, 0x00, 0x00, 0x00, 0x00, 0x00,
  0x00, 0x00, 0x00, 0x00, 0x00, 0x00, 0x00, 0x00, 0x00, 0x00, 0x00, 0x00,
  0x00, 0x00, 0x00, 0x00, 0x00, 0x00, 0x00, 0x00, 0x00, 0x00, 0x00, 0x00,
  0x00, 0x00, 0x00, 0x00, 0x00, 0x00, 0x00, 0x00, 0x00, 0x00, 0x00, 0x00,
  0x00, 0x00, 0x00, 0x00, 0x00, 0x00, 0x00, 0x00, 0x00, 0x00, 0x00, 0x00,
  0x00, 0x00, 0x00, 0x00, 0x00, 0x00, 0x00, 0x00, 0x00, 0x00, 0x00, 0x00,
  0x00, 0x00, 0x00, 0x00, 0x00, 0x00, 0x00, 0x00, 0x00, 0x00, 0x00, 0x00,
  0x00, 0x00, 0x00, 0x00, 0x00, 0x00, 0x00, 0x00, 0x00, 0x00, 0x00, 0x00,
  0x00, 0x00, 0x00, 0x00, 0x00, 0x00, 0x00, 0x00, 0x00, 0x00, 0x00, 0x00,
  0x00, 0x00, 0x00, 0x00, 0x00, 0x00, 0x00, 0x00, 0x00, 0x00, 0x00, 0x00,
  0x00, 0x00, 0x00, 0x00, 0x00, 0x00, 0x00, 0x00, 0x00, 0x00, 0x00, 0x00,
  0x00, 0x00, 0x00, 0x00, 0x00, 0x00, 0x00, 0x00, 0x00, 0x00, 0x00, 0x00,
  0x00, 0x00, 0x00, 0x00, 0x00, 0x00, 0x00, 0x00, 0x00, 0x00, 0x00, 0x00,
  0x00, 0x00, 0x00, 0x00, 0x00, 0x00, 0x00, 0x00, 0x00, 0x00, 0x00, 0x00,
  0x00, 0x00, 0x00, 0x00, 0x00, 0x00, 0x00, 0x00, 0x00, 0x00, 0x00, 0x00,
  0x00, 0x00, 0x00, 0x00, 0x00, 0x00, 0x00, 0x00, 0x00, 0x00, 0x00, 0x00,
  0x00, 0x00, 0x00, 0x00, 0x00, 0x00, 0x00, 0x00, 0x00, 0x00, 0x00, 0x00,
  0x00, 0x00, 0x00, 0x00, 0x00, 0x00, 0x00, 0x00, 0x00, 0x00, 0x00, 0x00,
  0x00, 0x00, 0x00, 0x00, 0x00, 0x00, 0x00, 0x00, 0x00, 0x00, 0x00, 0x00,
  0x00, 0x00, 0x00, 0x00, 0x00, 0x00, 0x00, 0x00, 0x00, 0x00, 0x00, 0x00,
  0x00, 0x00, 0x00, 0x00, 0x00, 0x00, 0x00, 0x00, 0x00, 0x00, 0x00, 0x00,
  0x00, 0x00, 0x00, 0x00, 0x00, 0x00, 0x00, 0x00, 0x00, 0x00, 0x00, 0x00,
  0x00, 0x00, 0x00, 0x00, 0x00, 0x00, 0x00, 0x00, 0x00, 0x00, 0x00, 0x00,
  0x00, 0x00, 0x00, 0x00, 0x00, 0x00, 0x00, 0x00, 0x00, 0x00, 0x00, 0x00,
  0x00, 0x00, 0x00, 0x00, 0x00, 0x00, 0x00, 0x00, 0x00, 0x00, 0x00, 0x00,
  0x00, 0x00, 0x00, 0x00, 0x00, 0x00, 0x00, 0x00, 0x00, 0x00, 0x00, 0x00,
  0x00, 0x00, 0x00, 0x00, 0x00, 0x00, 0x00, 0x00, 0x00, 0x00, 0x00, 0x00,
  0x00, 0x00, 0x00, 0x00, 0x00, 0x00, 0x00, 0x00, 0x00, 0x00, 0x00, 0x00,
  0x00, 0x00, 0x00, 0x00, 0x00, 0x00, 0x00, 0x00, 0x00, 0x00, 0x00, 0x00,
  0x00, 0x00, 0x00, 0x00, 0x00, 0x00, 0x00, 0x00, 0x00, 0x00, 0x00, 0x00,
  0x00, 0x00, 0x00, 0x00, 0x00, 0x00, 0x00, 0x00, 0x00, 0x00, 0x00, 0x00,
  0x00, 0x00, 0x00, 0x00, 0x00, 0x00, 0x00, 0x00, 0x00, 0x00, 0x00, 0x00,
  0x00, 0x00, 0x00, 0x00, 0x00, 0x00, 0x00, 0x00, 0x00, 0x00, 0x00, 0x00,
  0x00, 0x00, 0x00, 0x00, 0x00, 0x00, 0x00, 0x00, 0x00, 0x00, 0x00, 0x00,
  0x00, 0x00, 0x00, 0x00, 0x00, 0x00
};

const size_t CHARGE_SHOT_WAV_SIZE = sizeof(CHARGE_SHOT_WAV);

