#pragma once

#include <Arduino.h>

// Generated from drama-hit.wav.
const uint8_t DRAMA_HIT_WAV[] PROGMEM = {
  0x52, 0x49, 0x46, 0x46, 0x2A, 0x5B, 0x00, 0x00, 0x57, 0x41, 0x56, 0x45,
  0x66, 0x6D, 0x74, 0x20, 0x10, 0x00, 0x00, 0x00, 0x01, 0x00, 0x01, 0x00,
  0x22, 0x56, 0x00, 0x00, 0x44, 0xAC, 0x00, 0x00, 0x02, 0x00, 0x10, 0x00,
  0x64, 0x61, 0x74, 0x61, 0x06, 0x5B, 0x00, 0x00, 0x00, 0x00, 0x02, 0x00,
  0x04, 0x00, 0x08, 0x00, 0x0C, 0x00, 0x10, 0x00, 0x19, 0x00, 0x22, 0x00,
  0x2E, 0x00, 0x37, 0x00, 0x40, 0x00, 0x52, 0x00, 0x65, 0x00, 0x6F, 0x00,
  0x7F, 0x00, 0x96, 0x00, 0xA4, 0x00, 0xBE, 0x00, 0xD0, 0x00, 0xED, 0x00,
  0xFE, 0x00, 0x16, 0x01, 0x28, 0x01, 0x3B, 0x01, 0x5F, 0x01, 0x85, 0x01,
  0xA4, 0x01, 0xCC, 0x01, 0xE4, 0x01, 0xFD, 0x01, 0x0F, 0x02, 0x24, 0x02,
  0x46, 0x02, 0x59, 0x02, 0x82, 0x02, 0xA8, 0x02, 0xC3, 0x02, 0xE1, 0x02,
  0xF1, 0x02, 0x0D, 0x03, 0x34, 0x03, 0x59, 0x03, 0x8B, 0x03, 0xA5, 0x03,
  0xB6, 0x03, 0xE7, 0x03, 0x1E, 0x04, 0x31, 0x04, 0x59, 0x04, 0x75, 0x04,
  0x9C, 0x04, 0xBF, 0x04, 0xEE, 0x04, 0xFF, 0x04, 0x2E, 0x05, 0x53, 0x05,
  0x61, 0x05, 0x68, 0x05, 0x86, 0x05, 0x9D, 0x05, 0x9C, 0x05, 0xC9, 0x05,
  0xE8, 0x05, 0x08, 0x06, 0x2D, 0x06, 0x2C, 0x06, 0x58, 0x06, 0x78, 0x06,
  0xA1, 0x06, 0xA3, 0x06, 0x95, 0x06, 0xB3, 0x06, 0xAD, 0x06, 0x9E, 0x06,
  0xBB, 0x06, 0xB2, 0x06, 0xB8, 0x06, 0xC1, 0x06, 0xB4, 0x06, 0xA3, 0x06,
  0x84, 0x06, 0x95, 0x06, 0x9F, 0x06, 0x7F, 0x06, 0x96, 0x06, 0xAB, 0x06,
  0x9E, 0x06, 0x71, 0x06, 0x66, 0x06, 0x7A, 0x06, 0x3B, 0x06, 0x4B, 0x06,
  0x23, 0x06, 0x19, 0x06, 0xFA, 0x05, 0xFC, 0x05, 0xB7, 0x05, 0xA9, 0x05,
  0x53, 0x05, 0x08, 0x05, 0x05, 0x05, 0xA5, 0x04, 0xA6, 0x04, 0x93, 0x04,
  0x7C, 0x04, 0x6C, 0x04, 0x54, 0x04, 0x00, 0x04, 0xCA, 0x03, 0x6D, 0x03,
  0x2E, 0x03, 0xBA, 0x02, 0x9D, 0x02, 0x2F, 0x02, 0x18, 0x02, 0xCF, 0x01,
  0xA5, 0x01, 0x62, 0x01, 0xE9, 0x00, 0xB1, 0x00, 0x3D, 0x00, 0xC0, 0xFF,
  0x96, 0xFF, 0x21, 0xFF, 0xD1, 0xFE, 0x40, 0xFE, 0x01, 0xFE, 0xE0, 0xFD,
  0x9F, 0xFD, 0x5E, 0xFD, 0x1D, 0xFD, 0xEF, 0xFC, 0x96, 0xFC, 0x26, 0xFC,
  0xBE, 0xFB, 0x8C, 0xFB, 0x42, 0xFB, 0xDA, 0xFA, 0x5B, 0xFA, 0x02, 0xFA,
  0x8C, 0xF9, 0x0D, 0xF9, 0xBB, 0xF8, 0x57, 0xF8, 0x2D, 0xF8, 0x0E, 0xF8,
  0xEB, 0xF7, 0x7F, 0xF7, 0x26, 0xF7, 0x9C, 0xF6, 0x4A, 0xF6, 0x24, 0xF6,
  0xFD, 0xF5, 0xE8, 0xF5, 0x6C, 0xF5, 0xDD, 0xF4, 0x5A, 0xF4, 0x1A, 0xF4,
  0x81, 0xF3, 0x3D, 0xF3, 0x04, 0xF3, 0xD1, 0xF2, 0x9E, 0xF2, 0x67, 0xF2,
  0xE7, 0xF1, 0x88, 0xF1, 0x99, 0xF1, 0x1E, 0xF1, 0xBE, 0xF0, 0x33, 0xF0,
  0xD4, 0xEF, 0x6B, 0xEF, 0x3A, 0xEF, 0x06, 0xEF, 0xF6, 0xEE, 0xB1, 0xEE,
  0xCB, 0xEE, 0xD5, 0xEE, 0x8B, 0xEE, 0x6C, 0xEE, 0x84, 0xEE, 0x79, 0xEE,
  0x23, 0xEE, 0x11, 0xEE, 0x01, 0xEE, 0xE1, 0xED, 0xA5, 0xED, 0xB4, 0xED,
  0xBC, 0xED, 0x77, 0xED, 0xCF, 0xED, 0xDF, 0xED, 0x94, 0xED, 0xA4, 0xED,
  0xF4, 0xED, 0x3F, 0xEE, 0x04, 0xEE, 0x42, 0xEE, 0x79, 0xEE, 0x79, 0xEE,
  0xDF, 0xEE, 0x2D, 0xEF, 0x88, 0xEF, 0x8E, 0xEF, 0x28, 0xF0, 0xB0, 0xF0,
  0x38, 0xF1, 0x7D, 0xF1, 0x95, 0xF1, 0xBF, 0xF1, 0xBC, 0xF1, 0x63, 0xF2,
  0x80, 0xF2, 0x18, 0xF3, 0xA9, 0xF3, 0xD3, 0xF3, 0x19, 0xF4, 0x6A, 0xF4,
  0x6C, 0xF4, 0xFB, 0xF4, 0x6C, 0xF5, 0x34, 0xF6, 0x3D, 0xF6, 0x55, 0xF6,
  0x89, 0xF6, 0xCE, 0xF6, 0xE8, 0xF6, 0x79, 0xF7, 0xF0, 0xF7, 0xCC, 0xF8,
  0x61, 0xF9, 0x20, 0xFA, 0x77, 0xFA, 0xB2, 0xFA, 0x2A, 0xFB, 0x0F, 0xFC,
  0x70, 0xFC, 0x1D, 0xFD, 0xE1, 0xFD, 0x2F, 0xFE, 0x68, 0xFE, 0x11, 0xFF,
  0xEB, 0xFF, 0xA3, 0x00, 0x94, 0x01, 0x72, 0x02, 0xF5, 0x02, 0xDE, 0x03,
  0x72, 0x04, 0x01, 0x05, 0x04, 0x06, 0x0B, 0x07, 0x22, 0x08, 0x51, 0x08,
  0x0C, 0x09, 0x38, 0x09, 0xB3, 0x09, 0x22, 0x0A, 0x81, 0x0A, 0x30, 0x0B,
  0x60, 0x0B, 0xEF, 0x0B, 0x4C, 0x0C, 0x63, 0x0D, 0xAE, 0x0D, 0xC9, 0x0E,
  0x59, 0x0F, 0x36, 0x10, 0x5B, 0x10, 0xA6, 0x10, 0x9A, 0x11, 0x8F, 0x12,
  0xDD, 0x12, 0x86, 0x13, 0x78, 0x14, 0xCC, 0x14, 0xFC, 0x14, 0xCA, 0x15,
  0x63, 0x16, 0xB2, 0x16, 0xA3, 0x16, 0xEC, 0x16, 0x8B, 0x17, 0x5C, 0x18,
  0xA6, 0x18, 0x9E, 0x18, 0x3F, 0x19, 0x37, 0x19, 0x78, 0x19, 0x5D, 0x19,
  0x9D, 0x19, 0x6F, 0x19, 0x53, 0x19, 0xF6, 0x19, 0xDF, 0x19, 0x9F, 0x19,
  0x4E, 0x1A, 0xFF, 0x1A, 0xAA, 0x1A, 0x3C, 0x1B, 0xE6, 0x1A, 0xB9, 0x1A,
  0xC1, 0x1A, 0x75, 0x1B, 0x10, 0x1B, 0x52, 0x1B, 0x4E, 0x1B, 0x32, 0x1B,
  0x7A, 0x1B, 0xB3, 0x1B, 0x83, 0x1B, 0xA4, 0x1B, 0xA8, 0x1B, 0x3C, 0x1B,
  0x3D, 0x1B, 0x57, 0x1B, 0x84, 0x1B, 0x1F, 0x1B, 0x7C, 0x1A, 0xC6, 0x19,
  0x20, 0x19, 0x6F, 0x19, 0x27, 0x19, 0x63, 0x19, 0x21, 0x19, 0xFA, 0x18,
  0x0A, 0x19, 0x37, 0x18, 0x73, 0x17, 0x28, 0x17, 0xB9, 0x16, 0xC8, 0x16,
  0xE7, 0x15, 0x13, 0x15, 0xC8, 0x14, 0x4C, 0x14, 0xF8, 0x13, 0x8C, 0x13,
  0x67, 0x12, 0xB9, 0x11, 0x8C, 0x10, 0xD0, 0x0F, 0xB1, 0x0E, 0x18, 0x0E,
  0xDE, 0x0D, 0x09, 0x0D, 0x20, 0x0C, 0x99, 0x0B, 0x01, 0x0B, 0x5E, 0x0A,
  0xAA, 0x09, 0xEE, 0x08, 0x48, 0x08, 0xE2, 0x07, 0x2A, 0x07, 0x55, 0x06,
  0xD4, 0x05, 0x3A, 0x05, 0x28, 0x04, 0x64, 0x03, 0xF1, 0x02, 0x81, 0x01,
  0x30, 0x01, 0x85, 0x00, 0x30, 0xFF, 0x0F, 0xFE, 0xA1, 0xFD, 0x72, 0xFC,
  0xB7, 0xFB, 0x83, 0xFA, 0x3C, 0xF9, 0xA6, 0xF7, 0x73, 0xF7, 0x0C, 0xF7,
  0xC6, 0xF6, 0xA9, 0xF5, 0x20, 0xF5, 0x8F, 0xF3, 0x4E, 0xF2, 0xF6, 0xF1,
  0x5E, 0xF0, 0x22, 0xF0, 0xDF, 0xEE, 0x9A, 0xEE, 0xAC, 0xED, 0x14, 0xEC,
  0xF6, 0xEA, 0x83, 0xE9, 0x0E, 0xE9, 0xBC, 0xE8, 0xE3, 0xE7, 0xDE, 0xE6,
  0x27, 0xE6, 0xFC, 0xE4, 0x86, 0xE4, 0xF0, 0xE3, 0x10, 0xE3, 0x62, 0xE2,
  0x7B, 0xE1, 0xCC, 0xE0, 0x6F, 0xE0, 0x77, 0xDF, 0x3C, 0xDF, 0x50, 0xDE,
  0x44, 0xDD, 0xB3, 0xDC, 0xC0, 0xDB, 0x01, 0xDC, 0x50, 0xDC, 0x3A, 0xDB,
  0x33, 0xDB, 0x6D, 0xDA, 0xE6, 0xD9, 0x5B, 0xD9, 0xB5, 0xD9, 0x41, 0xDA,
  0xC1, 0xDA, 0xDA, 0xD9, 0xFC, 0xD9, 0x5C, 0xD9, 0x93, 0xD9, 0x2A, 0xD9,
  0xB9, 0xD9, 0x59, 0xDA, 0x31, 0xDA, 0x20, 0xDA, 0xE3, 0xDA, 0x37, 0xDB,
  0xEA, 0xDB, 0x93, 0xDB, 0x77, 0xDB, 0x4A, 0xDB, 0xC3, 0xDA, 0x76, 0xDB,
  0x4F, 0xDB, 0x95, 0xDB, 0xFF, 0xDB, 0x12, 0xDC, 0x3E, 0xDC, 0xF5, 0xDC,
  0xE1, 0xDD, 0xA8, 0xDD, 0xCA, 0xDE, 0xB9, 0xDF, 0xB3, 0xE0, 0xBD, 0xE0,
  0x12, 0xE1, 0x0C, 0xE2, 0xCB, 0xE2, 0x9E, 0xE2, 0xDC, 0xE2, 0x91, 0xE3,
  0xFB, 0xE3, 0xC6, 0xE4, 0x73, 0xE5, 0x16, 0xE6, 0x54, 0xE6, 0x9D, 0xE6,
  0x95, 0xE7, 0x24, 0xE8, 0x31, 0xE8, 0x4B, 0xE8, 0xF2, 0xE8, 0x83, 0xE9,
  0xE9, 0xEA, 0x5F, 0xEB, 0xC6, 0xEB, 0x5D, 0xED, 0xE1, 0xED, 0x08, 0xEF,
  0x5D, 0xF0, 0xAC, 0xF0, 0x12, 0xF1, 0x70, 0xF1, 0x3B, 0xF2, 0xAC, 0xF2,
  0xAB, 0xF3, 0x3C, 0xF5, 0xBD, 0xF6, 0x30, 0xF8, 0x13, 0xF9, 0xF5, 0xF9,
  0x06, 0xFB, 0x4A, 0xFC, 0x33, 0xFD, 0xBD, 0xFE, 0xB7, 0xFF, 0x1A, 0x00,
  0xC9, 0x01, 0x26, 0x02, 0x6D, 0x03, 0x7E, 0x04, 0x89, 0x05, 0xCB, 0x06,
  0x37, 0x07, 0xDA, 0x08, 0x2C, 0x09, 0xA2, 0x0A, 0x44, 0x0B, 0xD4, 0x0C,
  0xBF, 0x0D, 0xE3, 0x0E, 0x3F, 0x10, 0xD3, 0x10, 0x2D, 0x11, 0xC9, 0x12,
  0xBA, 0x13, 0xB3, 0x14, 0xBE, 0x15, 0x75, 0x16, 0x48, 0x17, 0xBB, 0x17,
  0xA5, 0x18, 0xB9, 0x18, 0x17, 0x1A, 0x60, 0x1A, 0x7D, 0x1A, 0xE7, 0x1B,
  0x79, 0x1C, 0x99, 0x1C, 0x9A, 0x1D, 0x8A, 0x1D, 0x8B, 0x1E, 0x6E, 0x1E,
  0x19, 0x1F, 0xF1, 0x1F, 0xCA, 0x20, 0xFF, 0x21, 0x2B, 0x22, 0x56, 0x23,
  0xCD, 0x23, 0x82, 0x23, 0x4E, 0x23, 0xFB, 0x22, 0x42, 0x23, 0xC7, 0x23,
  0x2E, 0x24, 0x0F, 0x24, 0xCE, 0x24, 0x23, 0x25, 0x73, 0x25, 0x21, 0x25,
  0xF5, 0x25, 0xD4, 0x25, 0xA6, 0x26, 0xFE, 0x25, 0x53, 0x26, 0xFE, 0x25,
  0xEA, 0x25, 0x9A, 0x25, 0x94, 0x25, 0xD6, 0x24, 0x21, 0x25, 0x8F, 0x25,
  0x6D, 0x25, 0x57, 0x25, 0x8F, 0x24, 0xEC, 0x23, 0x07, 0x23, 0xD3, 0x22,
  0x45, 0x23, 0x63, 0x22, 0x5A, 0x22, 0xEE, 0x21, 0x8B, 0x21, 0xEF, 0x20,
  0xAF, 0x20, 0x3E, 0x20, 0xEC, 0x1F, 0xD5, 0x1F, 0x9B, 0x1F, 0x8A, 0x1E,
  0x6E, 0x1E, 0x97, 0x1D, 0xA4, 0x1C, 0xC6, 0x1C, 0xA4, 0x1C, 0x83, 0x1B,
  0x55, 0x1A, 0xB2, 0x19, 0x6F, 0x18, 0x43, 0x17, 0x61, 0x16, 0x43, 0x16,
  0x52, 0x16, 0x43, 0x16, 0xD7, 0x14, 0xC6, 0x14, 0xA8, 0x14, 0x4F, 0x13,
  0x10, 0x12, 0x86, 0x11, 0x0C, 0x11, 0x0D, 0x10, 0x68, 0x0F, 0x09, 0x0E,
  0x6D, 0x0D, 0xFF, 0x0B, 0xAF, 0x0A, 0x5A, 0x09, 0x65, 0x08, 0xF3, 0x06,
  0x10, 0x06, 0x7B, 0x05, 0xB0, 0x04, 0x84, 0x03, 0x92, 0x02, 0x5C, 0x01,
  0x84, 0x00, 0x4F, 0x00, 0xB9, 0xFF, 0x89, 0xFE, 0xDE, 0xFC, 0x8A, 0xFC,
  0x26, 0xFB, 0xF9, 0xFA, 0xCB, 0xFA, 0x1A, 0xF9, 0x23, 0xF8, 0x0A, 0xF7,
  0x64, 0xF6, 0x1A, 0xF5, 0x13, 0xF4, 0x88, 0xF3, 0x19, 0xF3, 0x79, 0xF2,
  0xA5, 0xF1, 0x6E, 0xF1, 0x2A, 0xF1, 0xB6, 0xEF, 0x1A, 0xEF, 0xCE, 0xEE,
  0x88, 0xED, 0x1E, 0xEC, 0x08, 0xEB, 0xD0, 0xE9, 0x6D, 0xE9, 0x1F, 0xE9,
  0x41, 0xE8, 0xBE, 0xE7, 0x66, 0xE7, 0x7B, 0xE6, 0x7B, 0xE5, 0x19, 0xE4,
  0x5A, 0xE3, 0x20, 0xE2, 0x8D, 0xE1, 0xBC, 0xE0, 0xD0, 0xE0, 0xB9, 0xDF,
  0x79, 0xDF, 0xAC, 0xDE, 0x49, 0xDE, 0x54, 0xDD, 0x78, 0xDC, 0x5F, 0xDC,
  0x30, 0xDC, 0x3B, 0xDB, 0x68, 0xDA, 0xAC, 0xDA, 0x1B, 0xDA, 0x80, 0xD9,
  0x34, 0xD9, 0xC1, 0xD9, 0xDB, 0xD8, 0x32, 0xD8, 0x6E, 0xD8, 0x93, 0xD7,
  0xDB, 0xD6, 0x57, 0xD7, 0xC5, 0xD6, 0x00, 0xD7, 0x67, 0xD7, 0xE3, 0xD6,
  0xB9, 0xD7, 0xFE, 0xD7, 0x22, 0xD8, 0xCC, 0xD7, 0x06, 0xD8, 0x6F, 0xD8,
  0x27, 0xD8, 0x56, 0xD8, 0xF3, 0xD8, 0x8A, 0xD9, 0x4B, 0xD9, 0xD6, 0xD9,
  0xDD, 0xDA, 0x75, 0xDB, 0xB6, 0xDB, 0x59, 0xDC, 0x3F, 0xDC, 0x2A, 0xDC,
  0x34, 0xDC, 0x8C, 0xDC, 0xFC, 0xDC, 0x02, 0xDD, 0xD7, 0xDC, 0x0C, 0xDD,
  0xE1, 0xDD, 0xCE, 0xDE, 0x65, 0xDF, 0x40, 0xE0, 0x4B, 0xE0, 0x6B, 0xE1,
  0xD8, 0xE2, 0xA5, 0xE3, 0x7B, 0xE4, 0xDA, 0xE4, 0x50, 0xE5, 0x21, 0xE6,
  0xAD, 0xE6, 0xD0, 0xE7, 0x6B, 0xE8, 0xEB, 0xE9, 0x0B, 0xEA, 0x2F, 0xEA,
  0x03, 0xEB, 0xC3, 0xEB, 0xFB, 0xEB, 0x93, 0xEC, 0xF0, 0xED, 0x7E, 0xEE,
  0x41, 0xF0, 0xC7, 0xF0, 0xEB, 0xF1, 0xC1, 0xF2, 0x5C, 0xF4, 0xF5, 0xF4,
  0x04, 0xF6, 0x5C, 0xF6, 0xC4, 0xF6, 0xD9, 0xF7, 0x9D, 0xF9, 0x5B, 0xFA,
  0x76, 0xFB, 0x11, 0xFD, 0x98, 0xFD, 0x0C, 0xFF, 0x66, 0xFF, 0x73, 0x00,
  0x2E, 0x01, 0x44, 0x02, 0x37, 0x03, 0x99, 0x04, 0xF8, 0x04, 0x8E, 0x06,
  0x06, 0x07, 0x7B, 0x07, 0xC1, 0x08, 0xA6, 0x09, 0xEC, 0x0A, 0x49, 0x0B,
  0xC2, 0x0C, 0x96, 0x0D, 0xC2, 0x0E, 0xF2, 0x0E, 0xC0, 0x0F, 0x2F, 0x10,
  0xEA, 0x10, 0xDD, 0x11, 0x91, 0x12, 0xB6, 0x12, 0x82, 0x13, 0xA4, 0x14,
  0xEA, 0x15, 0x27, 0x16, 0x1F, 0x17, 0x57, 0x17, 0xDC, 0x18, 0x2F, 0x19,
  0x2E, 0x19, 0x96, 0x1A, 0xD2, 0x1B, 0xF6, 0x1B, 0x13, 0x1D, 0x4A, 0x1E,
  0xCB, 0x1E, 0x4B, 0x1F, 0x90, 0x1F, 0x90, 0x1F, 0xC0, 0x20, 0xC3, 0x21,
  0xDA, 0x21, 0xD9, 0x22, 0x41, 0x23, 0xF9, 0x23, 0xFE, 0x23, 0xC6, 0x24,
  0x74, 0x25, 0x41, 0x25, 0xEC, 0x24, 0x1A, 0x25, 0x78, 0x25, 0x5D, 0x26,
  0xEA, 0x26, 0x92, 0x27, 0x1B, 0x27, 0xC0, 0x27, 0x0A, 0x28, 0x01, 0x28,
  0x5F, 0x27, 0xD2, 0x27, 0x72, 0x28, 0x1B, 0x28, 0x79, 0x28, 0x40, 0x28,
  0xBA, 0x28, 0x9A, 0x28, 0xD6, 0x27, 0x40, 0x28, 0x77, 0x28, 0xD4, 0x28,
  0x82, 0x28, 0x9A, 0x28, 0x72, 0x28, 0x58, 0x27, 0x79, 0x27, 0x20, 0x27,
  0x81, 0x26, 0xA8, 0x25, 0x73, 0x25, 0xB1, 0x24, 0x88, 0x24, 0xF2, 0x23,
  0x98, 0x23, 0x7F, 0x22, 0x9A, 0x21, 0x4B, 0x20, 0x69, 0x1F, 0x1C, 0x1E,
  0xF7, 0x1C, 0x88, 0x1C, 0x3D, 0x1C, 0xCA, 0x1A, 0xF9, 0x19, 0xBF, 0x19,
  0xCD, 0x18, 0x9B, 0x18, 0x83, 0x17, 0xFF, 0x16, 0xB5, 0x15, 0xF5, 0x14,
  0x8E, 0x13, 0x45, 0x12, 0xD0, 0x11, 0x87, 0x10, 0x3F, 0x0F, 0xD4, 0x0D,
  0x8C, 0x0C, 0x04, 0x0B, 0xE1, 0x0A, 0xA4, 0x09, 0x38, 0x09, 0x47, 0x08,
  0xD3, 0x07, 0xFF, 0x06, 0xE6, 0x05, 0x06, 0x05, 0x9D, 0x04, 0x36, 0x04,
  0xD3, 0x03, 0x0A, 0x03, 0x76, 0x02, 0xAD, 0x01, 0xC9, 0x00, 0x95, 0xFF,
  0x2D, 0xFE, 0x08, 0xFD, 0x01, 0xFC, 0xF5, 0xFA, 0xA1, 0xFA, 0x17, 0xFA,
  0x1E, 0xF9, 0xD3, 0xF8, 0x7C, 0xF8, 0x18, 0xF7, 0x60, 0xF5, 0xD8, 0xF4,
  0x76, 0xF4, 0x92, 0xF3, 0x82, 0xF2, 0xE6, 0xF1, 0x3B, 0xF0, 0x64, 0xEF,
  0x2A, 0xEF, 0xAB, 0xEE, 0x1B, 0xED, 0x45, 0xEC, 0x5D, 0xEB, 0x52, 0xEA,
  0x14, 0xE9, 0xA9, 0xE8, 0xA3, 0xE8, 0x48, 0xE8, 0xE2, 0xE7, 0x91, 0xE6,
  0x6E, 0xE6, 0x1E, 0xE5, 0x18, 0xE4, 0x5F, 0xE3, 0x2E, 0xE3, 0x2B, 0xE2,
  0xB7, 0xE1, 0x55, 0xE1, 0xA5, 0xE0, 0x4B, 0xE0, 0x8E, 0xDF, 0x82, 0xDF,
  0x4E, 0xDF, 0x75, 0xDE, 0xB6, 0xDE, 0x91, 0xDE, 0x6D, 0xDE, 0x48, 0xDD,
  0x42, 0xDC, 0x57, 0xDC, 0x56, 0xDC, 0x4A, 0xDC, 0xB4, 0xDC, 0x38, 0xDC,
  0xEA, 0xDB, 0x7D, 0xDB, 0x84, 0xDB, 0x8B, 0xDB, 0xC8, 0xDB, 0x71, 0xDB,
  0x60, 0xDB, 0x00, 0xDC, 0x89, 0xDC, 0x95, 0xDC, 0x8A, 0xDC, 0x60, 0xDC,
  0x23, 0xDD, 0x20, 0xDD, 0x04, 0xDD, 0xB8, 0xDC, 0xA7, 0xDC, 0xF2, 0xDC,
  0x45, 0xDD, 0x50, 0xDD, 0xCE, 0xDC, 0xB0, 0xDC, 0x92, 0xDD, 0x70, 0xDD,
  0x8D, 0xDE, 0x6D, 0xDF, 0x3C, 0xDF, 0x85, 0xDF, 0x7F, 0xE0, 0x24, 0xE1,
  0x80, 0xE1, 0xB0, 0xE2, 0x6A, 0xE2, 0x03, 0xE3, 0x16, 0xE4, 0x4C, 0xE4,
  0x78, 0xE5, 0x79, 0xE5, 0x3D, 0xE6, 0x10, 0xE7, 0x55, 0xE8, 0x78, 0xE9,
  0x9E, 0xEA, 0x1A, 0xEB, 0x06, 0xEB, 0x35, 0xEB, 0xF0, 0xEB, 0x35, 0xEC,
  0xCD, 0xEC, 0xE2, 0xED, 0x02, 0xEE, 0x74, 0xEF, 0xC7, 0xF0, 0x51, 0xF2,
  0xF7, 0xF2, 0x72, 0xF4, 0x96, 0xF5, 0x02, 0xF7, 0x2D, 0xF7, 0x48, 0xF8,
  0x7B, 0xF8, 0x15, 0xFA, 0x3D, 0xFB, 0x52, 0xFC, 0x33, 0xFD, 0x9C, 0xFD,
  0xBA, 0xFD, 0x0B, 0xFF, 0xA2, 0x00, 0x7B, 0x01, 0x98, 0x02, 0x2D, 0x04,
  0xB0, 0x04, 0x8A, 0x05, 0xFB, 0x06, 0x0E, 0x07, 0xA7, 0x08, 0x2E, 0x0A,
  0x9A, 0x0A, 0x2B, 0x0C, 0x7E, 0x0C, 0x4C, 0x0D, 0x5D, 0x0D, 0xCB, 0x0D,
  0x29, 0x0E, 0xE8, 0x0E, 0x76, 0x0F, 0xD1, 0x0F, 0x08, 0x10, 0x26, 0x11,
  0x36, 0x12, 0xB9, 0x12, 0xC8, 0x13, 0x65, 0x14, 0x86, 0x14, 0xF3, 0x15,
  0xE6, 0x16, 0x09, 0x17, 0x3D, 0x18, 0x7B, 0x19, 0xF4, 0x19, 0x06, 0x1B,
  0x2E, 0x1B, 0x48, 0x1C, 0xED, 0x1C, 0x1A, 0x1D, 0x43, 0x1D, 0xE1, 0x1D,
  0x80, 0x1E, 0xA5, 0x1F, 0x6B, 0x20, 0x98, 0x20, 0x36, 0x21, 0x91, 0x21,
  0xC2, 0x22, 0x72, 0x23, 0x4D, 0x24, 0xBB, 0x24, 0x3A, 0x25, 0xF1, 0x24,
  0xBF, 0x24, 0xFA, 0x24, 0xC3, 0x25, 0xB6, 0x25, 0xD6, 0x25, 0x55, 0x26,
  0xD9, 0x26, 0x6A, 0x26, 0xB2, 0x26, 0x43, 0x27, 0xC6, 0x26, 0x85, 0x27,
  0x22, 0x28, 0x67, 0x27, 0x36, 0x27, 0xC3, 0x27, 0x67, 0x28, 0x6D, 0x28,
  0xCB, 0x28, 0xDF, 0x27, 0x7E, 0x27, 0x91, 0x27, 0xB0, 0x26, 0xE1, 0x26,
  0xA0, 0x26, 0x97, 0x26, 0x6E, 0x26, 0x9F, 0x25, 0xC3, 0x24, 0xD9, 0x24,
  0xDA, 0x24, 0xB4, 0x24, 0x9D, 0x23, 0x27, 0x23, 0xF7, 0x21, 0x34, 0x22,
  0x5C, 0x22, 0x5F, 0x22, 0x3C, 0x21, 0x22, 0x21, 0x40, 0x21, 0x07, 0x21,
  0xA6, 0x1F, 0x36, 0x1F, 0xE5, 0x1D, 0x74, 0x1D, 0x62, 0x1D, 0x6E, 0x1C,
  0xA5, 0x1B, 0x62, 0x1A, 0x55, 0x1A, 0xFA, 0x19, 0xB7, 0x18, 0x6E, 0x18,
  0xA7, 0x17, 0x73, 0x17, 0xE8, 0x15, 0x19, 0x15, 0xE7, 0x14, 0x69, 0x13,
  0x70, 0x12, 0xE0, 0x11, 0xB0, 0x11, 0x88, 0x10, 0x71, 0x0F, 0xDE, 0x0E,
  0x60, 0x0D, 0x09, 0x0D, 0xD1, 0x0C, 0x78, 0x0B, 0x84, 0x0A, 0xDD, 0x08,
  0x79, 0x07, 0x01, 0x07, 0xE6, 0x05, 0x5C, 0x05, 0xAD, 0x04, 0x59, 0x03,
  0x82, 0x02, 0x6C, 0x01, 0x96, 0x00, 0x9C, 0xFF, 0xE1, 0xFE, 0x45, 0xFD,
  0xAF, 0xFC, 0x20, 0xFC, 0x0A, 0xFB, 0x66, 0xFA, 0xC8, 0xF9, 0x96, 0xF8,
  0x0E, 0xF8, 0x23, 0xF7, 0xE0, 0xF5, 0x8C, 0xF4, 0x73, 0xF3, 0x63, 0xF2,
  0x09, 0xF1, 0xA4, 0xF0, 0xF9, 0xEF, 0xE7, 0xEE, 0x71, 0xEE, 0x0D, 0xED,
  0xE9, 0xEB, 0xE8, 0xEA, 0x5E, 0xEA, 0x0D, 0xEA, 0xF3, 0xE9, 0x23, 0xE9,
  0x63, 0xE8, 0x32, 0xE8, 0x9A, 0xE7, 0x2D, 0xE6, 0x40, 0xE5, 0x20, 0xE5,
  0x04, 0xE4, 0x32, 0xE3, 0x3B, 0xE2, 0xFE, 0xE1, 0xD7, 0xE1, 0x96, 0xE0,
  0x6F, 0xE0, 0xA1, 0xDF, 0x17, 0xDF, 0x61, 0xDE, 0x45, 0xDE, 0x8D, 0xDE,
  0x7B, 0xDE, 0x09, 0xDE, 0x23, 0xDE, 0x02, 0xDE, 0xFB, 0xDC, 0xEE, 0xDC,
  0x68, 0xDC, 0x21, 0xDC, 0x39, 0xDC, 0x26, 0xDC, 0x76, 0xDB, 0x27, 0xDB,
  0xE0, 0xDA, 0x63, 0xDA, 0xF0, 0xDA, 0x8C, 0xDB, 0xE1, 0xDB, 0x40, 0xDC,
  0x65, 0xDC, 0x5F, 0xDC, 0x9D, 0xDB, 0x6E, 0xDB, 0xDD, 0xDA, 0xA3, 0xDA,
  0xF9, 0xDA, 0x66, 0xDA, 0x26, 0xDB, 0x60, 0xDB, 0xB8, 0xDB, 0x80, 0xDC,
  0x61, 0xDD, 0xEF, 0xDC, 0xDD, 0xDD, 0xD9, 0xDD, 0xB9, 0xDD, 0xB1, 0xDE,
  0xBD, 0xDE, 0xFE, 0xDE, 0x02, 0xE0, 0xFB, 0xDF, 0xDF, 0xE0, 0xAE, 0xE0,
  0xC5, 0xE0, 0xFE, 0xE1, 0xF5, 0xE1, 0x9C, 0xE2, 0x3E, 0xE3, 0xD7, 0xE3,
  0x26, 0xE4, 0xD2, 0xE4, 0x35, 0xE5, 0x54, 0xE6, 0x4F, 0xE7, 0x70, 0xE7,
  0x33, 0xE8, 0x5F, 0xE9, 0x67, 0xE9, 0xE1, 0xEA, 0xF6, 0xEA, 0xD8, 0xEB,
  0xD0, 0xEC, 0x54, 0xED, 0xE4, 0xED, 0xC5, 0xEE, 0x3A, 0xEF, 0x1C, 0xF0,
  0x45, 0xF0, 0x85, 0xF0, 0x6C, 0xF1, 0x6D, 0xF2, 0x82, 0xF3, 0x1E, 0xF4,
  0x28, 0xF5, 0x60, 0xF5, 0xDC, 0xF6, 0x9C, 0xF7, 0x20, 0xF9, 0x70, 0xFA,
  0xA8, 0xFB, 0x14, 0xFC, 0xA5, 0xFD, 0xDA, 0xFD, 0x2D, 0xFE, 0xF3, 0xFE,
  0x21, 0x00, 0xD8, 0x01, 0x78, 0x02, 0xAD, 0x02, 0x60, 0x04, 0x6A, 0x05,
  0xFE, 0x06, 0xD0, 0x07, 0x94, 0x08, 0xDD, 0x08, 0x68, 0x0A, 0x8D, 0x0B,
  0xCE, 0x0C, 0xED, 0x0D, 0x11, 0x0F, 0x88, 0x10, 0xD6, 0x10, 0x2F, 0x11,
  0x39, 0x12, 0xCE, 0x12, 0x3E, 0x13, 0x4B, 0x14, 0xE9, 0x14, 0x06, 0x16,
  0x33, 0x16, 0x15, 0x17, 0x65, 0x17, 0xAF, 0x18, 0x8D, 0x19, 0x3A, 0x1A,
  0x7A, 0x1A, 0x77, 0x1A, 0xB0, 0x1B, 0xA3, 0x1C, 0x77, 0x1D, 0x16, 0x1E,
  0x82, 0x1E, 0x7A, 0x1F, 0xDB, 0x1F, 0xDF, 0x20, 0x9E, 0x20, 0xF6, 0x20,
  0xC3, 0x20, 0x3F, 0x21, 0x94, 0x21, 0x88, 0x21, 0x42, 0x21, 0xCA, 0x21,
  0xE3, 0x22, 0x9F, 0x23, 0x4C, 0x23, 0x97, 0x23, 0x80, 0x23, 0xE4, 0x23,
  0x30, 0x24, 0xA1, 0x24, 0xE2, 0x24, 0xA3, 0x25, 0x92, 0x25, 0x16, 0x26,
  0xF1, 0x26, 0xD6, 0x26, 0x29, 0x26, 0x88, 0x26, 0x7F, 0x26, 0x2A, 0x26,
  0x2B, 0x26, 0xC6, 0x26, 0x22, 0x26, 0x58, 0x25, 0xF5, 0x25, 0x83, 0x25,
  0x2B, 0x25, 0x6C, 0x25, 0xAE, 0x25, 0xF8, 0x24, 0x0A, 0x24, 0xB8, 0x23,
  0x1F, 0x24, 0x75, 0x23, 0x06, 0x23, 0x92, 0x22, 0x7F, 0x21, 0x91, 0x21,
  0x7D, 0x21, 0x1D, 0x21, 0xAE, 0x20, 0xE5, 0x1F, 0xA8, 0x1F, 0x1B, 0x1F,
  0x52, 0x1E, 0x04, 0x1E, 0xD6, 0x1C, 0xDD, 0x1C, 0x3A, 0x1C, 0x5E, 0x1B,
  0x55, 0x1A, 0xF7, 0x19, 0xB5, 0x19, 0xAF, 0x19, 0x9C, 0x18, 0x92, 0x18,
  0xE1, 0x17, 0xCD, 0x17, 0x20, 0x17, 0xBB, 0x15, 0x8F, 0x15, 0xD5, 0x14,
  0x84, 0x13, 0x31, 0x12, 0x89, 0x11, 0xD0, 0x10, 0x43, 0x0F, 0xC8, 0x0E,
  0x6D, 0x0D, 0xF0, 0x0B, 0xBC, 0x0B, 0x6E, 0x0B, 0xF7, 0x0A, 0x87, 0x0A,
  0xAB, 0x09, 0x34, 0x09, 0xF7, 0x08, 0x3A, 0x08, 0x06, 0x07, 0x87, 0x05,
  0x30, 0x04, 0x09, 0x03, 0xA5, 0x01, 0x0D, 0x00, 0x45, 0xFF, 0x02, 0xFF,
  0xE3, 0xFD, 0xC4, 0xFC, 0x6B, 0xFB, 0xEA, 0xFA, 0x82, 0xF9, 0x48, 0xF9,
  0x52, 0xF8, 0xB9, 0xF6, 0xA3, 0xF5, 0x64, 0xF5, 0x8A, 0xF4, 0x55, 0xF4,
  0xB8, 0xF3, 0x6A, 0xF2, 0x3A, 0xF2, 0x1A, 0xF2, 0x68, 0xF1, 0x13, 0xF0,
  0xF0, 0xEE, 0x4E, 0xEE, 0x98, 0xED, 0x0D, 0xED, 0xC8, 0xEB, 0x25, 0xEB,
  0x3E, 0xEA, 0xE3, 0xE8, 0x98, 0xE8, 0x25, 0xE8, 0xB1, 0xE7, 0x8D, 0xE7,
  0x24, 0xE6, 0x29, 0xE5, 0x72, 0xE4, 0xF9, 0xE3, 0x17, 0xE3, 0xC8, 0xE2,
  0xC2, 0xE2, 0xC8, 0xE1, 0x92, 0xE0, 0x52, 0xDF, 0x1C, 0xDF, 0xC9, 0xDE,
  0x23, 0xDE, 0x11, 0xDD, 0xB3, 0xDC, 0xF5, 0xDB, 0xD6, 0xDB, 0x3E, 0xDB,
  0x9A, 0xDB, 0x6C, 0xDB, 0xA4, 0xDA, 0x30, 0xDA, 0x2B, 0xDA, 0x0D, 0xDA,
  0x70, 0xD9, 0x66, 0xD9, 0xD7, 0xD8, 0xAB, 0xD8, 0x34, 0xD9, 0xD7, 0xD8,
  0x5A, 0xD9, 0x2A, 0xD9, 0xB3, 0xD8, 0x3A, 0xD9, 0xD4, 0xD9, 0xD7, 0xD9,
  0x6B, 0xDA, 0x64, 0xDA, 0x00, 0xDB, 0x6A, 0xDB, 0xCA, 0xDA, 0x3B, 0xDB,
  0x35, 0xDB, 0xA2, 0xDB, 0x1A, 0xDC, 0x99, 0xDC, 0x69, 0xDD, 0xD6, 0xDD,
  0xD7, 0xDD, 0xCC, 0xDD, 0x7D, 0xDD, 0xE8, 0xDD, 0x98, 0xDE, 0xA4, 0xDE,
  0x6F, 0xDE, 0x4B, 0xDE, 0x67, 0xDE, 0x91, 0xDE, 0x60, 0xDF, 0x39, 0xDF,
  0x7C, 0xE0, 0xC5, 0xE0, 0xB6, 0xE1, 0xBF, 0xE1, 0xCB, 0xE1, 0x75, 0xE2,
  0xC6, 0xE2, 0xBA, 0xE2, 0x3F, 0xE3, 0x31, 0xE4, 0x74, 0xE4, 0x9D, 0xE4,
  0x3C, 0xE5, 0xE1, 0xE5, 0x60, 0xE6, 0x7D, 0xE7, 0x31, 0xE8, 0xDF, 0xE8,
  0x4A, 0xE9, 0x31, 0xEA, 0xD1, 0xEB, 0x62, 0xED, 0xD4, 0xED, 0x6B, 0xEF,
  0x8B, 0xF0, 0xE0, 0xF0, 0x38, 0xF2, 0xC4, 0xF2, 0x66, 0xF4, 0xA0, 0xF4,
  0xD3, 0xF4, 0xD0, 0xF5, 0x0A, 0xF7, 0xEC, 0xF7, 0x5E, 0xF8, 0x38, 0xF9,
  0x49, 0xFA, 0x6A, 0xFB, 0xDC, 0xFC, 0xB2, 0xFD, 0x1C, 0xFE, 0x56, 0xFE,
  0xEB, 0xFE, 0x84, 0x00, 0x74, 0x01, 0x14, 0x03, 0x0A, 0x04, 0x77, 0x05,
  0xA4, 0x06, 0x90, 0x07, 0x94, 0x08, 0xFD, 0x08, 0x9A, 0x0A, 0x2B, 0x0C,
  0x8A, 0x0D, 0x63, 0x0E, 0x91, 0x0F, 0xE0, 0x10, 0xE9, 0x10, 0x52, 0x12,
  0x55, 0x12, 0x5C, 0x13, 0x94, 0x14, 0x9C, 0x15, 0xB1, 0x16, 0xAD, 0x16,
  0x79, 0x17, 0xDD, 0x18, 0xD6, 0x18, 0xB7, 0x19, 0xD4, 0x1A, 0xF7, 0x1A,
  0x9D, 0x1B, 0x03, 0x1C, 0xEC, 0x1C, 0x1A, 0x1E, 0xB7, 0x1E, 0xC2, 0x1E,
  0x79, 0x1F, 0x96, 0x20, 0x1E, 0x21, 0xE4, 0x20, 0x01, 0x21, 0xE7, 0x21,
  0x51, 0x22, 0xD7, 0x22, 0xBC, 0x23, 0xC1, 0x23, 0xB9, 0x24, 0x34, 0x25,
  0xB1, 0x25, 0x60, 0x26, 0x7F, 0x26, 0xF9, 0x25, 0xAD, 0x26, 0x24, 0x26,
  0xF4, 0x25, 0x7E, 0x25, 0x4C, 0x26, 0xE7, 0x26, 0x52, 0x26, 0xB6, 0x26,
  0x26, 0x27, 0x9B, 0x27, 0x25, 0x28, 0xA0, 0x28, 0x3A, 0x29, 0x15, 0x29,
  0x1F, 0x29, 0x48, 0x29, 0x67, 0x28, 0x8C, 0x27, 0xDC, 0x27, 0xEB, 0x26,
  0x55, 0x27, 0x65, 0x27, 0xD4, 0x26, 0x10, 0x27, 0x3C, 0x26, 0xB2, 0x25,
  0xE9, 0x25, 0x85, 0x25, 0xC8, 0x24, 0xC5, 0x24, 0x58, 0x24, 0x82, 0x23,
  0x5D, 0x23, 0x89, 0x23, 0x60, 0x23, 0x13, 0x23, 0xA6, 0x22, 0x72, 0x22,
  0x72, 0x22, 0x94, 0x21, 0x47, 0x21, 0x2C, 0x20, 0x7F, 0x1F, 0xB8, 0x1E,
  0x9F, 0x1E, 0x40, 0x1E, 0xEE, 0x1D, 0x56, 0x1D, 0xDC, 0x1B, 0xA4, 0x1B,
  0x09, 0x1B, 0x51, 0x1A, 0xFD, 0x18, 0xCE, 0x18, 0x41, 0x18, 0x49, 0x17,
  0x2E, 0x17, 0xEF, 0x15, 0x7C, 0x15, 0x54, 0x15, 0x24, 0x14, 0xD6, 0x13,
  0x8B, 0x13, 0x83, 0x12, 0x03, 0x11, 0x60, 0x0F, 0xE4, 0x0E, 0xAD, 0x0E,
  0x9F, 0x0D, 0x4D, 0x0D, 0x6C, 0x0C, 0x6B, 0x0B, 0x77, 0x0A, 0x07, 0x0A,
  0x72, 0x09, 0xCC, 0x08, 0x2D, 0x08, 0x89, 0x06, 0x42, 0x05, 0xF9, 0x04,
  0x6B, 0x03, 0x89, 0x02, 0x25, 0x02, 0xA2, 0x00, 0xB4, 0xFF, 0xB2, 0xFE,
  0x30, 0xFD, 0x94, 0xFB, 0x51, 0xFA, 0xEC, 0xF8, 0x24, 0xF8, 0x95, 0xF7,
  0x79, 0xF6, 0x4A, 0xF6, 0xA4, 0xF5, 0xFD, 0xF4, 0x1A, 0xF4, 0x79, 0xF3,
  0xAB, 0xF2, 0x9B, 0xF1, 0x52, 0xF1, 0xEA, 0xF0, 0x25, 0xF0, 0x6F, 0xEF,
  0x59, 0xEE, 0x05, 0xEE, 0x6E, 0xED, 0xE0, 0xEC, 0x4F, 0xEB, 0x2D, 0xEB,
  0x31, 0xEA, 0x15, 0xE9, 0x05, 0xE8, 0x44, 0xE7, 0xEE, 0xE5, 0xD8, 0xE4,
  0x64, 0xE4, 0x36, 0xE3, 0x67, 0xE2, 0x64, 0xE1, 0x43, 0xE1, 0xCB, 0xE0,
  0xED, 0xE0, 0x25, 0xE1, 0xBD, 0xE0, 0x5D, 0xE0, 0x7F, 0xDF, 0xC9, 0xDE,
  0x9B, 0xDD, 0xDA, 0xDC, 0xAA, 0xDC, 0xFA, 0xDB, 0x63, 0xDC, 0x6D, 0xDC,
  0x95, 0xDC, 0x20, 0xDC, 0xE9, 0xDB, 0xFE, 0xDA, 0x7E, 0xDA, 0xC8, 0xD9,
  0x65, 0xD9, 0xE0, 0xD8, 0x56, 0xD8, 0xB6, 0xD7, 0x71, 0xD7, 0x11, 0xD8,
  0xAF, 0xD7, 0x9B, 0xD7, 0xB1, 0xD7, 0x8B, 0xD8, 0x19, 0xD9, 0x1B, 0xD9,
  0xFF, 0xD9, 0x24, 0xDA, 0x18, 0xDA, 0x7C, 0xDA, 0x78, 0xDA, 0x60, 0xDA,
  0x63, 0xDA, 0xC8, 0xDA, 0x8B, 0xDA, 0x03, 0xDB, 0x03, 0xDB, 0xD4, 0xDA,
  0xB4, 0xDA, 0xB5, 0xDA, 0x9C, 0xDA, 0x72, 0xDB, 0x89, 0xDC, 0xF4, 0xDC,
  0x04, 0xDD, 0x30, 0xDD, 0x07, 0xDE, 0xF2, 0xDE, 0xCF, 0xDF, 0x85, 0xE0,
  0xBB, 0xE0, 0x3D, 0xE1, 0x6C, 0xE2, 0x29, 0xE3, 0x9C, 0xE3, 0x60, 0xE4,
  0x3D, 0xE5, 0x42, 0xE5, 0x89, 0xE6, 0x04, 0xE7, 0x70, 0xE8, 0xCA, 0xE9,
  0x5B, 0xEA, 0x53, 0xEB, 0xA5, 0xEB, 0xCE, 0xEC, 0x4D, 0xED, 0x04, 0xEE,
  0x2D, 0xEF, 0x53, 0xEF, 0xA6, 0xF0, 0x22, 0xF2, 0xFA, 0xF2, 0xDB, 0xF3,
  0xA8, 0xF4, 0xF0, 0xF4, 0x63, 0xF5, 0x52, 0xF6, 0xC7, 0xF7, 0x3E, 0xF9,
  0x94, 0xF9, 0x32, 0xFB, 0xE8, 0xFB, 0x4F, 0xFD, 0xC1, 0xFD, 0x01, 0xFF,
  0xCA, 0xFF, 0x3A, 0x01, 0x0A, 0x02, 0x63, 0x02, 0xCD, 0x03, 0x7E, 0x04,
  0xEA, 0x05, 0x3D, 0x06, 0xC7, 0x07, 0x58, 0x09, 0xB4, 0x09, 0xC7, 0x0A,
  0x44, 0x0B, 0x05, 0x0C, 0x99, 0x0C, 0xCD, 0x0C, 0x4C, 0x0E, 0x8B, 0x0E,
  0x0D, 0x10, 0x6B, 0x11, 0xD6, 0x12, 0xF4, 0x12, 0x77, 0x13, 0xA9, 0x14,
  0x0C, 0x16, 0x50, 0x17, 0x8F, 0x17, 0x85, 0x17, 0x99, 0x17, 0xE5, 0x18,
  0xF4, 0x18, 0xEC, 0x19, 0xB5, 0x1A, 0xA0, 0x1B, 0x95, 0x1C, 0x67, 0x1C,
  0x81, 0x1D, 0x8C, 0x1D, 0x6B, 0x1D, 0x99, 0x1E, 0x9F, 0x1E, 0xB9, 0x1F,
  0xB0, 0x1F, 0xAA, 0x20, 0x01, 0x21, 0x74, 0x21, 0xC7, 0x21, 0x90, 0x22,
  0x41, 0x22, 0x81, 0x22, 0x5D, 0x23, 0x2D, 0x24, 0xAA, 0x24, 0x46, 0x25,
  0x30, 0x26, 0xD6, 0x26, 0x35, 0x27, 0xFD, 0x26, 0xFD, 0x26, 0x35, 0x27,
  0x6F, 0x27, 0xA9, 0x27, 0x28, 0x28, 0x93, 0x27, 0xF5, 0x27, 0x34, 0x28,
  0xF0, 0x27, 0x24, 0x28, 0x41, 0x28, 0x2B, 0x28, 0x87, 0x28, 0x97, 0x28,
  0x7C, 0x28, 0xE5, 0x28, 0x9E, 0x28, 0x27, 0x29, 0x51, 0x28, 0xB2, 0x27,
  0xE1, 0x26, 0x3D, 0x27, 0x3B, 0x26, 0x0C, 0x26, 0xC2, 0x25, 0xB1, 0x25,
  0x9F, 0x25, 0x9D, 0x24, 0x65, 0x24, 0x7F, 0x24, 0xE3, 0x23, 0xD9, 0x23,
  0x3B, 0x23, 0x2D, 0x22, 0xC8, 0x21, 0x55, 0x21, 0x12, 0x21, 0xF6, 0x20,
  0x12, 0x20, 0xC9, 0x1E, 0x93, 0x1E, 0xA5, 0x1E, 0xCC, 0x1D, 0x9C, 0x1D,
  0xFC, 0x1C, 0x03, 0x1C, 0xB5, 0x1B, 0xE4, 0x1A, 0xA2, 0x1A, 0x88, 0x1A,
  0x7A, 0x19, 0x46, 0x18, 0xE2, 0x16, 0xD2, 0x15, 0xDD, 0x14, 0xB8, 0x14,
  0x3B, 0x13, 0x34, 0x13, 0x80, 0x12, 0xBE, 0x11, 0x93, 0x11, 0x46, 0x11,
  0x1E, 0x11, 0x30, 0x10, 0xFE, 0x0F, 0x94, 0x0F, 0x3C, 0x0F, 0xAB, 0x0E,
  0x43, 0x0E, 0xF9, 0x0C, 0x3A, 0x0B, 0xE3, 0x09, 0x65, 0x09, 0xF6, 0x07,
  0xB5, 0x06, 0x12, 0x06, 0xCB, 0x04, 0xD5, 0x03, 0xD9, 0x02, 0x49, 0x02,
  0xFA, 0x01, 0x8E, 0x00, 0x9D, 0xFF, 0x44, 0xFF, 0x1C, 0xFE, 0x27, 0xFD,
  0x78, 0xFB, 0xC4, 0xFA, 0x2A, 0xF9, 0xF1, 0xF7, 0xF4, 0xF6, 0x86, 0xF6,
  0xC2, 0xF5, 0xBA, 0xF4, 0x40, 0xF4, 0xF2, 0xF3, 0x5F, 0xF3, 0x62, 0xF2,
  0xCC, 0xF0, 0x6C, 0xEF, 0x1B, 0xEE, 0x66, 0xED, 0x11, 0xED, 0x27, 0xEC,
  0xEB, 0xEA, 0xC7, 0xE9, 0xDC, 0xE8, 0x3E, 0xE8, 0x24, 0xE7, 0xCC, 0xE5,
  0x34, 0xE5, 0x32, 0xE4, 0xC2, 0xE3, 0xFE, 0xE2, 0xE7, 0xE2, 0x97, 0xE2,
  0x70, 0xE2, 0x5D, 0xE1, 0x77, 0xE1, 0x20, 0xE1, 0x09, 0xE0, 0xE9, 0xDE,
  0x83, 0xDE, 0xB3, 0xDD, 0xE4, 0xDC, 0x05, 0xDC, 0x66, 0xDC, 0x94, 0xDB,
  0x87, 0xDA, 0xE5, 0xDA, 0x3B, 0xDB, 0x6E, 0xDA, 0x1B, 0xDA, 0x96, 0xD9,
  0xEE, 0xD9, 0xAA, 0xD9, 0x07, 0xD9, 0x21, 0xD8, 0x60, 0xD7, 0xD2, 0xD6,
  0x35, 0xD6, 0x9B, 0xD6, 0xF2, 0xD5, 0x5C, 0xD5, 0x1B, 0xD5, 0x93, 0xD5,
  0x59, 0xD5, 0xE7, 0xD4, 0x8C, 0xD5, 0x31, 0xD5, 0xBA, 0xD5, 0x52, 0xD5,
  0xD8, 0xD5, 0x78, 0xD6, 0x94, 0xD6, 0x81, 0xD7, 0x51, 0xD7, 0x3B, 0xD7,
  0x07, 0xD7, 0xBE, 0xD7, 0x76, 0xD7, 0x66, 0xD7, 0x3D, 0xD8, 0xF1, 0xD7,
  0xBE, 0xD7, 0x5D, 0xD8, 0x2A, 0xD8, 0x1C, 0xD8, 0xFC, 0xD8, 0x09, 0xDA,
  0xC5, 0xDA, 0xA3, 0xDB, 0xF4, 0xDB, 0xE5, 0xDB, 0x6C, 0xDC, 0x7D, 0xDC,
  0xAE, 0xDC, 0xC1, 0xDD, 0x0D, 0xDE, 0x45, 0xDE, 0x72, 0xDE, 0xE6, 0xDF,
  0xAA, 0xE0, 0xBC, 0xE1, 0xCF, 0xE2, 0x07, 0xE3, 0x78, 0xE4, 0x9B, 0xE4,
  0xFB, 0xE4, 0xAA, 0xE5, 0x5C, 0xE6, 0xFE, 0xE6, 0x59, 0xE7, 0xDF, 0xE8,
  0x19, 0xE9, 0xB3, 0xE9, 0x37, 0xEB, 0xD3, 0xEB, 0x5A, 0xED, 0x78, 0xEE,
  0x51, 0xEF, 0x33, 0xF0, 0xDD, 0xF1, 0x57, 0xF2, 0x2E, 0xF3, 0xF4, 0xF3,
  0xBB, 0xF4, 0x55, 0xF6, 0xBA, 0xF7, 0xDC, 0xF8, 0x76, 0xF9, 0xA2, 0xF9,
  0x3C, 0xFB, 0xE4, 0xFC, 0x1B, 0xFE, 0x70, 0xFF, 0xF0, 0xFF, 0xB8, 0x00,
  0x46, 0x02, 0x1C, 0x03, 0x07, 0x04, 0xE8, 0x04, 0x21, 0x05, 0x4B, 0x05,
  0x70, 0x06, 0xAF, 0x07, 0xCF, 0x08, 0x71, 0x09, 0x13, 0x0A, 0xA6, 0x0A,
  0xBF, 0x0B, 0x51, 0x0C, 0x98, 0x0D, 0x08, 0x0F, 0x67, 0x10, 0x86, 0x10,
  0x2A, 0x11, 0x93, 0x11, 0xD0, 0x11, 0xA9, 0x12, 0x15, 0x13, 0xA0, 0x13,
  0xD8, 0x13, 0x9C, 0x14, 0xCA, 0x15, 0xFF, 0x16, 0x6B, 0x17, 0xB6, 0x17,
  0xC7, 0x17, 0xF7, 0x17, 0xCE, 0x18, 0xF5, 0x19, 0x2D, 0x1A, 0x75, 0x1A,
  0xAF, 0x1B, 0x4D, 0x1C, 0x4A, 0x1D, 0x34, 0x1D, 0x6B, 0x1D, 0x28, 0x1E,
  0x48, 0x1F, 0xF5, 0x1F, 0xEC, 0x20, 0xC4, 0x21, 0xA0, 0x21, 0xC6, 0x22,
  0xB5, 0x23, 0xB8, 0x23, 0xF6, 0x23, 0xDF, 0x23, 0x30, 0x24, 0xF3, 0x24,
  0xCF, 0x25, 0x82, 0x26, 0xF1, 0x26, 0x7B, 0x26, 0x3C, 0x26, 0x51, 0x26,
  0x0B, 0x26, 0x5E, 0x26, 0xC9, 0x26, 0x51, 0x26, 0xE9, 0x26, 0xB6, 0x26,
  0x6C, 0x26, 0x10, 0x26, 0x82, 0x26, 0x50, 0x26, 0xA6, 0x25, 0x49, 0x25,
  0x88, 0x24, 0x2A, 0x25, 0xE9, 0x24, 0x8C, 0x24, 0xE7, 0x23, 0x34, 0x24,
  0x21, 0x24, 0x4C, 0x23, 0x6A, 0x23, 0x9E, 0x23, 0xB1, 0x22, 0xE6, 0x21,
  0xAA, 0x21, 0x11, 0x21, 0x6E, 0x21, 0x4B, 0x21, 0xF0, 0x20, 0x37, 0x21,
  0xAD, 0x20, 0xDE, 0x20, 0xC8, 0x20, 0x09, 0x21, 0xDB, 0x1F, 0x9F, 0x1F,
  0x68, 0x1E, 0x66, 0x1D, 0xD6, 0x1C, 0x4D, 0x1C, 0x4D, 0x1C, 0xB1, 0x1B,
  0xC2, 0x1A, 0x81, 0x19, 0x7D, 0x18, 0x4D, 0x17, 0x40, 0x17, 0x30, 0x16,
  0x03, 0x16, 0xA5, 0x14, 0x9C, 0x14, 0x07, 0x14, 0x77, 0x13, 0x56, 0x12,
  0xE7, 0x10, 0xAB, 0x10, 0x83, 0x10, 0x62, 0x10, 0x5B, 0x0F, 0x46, 0x0F,
  0xC4, 0x0E, 0x53, 0x0E, 0x82, 0x0D, 0xC8, 0x0C, 0x78, 0x0C, 0x22, 0x0B,
  0xF9, 0x09, 0xC3, 0x08, 0x4A, 0x07, 0xFB, 0x05, 0xC0, 0x04, 0x89, 0x04,
  0x3C, 0x03, 0x1C, 0x02, 0x13, 0x01, 0xD7, 0xFF, 0x1D, 0xFF, 0xC8, 0xFE,
  0x28, 0xFE, 0x15, 0xFD, 0xFC, 0xFB, 0xF5, 0xFA, 0xE1, 0xF9, 0xFC, 0xF8,
  0x0F, 0xF8, 0xC2, 0xF7, 0xA2, 0xF6, 0x51, 0xF5, 0x58, 0xF4, 0x89, 0xF3,
  0x57, 0xF3, 0x05, 0xF2, 0xBF, 0xF0, 0x91, 0xF0, 0x2B, 0xF0, 0x0B, 0xEF,
  0x6A, 0xEE, 0x20, 0xEE, 0xBA, 0xED, 0x33, 0xED, 0x54, 0xEC, 0x29, 0xEB,
  0xF7, 0xEA, 0x29, 0xEA, 0x81, 0xE9, 0xAF, 0xE8, 0x4B, 0xE8, 0x8E, 0xE7,
  0x6F, 0xE7, 0x49, 0xE7, 0x08, 0xE7, 0xBA, 0xE5, 0xBF, 0xE5, 0x7C, 0xE5,
  0x0D, 0xE5, 0x67, 0xE4, 0xEE, 0xE3, 0x1B, 0xE3, 0xDE, 0xE1, 0x9C, 0xE1,
  0x62, 0xE1, 0xF1, 0xE0, 0xEB, 0xE0, 0xBF, 0xDF, 0x01, 0xDF, 0x4A, 0xDE,
  0xD4, 0xDD, 0xA4, 0xDD, 0xDA, 0xDC, 0xDA, 0xDC, 0x3D, 0xDD, 0x2A, 0xDC,
  0x86, 0xDB, 0xAF, 0xDB, 0x2D, 0xDB, 0xFD, 0xDA, 0x13, 0xDA, 0x93, 0xDA,
  0xB8, 0xDA, 0xED, 0xD9, 0x67, 0xDA, 0x97, 0xDA, 0xE8, 0xD9, 0x58, 0xD9,
  0x3A, 0xD9, 0x28, 0xD9, 0x33, 0xD9, 0xAA, 0xD9, 0x4C, 0xDA, 0xB1, 0xDA,
  0xCA, 0xDA, 0x3C, 0xDA, 0xFF, 0xD9, 0x7B, 0xDA, 0x30, 0xDA, 0x9B, 0xDA,
  0xA6, 0xDA, 0x1D, 0xDB, 0x1B, 0xDB, 0xAB, 0xDB, 0x7C, 0xDC, 0x34, 0xDD,
  0xCA, 0xDD, 0x7D, 0xDD, 0x3E, 0xDE, 0x49, 0xDF, 0x2A, 0xDF, 0x86, 0xDF,
  0xC9, 0xDF, 0xA8, 0xDF, 0x5F, 0xE0, 0xDC, 0xE0, 0x01, 0xE2, 0xC4, 0xE2,
  0xDF, 0xE3, 0x0C, 0xE4, 0xE2, 0xE3, 0x48, 0xE4, 0x67, 0xE5, 0x33, 0xE5,
  0x4C, 0xE6, 0x6B, 0xE7, 0xF1, 0xE7, 0x1B, 0xE9, 0xEA, 0xE9, 0x74, 0xEA,
  0xD3, 0xEA, 0xD2, 0xEA, 0x78, 0xEB, 0x6E, 0xEC, 0x14, 0xED, 0x26, 0xEE,
  0xB0, 0xEE, 0x90, 0xEF, 0xB3, 0xEF, 0xDF, 0xF0, 0x3C, 0xF1, 0xAE, 0xF1,
  0xF6, 0xF1, 0x45, 0xF3, 0x50, 0xF4, 0x28, 0xF5, 0xAF, 0xF5, 0x11, 0xF7,
  0xE3, 0xF7, 0xCE, 0xF8, 0x22, 0xFA, 0x1E, 0xFA, 0x66, 0xFA, 0xE5, 0xFB,
  0x38, 0xFD, 0x60, 0xFE, 0xCE, 0xFE, 0x07, 0x00, 0x0B, 0x01, 0x3E, 0x01,
  0xC1, 0x02, 0xDF, 0x03, 0x58, 0x04, 0xA3, 0x05, 0x16, 0x07, 0x3D, 0x08,
  0xA3, 0x08, 0xEC, 0x08, 0xEC, 0x08, 0x3A, 0x0A, 0xE1, 0x0A, 0xB7, 0x0B,
  0xBD, 0x0B, 0xD5, 0x0C, 0xB7, 0x0D, 0xD5, 0x0D, 0xD6, 0x0E, 0x09, 0x0F,
  0x13, 0x0F, 0xDE, 0x0F, 0x44, 0x10, 0xAA, 0x11, 0xF8, 0x12, 0x40, 0x13,
  0x8A, 0x14, 0xA8, 0x15, 0x15, 0x16, 0x69, 0x16, 0xF8, 0x16, 0xCA, 0x17,
  0xFD, 0x18, 0x8B, 0x19, 0xE4, 0x19, 0x5D, 0x1A, 0x54, 0x1B, 0x3A, 0x1B,
  0xFC, 0x1B, 0x83, 0x1C, 0x74, 0x1D, 0x77, 0x1E, 0x6E, 0x1F, 0x98, 0x20,
  0xA9, 0x20, 0xA4, 0x20, 0x6E, 0x20, 0x5F, 0x21, 0xA3, 0x21, 0xF4, 0x21,
  0xC6, 0x22, 0xD6, 0x22, 0x28, 0x23, 0x60, 0x23, 0x5B, 0x23, 0x2A, 0x24,
  0x6E, 0x24, 0x14, 0x24, 0x12, 0x25, 0xA2, 0x24, 0x97, 0x24, 0xB0, 0x24,
  0x00, 0x25, 0x67, 0x25, 0xB9, 0x25, 0x7F, 0x26, 0x50, 0x26, 0x6A, 0x26,
  0xF9, 0x26, 0x2E, 0x27, 0xA4, 0x26, 0x01, 0x27, 0xF8, 0x26, 0x98, 0x26,
  0x72, 0x26, 0xB7, 0x25, 0x2F, 0x26, 0xAD, 0x25, 0xD8, 0x25, 0x02, 0x25,
  0xA1, 0x24, 0x89, 0x24, 0xC5, 0x23, 0xA5, 0x23, 0xDD, 0x22, 0x50, 0x23,
  0xDB, 0x22, 0xD5, 0x22, 0x75, 0x22, 0x01, 0x22, 0x75, 0x22, 0xA4, 0x21,
  0x83, 0x21, 0x90, 0x20, 0xBC, 0x20, 0xEE, 0x1F, 0x26, 0x1F, 0x30, 0x1E,
  0xF4, 0x1D, 0x86, 0x1D, 0x1C, 0x1D, 0x13, 0x1C, 0x1B, 0x1B, 0xD3, 0x1A,
  0xF2, 0x19, 0xAD, 0x19, 0x76, 0x18, 0xAA, 0x18, 0xD1, 0x17, 0x37, 0x17,
  0xCA, 0x16, 0xA6, 0x16, 0xAC, 0x16, 0xD3, 0x16, 0x43, 0x16, 0x4E, 0x15,
  0x6F, 0x14, 0x27, 0x13, 0x5F, 0x12, 0xF6, 0x10, 0xB3, 0x10, 0xA4, 0x10,
  0x71, 0x0F, 0xF2, 0x0E, 0xE1, 0x0D, 0xEC, 0x0C, 0x86, 0x0B, 0x35, 0x0A,
  0x4D, 0x09, 0xDE, 0x08, 0xDA, 0x07, 0x95, 0x06, 0x73, 0x06, 0x2F, 0x06,
  0x1A, 0x05, 0x0A, 0x05, 0x91, 0x03, 0x38, 0x03, 0x32, 0x02, 0xBC, 0x00,
  0x3F, 0x00, 0xE8, 0xFF, 0xA3, 0xFF, 0xE3, 0xFE, 0x76, 0xFD, 0x4C, 0xFC,
  0xE9, 0xFA, 0xF5, 0xF9, 0x3F, 0xF9, 0x02, 0xF9, 0xE5, 0xF8, 0xE4, 0xF7,
  0x71, 0xF6, 0xA9, 0xF5, 0x32, 0xF5, 0xF8, 0xF4, 0xA4, 0xF3, 0x8A, 0xF3,
  0xB4, 0xF2, 0xD4, 0xF1, 0xFA, 0xF0, 0x86, 0xF0, 0x61, 0xEF, 0x76, 0xEE,
  0x39, 0xEE, 0x97, 0xED, 0x60, 0xED, 0xFD, 0xEB, 0x18, 0xEB, 0xD6, 0xEA,
  0xD4, 0xE9, 0x86, 0xE9, 0x42, 0xE8, 0x55, 0xE7, 0x2F, 0xE7, 0x39, 0xE6,
  0x19, 0xE6, 0x1B, 0xE5, 0xD8, 0xE4, 0x61, 0xE4, 0xDF, 0xE3, 0xF2, 0xE3,
  0x06, 0xE4, 0x80, 0xE3, 0x48, 0xE3, 0x53, 0xE3, 0x45, 0xE2, 0x43, 0xE1,
  0x1F, 0xE0, 0x5C, 0xE0, 0x03, 0xE0, 0x70, 0xDF, 0x74, 0xDE, 0xBA, 0xDD,
  0xFC, 0xDC, 0xDC, 0xDC, 0xEC, 0xDB, 0x2B, 0xDC, 0x20, 0xDB, 0x69, 0xDB,
  0x83, 0xDA, 0x61, 0xDA, 0x7F, 0xDA, 0x67, 0xDA, 0x9F, 0xDA, 0xAC, 0xDA,
  0xC0, 0xD9, 0xE2, 0xD8, 0xD7, 0xD8, 0x3C, 0xD8, 0xD7, 0xD8, 0x5E, 0xD9,
  0x94, 0xD8, 0x52, 0xD8, 0xFE, 0xD8, 0x79, 0xD9, 0xAB, 0xD9, 0xE1, 0xD9,
  0x3C, 0xDA, 0x62, 0xDA, 0x10, 0xDA, 0xD1, 0xDA, 0x3D, 0xDB, 0xF3, 0xDA,
  0xC1, 0xDB, 0x57, 0xDB, 0xCC, 0xDB, 0x6D, 0xDB, 0xFC, 0xDB, 0xC9, 0xDC,
  0x78, 0xDD, 0x11, 0xDE, 0x54, 0xDE, 0x90, 0xDE, 0xDB, 0xDE, 0xE2, 0xDF,
  0xEB, 0xE0, 0xCD, 0xE0, 0x6F, 0xE0, 0xAD, 0xE0, 0xEE, 0xE0, 0xB4, 0xE1,
  0x13, 0xE2, 0x01, 0xE3, 0x06, 0xE4, 0x14, 0xE5, 0x46, 0xE6, 0x10, 0xE6,
  0xFD, 0xE6, 0xD2, 0xE6, 0xFD, 0xE7, 0x21, 0xE9, 0x45, 0xEA, 0xEE, 0xEA,
  0xCD, 0xEA, 0x03, 0xEB, 0x13, 0xEB, 0x3E, 0xEB, 0x3F, 0xEB, 0x42, 0xEB,
  0x66, 0xEC, 0x29, 0xED, 0x82, 0xED, 0x08, 0xEE, 0xEC, 0xEE, 0x41, 0xF0,
  0x5C, 0xF1, 0xC3, 0xF2, 0x3A, 0xF3, 0x66, 0xF3, 0xC0, 0xF4, 0x2B, 0xF5,
  0x66, 0xF5, 0x74, 0xF6, 0xB5, 0xF6, 0xAF, 0xF7, 0x2B, 0xF9, 0xD2, 0xF9,
  0x58, 0xFB, 0xAE, 0xFB, 0xA7, 0xFC, 0x17, 0xFE, 0x9D, 0xFE, 0x27, 0x00,
  0xEA, 0x00, 0xF7, 0x00, 0xAA, 0x01, 0x25, 0x02, 0xC8, 0x02, 0x1F, 0x04,
  0x3D, 0x05, 0x7E, 0x06, 0xD8, 0x07, 0xF9, 0x07, 0x34, 0x09, 0x71, 0x09,
  0x94, 0x0A, 0xD6, 0x0A, 0x3E, 0x0C, 0xAE, 0x0D, 0xAC, 0x0D, 0x0B, 0x0E,
  0x2B, 0x0E, 0x42, 0x0E, 0x50, 0x0E, 0x19, 0x0F, 0x3B, 0x10, 0xE8, 0x10,
  0x11, 0x11, 0xCB, 0x11, 0x78, 0x12, 0xFE, 0x12, 0xC7, 0x13, 0xD5, 0x13,
  0x6A, 0x14, 0x07, 0x15, 0x0E, 0x15, 0x22, 0x16, 0x65, 0x16, 0x4D, 0x17,
  0x9D, 0x18, 0xF0, 0x19, 0x16, 0x1B, 0x07, 0x1B, 0x0A, 0x1B, 0x4E, 0x1B,
  0xD9, 0x1B, 0x28, 0x1C, 0x71, 0x1C, 0x62, 0x1D, 0x73, 0x1E, 0x95, 0x1F,
  0xD9, 0x1F, 0xA9, 0x20, 0xC0, 0x21, 0x8F, 0x22, 0x23, 0x23, 0x2E, 0x23,
  0xBF, 0x23, 0xE3, 0x23, 0x96, 0x24, 0x23, 0x25, 0x23, 0x25, 0x9A, 0x25,
  0x7E, 0x26, 0x79, 0x26, 0xF8, 0x25, 0x94, 0x26, 0x02, 0x27, 0x32, 0x27,
  0xDC, 0x26, 0x56, 0x27, 0xF5, 0x27, 0x9E, 0x28, 0x56, 0x29, 0x54, 0x29,
  0xED, 0x28, 0xAB, 0x28, 0xDD, 0x28, 0x0A, 0x28, 0x44, 0x28, 0xEE, 0x27,
  0xEF, 0x27, 0x25, 0x27, 0x8B, 0x26, 0x17, 0x26, 0x4A, 0x26, 0xD0, 0x26,
  0x0A, 0x26, 0x48, 0x26, 0xBF, 0x25, 0xBA, 0x25, 0xA3, 0x25, 0x58, 0x25,
  0x80, 0x24, 0x83, 0x23, 0xE3, 0x22, 0x1F, 0x23, 0x3D, 0x22, 0xDB, 0x21,
  0x77, 0x21, 0x5E, 0x20, 0xAF, 0x20, 0x2F, 0x20, 0x3E, 0x20, 0x37, 0x20,
  0x38, 0x1F, 0x55, 0x1E, 0x6B, 0x1D, 0x94, 0x1D, 0x3E, 0x1D, 0x6C, 0x1D,
  0x3A, 0x1C, 0xA0, 0x1B, 0xB8, 0x1B, 0x34, 0x1B, 0xCE, 0x1A, 0xDC, 0x19,
  0x2D, 0x19, 0x07, 0x19, 0xF2, 0x17, 0xA9, 0x16, 0xF7, 0x15, 0xE9, 0x15,
  0xBA, 0x15, 0x3E, 0x14, 0xB9, 0x13, 0x0D, 0x13, 0x43, 0x12, 0x1C, 0x12,
  0xFE, 0x11, 0x07, 0x11, 0xB9, 0x10, 0x4B, 0x10, 0xAC, 0x0E, 0x4C, 0x0E,
  0xF6, 0x0C, 0x90, 0x0B, 0x04, 0x0B, 0x8D, 0x09, 0xF2, 0x08, 0x6A, 0x07,
  0x31, 0x06, 0xCE, 0x04, 0x9B, 0x04, 0x0F, 0x03, 0x84, 0x02, 0x59, 0x01,
  0xF6, 0xFF, 0xFE, 0xFE, 0xE1, 0xFE, 0xFE, 0xFD, 0x70, 0xFD, 0x9F, 0xFC,
  0x96, 0xFB, 0xDC, 0xFA, 0xA3, 0xFA, 0xEB, 0xF9, 0x5A, 0xF9, 0x62, 0xF8,
  0xD9, 0xF7, 0x53, 0xF6, 0x31, 0xF5, 0xFA, 0xF4, 0xDE, 0xF3, 0x5A, 0xF2,
  0xD8, 0xF0, 0xD1, 0xF0, 0xFD, 0xEF, 0xFB, 0xEE, 0xE1, 0xEE, 0x66, 0xEE,
  0x4E, 0xEE, 0x2A, 0xED, 0xE1, 0xEB, 0xC3, 0xEB, 0xF7, 0xEA, 0x84, 0xEA,
  0x29, 0xE9, 0xC0, 0xE8, 0x5C, 0xE7, 0xB7, 0xE6, 0x97, 0xE6, 0x90, 0xE6,
  0x42, 0xE5, 0x19, 0xE4, 0x11, 0xE3, 0xF4, 0xE2, 0xAA, 0xE2, 0xD0, 0xE2,
  0xBC, 0xE2, 0xB4, 0xE2, 0x8F, 0xE2, 0x81, 0xE2, 0xA8, 0xE1, 0x8B, 0xE1,
  0xDF, 0xE0, 0xD7, 0xE0, 0xED, 0xE0, 0x73, 0xE0, 0xEC, 0xDF, 0x1B, 0xDF,
  0x44, 0xDE, 0x65, 0xDE, 0x9F, 0xDE, 0x9B, 0xDE, 0xF3, 0xDE, 0xA3, 0xDE,
  0x06, 0xDF, 0x83, 0xDE, 0xCD, 0xDE, 0xF2, 0xDD, 0xFF, 0xDC, 0xE9, 0xDC,
  0x4C, 0xDC, 0xAC, 0xDC, 0x30, 0xDC, 0x15, 0xDC, 0x55, 0xDB, 0x8F, 0xDB,
  0xD8, 0xDA, 0xA5, 0xDA, 0xF0, 0xDA, 0x48, 0xDA, 0x1D, 0xDA, 0xCB, 0xD9,
  0x17, 0xDA, 0xAD, 0xDA, 0x1F, 0xDB, 0xB0, 0xDB, 0xC9, 0xDB, 0x7E, 0xDC,
  0xE9, 0xDB, 0x8C, 0xDB, 0x58, 0xDC, 0xED, 0xDC, 0x78, 0xDD, 0x69, 0xDD,
  0x3D, 0xDD, 0x6F, 0xDD, 0x1D, 0xDE, 0x28, 0xDE, 0x6E, 0xDE, 0x46, 0xDE,
  0x08, 0xDE, 0x19, 0xDF, 0x90, 0xDF, 0x62, 0xDF, 0x55, 0xE0, 0x82, 0xE0,
  0x17, 0xE1, 0x7B, 0xE1, 0xAA, 0xE2, 0xA4, 0xE3, 0xB0, 0xE3, 0xD1, 0xE4,
  0x5D, 0xE5, 0x5A, 0xE6, 0xC8, 0xE6, 0xFA, 0xE7, 0xC5, 0xE8, 0x9F, 0xE8,
  0x2A, 0xE9, 0x83, 0xE9, 0x8A, 0xEA, 0x85, 0xEB, 0xBA, 0xEB, 0x0C, 0xED,
  0x67, 0xEE, 0xFB, 0xEE, 0x49, 0xF0, 0xBF, 0xF0, 0x5D, 0xF1, 0x62, 0xF1,
  0x65, 0xF1, 0xBF, 0xF1, 0xB6, 0xF2, 0x1F, 0xF4, 0x17, 0xF4, 0xD9, 0xF4,
  0xD5, 0xF5, 0x8F, 0xF6, 0xE7, 0xF6, 0x0D, 0xF7, 0x7F, 0xF7, 0xAD, 0xF7,
  0xDD, 0xF7, 0x7F, 0xF8, 0xB0, 0xF8, 0xDE, 0xF8, 0x6E, 0xF9, 0x0C, 0xFA,
  0x4A, 0xFB, 0xF7, 0xFB, 0xD3, 0xFC, 0xD7, 0xFD, 0x3B, 0xFF, 0xC2, 0x00,
  0x35, 0x02, 0x52, 0x02, 0x32, 0x03, 0x4C, 0x04, 0xE6, 0x05, 0xF8, 0x05,
  0x1B, 0x07, 0xB4, 0x07, 0x6E, 0x08, 0x2A, 0x09, 0xB6, 0x0A, 0x2A, 0x0C,
  0x4F, 0x0D, 0x6D, 0x0D, 0x2E, 0x0E, 0xBB, 0x0E, 0x7A, 0x0F, 0x40, 0x10,
  0x4E, 0x11, 0xC6, 0x11, 0x05, 0x12, 0x35, 0x13, 0x45, 0x13, 0x3A, 0x14,
  0xB3, 0x14, 0xC9, 0x14, 0x05, 0x15, 0xEF, 0x15, 0x94, 0x16, 0xFA, 0x17,
  0x2D, 0x19, 0x35, 0x1A, 0x67, 0x1A, 0x30, 0x1B, 0x5D, 0x1B, 0x45, 0x1B,
  0x75, 0x1B, 0x21, 0x1C, 0xBD, 0x1C, 0x59, 0x1D, 0xFB, 0x1D, 0x0D, 0x1E,
  0xF7, 0x1D, 0xC8, 0x1D, 0x5C, 0x1E, 0x41, 0x1E, 0x09, 0x1F, 0x1E, 0x1F,
  0x10, 0x20, 0x18, 0x21, 0xBD, 0x20, 0x7A, 0x21, 0x63, 0x22, 0xDA, 0x22,
  0xF1, 0x22, 0xE3, 0x23, 0xB3, 0x24, 0x98, 0x25, 0x59, 0x25, 0xD2, 0x25,
  0x24, 0x26, 0xA5, 0x25, 0xCB, 0x25, 0x80, 0x26, 0x13, 0x26, 0xE3, 0x26,
  0x55, 0x26, 0x43, 0x26, 0xF9, 0x26, 0x76, 0x27, 0x7E, 0x27, 0xCF, 0x27,
  0x79, 0x27, 0x21, 0x28, 0x41, 0x28, 0xE3, 0x27, 0x37, 0x27, 0xB9, 0x26,
  0x8F, 0x26, 0x9E, 0x25, 0x1F, 0x25, 0xFB, 0x24, 0xD1, 0x24, 0xB9, 0x24,
  0x28, 0x25, 0x91, 0x25, 0xBC, 0x25, 0xAE, 0x25, 0x34, 0x25, 0x18, 0x24,
  0x8C, 0x23, 0xDE, 0x22, 0xEB, 0x22, 0x37, 0x23, 0x6A, 0x23, 0xD8, 0x22,
  0xB1, 0x21, 0xED, 0x20, 0xF0, 0x1F, 0xEE, 0x1E, 0x6B, 0x1E, 0x61, 0x1E,
  0x22, 0x1D, 0xD3, 0x1C, 0x7B, 0x1C, 0x10, 0x1C, 0xE6, 0x1B, 0xC0, 0x1B,
  0x98, 0x1B, 0x75, 0x1A, 0x07, 0x1A, 0x5A, 0x19, 0x3A, 0x19, 0x13, 0x18,
  0x40, 0x17, 0xB0, 0x16, 0x29, 0x16, 0x5B, 0x15, 0xE3, 0x13, 0xE3, 0x12,
  0x6F, 0x12, 0x56, 0x11, 0x0B, 0x11, 0xFE, 0x0F, 0xDF, 0x0E, 0x0F, 0x0E,
  0xCF, 0x0C, 0x50, 0x0C, 0xB1, 0x0B, 0xCB, 0x0A, 0x61, 0x0A, 0x1F, 0x09,
  0xB5, 0x07, 0x04, 0x07, 0xE6, 0x06, 0x5C, 0x05, 0xE3, 0x03, 0x32, 0x03,
  0x6C, 0x02, 0xCD, 0x01, 0x09, 0x01, 0xCB, 0x00, 0xE0, 0xFF, 0xC4, 0xFF,
  0x8A, 0xFF, 0x03, 0xFE, 0x67, 0xFD, 0x24, 0xFC, 0xBB, 0xFB, 0x65, 0xFB,
  0xBE, 0xFA, 0xFF, 0xF9, 0x84, 0xF9, 0xC3, 0xF8, 0x51, 0xF7, 0xF0, 0xF5,
  0x60, 0xF5, 0xF2, 0xF3, 0xCE, 0xF2, 0xC9, 0xF2, 0xB2, 0xF1, 0x45, 0xF0,
  0x75, 0xEF, 0x7D, 0xEF, 0x07, 0xEE, 0x13, 0xEE, 0x19, 0xED, 0x93, 0xEC,
  0x5E, 0xEC, 0x92, 0xEB, 0xF9, 0xEA, 0xCF, 0xE9, 0x5C, 0xE9, 0xB2, 0xE8,
  0xA9, 0xE7, 0x74, 0xE6, 0x75, 0xE6, 0xB2, 0xE5, 0x92, 0xE5, 0x1F, 0xE5,
  0x0B, 0xE4, 0xD2, 0xE2, 0x93, 0xE1, 0xAD, 0xE0, 0x9C, 0xE0, 0x7D, 0xE0,
  0xDF, 0xDF, 0x16, 0xE0, 0xA6, 0xDF, 0x61, 0xDF, 0x95, 0xDF, 0x88, 0xDE,
  0x04, 0xDE, 0xA2, 0xDD, 0x79, 0xDD, 0x87, 0xDC, 0xCD, 0xDC, 0xDC, 0xDB,
  0x26, 0xDB, 0x24, 0xDB, 0x83, 0xDB, 0xD4, 0xDB, 0x31, 0xDB, 0x5E, 0xDA,
  0x2A, 0xDA, 0x51, 0xD9, 0xA1, 0xD8, 0xDA, 0xD8, 0x72, 0xD9, 0x0E, 0xD9,
  0x37, 0xD9, 0x67, 0xD9, 0x83, 0xD9, 0x24, 0xD9, 0x76, 0xD8, 0x75, 0xD8,
  0x43, 0xD8, 0x09, 0xD8, 0x53, 0xD8, 0xB5, 0xD8, 0xA7, 0xD8, 0x5F, 0xD9,
  0x7B, 0xD9, 0xE0, 0xD8, 0x0E, 0xD9, 0xD5, 0xD9, 0xF3, 0xD9, 0xC0, 0xDA,
  0x2D, 0xDA, 0xEC, 0xD9, 0x52, 0xDA, 0x42, 0xDA, 0x08, 0xDA, 0xCE, 0xDA,
  0xC4, 0xDA, 0xAA, 0xDA, 0x8D, 0xDA, 0x3C, 0xDA, 0xCE, 0xDA, 0x09, 0xDB,
  0x6E, 0xDB, 0x7A, 0xDC, 0xFA, 0xDC, 0x94, 0xDD, 0x5E, 0xDE, 0x91, 0xDE,
  0x94, 0xDE, 0xA4, 0xDF, 0x63, 0xE0, 0xE2, 0xE0, 0x8D, 0xE1, 0x7E, 0xE1,
  0xE2, 0xE1, 0x1E, 0xE2, 0x48, 0xE2, 0x37, 0xE2, 0xC0, 0xE2, 0x04, 0xE3,
  0xC0, 0xE3, 0xF6, 0xE4, 0x52, 0xE6, 0x0A, 0xE7, 0xD2, 0xE7, 0x6B, 0xE8,
  0x93, 0xE8, 0x2D, 0xE9, 0x1D, 0xEA, 0xA4, 0xEB, 0x4E, 0xEC, 0x0A, 0xED,
  0xB9, 0xED, 0x20, 0xEF, 0x6A, 0xF0, 0x88, 0xF1, 0x01, 0xF3, 0xA1, 0xF3,
  0x02, 0xF4, 0xD8, 0xF4, 0xF8, 0xF5, 0x6C, 0xF6, 0x29, 0xF7, 0xB6, 0xF7,
  0xCE, 0xF7, 0xE0, 0xF8, 0x1B, 0xF9, 0x6A, 0xFA, 0x86, 0xFB, 0x2D, 0xFC,
  0xAB, 0xFD, 0x97, 0xFE, 0x00, 0x00, 0xE4, 0x00, 0xBE, 0x01, 0xF3, 0x02,
  0x3C, 0x03, 0x70, 0x04, 0xE7, 0x04, 0x2A, 0x05, 0x8B, 0x06, 0x53, 0x07,
  0x17, 0x08, 0xE1, 0x08, 0xF6, 0x08, 0x6B, 0x09, 0x92, 0x09, 0xE0, 0x0A,
  0xF6, 0x0B, 0x2F, 0x0C, 0x55, 0x0D, 0x81, 0x0E, 0x85, 0x0E, 0xEF, 0x0F,
  0x4C, 0x11, 0x9C, 0x11, 0x1E, 0x12, 0x81, 0x12, 0xB7, 0x12, 0xAD, 0x13,
  0xAA, 0x14, 0xDE, 0x14, 0x43, 0x16, 0x24, 0x17, 0xAA, 0x17, 0xC2, 0x17,
  0x7A, 0x18, 0x5A, 0x18, 0x64, 0x18, 0x89, 0x19, 0xDB, 0x19, 0x48, 0x1A,
  0xE9, 0x1A, 0x03, 0x1C, 0x10, 0x1C, 0x02, 0x1D, 0x4D, 0x1D, 0x15, 0x1D,
  0x33, 0x1E, 0xA8, 0x1E, 0x9B, 0x1F, 0xAB, 0x20, 0x6E, 0x20, 0x9A, 0x21,
  0x37, 0x22, 0xEC, 0x21, 0x37, 0x22, 0x36, 0x22, 0xD0, 0x21, 0xDF, 0x21,
  0xAE, 0x21, 0xE9, 0x21, 0xFC, 0x21, 0xB6, 0x21, 0x94, 0x22, 0x5D, 0x23,
  0x82, 0x23, 0x67, 0x24, 0x7C, 0x24, 0x17, 0x25, 0xF7, 0x24, 0xC7, 0x25,
  0x76, 0x26, 0x5E, 0x26, 0xC1, 0x26, 0x22, 0x27, 0xA6, 0x26, 0x7D, 0x26,
  0x37, 0x26, 0xB7, 0x25, 0x2F, 0x26, 0xDB, 0x26, 0xAD, 0x26, 0x88, 0x26,
  0xF8, 0x26, 0x53, 0x26, 0xF9, 0x25, 0x53, 0x26, 0xD3, 0x25, 0x77, 0x25,
  0xF2, 0x25, 0x36, 0x26, 0xB0, 0x25, 0x99, 0x25, 0x0D, 0x25, 0xE4, 0x24,
  0xEE, 0x23, 0x28, 0x24, 0x3A, 0x23, 0x38, 0x23, 0x5F, 0x23, 0xE4, 0x22,
  0xC3, 0x22, 0x87, 0x22, 0x7D, 0x22, 0x5F, 0x22, 0x2D, 0x21, 0xAE, 0x20,
  0x3D, 0x20, 0x29, 0x20, 0xDD, 0x1E, 0x96, 0x1E, 0x66, 0x1E, 0x25, 0x1E,
  0x38, 0x1E, 0xFA, 0x1C, 0x5D, 0x1C, 0x37, 0x1B, 0xE9, 0x19, 0x9F, 0x18,
  0x0F, 0x18, 0xEA, 0x16, 0x6D, 0x16, 0x38, 0x16, 0x15, 0x16, 0x1D, 0x16,
  0x7A, 0x15, 0xD2, 0x14, 0x99, 0x14, 0x5C, 0x14, 0x03, 0x14, 0x88, 0x13,
  0x45, 0x12, 0x21, 0x12, 0x6B, 0x11, 0xEB, 0x10, 0xA5, 0x0F, 0x83, 0x0E,
  0xC3, 0x0D, 0x6B, 0x0D, 0x34, 0x0D, 0xFE, 0x0C, 0x78, 0x0B, 0x1E, 0x0B,
  0xC6, 0x09, 0x48, 0x09, 0x57, 0x08, 0x3A, 0x07, 0x82, 0x06, 0x0B, 0x05,
  0x6D, 0x03, 0xDE, 0x02, 0x12, 0x02, 0xC4, 0x00, 0x7C, 0x00, 0xAD, 0xFF,
  0x76, 0xFF, 0x85, 0xFE, 0x4E, 0xFD, 0x08, 0xFD, 0x4A, 0xFC, 0x0F, 0xFC,
  0x77, 0xFB, 0xF7, 0xFA, 0x94, 0xFA, 0xAA, 0xF9, 0xAB, 0xF8, 0x36, 0xF7,
  0x05, 0xF6, 0xD1, 0xF5, 0x51, 0xF5, 0xD3, 0xF3, 0x3B, 0xF3, 0xFD, 0xF1,
  0x3D, 0xF1, 0xE2, 0xEF, 0x62, 0xEE, 0x8E, 0xED, 0x11, 0xED, 0xFA, 0xEB,
  0xD2, 0xEA, 0x97, 0xEA, 0x98, 0xE9, 0x50, 0xE8, 0xA1, 0xE7, 0x8E, 0xE7,
  0x81, 0xE7, 0x50, 0xE7, 0xFF, 0xE6, 0xE0, 0xE6, 0xC3, 0xE6, 0xEB, 0xE5,
  0xA3, 0xE5, 0x3D, 0xE5, 0xF8, 0xE3, 0x5C, 0xE3, 0x4B, 0xE3, 0x1E, 0xE2,
  0x4D, 0xE2, 0x97, 0xE1, 0xE4, 0xE0, 0xE3, 0xDF, 0x93, 0xDF, 0x84, 0xDF,
  0x37, 0xDF, 0x51, 0xDF, 0x4B, 0xDF, 0xD6, 0xDE, 0x29, 0xDE, 0xA4, 0xDD,
  0xCD, 0xDC, 0xF4, 0xDC, 0x47, 0xDD, 0x92, 0xDD, 0xEA, 0xDD, 0x36, 0xDE,
  0xB1, 0xDD, 0x63, 0xDD, 0x75, 0xDC, 0xA8, 0xDB, 0xD7, 0xDA, 0xD6, 0xDA,
  0xAD, 0xDA, 0x89, 0xDA, 0xEF, 0xDA, 0x2D, 0xDB, 0xA9, 0xDA, 0x07, 0xDB,
  0x05, 0xDB, 0x64, 0xDB, 0x4C, 0xDB, 0xC2, 0xDB, 0x69, 0xDC, 0x13, 0xDD,
  0x0B, 0xDD, 0x78, 0xDD, 0xA1, 0xDD, 0x28, 0xDD, 0xCA, 0xDD, 0xE7, 0xDD,
  0x9B, 0xDE, 0x48, 0xDE, 0xFE, 0xDD, 0x6E, 0xDD, 0x15, 0xDE, 0x04, 0xDE,
  0xF9, 0xDD, 0xA5, 0xDD, 0x26, 0xDE, 0x1D, 0xDE, 0xE5, 0xDE, 0x90, 0xDE,
  0x31, 0xDE, 0x70, 0xDE, 0xAF, 0xDE, 0x23, 0xDF, 0x6D, 0xDF, 0x74, 0xDF,
  0x4A, 0xDF, 0x0D, 0xE0, 0x42, 0xE0, 0xE9, 0xE0, 0xF4, 0xE1, 0x6B, 0xE2,
  0x52, 0xE3, 0x76, 0xE4, 0xAF, 0xE4, 0x21, 0xE5, 0x52, 0xE6, 0xEC, 0xE6,
  0xCC, 0xE7, 0x2E, 0xE8, 0x59, 0xE9, 0xE4, 0xE9, 0x16, 0xEB, 0x0B, 0xEB,
  0xDA, 0xEB, 0x8D, 0xEC, 0xA1, 0xEC, 0x62, 0xED, 0x84, 0xEE, 0x94, 0xEF,
  0x44, 0xF0, 0xBA, 0xF0, 0x07, 0xF2, 0xA2, 0xF2, 0xE2, 0xF2, 0x97, 0xF3,
  0xED, 0xF4, 0x00, 0xF6, 0xF4, 0xF6, 0x61, 0xF8, 0xBB, 0xF9, 0x1F, 0xFA,
  0xF2, 0xFA, 0x4D, 0xFB, 0xA9, 0xFC, 0x3B, 0xFD, 0x90, 0xFE, 0xE6, 0xFE,
  0x1E, 0x00, 0x31, 0x00, 0x1E, 0x01, 0x17, 0x02, 0x86, 0x03, 0x6A, 0x04,
  0xB3, 0x04, 0x9C, 0x05, 0xA8, 0x05, 0xB8, 0x06, 0x2B, 0x07, 0x67, 0x08,
  0xA1, 0x09, 0xD2, 0x09, 0x39, 0x0A, 0xA0, 0x0A, 0x62, 0x0B, 0x8F, 0x0C,
  0x28, 0x0D, 0x2D, 0x0D, 0x07, 0x0E, 0x26, 0x0E, 0xEF, 0x0E, 0xF6, 0x0F,
  0xF2, 0x0F, 0xE8, 0x0F, 0xC1, 0x10, 0x77, 0x11, 0xEC, 0x12, 0x8D, 0x13,
  0x34, 0x14, 0x9F, 0x14, 0xF7, 0x15, 0x74, 0x16, 0x5E, 0x17, 0xA2, 0x17,
  0xED, 0x18, 0xE1, 0x19, 0xCD, 0x1A, 0xD1, 0x1A, 0xBA, 0x1B, 0x8B, 0x1C,
  0x2E, 0x1D, 0x64, 0x1D, 0x5B, 0x1E, 0x6D, 0x1F, 0x46, 0x1F, 0xC2, 0x1F,
  0x7C, 0x20, 0x3A, 0x21, 0x4A, 0x22, 0x19, 0x22, 0x47, 0x22, 0x12, 0x22,
  0xF8, 0x22, 0xB6, 0x23, 0x70, 0x24, 0x1B, 0x25, 0xF6, 0x24, 0x9C, 0x25,
  0x40, 0x26, 0xE2, 0x25, 0x44, 0x26, 0x17, 0x27, 0x4B, 0x27, 0x4A, 0x27,
  0x59, 0x27, 0x13, 0x27, 0x99, 0x26, 0xA0, 0x26, 0x2B, 0x27, 0x0D, 0x27,
  0x8E, 0x26, 0x2B, 0x27, 0xAA, 0x26, 0x3F, 0x27, 0xC1, 0x27, 0x09, 0x27,
  0x11, 0x27, 0xD8, 0x26, 0x33, 0x26, 0xCF, 0x26, 0x2F, 0x27, 0x95, 0x26,
  0x3A, 0x26, 0xD9, 0x25, 0x83, 0x25, 0x24, 0x26, 0x7D, 0x25, 0xCB, 0x24,
  0xEB, 0x24, 0xEA, 0x24, 0x9A, 0x24, 0x26, 0x24, 0x51, 0x23, 0xA2, 0x22,
  0xB6, 0x21, 0x16, 0x22, 0x37, 0x21, 0x9D, 0x20, 0xDE, 0x1F, 0x6D, 0x1F,
  0xD4, 0x1F, 0xE0, 0x1F, 0x46, 0x20, 0x61, 0x20, 0x8F, 0x20, 0xCA, 0x1F,
  0xE1, 0x1E, 0xA1, 0x1E, 0x8A, 0x1D, 0xCF, 0x1C, 0xB7, 0x1B, 0xD2, 0x1B,
  0x1F, 0x1C, 0x48, 0x1B, 0xA4, 0x1A, 0x5C, 0x1A, 0xBF, 0x19, 0xC4, 0x19,
  0xF2, 0x19, 0x0E, 0x19, 0x65, 0x18, 0x12, 0x17, 0x4A, 0x16, 0x48, 0x15,
  0x1F, 0x15, 0xE2, 0x14, 0x6B, 0x14, 0xE5, 0x13, 0x11, 0x13, 0x15, 0x13,
  0x3D, 0x12, 0xA9, 0x11, 0x91, 0x11, 0x76, 0x11, 0x02, 0x11, 0xF3, 0x10,
  0xE0, 0x10, 0x82, 0x10, 0x2F, 0x10, 0x05, 0x0F, 0xA4, 0x0E, 0xF6, 0x0D,
  0x23, 0x0D, 0xA8, 0x0C, 0x25, 0x0B, 0xB9, 0x0A, 0x65, 0x09, 0x13, 0x09,
  0x74, 0x07, 0xFD, 0x05, 0x7D, 0x04, 0xD5, 0x03, 0xEB, 0x02, 0x36, 0x02,
  0xC7, 0x00, 0xA9, 0x00, 0x14, 0xFF, 0x00, 0xFF, 0x09, 0xFE, 0xF0, 0xFC,
  0x4F, 0xFC, 0xD2, 0xFB, 0x40, 0xFB, 0x61, 0xFA, 0xF8, 0xF9, 0x7A, 0xF8,
  0x62, 0xF8, 0x6A, 0xF7, 0xC8, 0xF6, 0xF5, 0xF5, 0x8F, 0xF4, 0x7A, 0xF4,
  0x81, 0xF3, 0x8D, 0xF2, 0x69, 0xF1, 0xC3, 0xF0, 0x8E, 0xEF, 0x92, 0xEE,
  0x2A, 0xED, 0x05, 0xEC, 0xD9, 0xEA, 0xB2, 0xEA, 0x44, 0xEA, 0x21, 0xEA,
  0xC6, 0xE8, 0x11, 0xE8, 0x94, 0xE7, 0x45, 0xE6, 0x0B, 0xE5, 0x22, 0xE4,
  0x3A, 0xE3, 0xEA, 0xE2, 0x29, 0xE2, 0x56, 0xE2, 0xFF, 0xE1, 0xCB, 0xE1,
  0x75, 0xE1, 0x79, 0xE1, 0x11, 0xE1, 0x13, 0xE1, 0x24, 0xE0, 0x45, 0xE0,
  0x44, 0xE0, 0x2A, 0xE0, 0x4D, 0xDF, 0xD4, 0xDE, 0xEC, 0xDE, 0xFC, 0xDE,
  0x08, 0xDF, 0xE0, 0xDE, 0xA3, 0xDE, 0x32, 0xDE, 0x3D, 0xDD, 0xBD, 0xDC,
  0x72, 0xDC, 0x96, 0xDB, 0x43, 0xDB, 0x77, 0xDB, 0x38, 0xDB, 0x0B, 0xDB,
  0x96, 0xDA, 0xFE, 0xDA, 0x04, 0xDB, 0x7F, 0xDA, 0x1B, 0xDA, 0xAA, 0xD9,
  0x55, 0xD9, 0xB8, 0xD8, 0xB5, 0xD8, 0x98, 0xD8, 0x9B, 0xD8, 0x01, 0xD9,
  0x63, 0xD9, 0xE5, 0xD8, 0xB6, 0xD8, 0x37, 0xD8, 0x3D, 0xD8, 0x7C, 0xD8,
  0xD3, 0xD8, 0x88, 0xD9, 0x4E, 0xDA, 0xB9, 0xD9, 0xF7, 0xD9, 0x4D, 0xDA,
  0x54, 0xDA, 0x48, 0xDB, 0xCB, 0xDA, 0x44, 0xDB, 0xFD, 0xDB, 0xF6, 0xDC,
  0x96, 0xDD, 0xA1, 0xDD, 0xC7, 0xDD, 0x34, 0xDE, 0x27, 0xDE, 0xC2, 0xDE,
  0x8E, 0xDF, 0x7F, 0xDF, 0xEB, 0xDF, 0x03, 0xE0, 0x76, 0xE0, 0x20, 0xE1,
  0x1D, 0xE1, 0x0F, 0xE2, 0x11, 0xE2, 0x51, 0xE2, 0x20, 0xE3, 0x54, 0xE3,
  0xAA, 0xE3, 0xCA, 0xE3, 0x8F, 0xE4, 0x25, 0xE5, 0x55, 0xE6, 0x42, 0xE7,
  0x32, 0xE7, 0x3A, 0xE7, 0x8A, 0xE8, 0x98, 0xE9, 0xA3, 0xEA, 0xC4, 0xEA,
  0xBF, 0xEA, 0xD1, 0xEA, 0xEE, 0xEA, 0x0B, 0xEB, 0x54, 0xEB, 0xB6, 0xEC,
  0x14, 0xED, 0x59, 0xEE, 0xC1, 0xEE, 0x10, 0xEF, 0x62, 0xF0, 0x99, 0xF1,
  0x01, 0xF2, 0xC9, 0xF2, 0xD7, 0xF3, 0xF0, 0xF4, 0x2D, 0xF5, 0x3B, 0xF6,
  0x74, 0xF7, 0x80, 0xF8, 0xC2, 0xF9, 0xC6, 0xFA, 0x12, 0xFB, 0x9B, 0xFB,
  0x8A, 0xFC, 0xB6, 0xFD, 0x7E, 0xFE, 0xF4, 0xFE, 0xC9, 0xFF, 0x54, 0x00,
  0x96, 0x00, 0x80, 0x01, 0x74, 0x02, 0x37, 0x03, 0x6C, 0x04, 0xCF, 0x05,
  0x09, 0x07, 0xE8, 0x07, 0x30, 0x08, 0x6A, 0x08, 0xF4, 0x08, 0x09, 0x0A,
  0x68, 0x0A, 0x8B, 0x0A, 0xB5, 0x0B, 0xB8, 0x0C, 0xFB, 0x0D, 0x86, 0x0E,
  0xE4, 0x0E, 0xD7, 0x0F, 0x2A, 0x10, 0xAF, 0x10, 0xA8, 0x10, 0x47, 0x11,
  0x69, 0x12, 0x54, 0x13, 0x16, 0x14, 0x71, 0x14, 0x7D, 0x14, 0x45, 0x15,
  0xC6, 0x15, 0x85, 0x16, 0x15, 0x17, 0x5E, 0x18, 0x11, 0x19, 0x3D, 0x1A,
  0xE6, 0x1A, 0xC7, 0x1B, 0x05, 0x1D, 0xCF, 0x1C, 0x75, 0x1D, 0xF2, 0x1D,
  0x57, 0x1E, 0x6A, 0x1E, 0x59, 0x1E, 0x3E, 0x1F, 0x05, 0x20, 0xBA, 0x20,
  0xC9, 0x21, 0x43, 0x22, 0xEF, 0x21, 0x01, 0x23, 0x10, 0x23, 0x6A, 0x23,
  0x00, 0x24, 0xE1, 0x24, 0x2B, 0x25, 0x9D, 0x25, 0xB4, 0x25, 0x6F, 0x26,
  0x22, 0x27, 0x28, 0x27, 0x39, 0x27, 0x6D, 0x27, 0xC2, 0x27, 0x1C, 0x27,
  0x9E, 0x27, 0x1A, 0x27, 0x6C, 0x27, 0x01, 0x28, 0x25, 0x28, 0x1C, 0x28,
  0xA8, 0x28, 0x40, 0x28, 0xDD, 0x27, 0x1C, 0x27, 0x59, 0x26, 0x38, 0x26,
  0xA9, 0x25, 0x5D, 0x26, 0x47, 0x26, 0x40, 0x26, 0x44, 0x26, 0x50, 0x26,
  0xDA, 0x25, 0x25, 0x26, 0x5C, 0x26, 0x10, 0x26, 0x1E, 0x25, 0x2D, 0x25,
  0x54, 0x24, 0xC2, 0x24, 0xDE, 0x24, 0x71, 0x24, 0xD6, 0x24, 0x9F, 0x24,
  0xC9, 0x24, 0xC1, 0x23, 0xF9, 0x22, 0xE5, 0x21, 0x29, 0x21, 0x6A, 0x21,
  0x42, 0x21, 0x18, 0x21, 0xEC, 0x20, 0xCD, 0x1F, 0xB1, 0x1F, 0xBA, 0x1F,
  0x6B, 0x1F, 0xD4, 0x1E, 0x3D, 0x1E, 0xDD, 0x1D, 0xAA, 0x1D, 0xB4, 0x1D,
  0x96, 0x1C, 0x28, 0x1C, 0xE3, 0x1A, 0xA8, 0x19, 0xF8, 0x18, 0x3E, 0x18,
  0x86, 0x17, 0x2A, 0x17, 0xE2, 0x15, 0x0E, 0x15, 0xDF, 0x14, 0xB8, 0x13,
  0x77, 0x13, 0xFE, 0x12, 0xC3, 0x11, 0x7E, 0x10, 0x47, 0x0F, 0xEE, 0x0E,
  0x95, 0x0E, 0x88, 0x0D, 0x83, 0x0C, 0x16, 0x0C, 0xC6, 0x0A, 0xB9, 0x0A,
  0x62, 0x0A, 0x54, 0x09, 0xDE, 0x08, 0x34, 0x08, 0x9A, 0x07, 0x60, 0x07,
  0x00, 0x06, 0xDF, 0x05, 0x1E, 0x05, 0x7B, 0x04, 0xCE, 0x03, 0x22, 0x03,
  0xAF, 0x02, 0x86, 0x01, 0x51, 0x00, 0xAF, 0xFF, 0x03, 0xFF, 0x93, 0xFD,
  0x47, 0xFD, 0x3C, 0xFC, 0x33, 0xFB, 0x26, 0xFA, 0x37, 0xF9, 0x34, 0xF9,
  0xBF, 0xF7, 0x90, 0xF7, 0x2E, 0xF7, 0x6C, 0xF6, 0x66, 0xF5, 0x9E, 0xF4,
  0x38, 0xF3, 0x46, 0xF3, 0xE6, 0xF2, 0x41, 0xF2, 0xC1, 0xF1, 0x93, 0xF1,
  0x44, 0xF1, 0xBF, 0xF0, 0x87, 0xEF, 0x2A, 0xEE, 0x4F, 0xED, 0xA4, 0xEC,
  0xCB, 0xEB, 0xE3, 0xEB, 0xFF, 0xEB, 0x07, 0xEC, 0x18, 0xEB, 0xB3, 0xEA,
  0x79, 0xEA, 0x95, 0xE9, 0x36, 0xE8, 0x17, 0xE8, 0xF7, 0xE7, 0x40, 0xE7,
  0x77, 0xE6, 0x31, 0xE5, 0x44, 0xE5, 0x3E, 0xE5, 0x5A, 0xE4, 0xAC, 0xE3,
  0xE2, 0xE2, 0xA7, 0xE1, 0xD8, 0xE1, 0xF3, 0xE1, 0x77, 0xE1, 0x8E, 0xE1,
  0x75, 0xE0, 0x4B, 0xDF, 0x0B, 0xDF, 0x00, 0xDE, 0x8B, 0xDD, 0x83, 0xDC,
  0xDB, 0xDC, 0x38, 0xDD, 0x7E, 0xDC, 0xA4, 0xDB, 0x42, 0xDB, 0xF4, 0xDA,
  0x58, 0xDB, 0x97, 0xDA, 0x7B, 0xDA, 0x7E, 0xDA, 0x1B, 0xDA, 0x3E, 0xD9,
  0xB7, 0xD8, 0xE7, 0xD8, 0xE7, 0xD8, 0x3E, 0xD8, 0xED, 0xD7, 0x75, 0xD8,
  0x29, 0xD9, 0x60, 0xD8, 0x45, 0xD8, 0xA0, 0xD7, 0x3F, 0xD7, 0x93, 0xD7,
  0x7F, 0xD7, 0x4A, 0xD7, 0x8F, 0xD7, 0x81, 0xD7, 0xF5, 0xD7, 0xA0, 0xD7,
  0xA5, 0xD7, 0xD8, 0xD7, 0x2A, 0xD8, 0xB5, 0xD7, 0x85, 0xD7, 0xC5, 0xD7,
  0xBA, 0xD8, 0xC4, 0xD9, 0xB9, 0xD9, 0x25, 0xDA, 0xFC, 0xD9, 0xB2, 0xDA,
  0x4E, 0xDB, 0xE7, 0xDB, 0xE7, 0xDB, 0x9C, 0xDC, 0x63, 0xDC, 0xA3, 0xDC,
  0x51, 0xDD, 0xB7, 0xDD, 0x3B, 0xDE, 0x4F, 0xDF, 0x4D, 0xDF, 0x25, 0xE0,
  0x17, 0xE1, 0xD9, 0xE0, 0x65, 0xE1, 0xF0, 0xE1, 0x2E, 0xE3, 0x9D, 0xE3,
  0x55, 0xE4, 0x05, 0xE5, 0x59, 0xE5, 0x3A, 0xE5, 0xB5, 0xE5, 0x13, 0xE6,
  0x68, 0xE6, 0xF5, 0xE6, 0xD1, 0xE7, 0x67, 0xE8, 0x9D, 0xE8, 0x67, 0xE9,
  0xC0, 0xEA, 0xA9, 0xEA, 0x7D, 0xEB, 0x87, 0xEC, 0xBA, 0xED, 0xF9, 0xED,
  0x04, 0xEE, 0x6A, 0xEE, 0xAA, 0xEE, 0xDA, 0xEE, 0xFA, 0xEF, 0x35, 0xF1,
  0xC3, 0xF1, 0x6A, 0xF2, 0x73, 0xF3, 0x02, 0xF4, 0x33, 0xF4, 0xE1, 0xF4,
  0x0E, 0xF5, 0x18, 0xF6, 0xEB, 0xF6, 0x10, 0xF7, 0x4E, 0xF7, 0x28, 0xF8,
  0x61, 0xF8, 0xE6, 0xF8, 0x15, 0xFA, 0x11, 0xFB, 0x98, 0xFC, 0xFF, 0xFC,
  0x68, 0xFE, 0x9A, 0xFF, 0x71, 0x00, 0xC1, 0x01, 0xEE, 0x01, 0xAD, 0x02,
  0xDE, 0x02, 0x45, 0x03, 0x39, 0x04, 0x60, 0x04, 0x56, 0x05, 0xB5, 0x06,
  0x2D, 0x07, 0xA5, 0x08, 0x26, 0x09, 0x37, 0x09, 0xE3, 0x09, 0xAC, 0x0A,
  0xFC, 0x0B, 0x3F, 0x0C, 0xFC, 0x0C, 0x3E, 0x0D, 0x3C, 0x0E, 0x0C, 0x0F,
  0x97, 0x0F, 0xBC, 0x10, 0x07, 0x12, 0x3A, 0x13, 0xA0, 0x13, 0x2E, 0x14,
  0x7D, 0x14, 0x6D, 0x14, 0x83, 0x15, 0x91, 0x16, 0x58, 0x17, 0x57, 0x17,
  0x0A, 0x18, 0x3E, 0x18, 0xB2, 0x18, 0xD2, 0x18, 0xE1, 0x19, 0x8A, 0x1A,
  0xC0, 0x1B, 0x1A, 0x1C, 0x46, 0x1D, 0x55, 0x1D, 0x40, 0x1D, 0xE8, 0x1D,
  0xAB, 0x1E, 0xA2, 0x1F, 0x71, 0x1F, 0x36, 0x20, 0x3A, 0x21, 0x0A, 0x22,
  0x1B, 0x22, 0x35, 0x22, 0x10, 0x22, 0xBB, 0x22, 0x7E, 0x22, 0x20, 0x23,
  0x70, 0x23, 0x5C, 0x24, 0xFF, 0x24, 0x73, 0x25, 0x33, 0x25, 0x8D, 0x25,
  0x6C, 0x25, 0x1C, 0x26, 0x93, 0x25, 0x2D, 0x26, 0xEE, 0x25, 0xA9, 0x26,
  0x59, 0x26, 0x0F, 0x26, 0x90, 0x25, 0xFA, 0x24, 0x81, 0x24, 0x06, 0x24,
  0x75, 0x24, 0x46, 0x25, 0xCB, 0x25, 0xB0, 0x25, 0xE8, 0x25, 0x9C, 0x25,
  0x0E, 0x25, 0x90, 0x24, 0xDF, 0x24, 0x37, 0x24, 0xFD, 0x23, 0x78, 0x24,
  0xC7, 0x23, 0x88, 0x23, 0x64, 0x23, 0xBE, 0x22, 0xDE, 0x22, 0x2F, 0x22,
  0xBC, 0x22, 0x53, 0x22, 0x7D, 0x22, 0xD7, 0x22, 0x7E, 0x22, 0xBF, 0x21,
  0xBE, 0x20, 0xA4, 0x20, 0x37, 0x20, 0x41, 0x1F, 0xBF, 0x1E, 0x28, 0x1F,
  0x5A, 0x1E, 0xAF, 0x1E, 0xF8, 0x1D, 0x40, 0x1E, 0xD2, 0x1D, 0x4A, 0x1D,
  0x4C, 0x1C, 0x84, 0x1C, 0x46, 0x1C, 0x15, 0x1C, 0x12, 0x1C, 0x24, 0x1B,
  0xA3, 0x1A, 0x9D, 0x19, 0x6A, 0x19, 0x57, 0x19, 0x4A, 0x18, 0xF0, 0x16,
  0xC7, 0x16, 0xA0, 0x15, 0xFB, 0x14, 0x1F, 0x14, 0x22, 0x14, 0xEA, 0x12,
  0xFC, 0x11, 0x44, 0x11, 0xC7, 0x10, 0xFE, 0x0F, 0xE7, 0x0F, 0x02, 0x0F,
  0x2E, 0x0E, 0xDF, 0x0D, 0x59, 0x0D, 0xE6, 0x0C, 0x3A, 0x0C, 0xCC, 0x0A,
  0x7B, 0x0A, 0x84, 0x0A, 0x7B, 0x0A, 0xDD, 0x09, 0x89, 0x09, 0x2A, 0x09,
  0x90, 0x08, 0x72, 0x07, 0x15, 0x07, 0x1F, 0x06, 0xFB, 0x05, 0x4E, 0x05,
  0x08, 0x05, 0x19, 0x04, 0x75, 0x03, 0x32, 0x02, 0xD5, 0x01, 0x5D, 0x00,
  0x4E, 0xFF, 0x2C, 0xFE, 0x78, 0xFD, 0x23, 0xFC, 0xC7, 0xFA, 0x33, 0xFA,
  0x16, 0xF9, 0xD6, 0xF8, 0x41, 0xF8, 0x15, 0xF7, 0xFC, 0xF5, 0x94, 0xF5,
  0xE0, 0xF4, 0x85, 0xF4, 0x16, 0xF3, 0x5F, 0xF2, 0x84, 0xF1, 0x87, 0xF0,
  0x32, 0xF0, 0x2F, 0xF0, 0xCE, 0xEE, 0x3F, 0xEE, 0x30, 0xEE, 0xD6, 0xED,
  0x73, 0xEC, 0x44, 0xEB, 0x57, 0xEB, 0x02, 0xEB, 0x91, 0xEA, 0xBE, 0xE9,
  0x1B, 0xE9, 0xAD, 0xE8, 0x81, 0xE7, 0x6B, 0xE7, 0x17, 0xE7, 0x5B, 0xE6,
  0xC4, 0xE5, 0x88, 0xE4, 0x6C, 0xE4, 0xA7, 0xE4, 0x72, 0xE4, 0x64, 0xE4,
  0xCC, 0xE3, 0xC8, 0xE3, 0xD4, 0xE2, 0x75, 0xE2, 0x7E, 0xE1, 0x6D, 0xE1,
  0x2C, 0xE1, 0x0D, 0xE1, 0x2D, 0xE1, 0x1A, 0xE1, 0x4D, 0xE1, 0x1A, 0xE1,
  0x63, 0xE1, 0xD5, 0xE0, 0xC1, 0xDF, 0x5D, 0xDF, 0x18, 0xDF, 0x34, 0xDE,
  0xD6, 0xDD, 0xDE, 0xDC, 0xE4, 0xDB, 0xFC, 0xDB, 0x58, 0xDC, 0x73, 0xDB,
  0xAA, 0xDA, 0x60, 0xDA, 0x52, 0xDA, 0xEB, 0xD9, 0x77, 0xD9, 0x8B, 0xD9,
  0x03, 0xDA, 0x58, 0xDA, 0x71, 0xDA, 0xE2, 0xDA, 0xF3, 0xDA, 0x96, 0xDB,
  0xBA, 0xDB, 0x0A, 0xDB, 0x06, 0xDB, 0x37, 0xDB, 0xD2, 0xDB, 0x70, 0xDB,
  0x35, 0xDC, 0x96, 0xDB, 0x02, 0xDB, 0xDE, 0xDA, 0x5C, 0xDA, 0xAD, 0xDA,
  0xAE, 0xDA, 0xAF, 0xDA, 0xA8, 0xDA, 0xBC, 0xDA, 0xDD, 0xDA, 0xF1, 0xDA,
  0xE9, 0xDB, 0x50, 0xDC, 0xEF, 0xDC, 0xF7, 0xDD, 0xF6, 0xDD, 0xC8, 0xDD,
  0x62, 0xDD, 0x56, 0xDE, 0x6A, 0xDF, 0x73, 0xE0, 0xCC, 0xE0, 0x17, 0xE1,
  0x33, 0xE1, 0x0D, 0xE2, 0xB5, 0xE2, 0x60, 0xE3, 0xDF, 0xE3, 0xC8, 0xE3,
  0xBE, 0xE3, 0xE3, 0xE3, 0xD8, 0xE4, 0x70, 0xE5, 0xE0, 0xE5, 0x75, 0xE6,
  0x81, 0xE6, 0xAF, 0xE6, 0xC6, 0xE6, 0xD1, 0xE7, 0xF8, 0xE7, 0xEF, 0xE8,
  0xD3, 0xE8, 0xFC, 0xE8, 0xC0, 0xE9, 0xD6, 0xEA, 0x3B, 0xEB, 0xB3, 0xEB,
  0x55, 0xEC, 0x8A, 0xEC, 0x1F, 0xED, 0x6C, 0xED, 0xC9, 0xEE, 0x35, 0xEF,
  0x66, 0xF0, 0x3B, 0xF1, 0x4C, 0xF1, 0x82, 0xF1, 0xE1, 0xF1, 0x91, 0xF2,
  0x09, 0xF4, 0xAE, 0xF4, 0x09, 0xF5, 0x1D, 0xF5, 0x0D, 0xF6, 0x51, 0xF6,
  0xA0, 0xF7, 0xC0, 0xF7, 0x16, 0xF8, 0x4E, 0xF8, 0xD7, 0xF9, 0xF8, 0xFA,
  0x5C, 0xFC, 0x5C, 0xFD, 0xA7, 0xFE, 0x6A, 0xFF, 0x72, 0x00, 0xF0, 0x00,
  0x49, 0x01, 0x98, 0x01, 0x0E, 0x02, 0xA6, 0x02, 0xF6, 0x02, 0x90, 0x03,
  0xF5, 0x04, 0x3B, 0x06, 0x7B, 0x06, 0xFF, 0x06, 0x86, 0x08, 0xEF, 0x08,
  0x4B, 0x0A, 0x6F, 0x0B, 0x8D, 0x0B, 0xF8, 0x0B, 0x70, 0x0D, 0xCB, 0x0E,
  0x13, 0x10, 0xE7, 0x10, 0xFF, 0x11, 0x0F, 0x13, 0x59, 0x14, 0x50, 0x14,
  0x16, 0x15, 0x5F, 0x15, 0x24, 0x16, 0x2C, 0x16, 0xA4, 0x16, 0xB9, 0x16,
  0xEF, 0x16, 0xE1, 0x16, 0x0D, 0x18, 0x46, 0x19, 0x50, 0x1A, 0x27, 0x1B,
  0xEA, 0x1A, 0x94, 0x1B, 0x00, 0x1C, 0x3C, 0x1C, 0xB4, 0x1C, 0x97, 0x1C,
  0x69, 0x1D, 0x13, 0x1E, 0x06, 0x1F, 0xFF, 0x1F, 0x1C, 0x20, 0x16, 0x20,
  0x32, 0x21, 0xAA, 0x21, 0xBA, 0x21, 0x0B, 0x22, 0x79, 0x22, 0x1E, 0x23,
  0xAF, 0x23, 0xC2, 0x23, 0x36, 0x24, 0x5B, 0x24, 0x3A, 0x25, 0xD2, 0x24,
  0x22, 0x25, 0x79, 0x25, 0x19, 0x25, 0xC1, 0x24, 0x87, 0x25, 0xCE, 0x25,
  0x7B, 0x26, 0xEF, 0x26, 0x65, 0x27, 0xA2, 0x27, 0x15, 0x27, 0x46, 0x27,
  0x45, 0x27, 0x9D, 0x26, 0x9D, 0x26, 0x0E, 0x26, 0x6B, 0x26, 0xBD, 0x26,
  0x0C, 0x27, 0xEE, 0x26, 0x73, 0x26, 0x59, 0x26, 0xB4, 0x26, 0xFC, 0x25,
  0xF3, 0x25, 0x73, 0x26, 0x9E, 0x26, 0x3B, 0x26, 0x17, 0x26, 0x79, 0x26,
  0xAF, 0x26, 0x20, 0x26, 0x7F, 0x25, 0xFC, 0x24, 0x0B, 0x24, 0xD3, 0x23,
  0x57, 0x23, 0x10, 0x23, 0x47, 0x22, 0x5E, 0x21, 0x8F, 0x21, 0x59, 0x21,
  0xE9, 0x20, 0xC0, 0x20, 0x09, 0x21, 0x2F, 0x20, 0x23, 0x1F, 0x67, 0x1F,
  0xF7, 0x1E, 0xD4, 0x1E, 0xCA, 0x1D, 0xDA, 0x1C, 0x09, 0x1D, 0xB7, 0x1C,
  0xFB, 0x1C, 0xD7, 0x1B, 0xF8, 0x1B, 0x83, 0x1B, 0x41, 0x1A, 0xA1, 0x19,
  0x95, 0x19, 0x57, 0x19, 0x51, 0x19, 0xEF, 0x18, 0x13, 0x18, 0x76, 0x17,
  0x01, 0x17, 0x21, 0x16, 0xC3, 0x15, 0x74, 0x14, 0x10, 0x13, 0x8B, 0x12,
  0xAA, 0x12, 0xE8, 0x11, 0xFA, 0x10, 0xB6, 0x10, 0xCB, 0x0F, 0x89, 0x0F,
  0xE7, 0x0E, 0x8B, 0x0D, 0x96, 0x0C, 0x95, 0x0C, 0x8F, 0x0B, 0x92, 0x0B,
  0x92, 0x0B, 0x3F, 0x0A, 0x89, 0x09, 0x35, 0x09, 0x14, 0x09, 0x91, 0x07,
  0x16, 0x06, 0xF4, 0x05, 0xCE, 0x05, 0x13, 0x05, 0x82, 0x04, 0x5F, 0x03,
  0x1F, 0x02, 0x65, 0x01, 0xF5, 0xFF, 0x57, 0xFF, 0x27, 0xFF, 0xC2, 0xFD,
  0x2A, 0xFD, 0xFB, 0xFB, 0x92, 0xFB, 0x88, 0xFB, 0x87, 0xFA, 0x45, 0xFA,
  0xFF, 0xF9, 0x7F, 0xF8, 0x2E, 0xF7, 0xED, 0xF5, 0xF8, 0xF4, 0xA7, 0xF3,
  0x95, 0xF2, 0x00, 0xF2, 0xE3, 0xF1, 0xE7, 0xF0, 0x84, 0xF0, 0x89, 0xEF,
  0x85, 0xEE, 0x92, 0xEE, 0xAC, 0xEE, 0x76, 0xED, 0x81, 0xEC, 0x74, 0xEC,
  0x84, 0xEC, 0x32, 0xEC, 0x6E, 0xEB, 0x76, 0xEA, 0x4F, 0xEA, 0x58, 0xE9,
  0xBD, 0xE8, 0x74, 0xE7, 0x60, 0xE7, 0x5C, 0xE6, 0x60, 0xE6, 0x3F, 0xE6,
  0xF4, 0xE5, 0xD1, 0xE4, 0x91, 0xE3, 0x74, 0xE3, 0xF6, 0xE2, 0x92, 0xE2,
  0x89, 0xE2, 0xE8, 0xE1, 0xF4, 0xE1, 0x8A, 0xE1, 0x7A, 0xE0, 0x0E, 0xE0,
  0xB1, 0xDF, 0xBE, 0xDE, 0x7E, 0xDE, 0xDE, 0xDD, 0x8D, 0xDD, 0x6D, 0xDD,
  0x47, 0xDD, 0x56, 0xDC, 0x9A, 0xDC, 0xFD, 0xDB, 0x2B, 0xDB, 0x7E, 0xDB,
  0xF1, 0xDB, 0x6C, 0xDC, 0x96, 0xDB, 0xC5, 0xDB, 0x03, 0xDC, 0x86, 0xDC,
  0x98, 0xDB, 0x37, 0xDB, 0x24, 0xDB, 0x9A, 0xDA, 0x01, 0xDB, 0x90, 0xDA,
  0xB7, 0xDA, 0xA1, 0xDA, 0x2C, 0xDA, 0xD6, 0xDA, 0xCB, 0xDA, 0x52, 0xDA,
  0x9B, 0xD9, 0x48, 0xD9, 0xEC, 0xD8, 0x9D, 0xD9, 0xE8, 0xD9, 0x10, 0xDA,
  0x9F, 0xDA, 0xBF, 0xDA, 0x85, 0xDB, 0xDB, 0xDA, 0x4F, 0xDB, 0xE2, 0xDB,
  0x3E, 0xDC, 0x29, 0xDC, 0xFC, 0xDB, 0x1B, 0xDC, 0xFD, 0xDB, 0x57, 0xDC,
  0x19, 0xDD, 0x68, 0xDD, 0x2C, 0xDE, 0x34, 0xDE, 0x21, 0xDE, 0xAE, 0xDD,
  0x95, 0xDD, 0xFD, 0xDD, 0xD8, 0xDD, 0xB0, 0xDE, 0xD1, 0xDE, 0xDA, 0xDE,
  0xFC, 0xDF, 0xF9, 0xDF, 0xD7, 0xE0, 0x42, 0xE1, 0x21, 0xE1, 0x30, 0xE1,
  0x07, 0xE1, 0xDD, 0xE0, 0x37, 0xE1, 0x4F, 0xE2, 0x1F, 0xE3, 0x31, 0xE4,
  0xFB, 0xE4, 0x79, 0xE5, 0xC1, 0xE5, 0x42, 0xE6, 0x58, 0xE6, 0x53, 0xE7,
  0xE6, 0xE7, 0x48, 0xE8, 0x55, 0xE9, 0x72, 0xE9, 0xEA, 0xE9, 0x89, 0xEA,
  0xBE, 0xEA, 0x1E, 0xEC, 0xC6, 0xEC, 0xDF, 0xEC, 0x15, 0xEE, 0x88, 0xEE,
  0xB7, 0xEF, 0xDE, 0xEF, 0x9F, 0xF0, 0x27, 0xF1, 0x01, 0xF2, 0x95, 0xF2,
  0xB4, 0xF2, 0x30, 0xF4, 0x50, 0xF4, 0xCE, 0xF5, 0xAA, 0xF6, 0x3B, 0xF7,
  0x3F, 0xF8, 0x86, 0xF8, 0x35, 0xF9, 0x7F, 0xF9, 0xE6, 0xFA, 0x3C, 0xFB,
  0x78, 0xFB, 0x9F, 0xFC, 0x1F, 0xFE, 0xD4, 0xFE, 0x37, 0x00, 0x7B, 0x01,
  0x51, 0x02, 0x01, 0x03, 0x25, 0x03, 0xB0, 0x03, 0x1B, 0x04, 0x17, 0x04,
  0x55, 0x04, 0x5C, 0x05, 0x3F, 0x06, 0x92, 0x06, 0x89, 0x07, 0x30, 0x08,
  0x58, 0x08, 0x78, 0x09, 0xDB, 0x09, 0x43, 0x0B, 0x0C, 0x0C, 0x60, 0x0C,
  0x76, 0x0D, 0x70, 0x0D, 0x6C, 0x0D, 0x6E, 0x0D, 0x88, 0x0D, 0xB9, 0x0E,
  0xFD, 0x0F, 0xF0, 0x10, 0x58, 0x12, 0xD7, 0x12, 0xE5, 0x13, 0xC5, 0x14,
  0x4A, 0x15, 0x9E, 0x15, 0xB9, 0x15, 0x0A, 0x16, 0x72, 0x16, 0xF8, 0x16,
  0xF1, 0x17, 0xA4, 0x18, 0x99, 0x19, 0xA9, 0x1A, 0x3E, 0x1B, 0x34, 0x1C,
  0x5F, 0x1D, 0x5C, 0x1E, 0x2C, 0x1E, 0xC7, 0x1E, 0x5D, 0x1F, 0x81, 0x20,
  0x56, 0x21, 0xA6, 0x21, 0xBE, 0x22, 0xE8, 0x22, 0x77, 0x23, 0x6F, 0x24,
  0xF0, 0x23, 0x4D, 0x24, 0xAF, 0x24, 0x8D, 0x25, 0x49, 0x26, 0xD0, 0x25,
  0x88, 0x25, 0x17, 0x26, 0x30, 0x26, 0xEB, 0x26, 0x0D, 0x27, 0xE2, 0x27,
  0x7D, 0x28, 0xAF, 0x28, 0xDC, 0x28, 0xCD, 0x28, 0x24, 0x29, 0x93, 0x29,
  0xA4, 0x29, 0xAF, 0x29, 0x0D, 0x29, 0x3D, 0x29, 0xDE, 0x28, 0x21, 0x28,
  0xAB, 0x27, 0x30, 0x28, 0x6D, 0x28, 0x38, 0x28, 0x19, 0x28, 0x5B, 0x28,
  0xC4, 0x27, 0xF1, 0x26, 0xD0, 0x26, 0x74, 0x27, 0x09, 0x28, 0xD6, 0x27,
  0x09, 0x27, 0xCF, 0x26, 0x49, 0x26, 0x26, 0x26, 0xBD, 0x25, 0xD8, 0x24,
  0x30, 0x24, 0xFD, 0x23, 0x3E, 0x23, 0x30, 0x23, 0x73, 0x22, 0x01, 0x22,
  0x22, 0x21, 0x2E, 0x21, 0xF4, 0x20, 0x02, 0x20, 0x45, 0x1F, 0x49, 0x1E,
  0x45, 0x1E, 0x8C, 0x1E, 0xC7, 0x1E, 0xC0, 0x1E, 0x4D, 0x1E, 0x08, 0x1E,
  0xF0, 0x1D, 0xE3, 0x1D, 0x5A, 0x1D, 0x1A, 0x1D, 0x70, 0x1C, 0xE4, 0x1B,
  0x57, 0x1B, 0x20, 0x1B, 0x03, 0x1A, 0x7A, 0x19, 0x8C, 0x19, 0xA3, 0x18,
  0xA0, 0x17, 0x93, 0x17, 0x07, 0x17, 0xC2, 0x16, 0xD8, 0x16, 0xF8, 0x15,
  0x2C, 0x15, 0x18, 0x14, 0x2F, 0x13, 0x9F, 0x12, 0x02, 0x12, 0xCA, 0x10,
  0xDA, 0x0F, 0x18, 0x0F, 0xEE, 0x0D, 0xA2, 0x0D, 0x2E, 0x0D, 0x29, 0x0D,
  0x31, 0x0C, 0x5C, 0x0B, 0x7E, 0x0B, 0xA9, 0x0A, 0xB7, 0x09, 0xFC, 0x08,
  0x35, 0x08, 0x83, 0x07, 0x71, 0x07, 0xE3, 0x06, 0x33, 0x06, 0x17, 0x06,
  0xEF, 0x05, 0xE4, 0x05, 0xED, 0x04, 0xE5, 0x04, 0x07, 0x04, 0xBF, 0x03,
  0x62, 0x02, 0xDB, 0x01, 0x7A, 0x01, 0xD9, 0x00, 0x7D, 0xFF, 0x3B, 0xFE,
  0x34, 0xFD, 0xE5, 0xFB, 0x87, 0xFA, 0xFD, 0xF9, 0x94, 0xF9, 0x21, 0xF9,
  0x66, 0xF8, 0x2E, 0xF8, 0xCB, 0xF6, 0xA9, 0xF6, 0x73, 0xF6, 0x4A, 0xF6,
  0x07, 0xF6, 0x8A, 0xF5, 0x6D, 0xF5, 0x15, 0xF4, 0xF9, 0xF3, 0xDA, 0xF2,
  0xD9, 0xF2, 0xCE, 0xF2, 0x83, 0xF2, 0x4D, 0xF1, 0x3F, 0xF0, 0x8E, 0xEF,
  0x79, 0xEF, 0x42, 0xEF, 0x1A, 0xEE, 0x13, 0xEE, 0xDB, 0xEC, 0xD9, 0xEB,
  0x83, 0xEB, 0x6A, 0xEA, 0x0B, 0xEA, 0xD0, 0xE9, 0x86, 0xE9, 0xE7, 0xE8,
  0x35, 0xE8, 0x8F, 0xE7, 0x9D, 0xE7, 0x98, 0xE6, 0x53, 0xE6, 0xFA, 0xE5,
  0x21, 0xE5, 0x5D, 0xE4, 0x92, 0xE3, 0xDC, 0xE2, 0x47, 0xE2, 0x21, 0xE1,
  0x57, 0xE0, 0x85, 0xE0, 0x46, 0xE0, 0x5E, 0xDF, 0x65, 0xDF, 0x64, 0xDE,
  0xA7, 0xDD, 0xF7, 0xDD, 0xEC, 0xDD, 0x10, 0xDD, 0x3B, 0xDC, 0x7E, 0xDB,
  0x98, 0xDA, 0x03, 0xDA, 0x4D, 0xD9, 0xB2, 0xD8, 0x23, 0xD8, 0x72, 0xD8,
  0xD1, 0xD7, 0x78, 0xD8, 0x68, 0xD8, 0x4C, 0xD8, 0x9C, 0xD8, 0xCD, 0xD7,
  0x03, 0xD8, 0x56, 0xD8, 0xCE, 0xD7, 0x4B, 0xD7, 0x47, 0xD7, 0xB2, 0xD6,
  0x1B, 0xD7, 0x93, 0xD6, 0x7C, 0xD6, 0xE9, 0xD5, 0xD1, 0xD5, 0x32, 0xD6,
  0x81, 0xD6, 0x39, 0xD7, 0x12, 0xD7, 0xC1, 0xD6, 0x14, 0xD7, 0x5D, 0xD7,
  0x72, 0xD7, 0x08, 0xD7, 0xEE, 0xD7, 0x41, 0xD8, 0x5A, 0xD8, 0x71, 0xD8,
  0x1F, 0xD9, 0xB2, 0xD9, 0xA7, 0xD9, 0x8C, 0xD9, 0x42, 0xDA, 0xD9, 0xD9,
  0xA5, 0xDA, 0x47, 0xDA, 0x7B, 0xDA, 0x93, 0xDA, 0x6E, 0xDB, 0xD7, 0xDB,
  0xE1, 0xDB, 0x5B, 0xDC, 0x12, 0xDD, 0x4C, 0xDD, 0x66, 0xDD, 0x51, 0xDD,
  0xEC, 0xDD, 0xDB, 0xDE, 0x30, 0xDF, 0x0D, 0xDF, 0xF2, 0xDE, 0x25, 0xE0,
  0x4F, 0xE1, 0x88, 0xE1, 0x0E, 0xE2, 0x42, 0xE3, 0x7A, 0xE3, 0x3A, 0xE4,
  0xBF, 0xE4, 0x16, 0xE6, 0x9C, 0xE6, 0x05, 0xE7, 0x47, 0xE8, 0xFC, 0xE8,
  0x80, 0xE9, 0x3D, 0xEA, 0x3D, 0xEB, 0x23, 0xEC, 0x73, 0xED, 0xC8, 0xED,
  0x0A, 0xEF, 0xE1, 0xEE, 0x2E, 0xF0, 0x75, 0xF1, 0xC9, 0xF2, 0x40, 0xF3,
  0x81, 0xF3, 0xE2, 0xF3, 0xE0, 0xF3, 0xEE, 0xF4, 0x1E, 0xF6, 0x2E, 0xF6,
  0xA2, 0xF6, 0x90, 0xF7, 0x55, 0xF8, 0x5A, 0xF9, 0x51, 0xF9, 0x35, 0xFA,
  0x19, 0xFB, 0xAC, 0xFB, 0xA7, 0xFB, 0x06, 0xFC, 0xBA, 0xFC, 0xA6, 0xFD,
  0xCC, 0xFE, 0x35, 0xFF, 0x33, 0xFF, 0x7E, 0x00, 0x14, 0x01, 0x7F, 0x01,
  0xC5, 0x01, 0xD8, 0x01, 0x06, 0x03, 0x1B, 0x03, 0x9C, 0x03, 0x41, 0x04,
  0xF7, 0x04, 0x6D, 0x05, 0xA5, 0x05, 0x2A, 0x07, 0xB6, 0x07, 0xF2, 0x07,
  0xEC, 0x08, 0x3D, 0x09, 0x8E, 0x09, 0x2D, 0x0A, 0xAB, 0x0B, 0xC9, 0x0B,
  0xD8, 0x0B, 0xEE, 0x0B, 0x3F, 0x0D, 0x62, 0x0D, 0xCF, 0x0D, 0x2F, 0x0E,
  0x87, 0x0E, 0x92, 0x0F, 0x64, 0x10, 0x41, 0x11, 0x3C, 0x11, 0xA2, 0x12,
  0x72, 0x13, 0x5C, 0x13, 0x8D, 0x14, 0x4D, 0x15, 0x5E, 0x15, 0x1D, 0x16,
  0xA4, 0x16, 0xCF, 0x17, 0xA5, 0x18, 0xAB, 0x19, 0xAE, 0x1A, 0x37, 0x1B,
  0x56, 0x1C, 0x5B, 0x1C, 0x8B, 0x1C, 0xB6, 0x1D, 0xDC, 0x1D, 0x66, 0x1E,
  0x1F, 0x1E, 0x28, 0x1E, 0xA0, 0x1E, 0x6E, 0x1F, 0x02, 0x20, 0xD7, 0x20,
  0xAB, 0x20, 0xC2, 0x21, 0x40, 0x22, 0xFF, 0x22, 0x4C, 0x23, 0x4B, 0x23,
  0x15, 0x23, 0x04, 0x23, 0xA5, 0x23, 0x88, 0x23, 0x44, 0x24, 0xD0, 0x24,
  0x20, 0x25, 0x63, 0x25, 0x25, 0x25, 0xFE, 0x25, 0x48, 0x26, 0x51, 0x26,
  0xDE, 0x26, 0xE6, 0x26, 0x84, 0x26, 0x1C, 0x27, 0xE3, 0x27, 0xA6, 0x27,
  0x37, 0x27, 0xB8, 0x27, 0xB6, 0x27, 0xD2, 0x27, 0x84, 0x27, 0x10, 0x28,
  0x01, 0x28, 0x60, 0x28, 0xBD, 0x28, 0x0C, 0x29, 0x73, 0x29, 0x42, 0x29,
  0x85, 0x29, 0x41, 0x29, 0x69, 0x28, 0xB8, 0x28, 0xEC, 0x27, 0xF8, 0x27,
  0x01, 0x27, 0xFE, 0x25, 0x6B, 0x26, 0x39, 0x26, 0x9E, 0x25, 0xEB, 0x25,
  0xFD, 0x25, 0x60, 0x26, 0x9E, 0x25, 0xD7, 0x25, 0x2B, 0x25, 0x9A, 0x24,
  0xE2, 0x23, 0xD9, 0x22, 0x16, 0x22, 0xDD, 0x21, 0xC3, 0x21, 0xCD, 0x20,
  0x30, 0x20, 0xC7, 0x1F, 0xC1, 0x1E, 0xF6, 0x1E, 0x1D, 0x1F, 0xF9, 0x1D,
  0x8C, 0x1D, 0x55, 0x1C, 0x4F, 0x1B, 0xA5, 0x1A, 0x90, 0x1A, 0x9D, 0x1A,
  0xD7, 0x1A, 0x39, 0x1A, 0xC3, 0x19, 0xF3, 0x18, 0xC8, 0x18, 0xB8, 0x18,
  0x5B, 0x18, 0x45, 0x17, 0x29, 0x16, 0x02, 0x15, 0x83, 0x14, 0xA4, 0x13,
  0x1D, 0x13, 0x7B, 0x12, 0x2B, 0x12, 0x33, 0x11, 0x12, 0x11, 0x13, 0x11,
  0x10, 0x11, 0xEE, 0x10, 0xB1, 0x0F, 0xD3, 0x0E, 0xE4, 0x0D, 0x11, 0x0D,
  0x36, 0x0C, 0x14, 0x0B, 0xB7, 0x09, 0x88, 0x09, 0x1D, 0x08, 0x09, 0x07,
  0x66, 0x06, 0xD7, 0x05, 0x46, 0x05, 0xF4, 0x03, 0xB5, 0x02, 0xAE, 0x02,
  0xD8, 0x01, 0xB4, 0x00, 0xAC, 0xFF, 0x04, 0xFF, 0xDD, 0xFD, 0xA8, 0xFC,
  0xAF, 0xFB, 0xBE, 0xFB, 0x5E, 0xFB, 0x7E, 0xFA, 0x97, 0xFA, 0x66, 0xFA,
  0x21, 0xF9, 0xCD, 0xF7, 0x08, 0xF7, 0xCE, 0xF5, 0xDF, 0xF4, 0xED, 0xF3,
  0x1E, 0xF3, 0x39, 0xF2, 0x45, 0xF1, 0x16, 0xF0, 0x47, 0xF0, 0xA9, 0xEF,
  0xC7, 0xEF, 0x86, 0xEF, 0xB2, 0xEF, 0x3D, 0xEF, 0x87, 0xEE, 0xC6, 0xED,
  0xAB, 0xED, 0xB0, 0xEC, 0x2C, 0xEC, 0x24, 0xEC, 0x55, 0xEB, 0x24, 0xEB,
  0xA1, 0xEA, 0xAF, 0xE9, 0x74, 0xE9, 0x34, 0xE8, 0x62, 0xE7, 0xC9, 0xE6,
  0xD7, 0xE6, 0xD1, 0xE5, 0xCE, 0xE4, 0x1D, 0xE4, 0x01, 0xE4, 0x99, 0xE3,
  0xE1, 0xE2, 0x0D, 0xE3, 0x3E, 0xE2, 0x91, 0xE1, 0x7E, 0xE1, 0xD1, 0xE0,
  0x06, 0xE0, 0x5F, 0xDF, 0x74, 0xDE, 0x81, 0xDE, 0xD4, 0xDE, 0x60, 0xDE,
  0xD8, 0xDD, 0xCF, 0xDC, 0xD1, 0xDB, 0x00, 0xDB, 0x5B, 0xDA, 0xE7, 0xD9,
  0x41, 0xD9, 0x62, 0xD8, 0xAE, 0xD8, 0x91, 0xD8, 0x0E, 0xD9, 0x66, 0xD9,
  0xFA, 0xD8, 0x48, 0xD9, 0x9C, 0xD9, 0x52, 0xD9, 0xD4, 0xD8, 0x62, 0xD8,
  0xD2, 0xD8, 0xE5, 0xD8, 0x6E, 0xD9, 0xCB, 0xD9, 0x70, 0xD9, 0xBA, 0xD9,
  0xEE, 0xD8, 0x8C, 0xD9, 0x3A, 0xD9, 0x38, 0xD9, 0x10, 0xD9, 0x94, 0xD8,
  0x21, 0xD9, 0x9A, 0xD9, 0x73, 0xD9, 0xC1, 0xD8, 0xC7, 0xD8, 0xCE, 0xD8,
  0x56, 0xD8, 0xC9, 0xD8, 0x52, 0xD8, 0xD5, 0xD8, 0x82, 0xD8, 0xA5, 0xD8,
  0x03, 0xD9, 0xA1, 0xD8, 0x1B, 0xD9, 0xEA, 0xD8, 0xEE, 0xD8, 0x46, 0xD9,
  0x47, 0xDA, 0x14, 0xDA, 0xF7, 0xDA, 0xD2, 0xDB, 0x38, 0xDC, 0xEC, 0xDB,
  0x9D, 0xDC, 0xDE, 0xDC, 0x7C, 0xDD, 0x8D, 0xDE, 0x44, 0xDE, 0xDD, 0xDD,
  0xA3, 0xDE, 0x6A, 0xDE, 0x01, 0xDF, 0xE0, 0xDF, 0x93, 0xDF, 0x63, 0xE0,
  0x4E, 0xE1, 0x26, 0xE2, 0x2B, 0xE3, 0x2B, 0xE4, 0x08, 0xE5, 0x6D, 0xE5,
  0xC0, 0xE5, 0xA1, 0xE6, 0xB9, 0xE7, 0x65, 0xE8, 0x23, 0xE8, 0x1C, 0xE9,
  0xB7, 0xE9, 0x5D, 0xEA, 0x19, 0xEA, 0x73, 0xEA, 0xA8, 0xEA, 0xB5, 0xEB,
  0x6D, 0xEC, 0xC4, 0xEC, 0x0F, 0xED, 0xD7, 0xED, 0x37, 0xEE, 0xA9, 0xEE,
  0xE1, 0xEE, 0xF7, 0xEF, 0xD9, 0xF0, 0xD6, 0xF0, 0x28, 0xF1, 0x90, 0xF1,
  0xAF, 0xF1, 0xF6, 0xF1, 0xC4, 0xF2, 0x31, 0xF3, 0xA6, 0xF3, 0x08, 0xF5,
  0x5C, 0xF6, 0x84, 0xF6, 0xF6, 0xF6, 0x3B, 0xF7, 0xE0, 0xF7, 0x04, 0xF9,
  0x40, 0xF9, 0x5A, 0xFA, 0x8E, 0xFB, 0xBA, 0xFB, 0xCA, 0xFB, 0x97, 0xFC,
  0x9A, 0xFD, 0x76, 0xFE, 0x41, 0xFF, 0x0C, 0x00, 0xBF, 0x00, 0xD1, 0x01,
  0xFF, 0x01, 0xEC, 0x02, 0x42, 0x03, 0x61, 0x03, 0x95, 0x04, 0xE0, 0x04,
  0xCA, 0x05, 0x96, 0x06, 0x4C, 0x07, 0x43, 0x07, 0xA3, 0x08, 0xBA, 0x09,
  0x18, 0x0B, 0xBA, 0x0B, 0x16, 0x0D, 0x03, 0x0E, 0x36, 0x0F, 0xC9, 0x0F,
  0x40, 0x10, 0x29, 0x11, 0x54, 0x12, 0x98, 0x12, 0x18, 0x13, 0x29, 0x14,
  0xF6, 0x13, 0x31, 0x15, 0xA0, 0x15, 0x98, 0x15, 0x99, 0x16, 0xDA, 0x16,
  0xB6, 0x17, 0xE8, 0x18, 0xAC, 0x19, 0x86, 0x19, 0xC1, 0x19, 0xAD, 0x19,
  0x79, 0x1A, 0xB8, 0x1A, 0x96, 0x1B, 0x5C, 0x1B, 0x51, 0x1C, 0x69, 0x1C,
  0x52, 0x1C, 0x80, 0x1C, 0x74, 0x1C, 0x7A, 0x1D, 0x8B, 0x1D, 0xBC, 0x1E,
  0xDF, 0x1E, 0x89, 0x1F, 0xE0, 0x1F, 0x86, 0x1F, 0x34, 0x20, 0xFC, 0x1F,
  0x42, 0x20, 0x66, 0x20, 0x10, 0x20, 0x21, 0x21, 0x7D, 0x21, 0xC8, 0x21,
  0xA4, 0x21, 0x8A, 0x22, 0xDA, 0x22, 0x60, 0x23, 0xFA, 0x22, 0xF9, 0x22,
  0xBD, 0x23, 0xEC, 0x23, 0xFB, 0x23, 0xFF, 0x23, 0x32, 0x24, 0x7A, 0x24,
  0x26, 0x25, 0x16, 0x25, 0xE0, 0x24, 0x04, 0x25, 0x41, 0x25, 0xD8, 0x25,
  0x10, 0x26, 0x57, 0x26, 0x37, 0x26, 0xD8, 0x25, 0x77, 0x25, 0x48, 0x25,
  0xDD, 0x25, 0xA5, 0x25, 0x49, 0x26, 0x73, 0x26, 0x21, 0x26, 0x1B, 0x26,
  0x1B, 0x26, 0x9D, 0x25, 0x26, 0x25, 0xAA, 0x24, 0xC2, 0x24, 0x4D, 0x24,
  0xC6, 0x23, 0x0F, 0x23, 0xB2, 0x23, 0x91, 0x23, 0xFC, 0x23, 0x28, 0x23,
  0x59, 0x22, 0xE0, 0x21, 0x7B, 0x21, 0xEA, 0x20, 0x67, 0x21, 0xB9, 0x21,
  0xF1, 0x20, 0xE4, 0x20, 0x1F, 0x21, 0x34, 0x21, 0x3F, 0x21, 0xE5, 0x20,
  0xE0, 0x20, 0x09, 0x21, 0xB6, 0x20, 0x86, 0x20, 0xCC, 0x1F, 0x4A, 0x1F,
  0xE9, 0x1E, 0x34, 0x1F, 0x5F, 0x1E, 0x9E, 0x1E, 0x33, 0x1E, 0x5F, 0x1E,
  0x95, 0x1D, 0xAA, 0x1C, 0xC2, 0x1B, 0x9F, 0x1B, 0x02, 0x1B, 0x12, 0x1A,
  0x8A, 0x19, 0x1C, 0x19, 0x4C, 0x18, 0xF2, 0x17, 0xCA, 0x16, 0xAC, 0x16,
  0xC5, 0x15, 0xB3, 0x14, 0x38, 0x14, 0x25, 0x14, 0xED, 0x12, 0x41, 0x12,
  0x57, 0x12, 0x12, 0x11, 0xC6, 0x10, 0x66, 0x0F, 0x07, 0x0F, 0x97, 0x0E,
  0xCA, 0x0D, 0x46, 0x0D, 0x62, 0x0C, 0x9A, 0x0B, 0x87, 0x0B, 0x19, 0x0B,
  0xB8, 0x09, 0xE1, 0x08, 0x31, 0x08, 0x51, 0x07, 0x1F, 0x06, 0x39, 0x06,
  0xDC, 0x05, 0xC2, 0x05, 0xCB, 0x05, 0xEC, 0x04, 0x26, 0x04, 0x7D, 0x03,
  0x38, 0x02, 0xB7, 0x01, 0x76, 0x01, 0xD5, 0x00, 0xBD, 0x00, 0xB1, 0xFF,
  0x26, 0xFF, 0x22, 0xFF, 0x34, 0xFE, 0xB7, 0xFC, 0xBD, 0xFC, 0x4C, 0xFC,
  0x33, 0xFB, 0x39, 0xFB, 0xC2, 0xFA, 0x69, 0xF9, 0x55, 0xF9, 0x14, 0xF8,
  0xD0, 0xF7, 0xAB, 0xF7, 0x5A, 0xF6, 0x36, 0xF6, 0xF8, 0xF4, 0x02, 0xF5,
  0x9F, 0xF3, 0x96, 0xF2, 0x28, 0xF1, 0x90, 0xF0, 0x6E, 0xEF, 0xFB, 0xEE,
  0xEB, 0xED, 0x99, 0xED, 0x89, 0xED, 0x4B, 0xEC, 0x25, 0xEB, 0x69, 0xEA,
  0x5A, 0xE9, 0x08, 0xE9, 0x0B, 0xE8, 0x42, 0xE8, 0x90, 0xE7, 0x1C, 0xE7,
  0xCF, 0xE6, 0x2E, 0xE6, 0x73, 0xE5, 0x7D, 0xE5, 0xBC, 0xE5, 0x8E, 0xE5,
  0x61, 0xE5, 0x63, 0xE5, 0x04, 0xE5, 0xAA, 0xE4, 0x28, 0xE4, 0x20, 0xE3,
  0x69, 0xE3, 0x8F, 0xE2, 0xA6, 0xE2, 0x7D, 0xE1, 0xDF, 0xE0, 0x8B, 0xE0,
  0xE4, 0xE0, 0xE2, 0xDF, 0xED, 0xDF, 0x25, 0xDF, 0x1E, 0xDE, 0xBB, 0xDD,
  0x46, 0xDD, 0x2C, 0xDD, 0x01, 0xDD, 0x54, 0xDC, 0x28, 0xDC, 0x35, 0xDC,
  0x68, 0xDC, 0xC4, 0xDC, 0x27, 0xDC, 0x97, 0xDB, 0xAB, 0xDA, 0xA1, 0xDA,
  0x32, 0xDB, 0x90, 0xDA, 0xC0, 0xDA, 0x22, 0xDA, 0x67, 0xDA, 0xFA, 0xD9,
  0xE9, 0xD9, 0x40, 0xD9, 0xA0, 0xD8, 0x70, 0xD8, 0x40, 0xD8, 0x1A, 0xD8,
  0x7D, 0xD7, 0xE4, 0xD7, 0x75, 0xD7, 0x5F, 0xD7, 0xFC, 0xD6, 0xF5, 0xD6,
  0xA2, 0xD6, 0x63, 0xD7, 0x56, 0xD7, 0x2E, 0xD7, 0xDF, 0xD7, 0x7D, 0xD8,
  0xC9, 0xD8, 0x67, 0xD9, 0x0B, 0xDA, 0x94, 0xDA, 0x31, 0xDA, 0x5D, 0xDA,
  0xCD, 0xDA, 0x4F, 0xDB, 0x58, 0xDB, 0xFB, 0xDA, 0x8C, 0xDA, 0xE3, 0xDA,
  0xC4, 0xDA, 0xEA, 0xDA, 0xE1, 0xDB, 0xF8, 0xDB, 0xEA, 0xDB, 0xB8, 0xDC,
  0x90, 0xDD, 0xC3, 0xDD, 0x20, 0xDE, 0x67, 0xDE, 0xD1, 0xDE, 0xCA, 0xDF,
  0x9B, 0xE0, 0x92, 0xE0, 0xEF, 0xE0, 0x0C, 0xE2, 0xEC, 0xE2, 0xCC, 0xE3,
  0x84, 0xE4, 0x6A, 0xE4, 0x2D, 0xE4, 0xF5, 0xE4, 0xCD, 0xE5, 0xEB, 0xE6,
  0x8A, 0xE7, 0x1F, 0xE8, 0xC9, 0xE8, 0x44, 0xE9, 0x65, 0xE9, 0xB9, 0xE9,
  0xDA, 0xEA, 0x22, 0xEB, 0x48, 0xEC, 0xE0, 0xEC, 0x3E, 0xED, 0x4A, 0xEE,
  0xE2, 0xEE, 0xA7, 0xEF, 0x16, 0xF0, 0x2A, 0xF0, 0x49, 0xF0, 0x5B, 0xF0,
  0x1C, 0xF1, 0x31, 0xF1, 0x48, 0xF1, 0xE9, 0xF1, 0x24, 0xF3, 0x79, 0xF3,
  0x45, 0xF4, 0xF4, 0xF4, 0xFF, 0xF4, 0x19, 0xF6, 0xEE, 0xF6, 0x12, 0xF8,
  0x1D, 0xF9, 0x09, 0xF9, 0xF1, 0xF9, 0xFD, 0xF9, 0x82, 0xFA, 0x79, 0xFB,
  0xCD, 0xFC, 0x89, 0xFD, 0x3A, 0xFE, 0xAE, 0xFE, 0xD5, 0xFE, 0x49, 0xFF,
  0x7E, 0xFF, 0xD3, 0x00, 0x41, 0x01, 0x95, 0x01, 0xA0, 0x02, 0x10, 0x03,
  0x30, 0x04, 0x3E, 0x04, 0x51, 0x04, 0x35, 0x05, 0xE6, 0x05, 0xF2, 0x06,
  0x92, 0x07, 0x5B, 0x08, 0x68, 0x09, 0xA3, 0x0A, 0x3C, 0x0B, 0xB0, 0x0B,
  0x48, 0x0C, 0xC7, 0x0C, 0xF1, 0x0C, 0xEA, 0x0C, 0xA8, 0x0D, 0xA1, 0x0D,
  0x0B, 0x0E, 0x67, 0x0F, 0xAC, 0x10, 0xE0, 0x10, 0x2D, 0x12, 0x61, 0x12,
  0xA2, 0x12, 0xA7, 0x12, 0xC5, 0x13, 0xA0, 0x14, 0x8E, 0x14, 0x0F, 0x15,
  0x28, 0x16, 0x3B, 0x16, 0x90, 0x16, 0x75, 0x16, 0xAC, 0x16, 0xD4, 0x17,
  0xF7, 0x17, 0x90, 0x18, 0xCE, 0x18, 0x60, 0x19, 0xB7, 0x19, 0xD0, 0x1A,
  0xEE, 0x1B, 0xEB, 0x1B, 0xFE, 0x1B, 0xA2, 0x1C, 0x5F, 0x1D, 0xD3, 0x1D,
  0x9A, 0x1D, 0x96, 0x1D, 0x6D, 0x1D, 0xBB, 0x1D, 0xE7, 0x1D, 0x25, 0x1E,
  0xAC, 0x1E, 0xAA, 0x1E, 0x89, 0x1E, 0x52, 0x1E, 0xDA, 0x1E, 0xE0, 0x1F,
  0x0D, 0x20, 0x30, 0x20, 0x41, 0x20, 0xEC, 0x20, 0x3B, 0x21, 0xBB, 0x21,
  0x5E, 0x21, 0x26, 0x22, 0x19, 0x22, 0xF8, 0x22, 0x4E, 0x23, 0x2A, 0x24,
  0xA8, 0x23, 0x2B, 0x23, 0xE6, 0x22, 0x92, 0x23, 0x3C, 0x23, 0xE5, 0x22,
  0x8F, 0x23, 0x3D, 0x23, 0x55, 0x23, 0x6D, 0x23, 0x3C, 0x23, 0xA4, 0x22,
  0x4B, 0x22, 0x69, 0x22, 0xBD, 0x22, 0x41, 0x23, 0xE2, 0x22, 0x81, 0x22,
  0x0E, 0x23, 0x6E, 0x22, 0xC8, 0x21, 0xCF, 0x21, 0x4E, 0x22, 0x5C, 0x22,
  0xE8, 0x21, 0x40, 0x22, 0xB5, 0x22, 0x23, 0x22, 0x6B, 0x21, 0xE1, 0x20,
  0x39, 0x20, 0x18, 0x20, 0x36, 0x20, 0xEE, 0x1F, 0x38, 0x1F, 0x2D, 0x1F,
  0x9F, 0x1F, 0xBF, 0x1E, 0x04, 0x1F, 0xFD, 0x1E, 0x31, 0x1E, 0x73, 0x1D,
  0x93, 0x1C, 0x37, 0x1C, 0xDB, 0x1B, 0x95, 0x1B, 0x46, 0x1B, 0x71, 0x1B,
  0x9C, 0x1A, 0x17, 0x1A, 0x43, 0x1A, 0x0F, 0x1A, 0x93, 0x19, 0x56, 0x19,
  0x25, 0x19, 0x18, 0x19, 0x24, 0x18, 0xA8, 0x17, 0xAB, 0x17, 0xA2, 0x17,
  0x8A, 0x17, 0xF8, 0x16, 0x6C, 0x16, 0x96, 0x15, 0x36, 0x15, 0x50, 0x14,
  0x14, 0x14, 0xF4, 0x13, 0x90, 0x13, 0xF5, 0x12, 0x0B, 0x12, 0x15, 0x12,
  0x15, 0x11, 0x63, 0x10, 0x37, 0x10, 0xD9, 0x0F, 0x50, 0x0F, 0xDC, 0x0E,
  0xB6, 0x0D, 0x74, 0x0C, 0x14, 0x0C, 0xF4, 0x0A, 0x88, 0x0A, 0x4A, 0x0A,
  0x1C, 0x0A, 0xE7, 0x08, 0xAF, 0x08, 0x46, 0x08, 0xB4, 0x07, 0x25, 0x07,
  0xD3, 0x05, 0x56, 0x05, 0x0F, 0x04, 0xB0, 0x03, 0x5F, 0x03, 0x5E, 0x03,
  0x30, 0x03, 0xA3, 0x02, 0x7C, 0x02, 0x5D, 0x01, 0x19, 0x00, 0xD8, 0xFE,
  0xC6, 0xFE, 0x4D, 0xFE, 0x60, 0xFD, 0x7B, 0xFC, 0xAA, 0xFB, 0x66, 0xFB,
  0x4A, 0xFA, 0x03, 0xFA, 0xCA, 0xF9, 0xA4, 0xF8, 0x51, 0xF8, 0x58, 0xF7,
  0x43, 0xF6, 0x64, 0xF5, 0xC6, 0xF4, 0x57, 0xF4, 0x59, 0xF4, 0xD8, 0xF3,
  0x38, 0xF3, 0xBC, 0xF2, 0xEC, 0xF1, 0x19, 0xF1, 0xED, 0xEF, 0x85, 0xEF,
  0x46, 0xEE, 0x4C, 0xEE, 0x9B, 0xED, 0x2D, 0xED, 0xF2, 0xEC, 0x7B, 0xEC,
  0xA3, 0xEB, 0x2C, 0xEB, 0x4B, 0xEA, 0x69, 0xE9, 0x58, 0xE8, 0x0A, 0xE8,
  0x1E, 0xE8, 0x95, 0xE7, 0x0A, 0xE7, 0x8D, 0xE6, 0xB0, 0xE6, 0x33, 0xE6,
  0xA8, 0xE5, 0xD3, 0xE4, 0xF3, 0xE3, 0xDC, 0xE3, 0xF9, 0xE3, 0x56, 0xE3,
  0x50, 0xE2, 0xDD, 0xE1, 0x48, 0xE1, 0x77, 0xE1, 0x9B, 0xE1, 0x93, 0xE1,
  0x5A, 0xE1, 0x7D, 0xE0, 0x64, 0xE0, 0xED, 0xDF, 0xF1, 0xDF, 0xA8, 0xDF,
  0xB2, 0xDE, 0x7C, 0xDE, 0xD3, 0xDD, 0xA9, 0xDD, 0xA4, 0xDD, 0xF1, 0xDD,
  0x80, 0xDD, 0xD8, 0xDD, 0x5F, 0xDD, 0xCA, 0xDC, 0x17, 0xDC, 0x85, 0xDB,
  0x9C, 0xDB, 0x8B, 0xDB, 0xB9, 0xDB, 0xAF, 0xDB, 0x9F, 0xDB, 0x2F, 0xDB,
  0xEB, 0xDA, 0x64, 0xDA, 0xCF, 0xD9, 0xF4, 0xD9, 0x3D, 0xDA, 0xD0, 0xD9,
  0x80, 0xD9, 0x6D, 0xD9, 0x4C, 0xD9, 0x97, 0xD9, 0xDF, 0xD9, 0x83, 0xD9,
  0xFE, 0xD8, 0xA4, 0xD9, 0x59, 0xD9, 0x8E, 0xD9, 0xBA, 0xD9, 0xCE, 0xD9,
  0xC5, 0xD9, 0x7E, 0xD9, 0x61, 0xD9, 0x05, 0xDA, 0x6A, 0xDA, 0xD6, 0xDA,
  0xF3, 0xDA, 0x88, 0xDA, 0xA9, 0xDA, 0x0C, 0xDB, 0x6F, 0xDB, 0x3F, 0xDB,
  0xCF, 0xDB, 0x93, 0xDB, 0x1E, 0xDC, 0xBF, 0xDC, 0x2A, 0xDD, 0x02, 0xDD,
  0xEA, 0xDC, 0xE1, 0xDC, 0x88, 0xDD, 0x08, 0xDE, 0x49, 0xDE, 0x71, 0xDE,
  0xEF, 0xDE, 0xBF, 0xDE, 0xD0, 0xDE, 0x31, 0xDF, 0x02, 0xE0, 0xC1, 0xE0,
  0x04, 0xE1, 0x53, 0xE1, 0x67, 0xE1, 0x93, 0xE1, 0x71, 0xE2, 0x78, 0xE2,
  0x63, 0xE2, 0x7D, 0xE2, 0xC1, 0xE2, 0x4D, 0xE3, 0xF4, 0xE3, 0xC3, 0xE4,
  0x65, 0xE5, 0x80, 0xE5, 0x84, 0xE5, 0x12, 0xE6, 0xFB, 0xE6, 0xA8, 0xE7,
  0x5E, 0xE8, 0xBE, 0xE8, 0x9C, 0xE9, 0xB1, 0xEA, 0xC5, 0xEA, 0xF2, 0xEA,
  0xF9, 0xEB, 0xC7, 0xEC, 0xA4, 0xED, 0x6B, 0xEE, 0x4E, 0xEF, 0xCF, 0xEF,
  0xD8, 0xF0, 0x43, 0xF1, 0x3D, 0xF2, 0x14, 0xF3, 0xB6, 0xF3, 0xD2, 0xF4,
  0x49, 0xF5, 0xFB, 0xF5, 0x57, 0xF6, 0xC8, 0xF6, 0x14, 0xF7, 0x3D, 0xF8,
  0x0A, 0xF9, 0xF4, 0xF9, 0x93, 0xFA, 0x11, 0xFB, 0x98, 0xFB, 0x49, 0xFC,
  0xBB, 0xFC, 0x4C, 0xFD, 0xE8, 0xFD, 0x2F, 0xFE, 0x67, 0xFE, 0xF9, 0xFE,
  0x7A, 0xFF, 0xB4, 0x00, 0x25, 0x01, 0x54, 0x01, 0xAC, 0x01, 0xE8, 0x01,
  0x86, 0x02, 0xD3, 0x03, 0x1E, 0x04, 0x56, 0x05, 0xD2, 0x05, 0x3F, 0x06,
  0xF6, 0x06, 0x5A, 0x07, 0x92, 0x07, 0x91, 0x08, 0xBD, 0x09, 0x52, 0x0A,
  0x77, 0x0B, 0xE3, 0x0B, 0x3D, 0x0C, 0x5D, 0x0C, 0x6C, 0x0D, 0xC6, 0x0D,
  0x3B, 0x0E, 0x9D, 0x0E, 0x20, 0x0F, 0xD2, 0x0F, 0xF8, 0x0F, 0xED, 0x10,
  0x12, 0x11, 0x4A, 0x11, 0xD6, 0x11, 0xD8, 0x12, 0x2B, 0x13, 0xD8, 0x13,
  0x0F, 0x14, 0x59, 0x14, 0xD6, 0x14, 0x66, 0x15, 0x87, 0x15, 0xFE, 0x15,
  0x53, 0x16, 0x78, 0x16, 0x7E, 0x17, 0xAC, 0x17, 0x0C, 0x18, 0xF8, 0x18,
  0xFF, 0x19, 0xE9, 0x1A, 0x28, 0x1B, 0x89, 0x1B, 0x1F, 0x1C, 0xC5, 0x1C,
  0xD0, 0x1C, 0x48, 0x1D, 0x3A, 0x1E, 0x7E, 0x1E, 0x5C, 0x1F, 0xF9, 0x1F,
  0x0F, 0x20, 0x36, 0x20, 0x8D, 0x20, 0xFB, 0x20, 0xDA, 0x21, 0x2D, 0x22,
  0xC6, 0x22, 0x16, 0x23, 0x0A, 0x23, 0x8D, 0x23, 0x22, 0x24, 0x8D, 0x24,
  0xA3, 0x24, 0x4E, 0x24, 0xD5, 0x24, 0x72, 0x25, 0xDD, 0x25, 0xE3, 0x25,
  0x04, 0x26, 0x47, 0x26, 0xBA, 0x26, 0x49, 0x27, 0x15, 0x27, 0xF8, 0x26,
  0x90, 0x26, 0xC0, 0x26, 0x0C, 0x27, 0x75, 0x27, 0xEC, 0x27, 0x6E, 0x27,
  0xEB, 0x26, 0x67, 0x26, 0x42, 0x26, 0x29, 0x26, 0xA8, 0x25, 0x41, 0x25,
  0x27, 0x25, 0x9A, 0x25, 0x67, 0x25, 0x66, 0x25, 0x90, 0x25, 0xB5, 0x25,
  0x38, 0x25, 0x7D, 0x25, 0x0B, 0x25, 0xFC, 0x24, 0x8B, 0x24, 0xFA, 0x23,
  0xBB, 0x23, 0xB6, 0x23, 0x6C, 0x23, 0xA8, 0x23, 0x5B, 0x23, 0x27, 0x23,
  0xE9, 0x22, 0x7F, 0x22, 0xDC, 0x21, 0x48, 0x21, 0xAF, 0x20, 0xA5, 0x20,
  0xEA, 0x1F, 0x49, 0x1F, 0x86, 0x1E, 0x82, 0x1E, 0xDA, 0x1D, 0x22, 0x1D,
  0xDD, 0x1C, 0x42, 0x1C, 0x81, 0x1B, 0x86, 0x1B, 0x5C, 0x1B, 0xFD, 0x1A,
  0x2B, 0x1A, 0x82, 0x19, 0x51, 0x19, 0x18, 0x19, 0x61, 0x18, 0xDD, 0x17,
  0x60, 0x17, 0x3B, 0x17, 0xD9, 0x16, 0x4B, 0x16, 0xE9, 0x15, 0x0B, 0x15,
  0xBF, 0x14, 0xB1, 0x14, 0x53, 0x14, 0x18, 0x14, 0xA8, 0x13, 0x35, 0x13,
  0xC0, 0x12, 0xA2, 0x12, 0x29, 0x12, 0x27, 0x11, 0xFC, 0x10, 0x45, 0x10,
  0x0F, 0x10, 0xE9, 0x0F, 0x3D, 0x0F, 0x4C, 0x0E, 0x69, 0x0D, 0x77, 0x0C,
  0x0F, 0x0C, 0xAD, 0x0B, 0xF1, 0x0A, 0x68, 0x0A, 0xBE, 0x09, 0x32, 0x09,
  0xEB, 0x08, 0x63, 0x08, 0x04, 0x08, 0x0A, 0x07, 0x79, 0x06, 0x4F, 0x05,
  0xC6, 0x04, 0xF0, 0x03, 0xFC, 0x02, 0xA8, 0x02, 0xDB, 0x01, 0xD3, 0x00,
  0xC7, 0xFF, 0xC7, 0xFE, 0x68, 0xFE, 0xC5, 0xFD, 0xE0, 0xFC, 0x66, 0xFC,
  0x2B, 0xFC, 0x86, 0xFB, 0xD3, 0xFA, 0x34, 0xFA, 0xB6, 0xF9, 0x36, 0xF9,
  0xB6, 0xF8, 0x01, 0xF8, 0xBB, 0xF7, 0x05, 0xF7, 0x84, 0xF6, 0x43, 0xF6,
  0x4D, 0xF5, 0xBF, 0xF4, 0xB8, 0xF3, 0x42, 0xF3, 0x61, 0xF2, 0xC5, 0xF1,
  0x70, 0xF1, 0x77, 0xF0, 0xE9, 0xEF, 0xBA, 0xEF, 0x36, 0xEF, 0x26, 0xEE,
  0xBC, 0xED, 0x4A, 0xED, 0x27, 0xED, 0x83, 0xEC, 0xB5, 0xEB, 0x84, 0xEB,
  0x43, 0xEB, 0xF6, 0xEA, 0x26, 0xEA, 0x8C, 0xE9, 0x72, 0xE9, 0x1E, 0xE9,
  0xDC, 0xE8, 0xDE, 0xE7, 0x95, 0xE7, 0x3B, 0xE7, 0xAE, 0xE6, 0x8C, 0xE6,
  0x31, 0xE6, 0x23, 0xE6, 0xE8, 0xE5, 0x65, 0xE5, 0x0A, 0xE5, 0xAA, 0xE4,
  0x42, 0xE4, 0x5E, 0xE3, 0xAF, 0xE2, 0x49, 0xE2, 0x49, 0xE2, 0x1F, 0xE2,
  0xAD, 0xE1, 0x62, 0xE1, 0x38, 0xE1, 0xEC, 0xE0, 0xC8, 0xE0, 0x3F, 0xE0,
  0x3D, 0xE0, 0xAC, 0xDF, 0x75, 0xDF, 0x12, 0xDF, 0xE0, 0xDE, 0x22, 0xDE,
  0x0D, 0xDE, 0xF2, 0xDD, 0x35, 0xDD, 0x3D, 0xDD, 0x5E, 0xDD, 0x3D, 0xDD,
  0x07, 0xDD, 0x42, 0xDD, 0x46, 0xDD, 0xA9, 0xDC, 0x7C, 0xDC, 0xB9, 0xDC,
  0xB6, 0xDC, 0x64, 0xDC, 0xFD, 0xDB, 0x1C, 0xDC, 0x0F, 0xDC, 0xF5, 0xDB,
  0x7F, 0xDB, 0x12, 0xDB, 0x34, 0xDB, 0xB7, 0xDA, 0xF8, 0xDA, 0xB3, 0xDA,
  0xF2, 0xDA, 0x16, 0xDB, 0x76, 0xDB, 0xE3, 0xDB, 0x8D, 0xDB, 0x22, 0xDB,
  0x28, 0xDB, 0xA0, 0xDB, 0x03, 0xDC, 0x12, 0xDC, 0xEB, 0xDB, 0x6E, 0xDC,
  0x3C, 0xDC, 0xBF, 0xDC, 0xDB, 0xDC, 0xA6, 0xDC, 0xEC, 0xDC, 0x6A, 0xDD,
  0x2C, 0xDD, 0x08, 0xDD, 0x04, 0xDD, 0x59, 0xDD, 0x58, 0xDD, 0xB5, 0xDD,
  0xA1, 0xDD, 0x43, 0xDE, 0x80, 0xDE, 0x74, 0xDE, 0xBF, 0xDE, 0x55, 0xDF,
  0x7A, 0xDF, 0xD4, 0xDF, 0xE4, 0xDF, 0x4B, 0xE0, 0xC9, 0xE0, 0xC1, 0xE0,
  0x32, 0xE1, 0xD0, 0xE1, 0xDB, 0xE1, 0xA6, 0xE2, 0x2D, 0xE3, 0xF6, 0xE3,
  0x2A, 0xE4, 0xD2, 0xE4, 0x4A, 0xE5, 0xBD, 0xE5, 0x51, 0xE6, 0x2B, 0xE7,
  0xE9, 0xE7, 0x17, 0xE8, 0x55, 0xE8, 0xFA, 0xE8, 0x3A, 0xE9, 0x51, 0xE9,
  0x3E, 0xEA, 0xCE, 0xEA, 0xA5, 0xEB, 0x0E, 0xEC, 0x4C, 0xEC, 0x09, 0xED,
  0xDD, 0xED, 0xA1, 0xEE, 0x96, 0xEF, 0x4B, 0xF0, 0xDC, 0xF0, 0x29, 0xF1,
  0x5A, 0xF1, 0x43, 0xF2, 0xE4, 0xF2, 0xD2, 0xF3, 0x47, 0xF4, 0xB2, 0xF4,
  0x66, 0xF5, 0x52, 0xF6, 0x45, 0xF7, 0x34, 0xF8, 0x16, 0xF9, 0xC9, 0xF9,
  0xEF, 0xF9, 0x7F, 0xFA, 0x67, 0xFB, 0xE9, 0xFB, 0x6F, 0xFC, 0x47, 0xFD,
  0x11, 0xFE, 0x58, 0xFE, 0x32, 0xFF, 0x85, 0xFF, 0x4E, 0x00, 0xF4, 0x00,
  0x47, 0x01, 0x79, 0x01, 0xD4, 0x01, 0x27, 0x02, 0xCD, 0x02, 0x72, 0x03,
  0xC7, 0x03, 0x76, 0x04, 0x08, 0x05, 0xE9, 0x05, 0x79, 0x06, 0xBE, 0x06,
  0x17, 0x07, 0x98, 0x07, 0xE3, 0x07, 0x29, 0x08, 0x6E, 0x08, 0xB7, 0x08,
  0x84, 0x09, 0x30, 0x0A, 0xA8, 0x0A, 0x58, 0x0B, 0xA9, 0x0B, 0x99, 0x0C,
  0x43, 0x0D, 0x3D, 0x0E, 0x93, 0x0E, 0x82, 0x0F, 0x36, 0x10, 0xDC, 0x10,
  0x8C, 0x11, 0x19, 0x12, 0xB4, 0x12, 0xEB, 0x12, 0x24, 0x13, 0xD0, 0x13,
  0x14, 0x14, 0xDC, 0x14, 0x4C, 0x15, 0xED, 0x15, 0xBC, 0x16, 0xFA, 0x16,
  0xC6, 0x17, 0x36, 0x18, 0xCD, 0x18, 0xFA, 0x18, 0x7C, 0x19, 0xD2, 0x19,
  0x1F, 0x1A, 0x53, 0x1A, 0x88, 0x1A, 0x6B, 0x1B, 0xDA, 0x1B, 0x27, 0x1C,
  0x88, 0x1C, 0xA3, 0x1C, 0x00, 0x1D, 0xC5, 0x1D, 0xEC, 0x1D, 0x45, 0x1E,
  0xE4, 0x1E, 0x80, 0x1F, 0x1F, 0x20, 0xB4, 0x20, 0xCB, 0x20, 0x55, 0x21,
  0xD1, 0x21, 0x62, 0x22, 0x6C, 0x22, 0x0E, 0x23, 0xFB, 0x22, 0x82, 0x23,
  0x6F, 0x23, 0x89, 0x23, 0xB4, 0x23, 0xC4, 0x23, 0x23, 0x24, 0x06, 0x24,
  0xE4, 0x23, 0x42, 0x24, 0x90, 0x24, 0x92, 0x24, 0x93, 0x24, 0xB8, 0x24,
  0xDF, 0x24, 0x44, 0x25, 0xBA, 0x25, 0xD9, 0x25, 0x3F, 0x26, 0x25, 0x26,
  0x08, 0x26, 0xBF, 0x25, 0xDB, 0x25, 0xA6, 0x25, 0xC1, 0x25, 0xC8, 0x25,
  0x17, 0x26, 0x68, 0x26, 0xBA, 0x26, 0xAA, 0x26, 0x89, 0x26, 0xA1, 0x26,
  0xD1, 0x26, 0x5A, 0x26, 0x1C, 0x26, 0xFD, 0x25, 0x7C, 0x25, 0x24, 0x25,
  0xA4, 0x24, 0x56, 0x24, 0x84, 0x24, 0x33, 0x24, 0xB6, 0x23, 0xAA, 0x23,
  0x4A, 0x23, 0xEF, 0x22, 0x86, 0x22, 0x23, 0x22, 0xD8, 0x21, 0x58, 0x21,
  0x28, 0x21, 0xE4, 0x20, 0x93, 0x20, 0x78, 0x20, 0x46, 0x20, 0xE0, 0x1F,
  0x8A, 0x1F, 0x31, 0x1F, 0xC8, 0x1E, 0x39, 0x1E, 0xD2, 0x1D, 0xCA, 0x1D,
  0x60, 0x1D, 0xCC, 0x1C, 0x57, 0x1C, 0x9F, 0x1B, 0x48, 0x1B, 0x23, 0x1B,
  0x7D, 0x1A, 0xE6, 0x19, 0xD8, 0x19, 0x75, 0x19, 0x3D, 0x19, 0xCD, 0x18,
  0x5B, 0x18, 0xE6, 0x17, 0xAF, 0x17, 0xE7, 0x16, 0x59, 0x16, 0x07, 0x16,
  0x4A, 0x15, 0x11, 0x15, 0xB5, 0x14, 0x16, 0x14, 0x83, 0x13, 0xE3, 0x12,
  0x82, 0x12, 0xE9, 0x11, 0x1E, 0x11, 0xBA, 0x10, 0x25, 0x10, 0x7A, 0x0F,
  0x3B, 0x0F, 0xD0, 0x0E, 0xF7, 0x0D, 0x59, 0x0D, 0x90, 0x0C, 0x2C, 0x0C,
  0x61, 0x0B, 0x8F, 0x0A, 0x11, 0x0A, 0x9F, 0x09, 0xB5, 0x08, 0x04, 0x08,
  0xA9, 0x07, 0xFB, 0x06, 0xAC, 0x06, 0xE4, 0x05, 0x87, 0x05, 0x94, 0x04,
  0xE5, 0x03, 0x79, 0x03, 0xE7, 0x02, 0x12, 0x02, 0x32, 0x01, 0xE3, 0x00,
  0x5B, 0x00, 0xAE, 0xFF, 0xC4, 0xFE, 0x07, 0xFE, 0x80, 0xFD, 0xBA, 0xFC,
  0x72, 0xFC, 0xEA, 0xFB, 0x6C, 0xFB, 0xD9, 0xFA, 0x0C, 0xFA, 0xBA, 0xF9,
  0x6B, 0xF9, 0x77, 0xF8, 0xBA, 0xF7, 0x63, 0xF7, 0xE2, 0xF6, 0xF7, 0xF5,
  0xA9, 0xF5, 0xD5, 0xF4, 0x35, 0xF4, 0x66, 0xF3, 0xC9, 0xF2, 0xF7, 0xF1,
  0x68, 0xF1, 0xC7, 0xF0, 0x2D, 0xF0, 0x52, 0xEF, 0x81, 0xEE, 0xD5, 0xED,
  0x04, 0xED, 0xB7, 0xEC, 0x06, 0xEC, 0xCC, 0xEB, 0x6E, 0xEB, 0xB1, 0xEA,
  0xFF, 0xE9, 0x4C, 0xE9, 0xAA, 0xE8, 0xEB, 0xE7, 0x9D, 0xE7, 0x63, 0xE7,
  0x36, 0xE7, 0x7C, 0xE6, 0xBD, 0xE5, 0x03, 0xE5, 0xB2, 0xE4, 0x09, 0xE4,
  0xE1, 0xE3, 0x7F, 0xE3, 0x2A, 0xE3, 0xC7, 0xE2, 0x12, 0xE2, 0x82, 0xE1,
  0x73, 0xE1, 0xD9, 0xE0, 0x33, 0xE0, 0xAB, 0xDF, 0x40, 0xDF, 0xAD, 0xDE,
  0x54, 0xDE, 0x30, 0xDE, 0x1D, 0xDE, 0xE2, 0xDD, 0x85, 0xDD, 0x83, 0xDD,
  0xF8, 0xDC, 0xC6, 0xDC, 0x49, 0xDC, 0xE0, 0xDB, 0x94, 0xDB, 0x7D, 0xDB,
  0x05, 0xDB, 0x05, 0xDB, 0xA9, 0xDA, 0xC3, 0xDA, 0xA3, 0xDA, 0x52, 0xDA,
  0x15, 0xDA, 0xDD, 0xD9, 0xE0, 0xD9, 0xB3, 0xD9, 0x65, 0xD9, 0x4B, 0xD9,
  0x66, 0xD9, 0x75, 0xD9, 0x59, 0xD9, 0x29, 0xD9, 0x4C, 0xD9, 0x56, 0xD9,
  0x56, 0xD9, 0x8F, 0xD9, 0x99, 0xD9, 0x6E, 0xD9, 0x1F, 0xD9, 0x30, 0xD9,
  0xE9, 0xD8, 0x02, 0xD9, 0x59, 0xD9, 0x30, 0xD9, 0x7F, 0xD9, 0xBE, 0xD9,
  0xAD, 0xD9, 0xD3, 0xD9, 0x28, 0xDA, 0x5F, 0xDA, 0x86, 0xDA, 0xD6, 0xDA,
  0xFD, 0xDA, 0x61, 0xDB, 0x4E, 0xDB, 0x2A, 0xDB, 0x4A, 0xDB, 0xAA, 0xDB,
  0x0A, 0xDC, 0x47, 0xDC, 0x98, 0xDC, 0xED, 0xDC, 0x4B, 0xDD, 0xA3, 0xDD,
  0xFF, 0xDD, 0x26, 0xDE, 0x47, 0xDE, 0x68, 0xDE, 0xB2, 0xDE, 0x14, 0xDF,
  0x4C, 0xDF, 0xB8, 0xDF, 0xF9, 0xDF, 0x1E, 0xE0, 0x4B, 0xE0, 0xBC, 0xE0,
  0x10, 0xE1, 0x38, 0xE1, 0xB2, 0xE1, 0xE4, 0xE1, 0x3F, 0xE2, 0xA5, 0xE2,
  0xD9, 0xE2, 0x7F, 0xE3, 0xFA, 0xE3, 0x1F, 0xE4, 0xBA, 0xE4, 0x1D, 0xE5,
  0xA2, 0xE5, 0x31, 0xE6, 0xB9, 0xE6, 0x07, 0xE7, 0x93, 0xE7, 0xE8, 0xE7,
  0x51, 0xE8, 0x9E, 0xE8, 0xEE, 0xE8, 0x5B, 0xE9, 0x08, 0xEA, 0x60, 0xEA,
  0x10, 0xEB, 0xC5, 0xEB, 0x4F, 0xEC, 0xA6, 0xEC, 0x46, 0xED, 0xCE, 0xED,
  0x28, 0xEE, 0x77, 0xEE, 0x01, 0xEF, 0x91, 0xEF, 0x42, 0xF0, 0xFC, 0xF0,
  0xAC, 0xF1, 0x3F, 0xF2, 0x09, 0xF3, 0xE4, 0xF3, 0x92, 0xF4, 0x00, 0xF5,
  0x83, 0xF5, 0x12, 0xF6, 0xE3, 0xF6, 0x96, 0xF7, 0xFF, 0xF7, 0xCB, 0xF8,
  0x6D, 0xF9, 0x39, 0xFA, 0xDC, 0xFA, 0x99, 0xFB, 0x0F, 0xFC, 0x7F, 0xFC,
  0x33, 0xFD, 0x0D, 0xFE, 0x6B, 0xFE, 0xD1, 0xFE, 0xA7, 0xFF, 0x67, 0x00,
  0x46, 0x01, 0x08, 0x02, 0xCA, 0x02, 0x4A, 0x03, 0xA8, 0x03, 0x23, 0x04,
  0xA3, 0x04, 0x64, 0x05, 0x0C, 0x06, 0x6B, 0x06, 0xCF, 0x06, 0x3D, 0x07,
  0x0C, 0x08, 0x7D, 0x08, 0x5D, 0x09, 0x1E, 0x0A, 0xC6, 0x0A, 0x41, 0x0B,
  0x0E, 0x0C, 0xAD, 0x0C, 0x5F, 0x0D, 0xDC, 0x0D, 0xA7, 0x0E, 0x1A, 0x0F,
  0xA4, 0x0F, 0x1B, 0x10, 0xB9, 0x10, 0x3D, 0x11, 0xB4, 0x11, 0x27, 0x12,
  0xC2, 0x12, 0x58, 0x13, 0xEF, 0x13, 0x7D, 0x14, 0xE4, 0x14, 0x41, 0x15,
  0xC6, 0x15, 0x1D, 0x16, 0xE0, 0x16, 0x66, 0x17, 0xC9, 0x17, 0x12, 0x18,
  0xBC, 0x18, 0x29, 0x19, 0xE0, 0x19, 0x7D, 0x1A, 0xEE, 0x1A, 0x6F, 0x1B,
  0xC3, 0x1B, 0x62, 0x1C, 0xE3, 0x1C, 0x33, 0x1D, 0x7E, 0x1D, 0xBB, 0x1D,
  0x4C, 0x1E, 0x8C, 0x1E, 0x02, 0x1F, 0x99, 0x1F, 0x17, 0x20, 0x68, 0x20,
  0xC8, 0x20, 0x45, 0x21, 0xC9, 0x21, 0xF8, 0x21, 0x46, 0x22, 0xC0, 0x22,
  0x20, 0x23, 0x64, 0x23, 0xAE, 0x23, 0xC9, 0x23, 0x13, 0x24, 0x4F, 0x24,
  0x50, 0x24, 0x6D, 0x24, 0x9C, 0x24, 0xB8, 0x24, 0x06, 0x25, 0x5C, 0x25,
  0x8B, 0x25, 0x8F, 0x25, 0xE1, 0x25, 0x05, 0x26, 0x4F, 0x26, 0x5B, 0x26,
  0x7B, 0x26, 0xA6, 0x26, 0xEE, 0x26, 0x05, 0x27, 0x34, 0x27, 0x1E, 0x27,
  0x26, 0x27, 0x3F, 0x27, 0x3A, 0x27, 0x66, 0x27, 0x89, 0x27, 0x5B, 0x27,
  0x35, 0x27, 0x01, 0x27, 0xFA, 0x26, 0xF7, 0x26, 0x0E, 0x27, 0xE8, 0x26,
  0x00, 0x27, 0x00, 0x27, 0x0C, 0x27, 0xBC, 0x26, 0x83, 0x26, 0x29, 0x26,
  0xE3, 0x25, 0x91, 0x25, 0x49, 0x25, 0x25, 0x25, 0x02, 0x25, 0xAD, 0x24,
  0x92, 0x24, 0x76, 0x24, 0x1A, 0x24, 0xDD, 0x23, 0x7A, 0x23, 0x26, 0x23,
  0xF6, 0x22, 0xA7, 0x22, 0x56, 0x22, 0x0D, 0x22, 0xAA, 0x21, 0x72, 0x21,
  0x0E, 0x21, 0xC9, 0x20, 0x8F, 0x20, 0x26, 0x20, 0x04, 0x20, 0xDF, 0x1F,
  0x5B, 0x1F, 0xEC, 0x1E, 0x74, 0x1E, 0x1C, 0x1E, 0xE1, 0x1D, 0xA6, 0x1D,
  0x13, 0x1D, 0xB5, 0x1C, 0x3A, 0x1C, 0xCA, 0x1B, 0x54, 0x1B, 0xC6, 0x1A,
  0x52, 0x1A, 0x0B, 0x1A, 0x64, 0x19, 0x15, 0x19, 0x8D, 0x18, 0x42, 0x18,
  0xAB, 0x17, 0x54, 0x17, 0xD0, 0x16, 0x51, 0x16, 0xBC, 0x15, 0x21, 0x15,
  0xBD, 0x14, 0x4F, 0x14, 0xEC, 0x13, 0x52, 0x13, 0xD3, 0x12, 0x66, 0x12,
  0xCE, 0x11, 0x4F, 0x11, 0xD8, 0x10, 0x19, 0x10, 0x65, 0x0F, 0xC5, 0x0E,
  0x16, 0x0E, 0x93, 0x0D, 0x11, 0x0D, 0x87, 0x0C, 0x01, 0x0C, 0x59, 0x0B,
  0xC6, 0x0A, 0x3E, 0x0A, 0xA4, 0x09, 0x25, 0x09, 0xB3, 0x08, 0x1B, 0x08,
  0x8C, 0x07, 0xEA, 0x06, 0x5D, 0x06, 0x8B, 0x05, 0xCA, 0x04, 0x02, 0x04,
  0x3E, 0x03, 0xB0, 0x02, 0x00, 0x02, 0x87, 0x01, 0x02, 0x01, 0x3E, 0x00,
  0xB1, 0xFF, 0xF8, 0xFE, 0x77, 0xFE, 0xB0, 0xFD, 0x17, 0xFD, 0x4F, 0xFC,
  0xC6, 0xFB, 0x24, 0xFB, 0x6E, 0xFA, 0xB8, 0xF9, 0x3F, 0xF9, 0xC5, 0xF8,
  0x1D, 0xF8, 0x83, 0xF7, 0xE3, 0xF6, 0x26, 0xF6, 0x81, 0xF5, 0xE1, 0xF4,
  0x3A, 0xF4, 0xC9, 0xF3, 0x20, 0xF3, 0x70, 0xF2, 0xCC, 0xF1, 0x14, 0xF1,
  0x8B, 0xF0, 0x20, 0xF0, 0x90, 0xEF, 0x05, 0xEF, 0x7B, 0xEE, 0x0E, 0xEE,
  0x85, 0xED, 0x1E, 0xED, 0xB0, 0xEC, 0x20, 0xEC, 0x87, 0xEB, 0x11, 0xEB,
  0x89, 0xEA, 0xEC, 0xE9, 0x8D, 0xE9, 0x08, 0xE9, 0x90, 0xE8, 0x1A, 0xE8,
  0x89, 0xE7, 0xF4, 0xE6, 0x9A, 0xE6, 0x47, 0xE6, 0xAD, 0xE5, 0x33, 0xE5,
  0xC1, 0xE4, 0x51, 0xE4, 0xEA, 0xE3, 0x76, 0xE3, 0x2D, 0xE3, 0xA3, 0xE2,
  0x48, 0xE2, 0xDD, 0xE1, 0x77, 0xE1, 0x29, 0xE1, 0xD1, 0xE0, 0x66, 0xE0,
  0x1B, 0xE0, 0xB5, 0xDF, 0x7C, 0xDF, 0x32, 0xDF, 0xDC, 0xDE, 0xAA, 0xDE,
  0x4C, 0xDE, 0x01, 0xDE, 0x96, 0xDD, 0x44, 0xDD, 0x20, 0xDD, 0xC6, 0xDC,
  0x77, 0xDC, 0x30, 0xDC, 0xD3, 0xDB, 0xB7, 0xDB, 0x66, 0xDB, 0x49, 0xDB,
  0xF8, 0xDA, 0xB8, 0xDA, 0x73, 0xDA, 0x4F, 0xDA, 0x49, 0xDA, 0x10, 0xDA,
  0xF3, 0xD9, 0xDD, 0xD9, 0xC9, 0xD9, 0xD3, 0xD9, 0xC9, 0xD9, 0xC3, 0xD9,
  0xB2, 0xD9, 0xAC, 0xD9, 0xA4, 0xD9, 0x7A, 0xD9, 0x7F, 0xD9, 0x5E, 0xD9,
  0x64, 0xD9, 0x7E, 0xD9, 0x74, 0xD9, 0x9E, 0xD9, 0xAE, 0xD9, 0xC5, 0xD9,
  0xD8, 0xD9, 0xD3, 0xD9, 0xFB, 0xD9, 0xEF, 0xD9, 0xE9, 0xD9, 0x19, 0xDA,
  0x47, 0xDA, 0x5D, 0xDA, 0x73, 0xDA, 0x79, 0xDA, 0xB4, 0xDA, 0xDD, 0xDA,
  0x28, 0xDB, 0x68, 0xDB, 0x99, 0xDB, 0xB2, 0xDB, 0xD3, 0xDB, 0x04, 0xDC,
  0x39, 0xDC, 0x63, 0xDC, 0xBF, 0xDC, 0x21, 0xDD, 0x4A, 0xDD, 0x7B, 0xDD,
  0xD8, 0xDD, 0x06, 0xDE, 0x60, 0xDE, 0xA0, 0xDE, 0x01, 0xDF, 0x5C, 0xDF,
  0xC7, 0xDF, 0x34, 0xE0, 0x80, 0xE0, 0xEF, 0xE0, 0x3A, 0xE1, 0x9B, 0xE1,
  0x0F, 0xE2, 0x6C, 0xE2, 0xB5, 0xE2, 0x36, 0xE3, 0xA3, 0xE3, 0x1E, 0xE4,
  0x87, 0xE4, 0xF1, 0xE4, 0x4D, 0xE5, 0xB8, 0xE5, 0x43, 0xE6, 0xA6, 0xE6,
  0x23, 0xE7, 0x94, 0xE7, 0x05, 0xE8, 0x8A, 0xE8, 0xFA, 0xE8, 0x78, 0xE9,
  0xFD, 0xE9, 0x77, 0xEA, 0xE5, 0xEA, 0x7D, 0xEB, 0x1E, 0xEC, 0xBC, 0xEC,
  0x54, 0xED, 0xE2, 0xED, 0x6E, 0xEE, 0xE7, 0xEE, 0x6D, 0xEF, 0x04, 0xF0,
  0x8A, 0xF0, 0x12, 0xF1, 0x8D, 0xF1, 0x26, 0xF2, 0xD2, 0xF2, 0x50, 0xF3,
  0xE6, 0xF3, 0x82, 0xF4, 0x30, 0xF5, 0xC8, 0xF5, 0x4D, 0xF6, 0xEB, 0xF6,
  0x96, 0xF7, 0x25, 0xF8, 0xD4, 0xF8, 0x74, 0xF9, 0x18, 0xFA, 0xAD, 0xFA,
  0x32, 0xFB, 0xD2, 0xFB, 0x7A, 0xFC, 0x2E, 0xFD, 0xC1, 0xFD, 0x64, 0xFE,
  0x06, 0xFF, 0xB9, 0xFF, 0x64, 0x00, 0x07, 0x01, 0xB6, 0x01, 0x3B, 0x02,
  0xED, 0x02, 0x78, 0x03, 0x0C, 0x04, 0xAF, 0x04, 0x52, 0x05, 0xFB, 0x05,
  0x86, 0x06, 0x34, 0x07, 0xBE, 0x07, 0x48, 0x08, 0xE7, 0x08, 0x78, 0x09,
  0x09, 0x0A, 0x9E, 0x0A, 0x43, 0x0B, 0xDE, 0x0B, 0x86, 0x0C, 0x20, 0x0D,
  0xBF, 0x0D, 0x47, 0x0E, 0xDA, 0x0E, 0x63, 0x0F, 0xF2, 0x0F, 0x7F, 0x10,
  0x12, 0x11, 0x96, 0x11, 0x0A, 0x12, 0x83, 0x12, 0x0E, 0x13, 0x88, 0x13,
  0x1A, 0x14, 0xA8, 0x14, 0x3A, 0x15, 0xBF, 0x15, 0x40, 0x16, 0xAF, 0x16,
  0x22, 0x17, 0x91, 0x17, 0x0D, 0x18, 0x8B, 0x18, 0x09, 0x19, 0x72, 0x19,
  0xEB, 0x19, 0x6A, 0x1A, 0xE7, 0x1A, 0x62, 0x1B, 0xCA, 0x1B, 0x29, 0x1C,
  0x82, 0x1C, 0xE5, 0x1C, 0x4F, 0x1D, 0xA6, 0x1D, 0x1A, 0x1E, 0x8C, 0x1E,
  0xE5, 0x1E, 0x51, 0x1F, 0xAF, 0x1F, 0x0E, 0x20, 0x6E, 0x20, 0xC6, 0x20,
  0x13, 0x21, 0x62, 0x21, 0xA4, 0x21, 0xF3, 0x21, 0x34, 0x22, 0x7C, 0x22,
  0xB7, 0x22, 0xF9, 0x22, 0x48, 0x23, 0x83, 0x23, 0xBE, 0x23, 0xFA, 0x23,
  0x3E, 0x24, 0x7B, 0x24, 0xB0, 0x24, 0xE5, 0x24, 0x0F, 0x25, 0x34, 0x25,
  0x58, 0x25, 0x7D, 0x25, 0xAD, 0x25, 0xD8, 0x25, 0xFB, 0x25, 0x0B, 0x26,
  0x1A, 0x26, 0x2B, 0x26, 0x3F, 0x26, 0x5C, 0x26, 0x75, 0x26, 0x7F, 0x26,
  0x87, 0x26, 0x91, 0x26, 0x8C, 0x26, 0x82, 0x26, 0x89, 0x26, 0x80, 0x26,
  0x82, 0x26, 0x84, 0x26, 0x71, 0x26, 0x65, 0x26, 0x4E, 0x26, 0x47, 0x26,
  0x3D, 0x26, 0x2A, 0x26, 0x19, 0x26, 0x02, 0x26, 0xE6, 0x25, 0xCE, 0x25,
  0xAF, 0x25, 0x82, 0x25, 0x59, 0x25, 0x26, 0x25, 0xFC, 0x24, 0xD3, 0x24,
  0xA5, 0x24, 0x79, 0x24, 0x4B, 0x24, 0x11, 0x24, 0xCF, 0x23, 0x91, 0x23,
  0x49, 0x23, 0x11, 0x23, 0xD4, 0x22, 0x8A, 0x22, 0x39, 0x22, 0xE8, 0x21,
  0x9D, 0x21, 0x58, 0x21, 0x0C, 0x21, 0xB2, 0x20, 0x59, 0x20, 0xFD, 0x1F,
  0xA8, 0x1F, 0x54, 0x1F, 0xF0, 0x1E, 0x90, 0x1E, 0x36, 0x1E, 0xD1, 0x1D,
  0x6D, 0x1D, 0x02, 0x1D, 0xA2, 0x1C, 0x40, 0x1C, 0xCF, 0x1B, 0x66, 0x1B,
  0xFF, 0x1A, 0x8D, 0x1A, 0x17, 0x1A, 0x9F, 0x19, 0x26, 0x19, 0xB4, 0x18,
  0x3F, 0x18, 0xC7, 0x17, 0x49, 0x17, 0xC9, 0x16, 0x45, 0x16, 0xC6, 0x15,
  0x45, 0x15, 0xBE, 0x14, 0x39, 0x14, 0xB3, 0x13, 0x27, 0x13, 0xA0, 0x12,
  0x16, 0x12, 0x8E, 0x11, 0x08, 0x11, 0x7C, 0x10, 0xEB, 0x0F, 0x60, 0x0F,
  0xD4, 0x0E, 0x41, 0x0E, 0xB2, 0x0D, 0x25, 0x0D, 0x94, 0x0C, 0x00, 0x0C,
  0x6F, 0x0B, 0xD7, 0x0A, 0x41, 0x0A, 0xA9, 0x09, 0x13, 0x09, 0x7D, 0x08,
  0xE8, 0x07, 0x51, 0x07, 0xB6, 0x06, 0x1A, 0x06, 0x7E, 0x05, 0xE5, 0x04,
  0x48, 0x04, 0xAD, 0x03, 0x14, 0x03, 0x78, 0x02, 0xDB, 0x01, 0x41, 0x01,
  0xA5, 0x00, 0x08, 0x00, 0x6F, 0xFF, 0xD3, 0xFE, 0x39, 0xFE, 0x9E, 0xFD,
  0x02, 0xFD, 0x68, 0xFC, 0xCE, 0xFB, 0x33, 0xFB, 0x99, 0xFA, 0x00, 0xFA,
  0x68, 0xF9, 0xCF, 0xF8, 0x37, 0xF8, 0x9F, 0xF7, 0x08, 0xF7, 0x72, 0xF6,
  0xDC, 0xF5, 0x47, 0xF5, 0xB2, 0xF4, 0x1E, 0xF4, 0x8B, 0xF3, 0xF9, 0xF2,
  0x67, 0xF2, 0xD6, 0xF1, 0x47, 0xF1, 0xB8, 0xF0, 0x2A, 0xF0, 0x9D, 0xEF,
  0x11, 0xEF, 0x86, 0xEE, 0xFD, 0xED, 0x74, 0xED, 0xED, 0xEC, 0x67, 0xEC,
  0xE2, 0xEB, 0x5F, 0xEB, 0xDD, 0xEA, 0x5C, 0xEA, 0xDD, 0xE9, 0x5F, 0xE9,
  0xE2, 0xE8, 0x67, 0xE8, 0xED, 0xE7, 0x75, 0xE7, 0xFF, 0xE6, 0x8A, 0xE6,
  0x17, 0xE6, 0xA5, 0xE5, 0x36, 0xE5, 0xC7, 0xE4, 0x5B, 0xE4, 0xF0, 0xE3,
  0x88, 0xE3, 0x21, 0xE3, 0xBB, 0xE2, 0x58, 0xE2, 0xF7, 0xE1, 0x97, 0xE1,
  0x39, 0xE1, 0xDE, 0xE0, 0x84, 0xE0, 0x2D, 0xE0, 0xD7, 0xDF, 0x83, 0xDF,
  0x32, 0xDF, 0xE3, 0xDE, 0x95, 0xDE, 0x4A, 0xDE, 0x01, 0xDE, 0xBA, 0xDD,
  0x75, 0xDD, 0x33, 0xDD, 0xF3, 0xDC, 0xB5, 0xDC, 0x79, 0xDC, 0x3F, 0xDC,
  0x08, 0xDC, 0xD3, 0xDB, 0xA0, 0xDB, 0x70, 0xDB, 0x42, 0xDB, 0x16, 0xDB,
  0xED, 0xDA, 0xC6, 0xDA, 0xA1, 0xDA, 0x7F, 0xDA, 0x5F, 0xDA, 0x41, 0xDA,
  0x26, 0xDA, 0x0D, 0xDA, 0xF7, 0xD9, 0xE3, 0xD9, 0xD1, 0xD9, 0xC2, 0xD9,
  0xB5, 0xD9, 0xAB, 0xD9, 0xA3, 0xD9, 0x9E, 0xD9, 0x9B, 0xD9, 0x9A, 0xD9,
  0x9C, 0xD9, 0xA0, 0xD9, 0xA7, 0xD9, 0xB0, 0xD9, 0xBB, 0xD9, 0xC9, 0xD9,
  0xDA, 0xD9, 0xEC, 0xD9, 0x01, 0xDA, 0x19, 0xDA, 0x33, 0xDA, 0x4F, 0xDA,
  0x6E, 0xDA, 0x8F, 0xDA, 0xB2, 0xDA, 0xD8, 0xDA, 0x00, 0xDB, 0x2B, 0xDB,
  0x57, 0xDB, 0x86, 0xDB, 0xB8, 0xDB, 0xEB, 0xDB, 0x21, 0xDC, 0x59, 0xDC,
  0x94, 0xDC, 0xD0, 0xDC, 0x0F, 0xDD, 0x50, 0xDD, 0x93, 0xDD, 0xD9, 0xDD,
  0x20, 0xDE, 0x6A, 0xDE, 0xB6, 0xDE, 0x04, 0xDF, 0x53, 0xDF, 0xA5, 0xDF,
  0xF9, 0xDF, 0x4F, 0xE0, 0xA7, 0xE0, 0x01, 0xE1, 0x5D, 0xE1, 0xBB, 0xE1,
  0x1B, 0xE2, 0x7C, 0xE2, 0xE0, 0xE2, 0x45, 0xE3, 0xAC, 0xE3, 0x15, 0xE4,
  0x7F, 0xE4, 0xEB, 0xE4, 0x59, 0xE5, 0xC9, 0xE5, 0x3A, 0xE6, 0xAD, 0xE6,
  0x22, 0xE7, 0x98, 0xE7, 0x0F, 0xE8, 0x88, 0xE8, 0x03, 0xE9, 0x7E, 0xE9,
  0xFC, 0xE9, 0x7A, 0xEA, 0xFA, 0xEA, 0x7C, 0xEB, 0xFE, 0xEB, 0x82, 0xEC,
  0x07, 0xED, 0x8D, 0xED, 0x15, 0xEE, 0x9D, 0xEE, 0x27, 0xEF, 0xB2, 0xEF,
  0x3D, 0xF0, 0xCA, 0xF0, 0x57, 0xF1, 0xE6, 0xF1, 0x75, 0xF2, 0x05, 0xF3,
  0x96, 0xF3, 0x28, 0xF4, 0xBA, 0xF4, 0x4E, 0xF5, 0xE1, 0xF5, 0x76, 0xF6,
  0x0B, 0xF7, 0xA0, 0xF7, 0x36, 0xF8, 0xCD, 0xF8, 0x64, 0xF9, 0xFB, 0xF9,
  0x93, 0xFA, 0x2B, 0xFB, 0xC4, 0xFB, 0x5C, 0xFC, 0xF5, 0xFC, 0x8E, 0xFD,
  0x27, 0xFE, 0xC1, 0xFE, 0x5A, 0xFF, 0xF3, 0xFF, 0x8D, 0x00, 0x26, 0x01,
  0xBF, 0x01, 0x58, 0x02, 0xF1, 0x02, 0x8A, 0x03, 0x23, 0x04, 0xBB, 0x04,
  0x53, 0x05, 0xEB, 0x05, 0x82, 0x06, 0x19, 0x07, 0xAF, 0x07, 0x45, 0x08,
  0xDA, 0x08, 0x6F, 0x09, 0x03, 0x0A, 0x97, 0x0A, 0x2A, 0x0B, 0xBC, 0x0B,
  0x4E, 0x0C, 0xDE, 0x0C, 0x6E, 0x0D, 0xFD, 0x0D, 0x8B, 0x0E, 0x19, 0x0F,
  0xA5, 0x0F, 0x30, 0x10, 0xBB, 0x10, 0x44, 0x11, 0xCC, 0x11, 0x53, 0x12,
  0xD9, 0x12, 0x5E, 0x13, 0xE1, 0x13, 0x64, 0x14, 0xE5, 0x14, 0x64, 0x15,
  0xE3, 0x15, 0x60, 0x16, 0xDB, 0x16, 0x55, 0x17, 0xCE, 0x17, 0x45, 0x18,
  0xBB, 0x18, 0x2F, 0x19, 0xA2, 0x19, 0x13, 0x1A, 0x82, 0x1A, 0xF0, 0x1A,
  0x5C, 0x1B, 0xC7, 0x1B, 0x2F, 0x1C, 0x96, 0x1C, 0xFB, 0x1C, 0x5F, 0x1D,
  0xC0, 0x1D, 0x20, 0x1E, 0x7E, 0x1E, 0xDA, 0x1E, 0x34, 0x1F, 0x8C, 0x1F,
  0xE2, 0x1F, 0x36, 0x20, 0x88, 0x20, 0xD8, 0x20, 0x26, 0x21, 0x72, 0x21,
  0xBC, 0x21, 0x04, 0x22, 0x4A, 0x22, 0x8E, 0x22, 0xCF, 0x22, 0x0E, 0x23,
  0x4C, 0x23, 0x87, 0x23, 0xBF, 0x23, 0xF6, 0x23, 0x2A, 0x24, 0x5D, 0x24,
  0x8C, 0x24, 0xBA, 0x24, 0xE6, 0x24, 0x0F, 0x25, 0x35, 0x25, 0x5A, 0x25,
  0x7C, 0x25, 0x9C, 0x25, 0xBA, 0x25, 0xD5, 0x25, 0xEE, 0x25, 0x04, 0x26,
  0x19, 0x26, 0x2B, 0x26, 0x3A, 0x26, 0x47, 0x26, 0x52, 0x26, 0x5B, 0x26,
  0x61, 0x26, 0x65, 0x26, 0x66, 0x26, 0x65, 0x26, 0x62, 0x26, 0x5C, 0x26,
  0x54, 0x26, 0x4A, 0x26, 0x3D, 0x26, 0x2E, 0x26, 0x1D, 0x26, 0x09, 0x26,
  0xF3, 0x25, 0xDA, 0x25, 0xC0, 0x25, 0xA2, 0x25, 0x83, 0x25, 0x61, 0x25,
  0x3D, 0x25, 0x17, 0x25, 0xEF, 0x24, 0xC4, 0x24, 0x97, 0x24, 0x68, 0x24,
  0x36, 0x24, 0x02, 0x24, 0xCD, 0x23, 0x94, 0x23, 0x5A, 0x23, 0x1E, 0x23,
  0xDF, 0x22, 0x9E, 0x22, 0x5C, 0x22, 0x17, 0x22, 0xD0, 0x21, 0x86, 0x21,
  0x3B, 0x21, 0xEE, 0x20, 0x9F, 0x20, 0x4E, 0x20, 0xFB, 0x1F, 0xA6, 0x1F,
  0x4F, 0x1F, 0xF6, 0x1E, 0x9B, 0x1E, 0x3E, 0x1E, 0xE0, 0x1D, 0x7F, 0x1D,
  0x1D, 0x1D, 0xB9, 0x1C, 0x54, 0x1C, 0xEC, 0x1B, 0x83, 0x1B, 0x19, 0x1B,
  0xAC, 0x1A, 0x3E, 0x1A, 0xCF, 0x19, 0x5D, 0x19, 0xEB, 0x18, 0x76, 0x18,
  0x01, 0x18, 0x8A, 0x17, 0x11, 0x17, 0x97, 0x16, 0x1C, 0x16, 0x9F, 0x15,
  0x21, 0x15, 0xA2, 0x14, 0x21, 0x14, 0x9F, 0x13, 0x1C, 0x13, 0x98, 0x12,
  0x13, 0x12, 0x8D, 0x11, 0x05, 0x11, 0x7D, 0x10, 0xF4, 0x0F, 0x69, 0x0F,
  0xDE, 0x0E, 0x52, 0x0E, 0xC5, 0x0D, 0x37, 0x0D, 0xA8, 0x0C, 0x19, 0x0C,
  0x89, 0x0B, 0xF8, 0x0A, 0x66, 0x0A, 0xD4, 0x09, 0x41, 0x09, 0xAE, 0x08,
  0x1A, 0x08, 0x86, 0x07, 0xF1, 0x06, 0x5C, 0x06, 0xC7, 0x05, 0x31, 0x05,
  0x9B, 0x04, 0x04, 0x04, 0x6E, 0x03, 0xD7, 0x02, 0x40, 0x02, 0xA9, 0x01,
  0x12, 0x01, 0x7A, 0x00, 0xE3, 0xFF, 0x4C, 0xFF, 0xB5, 0xFE, 0x1D, 0xFE,
  0x86, 0xFD, 0xF0, 0xFC, 0x59, 0xFC, 0xC2, 0xFB, 0x2C, 0xFB, 0x96, 0xFA,
  0x01, 0xFA, 0x6C, 0xF9, 0xD7, 0xF8, 0x43, 0xF8, 0xAF, 0xF7, 0x1C, 0xF7,
  0x89, 0xF6, 0xF7, 0xF5, 0x65, 0xF5, 0xD4, 0xF4, 0x44, 0xF4, 0xB5, 0xF3,
  0x26, 0xF3, 0x98, 0xF2, 0x0B, 0xF2, 0x7F, 0xF1, 0xF3, 0xF0, 0x69, 0xF0,
  0xDF, 0xEF, 0x57, 0xEF, 0xCF, 0xEE, 0x49, 0xEE, 0xC3, 0xED, 0x3F, 0xED,
  0xBC, 0xEC, 0x3A, 0xEC, 0xB9, 0xEB, 0x39, 0xEB, 0xBB, 0xEA, 0x3E, 0xEA,
  0xC2, 0xE9, 0x48, 0xE9, 0xCF, 0xE8, 0x58, 0xE8, 0xE2, 0xE7, 0x6D, 0xE7,
  0xFA, 0xE6, 0x88, 0xE6, 0x18, 0xE6, 0xAA, 0xE5, 0x3D, 0xE5, 0xD1, 0xE4,
  0x68, 0xE4, 0x00, 0xE4, 0x99, 0xE3, 0x35, 0xE3, 0xD2, 0xE2, 0x71, 0xE2,
  0x12, 0xE2, 0xB4, 0xE1, 0x58, 0xE1, 0xFF, 0xE0, 0xA7, 0xE0, 0x51, 0xE0,
  0xFC, 0xDF, 0xAA, 0xDF, 0x5A, 0xDF, 0x0C, 0xDF, 0xBF, 0xDE, 0x75, 0xDE,
  0x2D, 0xDE, 0xE6, 0xDD, 0xA2, 0xDD, 0x60, 0xDD, 0x20, 0xDD, 0xE2, 0xDC,
  0xA6, 0xDC, 0x6D, 0xDC, 0x35, 0xDC, 0x00, 0xDC, 0xCC, 0xDB, 0x9B, 0xDB,
  0x6C, 0xDB, 0x40, 0xDB, 0x15, 0xDB, 0xED, 0xDA, 0xC7, 0xDA, 0xA3, 0xDA,
  0x81, 0xDA, 0x62, 0xDA, 0x45, 0xDA, 0x2A, 0xDA, 0x12, 0xDA, 0xFB, 0xD9,
  0xE7, 0xD9, 0xD6, 0xD9, 0xC6, 0xD9, 0xB9, 0xD9, 0xAE, 0xD9, 0xA6, 0xD9,
  0xA0, 0xD9, 0x9C, 0xD9, 0x9A, 0xD9, 0x9B, 0xD9, 0x9E, 0xD9, 0xA3, 0xD9,
  0xAA, 0xD9, 0xB4, 0xD9, 0xC0, 0xD9, 0xCF, 0xD9, 0xDF, 0xD9, 0xF2, 0xD9,
  0x07, 0xDA, 0x1F, 0xDA, 0x39, 0xDA, 0x55, 0xDA, 0x73, 0xDA, 0x93, 0xDA,
  0xB6, 0xDA, 0xDB, 0xDA, 0x02, 0xDB, 0x2B, 0xDB, 0x57, 0xDB, 0x85, 0xDB,
  0xB5, 0xDB, 0xE7, 0xDB, 0x1B, 0xDC, 0x51, 0xDC, 0x8A, 0xDC, 0xC4, 0xDC,
  0x01, 0xDD, 0x40, 0xDD, 0x81, 0xDD, 0xC3, 0xDD, 0x08, 0xDE, 0x4F, 0xDE,
  0x98, 0xDE, 0xE3, 0xDE, 0x30, 0xDF, 0x7F, 0xDF, 0xD0, 0xDF, 0x22, 0xE0,
  0x77, 0xE0, 0xCD, 0xE0, 0x26, 0xE1, 0x80, 0xE1, 0xDC, 0xE1, 0x39, 0xE2,
  0x99, 0xE2, 0xFA, 0xE2, 0x5D, 0xE3, 0xC1, 0xE3, 0x28, 0xE4, 0x90, 0xE4,
  0xF9, 0xE4, 0x64, 0xE5, 0xD1, 0xE5, 0x3F, 0xE6, 0xAF, 0xE6, 0x20, 0xE7,
  0x93, 0xE7, 0x07, 0xE8, 0x7D, 0xE8, 0xF4, 0xE8, 0x6C, 0xE9, 0xE6, 0xE9,
  0x61, 0xEA, 0xDD, 0xEA, 0x5B, 0xEB, 0xDA, 0xEB, 0x5A, 0xEC, 0xDB, 0xEC,
  0x5D, 0xED, 0xE0, 0xED, 0x64, 0xEE, 0xEA, 0xEE, 0x70, 0xEF, 0xF8, 0xEF,
  0x80, 0xF0, 0x09, 0xF1, 0x93, 0xF1, 0x1E, 0xF2, 0xAA, 0xF2, 0x36, 0xF3,
  0xC4, 0xF3, 0x52, 0xF4, 0xE0, 0xF4, 0x70, 0xF5, 0x00, 0xF6, 0x90, 0xF6,
  0x21, 0xF7, 0xB3, 0xF7, 0x45, 0xF8, 0xD7, 0xF8, 0x6A, 0xF9, 0xFD, 0xF9,
  0x91, 0xFA, 0x25, 0xFB, 0xB9, 0xFB, 0x4E, 0xFC, 0xE2, 0xFC, 0x77, 0xFD,
  0x0C, 0xFE, 0xA1, 0xFE, 0x36, 0xFF, 0xCC, 0xFF, 0x61, 0x00, 0xF6, 0x00,
  0x8B, 0x01, 0x20, 0x02, 0xB5, 0x02, 0x4A, 0x03, 0xDE, 0x03, 0x72, 0x04,
  0x06, 0x05, 0x9A, 0x05, 0x2D, 0x06, 0xC0, 0x06, 0x53, 0x07, 0xE5, 0x07,
  0x77, 0x08, 0x08, 0x09, 0x98, 0x09, 0x29, 0x0A, 0xB8, 0x0A, 0x47, 0x0B,
  0xD5, 0x0B, 0x62, 0x0C, 0xEF, 0x0C, 0x7B, 0x0D, 0x06, 0x0E, 0x90, 0x0E,
  0x19, 0x0F, 0xA2, 0x0F, 0x29, 0x10, 0xB0, 0x10, 0x36, 0x11, 0xBA, 0x11,
  0x3E, 0x12, 0xC0, 0x12, 0x42, 0x13, 0xC2, 0x13, 0x41, 0x14, 0xBF, 0x14,
  0x3B, 0x15, 0xB7, 0x15, 0x31, 0x16, 0xAA, 0x16, 0x21, 0x17, 0x97, 0x17,
  0x0C, 0x18, 0x7F, 0x18, 0xF1, 0x18, 0x61, 0x19, 0xD0, 0x19, 0x3D, 0x1A,
  0xA9, 0x1A, 0x13, 0x1B, 0x7C, 0x1B, 0xE3, 0x1B, 0x48, 0x1C, 0xAC, 0x1C,
  0x0E, 0x1D, 0x6F, 0x1D, 0xCD, 0x1D, 0x2A, 0x1E, 0x85, 0x1E, 0xDE, 0x1E,
  0x36, 0x1F, 0x8B, 0x1F, 0xDF, 0x1F, 0x31, 0x20, 0x81, 0x20, 0xCF, 0x20,
  0x1B, 0x21, 0x66, 0x21, 0xAE, 0x21, 0xF4, 0x21, 0x39, 0x22, 0x7B, 0x22,
  0xBB, 0x22, 0xFA, 0x22, 0x36, 0x23, 0x70, 0x23, 0xA8, 0x23, 0xDE, 0x23,
  0x12, 0x24, 0x44, 0x24, 0x74, 0x24, 0xA1, 0x24, 0xCD, 0x24, 0xF6, 0x24,
  0x1D, 0x25, 0x42, 0x25, 0x65, 0x25, 0x86, 0x25, 0xA4, 0x25, 0xC0, 0x25,
  0xDA, 0x25, 0xF2, 0x25, 0x08, 0x26, 0x1B, 0x26, 0x2C, 0x26, 0x3B, 0x26,
  0x48, 0x26, 0x52, 0x26, 0x5B, 0x26, 0x61, 0x26, 0x64, 0x26, 0x66, 0x26,
  0x65, 0x26, 0x62, 0x26, 0x5D, 0x26, 0x56, 0x26, 0x4C, 0x26, 0x41, 0x26,
  0x33, 0x26, 0x22, 0x26, 0x10, 0x26, 0xFB, 0x25, 0xE4, 0x25, 0xCB, 0x25,
  0xB0, 0x25, 0x92, 0x25, 0x73, 0x25, 0x51, 0x25, 0x2D, 0x25, 0x07, 0x25,
  0xDF, 0x24, 0xB4, 0x24, 0x88, 0x24, 0x59, 0x24, 0x28, 0x24, 0xF5, 0x23,
  0xC1, 0x23, 0x8A, 0x23, 0x50, 0x23, 0x15, 0x23, 0xD8, 0x22, 0x99, 0x22,
  0x58, 0x22, 0x15, 0x22, 0xD0, 0x21, 0x89, 0x21, 0x40, 0x21, 0xF5, 0x20,
  0xA8, 0x20, 0x59, 0x20, 0x09, 0x20, 0xB6, 0x1F, 0x62, 0x1F, 0x0C, 0x1F,
  0xB4, 0x1E, 0x5B, 0x1E, 0xFF, 0x1D, 0xA2, 0x1D, 0x44, 0x1D, 0xE3, 0x1C,
  0x81, 0x1C, 0x1D, 0x1C, 0xB8, 0x1B, 0x51, 0x1B, 0xE8, 0x1A, 0x7E, 0x1A,
  0x13, 0x1A, 0xA5, 0x19, 0x37, 0x19, 0xC7, 0x18, 0x55, 0x18, 0xE2, 0x17,
  0x6E, 0x17, 0xF9, 0x16, 0x82, 0x16, 0x0A, 0x16, 0x90, 0x15, 0x16, 0x15,
  0x9A, 0x14, 0x1D, 0x14, 0x9E, 0x13, 0x1F, 0x13, 0x9F, 0x12, 0x1D, 0x12,
  0x9B, 0x11, 0x17, 0x11, 0x93, 0x10, 0x0D, 0x10, 0x87, 0x0F, 0x00, 0x0F,
  0x77, 0x0E, 0xEE, 0x0D, 0x65, 0x0D, 0xDA, 0x0C, 0x4F, 0x0C, 0xC3, 0x0B,
  0x37, 0x0B, 0xA9, 0x0A, 0x1C, 0x0A, 0x8D, 0x09, 0xFE, 0x08, 0x6F, 0x08,
  0xDF, 0x07, 0x4F, 0x07, 0xBE, 0x06, 0x2D, 0x06, 0x9B, 0x05, 0x09, 0x05,
  0x77, 0x04, 0xE5, 0x03, 0x53, 0x03, 0xC0, 0x02, 0x2D, 0x02, 0x9A, 0x01,
  0x07, 0x01, 0x74, 0x00, 0xE1, 0xFF, 0x4E, 0xFF, 0xBB, 0xFE, 0x28, 0xFE,
  0x95, 0xFD, 0x02, 0xFD, 0x6F, 0xFC, 0xDD, 0xFB, 0x4B, 0xFB, 0xB9, 0xFA,
  0x28, 0xFA, 0x97, 0xF9, 0x06, 0xF9, 0x76, 0xF8, 0xE6, 0xF7, 0x56, 0xF7,
  0xC7, 0xF6, 0x39, 0xF6, 0xAB, 0xF5, 0x1E, 0xF5, 0x91, 0xF4, 0x05, 0xF4,
  0x7A, 0xF3, 0xF0, 0xF2, 0x66, 0xF2, 0xDD, 0xF1, 0x55, 0xF1, 0xCE, 0xF0,
  0x47, 0xF0, 0xC2, 0xEF, 0x3D, 0xEF, 0xB9, 0xEE, 0x37, 0xEE, 0xB5, 0xED,
  0x35, 0xED, 0xB5, 0xEC, 0x37, 0xEC, 0xBA, 0xEB, 0x3E, 0xEB, 0xC3, 0xEA,
  0x49, 0xEA, 0xD1, 0xE9, 0x5A, 0xE9, 0xE4, 0xE8, 0x6F, 0xE8, 0xFC, 0xE7,
  0x8B, 0xE7, 0x1A, 0xE7, 0xAB, 0xE6, 0x3E, 0xE6, 0xD2, 0xE5, 0x67, 0xE5,
  0xFE, 0xE4, 0x97, 0xE4, 0x31, 0xE4, 0xCD, 0xE3, 0x6A, 0xE3, 0x09, 0xE3,
  0xAA, 0xE2, 0x4C, 0xE2, 0xF0, 0xE1, 0x96, 0xE1, 0x3D, 0xE1, 0xE6, 0xE0,
  0x91, 0xE0, 0x3E, 0xE0, 0xED, 0xDF, 0x9D, 0xDF, 0x4F, 0xDF, 0x03, 0xDF,
  0xB9, 0xDE, 0x71, 0xDE, 0x2B, 0xDE, 0xE7, 0xDD, 0xA4, 0xDD, 0x64, 0xDD,
  0x26, 0xDD, 0xE9, 0xDC, 0xAF, 0xDC, 0x76, 0xDC, 0x40, 0xDC, 0x0B, 0xDC,
  0xD9, 0xDB, 0xA9, 0xDB, 0x7B, 0xDB, 0x4E, 0xDB, 0x24, 0xDB, 0xFC, 0xDA,
  0xD7, 0xDA, 0xB3, 0xDA, 0x91, 0xDA, 0x72, 0xDA, 0x54, 0xDA, 0x39, 0xDA,
  0x20, 0xDA, 0x09, 0xDA, 0xF4, 0xD9, 0xE1, 0xD9, 0xD1, 0xD9, 0xC2, 0xD9,
  0xB6, 0xD9, 0xAC, 0xD9, 0xA4, 0xD9, 0x9F, 0xD9, 0x9B, 0xD9, 0x9A, 0xD9,
  0x9B, 0xD9, 0x9E, 0xD9, 0xA3, 0xD9, 0xAA, 0xD9, 0xB4, 0xD9, 0xBF, 0xD9,
  0xCD, 0xD9, 0xDD, 0xD9, 0xEF, 0xD9, 0x04, 0xDA, 0x1A, 0xDA, 0x33, 0xDA,
  0x4D, 0xDA, 0x6A, 0xDA, 0x89, 0xDA, 0xAA, 0xDA, 0xCD, 0xDA, 0xF3, 0xDA,
  0x1A, 0xDB, 0x43, 0xDB, 0x6F, 0xDB, 0x9C, 0xDB, 0xCC, 0xDB, 0xFE, 0xDB,
  0x31, 0xDC, 0x67, 0xDC, 0x9F, 0xDC, 0xD8, 0xDC, 0x14, 0xDD, 0x51, 0xDD,
  0x91, 0xDD, 0xD2, 0xDD, 0x16, 0xDE, 0x5B, 0xDE, 0xA2, 0xDE, 0xEB, 0xDE,
  0x36, 0xDF, 0x83, 0xDF, 0xD2, 0xDF, 0x22, 0xE0, 0x74, 0xE0, 0xC8, 0xE0,
  0x1E, 0xE1, 0x75, 0xE1, 0xCE, 0xE1, 0x29, 0xE2, 0x86, 0xE2, 0xE4, 0xE2,
  0x44, 0xE3, 0xA5, 0xE3, 0x08, 0xE4, 0x6C, 0xE4, 0xD2, 0xE4, 0x3A, 0xE5,
  0xA3, 0xE5, 0x0E, 0xE6, 0x7A, 0xE6, 0xE7, 0xE6, 0x56, 0xE7, 0xC6, 0xE7,
  0x38, 0xE8, 0xAB, 0xE8, 0x1F, 0xE9, 0x94, 0xE9, 0x0B, 0xEA, 0x83, 0xEA,
  0xFC, 0xEA, 0x76, 0xEB, 0xF2, 0xEB, 0x6E, 0xEC, 0xEC, 0xEC, 0x6A, 0xED,
  0xEA, 0xED, 0x6B, 0xEE, 0xED, 0xEE, 0x6F, 0xEF, 0xF3, 0xEF, 0x77, 0xF0,
  0xFD, 0xF0, 0x83, 0xF1, 0x0A, 0xF2, 0x91, 0xF2, 0x1A, 0xF3, 0xA3, 0xF3,
  0x2D, 0xF4, 0xB7, 0xF4, 0x43, 0xF5, 0xCE, 0xF5, 0x5B, 0xF6, 0xE7, 0xF6,
  0x75, 0xF7, 0x02, 0xF8, 0x91, 0xF8, 0x1F, 0xF9, 0xAE, 0xF9, 0x3E, 0xFA,
  0xCD, 0xFA, 0x5D, 0xFB, 0xED, 0xFB, 0x7E, 0xFC, 0x0E, 0xFD, 0x9F, 0xFD,
  0x30, 0xFE, 0xC1, 0xFE, 0x52, 0xFF, 0xE3, 0xFF, 0x74, 0x00, 0x05, 0x01,
  0x96, 0x01, 0x27, 0x02, 0xB7, 0x02, 0x48, 0x03, 0xD8, 0x03, 0x68, 0x04,
  0xF8, 0x04, 0x88, 0x05, 0x17, 0x06, 0xA6, 0x06, 0x34, 0x07, 0xC3, 0x07,
  0x50, 0x08, 0xDD, 0x08, 0x6A, 0x09, 0xF6, 0x09, 0x82, 0x0A, 0x0D, 0x0B,
  0x97, 0x0B, 0x21, 0x0C, 0xAA, 0x0C, 0x33, 0x0D, 0xBA, 0x0D, 0x41, 0x0E,
  0xC7, 0x0E, 0x4C, 0x0F, 0xD1, 0x0F, 0x54, 0x10, 0xD7, 0x10, 0x58, 0x11,
  0xD9, 0x11, 0x58, 0x12, 0xD7, 0x12, 0x55, 0x13, 0xD1, 0x13, 0x4C, 0x14,
  0xC7, 0x14, 0x40, 0x15, 0xB8, 0x15, 0x2E, 0x16, 0xA4, 0x16, 0x18, 0x17,
  0x8B, 0x17, 0xFC, 0x17, 0x6D, 0x18, 0xDB, 0x18, 0x49, 0x19, 0xB5, 0x19,
  0x20, 0x1A, 0x89, 0x1A, 0xF1, 0x1A, 0x57, 0x1B, 0xBB, 0x1B, 0x1F, 0x1C,
  0x80, 0x1C, 0xE0, 0x1C, 0x3F, 0x1D, 0x9C, 0x1D, 0xF7, 0x1D, 0x50, 0x1E,
  0xA8, 0x1E, 0xFE, 0x1E, 0x52, 0x1F, 0xA5, 0x1F, 0xF6, 0x1F, 0x45, 0x20,
  0x93, 0x20, 0xDE, 0x20, 0x28, 0x21, 0x70, 0x21, 0xB6, 0x21, 0xFA, 0x21,
  0x3C, 0x22, 0x7D, 0x22, 0xBB, 0x22, 0xF8, 0x22, 0x32, 0x23, 0x6B, 0x23,
  0xA2, 0x23, 0xD7, 0x23, 0x09, 0x24, 0x3A, 0x24, 0x69, 0x24, 0x96, 0x24,
  0xC1, 0x24, 0xE9, 0x24, 0x10, 0x25, 0x35, 0x25, 0x57, 0x25, 0x78, 0x25,
  0x96, 0x25, 0xB3, 0x25, 0xCD, 0x25, 0xE5, 0x25, 0xFC, 0x25, 0x10, 0x26,
  0x22, 0x26, 0x32, 0x26, 0x3F, 0x26, 0x4B, 0x26, 0x55, 0x26, 0x5C, 0x26,
  0x62, 0x26, 0x65, 0x26, 0x66, 0x26, 0x65, 0x26, 0x62, 0x26, 0x5D, 0x26,
  0x56, 0x26, 0x4C, 0x26, 0x41, 0x26, 0x33, 0x26, 0x24, 0x26, 0x12, 0x26,
  0xFE, 0x25, 0xE8, 0x25, 0xD0, 0x25, 0xB6, 0x25, 0x9A, 0x25, 0x7C, 0x25,
  0x5B, 0x25, 0x39, 0x25, 0x15, 0x25, 0xEE, 0x24, 0xC6, 0x24, 0x9C, 0x24,
  0x6F, 0x24, 0x41, 0x24, 0x10, 0x24, 0xDE, 0x23, 0xAA, 0x23, 0x74, 0x23,
  0x3B, 0x23, 0x01, 0x23, 0xC5, 0x22, 0x87, 0x22, 0x47, 0x22, 0x06, 0x22,
  0xC2, 0x21, 0x7D, 0x21, 0x36, 0x21, 0xED, 0x20, 0xA2, 0x20, 0x55, 0x20,
  0x07, 0x20, 0xB7, 0x1F, 0x65, 0x1F, 0x11, 0x1F, 0xBC, 0x1E, 0x65, 0x1E,
  0x0D, 0x1E, 0xB3, 0x1D, 0x57, 0x1D, 0xF9, 0x1C, 0x9A, 0x1C, 0x3A, 0x1C,
  0xD8, 0x1B, 0x74, 0x1B, 0x0F, 0x1B, 0xA9, 0x1A, 0x41, 0x1A, 0xD7, 0x19,
  0x6D, 0x19, 0x00, 0x19, 0x93, 0x18, 0x24, 0x18, 0xB4, 0x17, 0x42, 0x17,
  0xD0, 0x16, 0x5C, 0x16, 0xE7, 0x15, 0x70, 0x15, 0xF9, 0x14, 0x80, 0x14,
  0x06, 0x14, 0x8C, 0x13, 0x10, 0x13, 0x93, 0x12, 0x15, 0x12, 0x96, 0x11,
  0x16, 0x11, 0x96, 0x10, 0x14, 0x10, 0x91, 0x0F, 0x0E, 0x0F, 0x8A, 0x0E,
  0x05, 0x0E, 0x7F, 0x0D, 0xF9, 0x0C, 0x72, 0x0C, 0xEA, 0x0B, 0x62, 0x0B,
  0xD9, 0x0A, 0x4F, 0x0A, 0xC5, 0x09, 0x3A, 0x09, 0xAF, 0x08, 0x23, 0x08,
  0x97, 0x07, 0x0B, 0x07, 0x7E, 0x06, 0xF1, 0x05, 0x63, 0x05, 0xD6, 0x04,
  0x48, 0x04, 0xB9, 0x03, 0x2B, 0x03, 0x9C, 0x02, 0x0E, 0x02, 0x7F, 0x01,
  0xF0, 0x00, 0x61, 0x00, 0xD2, 0xFF, 0x43, 0xFF, 0xB4, 0xFE, 0x26, 0xFE,
  0x97, 0xFD, 0x08, 0xFD, 0x7A, 0xFC, 0xEC, 0xFB, 0x5E, 0xFB, 0xD0, 0xFA,
  0x43, 0xFA, 0xB6, 0xF9, 0x29, 0xF9, 0x9D, 0xF8, 0x11, 0xF8, 0x85, 0xF7,
  0xFA, 0xF6, 0x70, 0xF6, 0xE6, 0xF5, 0x5C, 0xF5, 0xD3, 0xF4, 0x4B, 0xF4,
  0xC3, 0xF3, 0x3C, 0xF3, 0xB6, 0xF2, 0x31, 0xF2, 0xAC, 0xF1, 0x28, 0xF1,
  0xA5, 0xF0, 0x22, 0xF0, 0xA1, 0xEF, 0x20, 0xEF, 0xA1, 0xEE, 0x22, 0xEE,
  0xA4, 0xED, 0x27, 0xED, 0xAC, 0xEC, 0x31, 0xEC, 0xB7, 0xEB, 0x3F, 0xEB,
  0xC7, 0xEA, 0x51, 0xEA, 0xDC, 0xE9, 0x68, 0xE9, 0xF6, 0xE8, 0x84, 0xE8,
  0x14, 0xE8, 0xA5, 0xE7, 0x38, 0xE7, 0xCC, 0xE6, 0x61, 0xE6, 0xF7, 0xE5,
  0x8F, 0xE5, 0x29, 0xE5, 0xC4, 0xE4, 0x60, 0xE4, 0xFE, 0xE3, 0x9D, 0xE3,
  0x3E, 0xE3, 0xE1, 0xE2, 0x85, 0xE2, 0x2A, 0xE2, 0xD1, 0xE1, 0x7A, 0xE1,
  0x25, 0xE1, 0xD1, 0xE0, 0x7F, 0xE0, 0x2E, 0xE0, 0xDF, 0xDF, 0x92, 0xDF,
  0x47, 0xDF, 0xFD, 0xDE, 0xB6, 0xDE, 0x70, 0xDE, 0x2B, 0xDE, 0xE9, 0xDD,
  0xA8, 0xDD, 0x6A, 0xDD, 0x2D, 0xDD, 0xF2, 0xDC, 0xB9, 0xDC, 0x82, 0xDC,
  0x4C, 0xDC, 0x19, 0xDC, 0xE8, 0xDB, 0xB8, 0xDB, 0x8A, 0xDB, 0x5F, 0xDB,
  0x35, 0xDB, 0x0D, 0xDB, 0xE8, 0xDA, 0xC4, 0xDA, 0xA2, 0xDA, 0x83, 0xDA,
  0x65, 0xDA, 0x49, 0xDA, 0x2F, 0xDA, 0x18, 0xDA, 0x02, 0xDA, 0xF4, 0xD9,
  0xE8, 0xD9, 0xDE, 0xD9, 0xD6, 0xD9, 0xD0, 0xD9, 0xCC, 0xD9, 0xCB, 0xD9,
  0xCB, 0xD9, 0xCD, 0xD9, 0xD2, 0xD9, 0xD8, 0xD9, 0xE0, 0xD9, 0xEB, 0xD9,
  0xF7, 0xD9, 0x06, 0xDA, 0x16, 0xDA, 0x29, 0xDA, 0x3D, 0xDA, 0x54, 0xDA,
  0x6C, 0xDA, 0x87, 0xDA, 0xA3, 0xDA, 0xC2, 0xDA, 0xE2, 0xDA, 0x04, 0xDB,
  0x29, 0xDB, 0x4F, 0xDB, 0x77, 0xDB, 0xA1, 0xDB, 0xCD, 0xDB, 0xFA, 0xDB,
  0x2A, 0xDC, 0x5C, 0xDC, 0x8F, 0xDC, 0xC4, 0xDC, 0xFB, 0xDC, 0x34, 0xDD,
  0x6E, 0xDD, 0xAA, 0xDD, 0xE8, 0xDD, 0x28, 0xDE, 0x6A, 0xDE, 0xAD, 0xDE,
  0xF2, 0xDE, 0x38, 0xDF, 0x81, 0xDF, 0xCB, 0xDF, 0x16, 0xE0, 0x63, 0xE0,
  0xB2, 0xE0, 0x02, 0xE1, 0x54, 0xE1, 0xA7, 0xE1, 0xFC, 0xE1, 0x53, 0xE2,
  0xAA, 0xE2, 0x04, 0xE3, 0x5E, 0xE3, 0xBB, 0xE3, 0x18, 0xE4, 0x77, 0xE4,
  0xD7, 0xE4, 0x39, 0xE5, 0x9B, 0xE5, 0x00, 0xE6, 0x65, 0xE6, 0xCC, 0xE6,
  0x33, 0xE7, 0x9C, 0xE7, 0x07, 0xE8, 0x72, 0xE8, 0xDE, 0xE8, 0x4C, 0xE9,
  0xBA, 0xE9, 0x2A, 0xEA, 0x9B, 0xEA, 0x0C, 0xEB, 0x7F, 0xEB, 0xF3, 0xEB,
  0x67, 0xEC, 0xDC, 0xEC, 0x53, 0xED, 0xCA, 0xED, 0x42, 0xEE, 0xBA, 0xEE,
  0x34, 0xEF, 0xAE, 0xEF, 0x29, 0xF0, 0xA4, 0xF0, 0x21, 0xF1, 0x9D, 0xF1,
  0x1B, 0xF2, 0x99, 0xF2, 0x17, 0xF3, 0x97, 0xF3, 0x16, 0xF4, 0x96, 0xF4,
  0x17, 0xF5, 0x98, 0xF5, 0x19, 0xF6, 0x9B, 0xF6, 0x1D, 0xF7, 0x9F, 0xF7,
  0x22, 0xF8, 0xA5, 0xF8, 0x28, 0xF9, 0xAB, 0xF9, 0x2E, 0xFA, 0xB2, 0xFA,
  0x36, 0xFB, 0xB9, 0xFB, 0x3D, 0xFC, 0xC1, 0xFC, 0x45, 0xFD, 0xC9, 0xFD,
  0x4C, 0xFE, 0xD0, 0xFE, 0x54, 0xFF, 0xD7, 0xFF, 0x5A, 0x00, 0xDE, 0x00,
  0x60, 0x01, 0xE3, 0x01, 0x66, 0x02, 0xE8, 0x02, 0x69, 0x03, 0xEB, 0x03,
  0x6C, 0x04, 0xED, 0x04, 0x6D, 0x05, 0xED, 0x05, 0x6C, 0x06, 0xEB, 0x06,
  0x69, 0x07, 0xE7, 0x07, 0x64, 0x08, 0xE0, 0x08, 0x5C, 0x09, 0xD7, 0x09,
  0x52, 0x0A, 0xCC, 0x0A, 0x45, 0x0B, 0xBD, 0x0B, 0x35, 0x0C, 0xAC, 0x0C,
  0x22, 0x0D, 0x97, 0x0D, 0x0B, 0x0E, 0x7F, 0x0E, 0xF1, 0x0E, 0x63, 0x0F,
  0xD3, 0x0F, 0x43, 0x10, 0xB2, 0x10, 0x1F, 0x11, 0x8C, 0x11, 0xF7, 0x11,
  0x62, 0x12, 0xCB, 0x12, 0x33, 0x13, 0x9A, 0x13, 0x00, 0x14, 0x65, 0x14,
  0xC8, 0x14, 0x2B, 0x15, 0x8C, 0x15, 0xEC, 0x15, 0x4A, 0x16, 0xA7, 0x16,
  0x03, 0x17, 0x5E, 0x17, 0xB7, 0x17, 0x0F, 0x18, 0x65, 0x18, 0xBA, 0x18,
  0x0E, 0x19, 0x60, 0x19, 0xB1, 0x19, 0x01, 0x1A, 0x4F, 0x1A, 0x9B, 0x1A,
  0xE6, 0x1A, 0x2F, 0x1B, 0x77, 0x1B, 0xBE, 0x1B, 0x03, 0x1C, 0x46, 0x1C,
  0x88, 0x1C, 0xC8, 0x1C, 0x06, 0x1D, 0x43, 0x1D, 0x7F, 0x1D, 0xB8, 0x1D,
  0xF0, 0x1D, 0x27, 0x1E, 0x5C, 0x1E, 0x8F, 0x1E, 0xC0, 0x1E, 0xF0, 0x1E,
  0x1E, 0x1F, 0x4B, 0x1F, 0x75, 0x1F, 0x9E, 0x1F, 0xC6, 0x1F, 0xEB, 0x1F,
  0x0F, 0x20, 0x32, 0x20, 0x52, 0x20, 0x71, 0x20, 0x8E, 0x20, 0xA9, 0x20,
  0xC3, 0x20, 0xDB, 0x20, 0xF1, 0x20, 0x05, 0x21, 0x17, 0x21, 0x28, 0x21,
  0x37, 0x21, 0x45, 0x21, 0x50, 0x21, 0x5A, 0x21, 0x62, 0x21, 0x69, 0x21,
  0x6D, 0x21, 0x70, 0x21, 0x71, 0x21, 0x70, 0x21, 0x6E, 0x21, 0x6A, 0x21,
  0x64, 0x21, 0x5C, 0x21, 0x53, 0x21, 0x48, 0x21, 0x3B, 0x21, 0x2D, 0x21,
  0x1D, 0x21, 0x0B, 0x21, 0xF7, 0x20, 0xE2, 0x20, 0xCB, 0x20, 0xB3, 0x20,
  0x98, 0x20, 0x7D, 0x20, 0x5F, 0x20, 0x40, 0x20, 0x1F, 0x20, 0xFD, 0x1F,
  0xD9, 0x1F, 0xB3, 0x1F, 0x8C, 0x1F, 0x63, 0x1F, 0x39, 0x1F, 0x0D, 0x1F,
  0xDF, 0x1E, 0xB0, 0x1E, 0x80, 0x1E, 0x4D, 0x1E, 0x1A, 0x1E, 0xE5, 0x1D,
  0xAE, 0x1D, 0x76, 0x1D, 0x3D, 0x1D, 0x02, 0x1D, 0xC6, 0x1C, 0x88, 0x1C,
  0x49, 0x1C, 0x09, 0x1C, 0xC7, 0x1B, 0x84, 0x1B, 0x3F, 0x1B, 0xF9, 0x1A,
  0xB2, 0x1A, 0x6A, 0x1A, 0x20, 0x1A, 0xD5, 0x19, 0x89, 0x19, 0x3C, 0x19,
  0xED, 0x18, 0x9E, 0x18, 0x4D, 0x18, 0xFB, 0x17, 0xA8, 0x17, 0x54, 0x17,
  0xFE, 0x16, 0xA8, 0x16, 0x50, 0x16, 0xF8, 0x15, 0x9F, 0x15, 0x44, 0x15,
  0xE9, 0x14, 0x8C, 0x14, 0x2F, 0x14, 0xD1, 0x13, 0x72, 0x13, 0x12, 0x13,
  0xB1, 0x12, 0x4F, 0x12, 0xED, 0x11, 0x8A, 0x11, 0x26, 0x11, 0xC1, 0x10,
  0x5C, 0x10, 0xF6, 0x0F, 0x8F, 0x0F, 0x27, 0x0F, 0xBF, 0x0E, 0x57, 0x0E,
  0xED, 0x0D, 0x83, 0x0D, 0x19, 0x0D, 0xAE, 0x0C, 0x43, 0x0C, 0xD7, 0x0B,
  0x6A, 0x0B, 0xFE, 0x0A, 0x91, 0x0A, 0x23, 0x0A, 0xB5, 0x09, 0x47, 0x09,
  0xD8, 0x08, 0x69, 0x08, 0xFA, 0x07, 0x8B, 0x07, 0x1B, 0x07, 0xAB, 0x06,
  0x3B, 0x06, 0xCB, 0x05, 0x5B, 0x05, 0xEB, 0x04, 0x7A, 0x04, 0x0A, 0x04,
  0x99, 0x03, 0x28, 0x03, 0xB8, 0x02, 0x47, 0x02, 0xD7, 0x01, 0x66, 0x01,
  0xF6, 0x00, 0x85, 0x00, 0x15, 0x00, 0xA5, 0xFF, 0x36, 0xFF, 0xC6, 0xFE,
  0x57, 0xFE, 0xE8, 0xFD, 0x79, 0xFD, 0x0A, 0xFD, 0x9C, 0xFC, 0x2E, 0xFC,
  0xC1, 0xFB, 0x54, 0xFB, 0xE7, 0xFA, 0x7A, 0xFA, 0x0F, 0xFA, 0xA3, 0xF9,
  0x38, 0xF9, 0xCE, 0xF8, 0x64, 0xF8, 0xFB, 0xF7, 0x92, 0xF7, 0x2A, 0xF7,
  0xC2, 0xF6, 0x5B, 0xF6, 0xF5, 0xF5, 0x8F, 0xF5, 0x2A, 0xF5, 0xC6, 0xF4,
  0x62, 0xF4, 0x00, 0xF4, 0x9E, 0xF3, 0x3C, 0xF3, 0xDC, 0xF2, 0x7C, 0xF2,
  0x1D, 0xF2, 0xBF, 0xF1, 0x62, 0xF1, 0x06, 0xF1, 0xAB, 0xF0, 0x51, 0xF0,
  0xF7, 0xEF, 0x9F, 0xEF, 0x47, 0xEF, 0xF1, 0xEE, 0x9B, 0xEE, 0x47, 0xEE,
  0xF3, 0xED, 0xA1, 0xED, 0x4F, 0xED, 0xFF, 0xEC, 0xB0, 0xEC, 0x62, 0xEC,
  0x15, 0xEC, 0xC9, 0xEB, 0x7E, 0xEB, 0x35, 0xEB, 0xEC, 0xEA, 0xA5, 0xEA,
  0x5F, 0xEA, 0x1A, 0xEA, 0xD7, 0xE9, 0x94, 0xE9, 0x53, 0xE9, 0x13, 0xE9,
  0xD5, 0xE8, 0x97, 0xE8, 0x5B, 0xE8, 0x21, 0xE8, 0xE7, 0xE7, 0xAF, 0xE7,
  0x78, 0xE7, 0x43, 0xE7, 0x0F, 0xE7, 0xDC, 0xE6, 0xAA, 0xE6, 0x7A, 0xE6,
  0x4C, 0xE6, 0x1E, 0xE6, 0xF2, 0xE5, 0xC8, 0xE5, 0x9F, 0xE5, 0x77, 0xE5,
  0x51, 0xE5, 0x2C, 0xE5, 0x08, 0xE5, 0xE6, 0xE4, 0xC5, 0xE4, 0xA6, 0xE4,
  0x88, 0xE4, 0x6C, 0xE4, 0x51, 0xE4, 0x38, 0xE4, 0x20, 0xE4, 0x09, 0xE4,
  0xF4, 0xE3, 0xE0, 0xE3, 0xCE, 0xE3, 0xBD, 0xE3, 0xAE, 0xE3, 0xA0, 0xE3,
  0x94, 0xE3, 0x89, 0xE3, 0x80, 0xE3, 0x77, 0xE3, 0x71, 0xE3, 0x6C, 0xE3,
  0x68, 0xE3, 0x66, 0xE3, 0x65, 0xE3, 0x66, 0xE3, 0x68, 0xE3, 0x6C, 0xE3,
  0x71, 0xE3, 0x77, 0xE3, 0x7F, 0xE3, 0x88, 0xE3, 0x93, 0xE3, 0x9F, 0xE3,
  0xAD, 0xE3, 0xBC, 0xE3, 0xCC, 0xE3, 0xDE, 0xE3, 0xF1, 0xE3, 0x06, 0xE4,
  0x1C, 0xE4, 0x33, 0xE4, 0x4C, 0xE4, 0x66, 0xE4, 0x81, 0xE4, 0x9E, 0xE4,
  0xBC, 0xE4, 0xDB, 0xE4, 0xFC, 0xE4, 0x1E, 0xE5, 0x41, 0xE5, 0x66, 0xE5,
  0x8C, 0xE5, 0xB3, 0xE5, 0xDB, 0xE5, 0x05, 0xE6, 0x30, 0xE6, 0x5C, 0xE6,
  0x89, 0xE6, 0xB8, 0xE6, 0xE8, 0xE6, 0x19, 0xE7, 0x4B, 0xE7, 0x7E, 0xE7,
  0xB3, 0xE7, 0xE8, 0xE7, 0x1F, 0xE8, 0x57, 0xE8, 0x90, 0xE8, 0xCA, 0xE8,
  0x05, 0xE9, 0x41, 0xE9, 0x7E, 0xE9, 0xBC, 0xE9, 0xFB, 0xE9, 0x3B, 0xEA,
  0x7D, 0xEA, 0xBF, 0xEA, 0x02, 0xEB, 0x46, 0xEB, 0x8B, 0xEB, 0xD1, 0xEB,
  0x18, 0xEC, 0x5F, 0xEC, 0xA8, 0xEC, 0xF1, 0xEC, 0x3C, 0xED, 0x87, 0xED,
  0xD3, 0xED, 0x1F, 0xEE, 0x6D, 0xEE, 0xBB, 0xEE, 0x0A, 0xEF, 0x59, 0xEF,
  0xAA, 0xEF, 0xFB, 0xEF, 0x4C, 0xF0, 0x9F, 0xF0, 0xF2, 0xF0, 0x45, 0xF1,
  0x99, 0xF1, 0xEE, 0xF1, 0x43, 0xF2, 0x99, 0xF2, 0xF0, 0xF2, 0x46, 0xF3,
  0x9E, 0xF3, 0xF6, 0xF3, 0x4E, 0xF4, 0xA7, 0xF4, 0x00, 0xF5, 0x59, 0xF5,
  0xB3, 0xF5, 0x0E, 0xF6, 0x68, 0xF6, 0xC3, 0xF6, 0x1F, 0xF7, 0x7A, 0xF7,
  0xD6, 0xF7, 0x32, 0xF8, 0x8E, 0xF8, 0xEB, 0xF8, 0x48, 0xF9, 0xA5, 0xF9,
  0x02, 0xFA, 0x5F, 0xFA, 0xBC, 0xFA, 0x1A, 0xFB, 0x77, 0xFB, 0xD5, 0xFB,
  0x32, 0xFC, 0x90, 0xFC, 0xEE, 0xFC, 0x4B, 0xFD, 0xA9, 0xFD, 0x07, 0xFE,
  0x64, 0xFE, 0xC2, 0xFE, 0x1F, 0xFF, 0x7C, 0xFF, 0xD9, 0xFF, 0x36, 0x00,
  0x93, 0x00, 0xF0, 0x00, 0x4C, 0x01, 0xA8, 0x01, 0x04, 0x02, 0x60, 0x02,
  0xBB, 0x02, 0x16, 0x03, 0x71, 0x03, 0xCB, 0x03, 0x25, 0x04, 0x7F, 0x04,
  0xD8, 0x04, 0x31, 0x05, 0x8A, 0x05, 0xE2, 0x05, 0x3A, 0x06, 0x91, 0x06,
  0xE7, 0x06, 0x3E, 0x07, 0x93, 0x07, 0xE8, 0x07, 0x3D, 0x08, 0x91, 0x08,
  0xE5, 0x08, 0x38, 0x09, 0x8A, 0x09, 0xDB, 0x09, 0x2D, 0x0A, 0x7D, 0x0A,
  0xCD, 0x0A, 0x1C, 0x0B, 0x6A, 0x0B, 0xB8, 0x0B, 0x05, 0x0C, 0x51, 0x0C,
  0x9C, 0x0C, 0xE7, 0x0C, 0x31, 0x0D, 0x7A, 0x0D, 0xC2, 0x0D, 0x0A, 0x0E,
  0x51, 0x0E, 0x96, 0x0E, 0xDB, 0x0E, 0x20, 0x0F, 0x63, 0x0F, 0xA5, 0x0F,
  0xE7, 0x0F, 0x27, 0x10, 0x67, 0x10, 0xA6, 0x10, 0xE4, 0x10, 0x21, 0x11,
  0x5C, 0x11, 0x97, 0x11, 0xD1, 0x11, 0x0A, 0x12, 0x42, 0x12, 0x79, 0x12,
  0xAF, 0x12, 0xE4, 0x12, 0x18, 0x13, 0x4B, 0x13, 0x7D, 0x13, 0xAE, 0x13,
  0xDD, 0x13, 0x0C, 0x14, 0x39, 0x14, 0x66, 0x14, 0x91, 0x14, 0xBC, 0x14,
  0xE5, 0x14, 0x0D, 0x15, 0x34, 0x15, 0x5A, 0x15, 0x7E, 0x15, 0xA2, 0x15,
  0xC5, 0x15, 0xE6, 0x15, 0x06, 0x16, 0x25, 0x16, 0x43, 0x16, 0x60, 0x16,
  0x7B, 0x16, 0x96, 0x16, 0xAF, 0x16, 0xC7, 0x16, 0xDE, 0x16, 0xF4, 0x16,
  0x08, 0x17, 0x1C, 0x17, 0x2E, 0x17, 0x3F, 0x17, 0x4F, 0x17, 0x5E, 0x17,
  0x6B, 0x17, 0x78, 0x17, 0x83, 0x17, 0x8D, 0x17, 0x96, 0x17, 0x9D, 0x17,
  0xA4, 0x17, 0xA9, 0x17, 0xAD, 0x17, 0xB0, 0x17, 0xB2, 0x17, 0xB2, 0x17,
  0xB2, 0x17, 0xB0, 0x17, 0xAD, 0x17, 0xA9, 0x17, 0xA4, 0x17, 0x9D, 0x17,
  0x96, 0x17, 0x8D, 0x17, 0x84, 0x17, 0x79, 0x17, 0x6D, 0x17, 0x5F, 0x17,
  0x51, 0x17, 0x42, 0x17, 0x31, 0x17, 0x1F, 0x17, 0x0D, 0x17, 0xF9, 0x16,
  0xE4, 0x16, 0xCE, 0x16, 0xB7, 0x16, 0x9F, 0x16, 0x85, 0x16, 0x6B, 0x16,
  0x50, 0x16, 0x33, 0x16, 0x16, 0x16, 0xF8, 0x15, 0xD8, 0x15, 0xB8, 0x15,
  0x96, 0x15, 0x74, 0x15, 0x50, 0x15, 0x2C, 0x15, 0x07, 0x15, 0xE0, 0x14,
  0xB9, 0x14, 0x91, 0x14, 0x68, 0x14, 0x3E, 0x14, 0x13, 0x14, 0xE7, 0x13,
  0xBA, 0x13, 0x8C, 0x13, 0x5E, 0x13, 0x2F, 0x13, 0xFE, 0x12, 0xCD, 0x12,
  0x9C, 0x12, 0x69, 0x12, 0x35, 0x12, 0x01, 0x12, 0xCC, 0x11, 0x96, 0x11,
  0x60, 0x11, 0x29, 0x11, 0xF1, 0x10, 0xB8, 0x10, 0x7E, 0x10, 0x44, 0x10,
  0x09, 0x10, 0xCE, 0x0F, 0x92, 0x0F, 0x55, 0x0F, 0x18, 0x0F, 0xDA, 0x0E,
  0x9B, 0x0E, 0x5C, 0x0E, 0x1C, 0x0E, 0xDC, 0x0D, 0x9B, 0x0D, 0x5A, 0x0D,
  0x18, 0x0D, 0xD5, 0x0C, 0x93, 0x0C, 0x4F, 0x0C, 0x0B, 0x0C, 0xC7, 0x0B,
  0x82, 0x0B, 0x3D, 0x0B, 0xF8, 0x0A, 0xB2, 0x0A, 0x6B, 0x0A, 0x25, 0x0A,
  0xDE, 0x09, 0x96, 0x09, 0x4F, 0x09, 0x07, 0x09, 0xBE, 0x08, 0x76, 0x08,
  0x2D, 0x08, 0xE4, 0x07, 0x9B, 0x07, 0x51, 0x07, 0x07, 0x07, 0xBD, 0x06,
  0x73, 0x06, 0x29, 0x06, 0xDF, 0x05, 0x94, 0x05, 0x4A, 0x05, 0xFF, 0x04,
  0xB4, 0x04, 0x69, 0x04, 0x1E, 0x04, 0xD3, 0x03, 0x88, 0x03, 0x3D, 0x03,
  0xF2, 0x02, 0xA7, 0x02, 0x5C, 0x02, 0x11, 0x02, 0xC6, 0x01, 0x7B, 0x01,
  0x31, 0x01, 0xE6, 0x00, 0x9C, 0x00, 0x51, 0x00, 0x07, 0x00, 0xBD, 0xFF,
  0x73, 0xFF, 0x29, 0xFF, 0xE0, 0xFE, 0x96, 0xFE, 0x4D, 0xFE, 0x04, 0xFE,
  0xBC, 0xFD, 0x73, 0xFD, 0x2B, 0xFD, 0xE3, 0xFC, 0x9C, 0xFC, 0x55, 0xFC,
  0x0E, 0xFC, 0xC7, 0xFB, 0x81, 0xFB, 0x3C, 0xFB, 0xF6, 0xFA, 0xB1, 0xFA,
  0x6D, 0xFA, 0x29, 0xFA, 0xE5, 0xF9, 0xA1, 0xF9, 0x5F, 0xF9, 0x1C, 0xF9,
  0xDA, 0xF8, 0x99, 0xF8, 0x58, 0xF8, 0x18, 0xF8, 0xD8, 0xF7, 0x99, 0xF7,
  0x5A, 0xF7, 0x1C, 0xF7, 0xDE, 0xF6, 0xA1, 0xF6, 0x64, 0xF6, 0x28, 0xF6,
  0xED, 0xF5, 0xB2, 0xF5, 0x78, 0xF5, 0x3F, 0xF5, 0x06, 0xF5, 0xCE, 0xF4,
  0x97, 0xF4, 0x60, 0xF4, 0x2A, 0xF4, 0xF4, 0xF3, 0xC0, 0xF3, 0x8C, 0xF3,
  0x58, 0xF3, 0x26, 0xF3, 0xF4, 0xF2, 0xC3, 0xF2, 0x93, 0xF2, 0x63, 0xF2,
  0x34, 0xF2, 0x06, 0xF2, 0xD9, 0xF1, 0xAD, 0xF1, 0x81, 0xF1, 0x56, 0xF1,
  0x2C, 0xF1, 0x03, 0xF1, 0xDA, 0xF0, 0xB3, 0xF0, 0x8C, 0xF0, 0x66, 0xF0,
  0x41, 0xF0, 0x1C, 0xF0, 0xF9, 0xEF, 0xD6, 0xEF, 0xB5, 0xEF, 0x94, 0xEF,
  0x74, 0xEF, 0x55, 0xEF, 0x36, 0xEF, 0x19, 0xEF, 0xFC, 0xEE, 0xE1, 0xEE,
  0xC6, 0xEE, 0xAC, 0xEE, 0x93, 0xEE, 0x7B, 0xEE, 0x64, 0xEE, 0x4E, 0xEE,
  0x38, 0xEE, 0x24, 0xEE, 0x10, 0xEE, 0xFE, 0xED, 0xEC, 0xED, 0xDB, 0xED,
  0xCB, 0xED, 0xBC, 0xED, 0xAE, 0xED, 0xA1, 0xED, 0x95, 0xED, 0x89, 0xED,
  0x7F, 0xED, 0x75, 0xED, 0x6D, 0xED, 0x65, 0xED, 0x5E, 0xED, 0x58, 0xED,
  0x53, 0xED, 0x4F, 0xED, 0x4C, 0xED, 0x4A, 0xED, 0x49, 0xED, 0x48, 0xED,
  0x49, 0xED, 0x4A, 0xED, 0x4C, 0xED, 0x4F, 0xED, 0x53, 0xED, 0x58, 0xED,
  0x5E, 0xED, 0x65, 0xED, 0x6C, 0xED, 0x75, 0xED, 0x7E, 0xED, 0x88, 0xED,
  0x93, 0xED, 0x9F, 0xED, 0xAC, 0xED, 0xB9, 0xED, 0xC8, 0xED, 0xD7, 0xED,
  0xE7, 0xED, 0xF8, 0xED, 0x0A, 0xEE, 0x1C, 0xEE, 0x2F, 0xEE, 0x44, 0xEE,
  0x59, 0xEE, 0x6E, 0xEE, 0x85, 0xEE, 0x9C, 0xEE, 0xB4, 0xEE, 0xCD, 0xEE,
  0xE7, 0xEE, 0x01, 0xEF, 0x1C, 0xEF, 0x38, 0xEF, 0x55, 0xEF, 0x72, 0xEF,
  0x90, 0xEF, 0xAF, 0xEF, 0xCE, 0xEF, 0xEE, 0xEF, 0x0F, 0xF0, 0x31, 0xF0,
  0x53, 0xF0, 0x76, 0xF0, 0x99, 0xF0, 0xBD, 0xF0, 0xE2, 0xF0, 0x07, 0xF1,
  0x2D, 0xF1, 0x54, 0xF1, 0x7B, 0xF1, 0xA3, 0xF1, 0xCC, 0xF1, 0xF5, 0xF1,
  0x1E, 0xF2, 0x48, 0xF2, 0x73, 0xF2, 0x9E, 0xF2, 0xCA, 0xF2, 0xF6, 0xF2,
  0x23, 0xF3, 0x50, 0xF3, 0x7E, 0xF3, 0xAC, 0xF3, 0xDB, 0xF3, 0x0A, 0xF4,
  0x39, 0xF4, 0x6A, 0xF4, 0x9A, 0xF4, 0xCB, 0xF4, 0xFC, 0xF4, 0x2E, 0xF5,
  0x60, 0xF5, 0x92, 0xF5, 0xC5, 0xF5, 0xF8, 0xF5, 0x2C, 0xF6, 0x60, 0xF6,
  0x94, 0xF6, 0xC8, 0xF6, 0xFD, 0xF6, 0x32, 0xF7, 0x68, 0xF7, 0x9D, 0xF7,
  0xD3, 0xF7, 0x09, 0xF8, 0x40, 0xF8, 0x76, 0xF8, 0xAD, 0xF8, 0xE4, 0xF8,
  0x1B, 0xF9, 0x52, 0xF9, 0x8A, 0xF9, 0xC2, 0xF9, 0xFA, 0xF9, 0x32, 0xFA,
  0x6A, 0xFA, 0xA2, 0xFA, 0xDA, 0xFA, 0x13, 0xFB, 0x4B, 0xFB, 0x84, 0xFB,
  0xBC, 0xFB, 0xF5, 0xFB, 0x2E, 0xFC, 0x67, 0xFC, 0x9F, 0xFC, 0xD8, 0xFC,
  0x11, 0xFD, 0x4A, 0xFD, 0x82, 0xFD, 0xBB, 0xFD, 0xF4, 0xFD, 0x2C, 0xFE,
  0x65, 0xFE, 0x9D, 0xFE, 0xD6, 0xFE, 0x0E, 0xFF, 0x46, 0xFF, 0x7E, 0xFF,
  0xB6, 0xFF, 0xEE, 0xFF, 0x26, 0x00, 0x5D, 0x00, 0x94, 0x00, 0xCB, 0x00,
  0x02, 0x01, 0x39, 0x01, 0x6F, 0x01, 0xA6, 0x01, 0xDC, 0x01, 0x12, 0x02,
  0x47, 0x02, 0x7C, 0x02, 0xB1, 0x02, 0xE6, 0x02, 0x1B, 0x03, 0x4F, 0x03,
  0x83, 0x03, 0xB6, 0x03, 0xEA, 0x03, 0x1C, 0x04, 0x4F, 0x04, 0x81, 0x04,
  0xB3, 0x04, 0xE5, 0x04, 0x16, 0x05, 0x47, 0x05, 0x77, 0x05, 0xA7, 0x05,
  0xD6, 0x05, 0x06, 0x06, 0x34, 0x06, 0x63, 0x06, 0x90, 0x06, 0xBE, 0x06,
  0xEB, 0x06, 0x17, 0x07, 0x43, 0x07, 0x6F, 0x07, 0x9A, 0x07, 0xC5, 0x07,
  0xEF, 0x07, 0x18, 0x08, 0x42, 0x08, 0x6A, 0x08, 0x92, 0x08, 0xBA, 0x08,
  0xE1, 0x08, 0x07, 0x09, 0x2D, 0x09, 0x53, 0x09, 0x78, 0x09, 0x9C, 0x09,
  0xC0, 0x09, 0xE3, 0x09, 0x05, 0x0A, 0x27, 0x0A, 0x49, 0x0A, 0x6A, 0x0A,
  0x8A, 0x0A, 0xAA, 0x0A, 0xC9, 0x0A, 0xE7, 0x0A, 0x05, 0x0B, 0x22, 0x0B,
  0x3F, 0x0B, 0x5B, 0x0B, 0x77, 0x0B, 0x91, 0x0B, 0xAC, 0x0B, 0xC5, 0x0B,
  0xDE, 0x0B, 0xF6, 0x0B, 0x0E, 0x0C, 0x25, 0x0C, 0x3B, 0x0C, 0x51, 0x0C,
  0x66, 0x0C, 0x7A, 0x0C, 0x8E, 0x0C, 0xA1, 0x0C, 0xB4, 0x0C, 0xC5, 0x0C,
  0xD7, 0x0C, 0xE7, 0x0C, 0xF7, 0x0C, 0x06, 0x0D, 0x15, 0x0D, 0x22, 0x0D,
  0x30, 0x0D, 0x3C, 0x0D, 0x48, 0x0D, 0x53, 0x0D, 0x5E, 0x0D, 0x67, 0x0D,
  0x71, 0x0D, 0x79, 0x0D, 0x81, 0x0D, 0x88, 0x0D, 0x8F, 0x0D, 0x95, 0x0D,
  0x9A, 0x0D, 0x9E, 0x0D, 0xA2, 0x0D, 0xA6, 0x0D, 0xA8, 0x0D, 0xAA, 0x0D,
  0xAB, 0x0D, 0xAC, 0x0D, 0xAC, 0x0D, 0xAC, 0x0D, 0xAA, 0x0D, 0xA8, 0x0D,
  0xA6, 0x0D, 0xA3, 0x0D, 0x9F, 0x0D, 0x9A, 0x0D, 0x95, 0x0D, 0x90, 0x0D,
  0x89, 0x0D, 0x82, 0x0D, 0x7B, 0x0D, 0x73, 0x0D, 0x6A, 0x0D, 0x61, 0x0D,
  0x57, 0x0D, 0x4C, 0x0D, 0x41, 0x0D, 0x35, 0x0D, 0x29, 0x0D, 0x1C, 0x0D,
  0x0F, 0x0D, 0x01, 0x0D, 0xF2, 0x0C, 0xE3, 0x0C, 0xD3, 0x0C, 0xC3, 0x0C,
  0xB2, 0x0C, 0xA1, 0x0C, 0x8F, 0x0C, 0x7C, 0x0C, 0x69, 0x0C, 0x56, 0x0C,
  0x42, 0x0C, 0x2E, 0x0C, 0x19, 0x0C, 0x03, 0x0C, 0xED, 0x0B, 0xD7, 0x0B,
  0xC0, 0x0B, 0xA8, 0x0B, 0x90, 0x0B, 0x78, 0x0B, 0x5F, 0x0B, 0x46, 0x0B,
  0x2C, 0x0B, 0x12, 0x0B, 0xF8, 0x0A, 0xDD, 0x0A, 0xC1, 0x0A, 0xA6, 0x0A,
  0x89, 0x0A, 0x6D, 0x0A, 0x50, 0x0A, 0x32, 0x0A, 0x15, 0x0A, 0xF7, 0x09,
  0xD8, 0x09, 0xB9, 0x09, 0x9A, 0x09, 0x7B, 0x09, 0x5B, 0x09, 0x3B, 0x09,
  0x1A, 0x09, 0xF9, 0x08, 0xD8, 0x08, 0xB7, 0x08, 0x95, 0x08, 0x73, 0x08,
  0x51, 0x08, 0x2E, 0x08, 0x0C, 0x08, 0xE9, 0x07, 0xC5, 0x07, 0xA2, 0x07,
  0x7E, 0x07, 0x5A, 0x07, 0x36, 0x07, 0x12, 0x07, 0xED, 0x06, 0xC8, 0x06,
  0xA3, 0x06, 0x7E, 0x06, 0x59, 0x06, 0x34, 0x06, 0x0E, 0x06, 0xE8, 0x05,
  0xC2, 0x05, 0x9C, 0x05, 0x76, 0x05, 0x50, 0x05, 0x2A, 0x05, 0x03, 0x05,
  0xDD, 0x04, 0xB6, 0x04, 0x8F, 0x04, 0x68, 0x04, 0x42, 0x04, 0x1B, 0x04,
  0xF4, 0x03, 0xCD, 0x03, 0xA6, 0x03, 0x7F, 0x03, 0x58, 0x03, 0x31, 0x03,
  0x0A, 0x03, 0xE3, 0x02, 0xBC, 0x02, 0x95, 0x02, 0x6E, 0x02, 0x47, 0x02,
  0x20, 0x02, 0xF9, 0x01, 0xD2, 0x01, 0xAC, 0x01, 0x85, 0x01, 0x5F, 0x01,
  0x38, 0x01, 0x12, 0x01, 0xEC, 0x00, 0xC5, 0x00, 0x9F, 0x00, 0x79, 0x00,
  0x54, 0x00, 0x2E, 0x00, 0x09, 0x00, 0xE3, 0xFF, 0xBE, 0xFF, 0x99, 0xFF,
  0x74, 0xFF, 0x4F, 0xFF, 0x2B, 0xFF, 0x07, 0xFF, 0xE2, 0xFE, 0xBE, 0xFE,
  0x9B, 0xFE, 0x77, 0xFE, 0x54, 0xFE, 0x31, 0xFE, 0x0E, 0xFE, 0xEB, 0xFD,
  0xC9, 0xFD, 0xA7, 0xFD, 0x85, 0xFD, 0x63, 0xFD, 0x42, 0xFD, 0x21, 0xFD,
  0x00, 0xFD, 0xE0, 0xFC, 0xBF, 0xFC, 0x9F, 0xFC, 0x80, 0xFC, 0x60, 0xFC,
  0x41, 0xFC, 0x23, 0xFC, 0x04, 0xFC, 0xE6, 0xFB, 0xC8, 0xFB, 0xAB, 0xFB,
  0x8E, 0xFB, 0x71, 0xFB, 0x54, 0xFB, 0x38, 0xFB, 0x1C, 0xFB, 0x01, 0xFB,
  0xE6, 0xFA, 0xCB, 0xFA, 0xB1, 0xFA, 0x97, 0xFA, 0x7D, 0xFA, 0x64, 0xFA,
  0x4B, 0xFA, 0x33, 0xFA, 0x1B, 0xFA, 0x03, 0xFA, 0xEB, 0xF9, 0xD5, 0xF9,
  0xBE, 0xF9, 0xA8, 0xF9, 0x92, 0xF9, 0x7D, 0xF9, 0x68, 0xF9, 0x53, 0xF9,
  0x3F, 0xF9, 0x2B, 0xF9, 0x18, 0xF9, 0x05, 0xF9, 0xF3, 0xF8, 0xE0, 0xF8,
  0xCF, 0xF8, 0xBE, 0xF8, 0xAD, 0xF8, 0x9C, 0xF8, 0x8C, 0xF8, 0x7D, 0xF8,
  0x6E, 0xF8, 0x5F, 0xF8, 0x51, 0xF8, 0x43, 0xF8, 0x36, 0xF8, 0x29, 0xF8,
  0x1C, 0xF8, 0x10, 0xF8, 0x04, 0xF8, 0xF9, 0xF7, 0xEE, 0xF7, 0xE4, 0xF7,
  0xDA, 0xF7, 0xD0, 0xF7, 0xC7, 0xF7, 0xBF, 0xF7, 0xB7, 0xF7, 0xAF, 0xF7,
  0xA7, 0xF7, 0xA0, 0xF7, 0x9A, 0xF7, 0x94, 0xF7, 0x8E, 0xF7, 0x89, 0xF7,
  0x84, 0xF7, 0x80, 0xF7, 0x7C, 0xF7, 0x79, 0xF7, 0x76, 0xF7, 0x73, 0xF7,
  0x71, 0xF7, 0x6F, 0xF7, 0x6D, 0xF7, 0x6C, 0xF7, 0x6C, 0xF7, 0x6C, 0xF7,
  0x6C, 0xF7, 0x6D, 0xF7, 0x6E, 0xF7, 0x6F, 0xF7, 0x71, 0xF7, 0x73, 0xF7,
  0x76, 0xF7, 0x79, 0xF7, 0x7C, 0xF7, 0x80, 0xF7, 0x84, 0xF7, 0x89, 0xF7,
  0x8E, 0xF7, 0x93, 0xF7, 0x99, 0xF7, 0x9F, 0xF7, 0xA6, 0xF7, 0xAD, 0xF7,
  0xB4, 0xF7, 0xBB, 0xF7, 0xC3, 0xF7, 0xCB, 0xF7, 0xD4, 0xF7, 0xDD, 0xF7,
  0xE6, 0xF7, 0xF0, 0xF7, 0xFA, 0xF7, 0x04, 0xF8, 0x0F, 0xF8, 0x1A, 0xF8,
  0x25, 0xF8, 0x30, 0xF8, 0x3C, 0xF8, 0x49, 0xF8, 0x55, 0xF8, 0x62, 0xF8,
  0x6F, 0xF8, 0x7C, 0xF8, 0x8A, 0xF8, 0x98, 0xF8, 0xA6, 0xF8, 0xB5, 0xF8,
  0xC3, 0xF8, 0xD2, 0xF8, 0xE2, 0xF8, 0xF1, 0xF8, 0x01, 0xF9, 0x11, 0xF9,
  0x21, 0xF9, 0x32, 0xF9, 0x43, 0xF9, 0x54, 0xF9, 0x65, 0xF9, 0x76, 0xF9,
  0x88, 0xF9, 0x9A, 0xF9, 0xAC, 0xF9, 0xBE, 0xF9, 0xD1, 0xF9, 0xE3, 0xF9,
  0xF6, 0xF9, 0x09, 0xFA, 0x1C, 0xFA, 0x30, 0xFA, 0x43, 0xFA, 0x57, 0xFA,
  0x6B, 0xFA, 0x7F, 0xFA, 0x93, 0xFA, 0xA7, 0xFA, 0xBB, 0xFA, 0xD0, 0xFA,
  0xE5, 0xFA, 0xF9, 0xFA, 0x0E, 0xFB, 0x23, 0xFB, 0x38, 0xFB, 0x4E, 0xFB,
  0x63, 0xFB, 0x78, 0xFB, 0x8E, 0xFB, 0xA4, 0xFB, 0xB9, 0xFB, 0xCF, 0xFB,
  0xE5, 0xFB, 0xFB, 0xFB, 0x11, 0xFC, 0x26, 0xFC, 0x3D, 0xFC, 0x53, 0xFC,
  0x69, 0xFC, 0x7F, 0xFC, 0x95, 0xFC, 0xAB, 0xFC, 0xC1, 0xFC, 0xD8, 0xFC,
  0xEE, 0xFC, 0x04, 0xFD, 0x1A, 0xFD, 0x30, 0xFD, 0x47, 0xFD, 0x5D, 0xFD,
  0x73, 0xFD, 0x89, 0xFD, 0x9F, 0xFD, 0xB5, 0xFD, 0xCB, 0xFD, 0xE1, 0xFD,
  0xF7, 0xFD, 0x0D, 0xFE, 0x23, 0xFE, 0x39, 0xFE, 0x4F, 0xFE, 0x64, 0xFE,
  0x7A, 0xFE, 0x90, 0xFE, 0xA5, 0xFE, 0xBA, 0xFE, 0xD0, 0xFE, 0xE5, 0xFE,
  0xFA, 0xFE, 0x0F, 0xFF, 0x24, 0xFF, 0x39, 0xFF, 0x4D, 0xFF, 0x62, 0xFF,
  0x76, 0xFF, 0x8B, 0xFF, 0x9F, 0xFF, 0xB3, 0xFF, 0xC7, 0xFF, 0xDA, 0xFF,
  0xEE, 0xFF, 0x02, 0x00, 0x15, 0x00, 0x28, 0x00, 0x3B, 0x00, 0x4E, 0x00,
  0x61, 0x00, 0x73, 0x00, 0x86, 0x00, 0x98, 0x00, 0xAA, 0x00, 0xBC, 0x00,
  0xCE, 0x00, 0xDF, 0x00, 0xF0, 0x00, 0x02, 0x01, 0x13, 0x01, 0x23, 0x01,
  0x34, 0x01, 0x44, 0x01, 0x55, 0x01, 0x64, 0x01, 0x74, 0x01, 0x84, 0x01,
  0x93, 0x01, 0xA2, 0x01, 0xB1, 0x01, 0xC0, 0x01, 0xCF, 0x01, 0xDD, 0x01,
  0xEB, 0x01, 0xF9, 0x01, 0x07, 0x02, 0x14, 0x02, 0x21, 0x02, 0x2E, 0x02,
  0x3B, 0x02, 0x48, 0x02, 0x54, 0x02, 0x60, 0x02, 0x6C, 0x02, 0x77, 0x02,
  0x83, 0x02, 0x8E, 0x02, 0x99, 0x02, 0xA3, 0x02, 0xAE, 0x02, 0xB8, 0x02,
  0xC2, 0x02, 0xCC, 0x02, 0xD5, 0x02, 0xDE, 0x02, 0xE7, 0x02, 0xF0, 0x02,
  0xF9, 0x02, 0x01, 0x03, 0x09, 0x03, 0x11, 0x03, 0x18, 0x03, 0x20, 0x03,
  0x27, 0x03, 0x2E, 0x03, 0x34, 0x03, 0x3A, 0x03, 0x41, 0x03, 0x46, 0x03,
  0x4C, 0x03, 0x51, 0x03, 0x57, 0x03, 0x5C, 0x03, 0x60, 0x03, 0x65, 0x03,
  0x69, 0x03, 0x6D, 0x03, 0x70, 0x03, 0x74, 0x03, 0x77, 0x03, 0x7A, 0x03,
  0x7D, 0x03, 0x80, 0x03, 0x82, 0x03, 0x84, 0x03, 0x86, 0x03, 0x88, 0x03,
  0x89, 0x03, 0x8A, 0x03, 0x8B, 0x03, 0x8C, 0x03, 0x8D, 0x03, 0x8D, 0x03,
  0x8D, 0x03, 0x8D, 0x03, 0x8D, 0x03, 0x8C, 0x03, 0x8C, 0x03, 0x8B, 0x03,
  0x8A, 0x03, 0x88, 0x03, 0x87, 0x03, 0x85, 0x03, 0x83, 0x03, 0x81, 0x03,
  0x7F, 0x03, 0x7D, 0x03, 0x7A, 0x03, 0x77, 0x03, 0x74, 0x03, 0x71, 0x03,
  0x6E, 0x03, 0x6A, 0x03, 0x66, 0x03, 0x62, 0x03, 0x5E, 0x03, 0x5A, 0x03,
  0x56, 0x03, 0x51, 0x03, 0x4D, 0x03, 0x48, 0x03, 0x43, 0x03, 0x3E, 0x03,
  0x39, 0x03, 0x33, 0x03, 0x2E, 0x03, 0x28, 0x03, 0x22, 0x03, 0x1C, 0x03,
  0x16, 0x03, 0x10, 0x03, 0x0A, 0x03, 0x03, 0x03, 0xFD, 0x02, 0xF6, 0x02,
  0xEF, 0x02, 0xE8, 0x02, 0xE1, 0x02, 0xDA, 0x02, 0xD3, 0x02, 0xCC, 0x02,
  0xC4, 0x02, 0xBD, 0x02, 0xB5, 0x02, 0xAE, 0x02, 0xA6, 0x02, 0x9E, 0x02,
  0x96, 0x02, 0x8F, 0x02, 0x87, 0x02, 0x7F, 0x02, 0x76, 0x02, 0x6E, 0x02,
  0x66, 0x02, 0x5E, 0x02, 0x55, 0x02, 0x4D, 0x02, 0x45, 0x02, 0x3C, 0x02,
  0x34, 0x02, 0x2B, 0x02, 0x23, 0x02, 0x1A, 0x02, 0x12, 0x02, 0x09, 0x02,
  0x00, 0x02, 0xF8, 0x01, 0xEF, 0x01, 0xE6, 0x01, 0xDE, 0x01, 0xD5, 0x01,
  0xCC, 0x01, 0xC4, 0x01, 0xBB, 0x01, 0xB3, 0x01, 0xAA, 0x01, 0xA1, 0x01,
  0x99, 0x01, 0x90, 0x01, 0x88, 0x01, 0x7F, 0x01, 0x77, 0x01, 0x6E, 0x01,
  0x66, 0x01, 0x5D, 0x01, 0x55, 0x01, 0x4D, 0x01, 0x45, 0x01, 0x3C, 0x01,
  0x34, 0x01, 0x2C, 0x01, 0x24, 0x01, 0x1C, 0x01, 0x14, 0x01, 0x0C, 0x01,
  0x05, 0x01, 0xFD, 0x00, 0xF5, 0x00, 0xEE, 0x00, 0xE6, 0x00, 0xDF, 0x00,
  0xD8, 0x00, 0xD0, 0x00, 0xC9, 0x00, 0xC2, 0x00, 0xBB, 0x00, 0xB4, 0x00,
  0xAE, 0x00, 0xA7, 0x00, 0xA0, 0x00, 0x9A, 0x00, 0x93, 0x00, 0x8D, 0x00,
  0x87, 0x00, 0x81, 0x00, 0x7B, 0x00, 0x75, 0x00, 0x6F, 0x00, 0x6A, 0x00,
  0x64, 0x00, 0x5F, 0x00, 0x5A, 0x00, 0x55, 0x00, 0x50, 0x00, 0x4B, 0x00,
  0x46, 0x00, 0x41, 0x00, 0x3D, 0x00, 0x39, 0x00, 0x34, 0x00, 0x30, 0x00,
  0x2C, 0x00, 0x28, 0x00, 0x25, 0x00, 0x21, 0x00, 0x1E, 0x00, 0x1A, 0x00,
  0x17, 0x00, 0x14, 0x00, 0x11, 0x00, 0x0E, 0x00, 0x0C, 0x00, 0x09, 0x00,
  0x07, 0x00, 0x05, 0x00, 0x03, 0x00, 0x01, 0x00, 0xFF, 0xFF, 0xFE, 0xFF,
  0xFC, 0xFF, 0xFB, 0xFF, 0xFA, 0xFF, 0xF9, 0xFF, 0xF8, 0xFF, 0xF7, 0xFF,
  0xF6, 0xFF, 0xF6, 0xFF, 0xF6, 0xFF, 0xF5, 0xFF, 0xF5, 0xFF, 0xF5, 0xFF,
  0xF6, 0xFF, 0xF6, 0xFF, 0xF7, 0xFF, 0xF7, 0xFF, 0xF8, 0xFF, 0xF9, 0xFF,
  0xFA, 0xFF, 0xFB, 0xFF, 0xFD, 0xFF, 0xFE, 0xFF, 0x00, 0x00, 0x00, 0x00,
  0x00, 0x00, 0x00, 0x00, 0x00, 0x00, 0x00, 0x00, 0x00, 0x00, 0x00, 0x00,
  0x00, 0x00, 0x00, 0x00, 0x00, 0x00, 0x00, 0x00, 0x00, 0x00, 0x00, 0x00,
  0x00, 0x00, 0x00, 0x00, 0x00, 0x00, 0x00, 0x00, 0x00, 0x00, 0x00, 0x00,
  0x00, 0x00, 0x00, 0x00, 0x00, 0x00, 0x00, 0x00, 0x00, 0x00, 0x00, 0x00,
  0x00, 0x00, 0x00, 0x00, 0x00, 0x00, 0x00, 0x00, 0x00, 0x00, 0x00, 0x00,
  0x00, 0x00, 0x00, 0x00, 0x00, 0x00, 0x00, 0x00, 0x00, 0x00, 0x00, 0x00,
  0x00, 0x00, 0x00, 0x00, 0x00, 0x00, 0x00, 0x00, 0x00, 0x00, 0x00, 0x00,
  0x00, 0x00, 0x00, 0x00, 0x00, 0x00, 0x00, 0x00, 0x00, 0x00, 0x00, 0x00,
  0x00, 0x00, 0x00, 0x00, 0x00, 0x00, 0x00, 0x00, 0x00, 0x00, 0x00, 0x00,
  0x00, 0x00, 0x00, 0x00, 0x00, 0x00, 0x00, 0x00, 0x00, 0x00, 0x00, 0x00,
  0x00, 0x00, 0x00, 0x00, 0x00, 0x00, 0x00, 0x00, 0x00, 0x00, 0x00, 0x00,
  0x00, 0x00, 0x00, 0x00, 0x00, 0x00, 0x00, 0x00, 0x00, 0x00, 0x00, 0x00,
  0x00, 0x00, 0x00, 0x00, 0x00, 0x00, 0x00, 0x00, 0x00, 0x00, 0x00, 0x00,
  0x00, 0x00, 0x00, 0x00, 0x00, 0x00, 0x00, 0x00, 0x00, 0x00, 0x00, 0x00,
  0x00, 0x00, 0x00, 0x00, 0x00, 0x00, 0x00, 0x00, 0x00, 0x00, 0x00, 0x00,
  0x00, 0x00, 0x00, 0x00, 0x00, 0x00, 0x00, 0x00, 0x00, 0x00, 0x00, 0x00,
  0x00, 0x00, 0x00, 0x00, 0x00, 0x00, 0x00, 0x00, 0x00, 0x00, 0x00, 0x00,
  0x00, 0x00, 0x00, 0x00, 0x00, 0x00, 0x00, 0x00, 0x00, 0x00, 0x00, 0x00,
  0x00, 0x00, 0x00, 0x00, 0x00, 0x00, 0x00, 0x00, 0x00, 0x00, 0x00, 0x00,
  0x00, 0x00, 0x00, 0x00, 0x00, 0x00, 0x00, 0x00, 0x00, 0x00, 0x00, 0x00,
  0x00, 0x00, 0x00, 0x00, 0x00, 0x00, 0x00, 0x00, 0x00, 0x00, 0x00, 0x00,
  0x00, 0x00, 0x00, 0x00, 0x00, 0x00, 0x00, 0x00, 0x00, 0x00, 0x00, 0x00,
  0x00, 0x00, 0x00, 0x00, 0x00, 0x00, 0x00, 0x00, 0x00, 0x00, 0x00, 0x00,
  0x00, 0x00, 0x00, 0x00, 0x00, 0x00, 0x00, 0x00, 0x00, 0x00, 0x00, 0x00,
  0x00, 0x00, 0x00, 0x00, 0x00, 0x00, 0x00, 0x00, 0x00, 0x00, 0x00, 0x00,
  0x00, 0x00, 0x00, 0x00, 0x00, 0x00, 0x00, 0x00, 0x00, 0x00, 0x00, 0x00,
  0x00, 0x00, 0x00, 0x00, 0x00, 0x00, 0x00, 0x00, 0x00, 0x00, 0x00, 0x00,
  0x00, 0x00, 0x00, 0x00, 0x00, 0x00, 0x00, 0x00, 0x00, 0x00, 0x00, 0x00,
  0x00, 0x00, 0x00, 0x00, 0x00, 0x00, 0x00, 0x00, 0x00, 0x00, 0x00, 0x00,
  0x00, 0x00, 0x00, 0x00, 0x00, 0x00, 0x00, 0x00, 0x00, 0x00, 0x00, 0x00,
  0x00, 0x00, 0x00, 0x00, 0x00, 0x00, 0x00, 0x00, 0x00, 0x00, 0x00, 0x00,
  0x00, 0x00, 0x00, 0x00, 0x00, 0x00, 0x00, 0x00, 0x00, 0x00, 0x00, 0x00,
  0x00, 0x00, 0x00, 0x00, 0x00, 0x00, 0x00, 0x00, 0x00, 0x00, 0x00, 0x00,
  0x00, 0x00, 0x00, 0x00, 0x00, 0x00, 0x00, 0x00, 0x00, 0x00, 0x00, 0x00,
  0x00, 0x00, 0x00, 0x00, 0x00, 0x00, 0x00, 0x00, 0x00, 0x00, 0x00, 0x00,
  0x00, 0x00, 0x00, 0x00, 0x00, 0x00, 0x00, 0x00, 0x00, 0x00, 0x00, 0x00,
  0x00, 0x00, 0x00, 0x00, 0x00, 0x00, 0x00, 0x00, 0x00, 0x00, 0x00, 0x00,
  0x00, 0x00, 0x00, 0x00, 0x00, 0x00, 0x00, 0x00, 0x00, 0x00, 0x00, 0x00,
  0x00, 0x00, 0x00, 0x00, 0x00, 0x00, 0x00, 0x00, 0x00, 0x00, 0x00, 0x00,
  0x00, 0x00, 0x00, 0x00, 0x00, 0x00, 0x00, 0x00, 0x00, 0x00, 0x00, 0x00,
  0x00, 0x00, 0x00, 0x00, 0x00, 0x00, 0x00, 0x00, 0x00, 0x00, 0x00, 0x00,
  0x00, 0x00, 0x00, 0x00, 0x00, 0x00, 0x00, 0x00, 0x00, 0x00, 0x00, 0x00,
  0x00, 0x00, 0x00, 0x00, 0x00, 0x00, 0x00, 0x00, 0x00, 0x00, 0x00, 0x00,
  0x00, 0x00, 0x00, 0x00, 0x00, 0x00, 0x00, 0x00, 0x00, 0x00, 0x00, 0x00,
  0x00, 0x00, 0x00, 0x00, 0x00, 0x00, 0x00, 0x00, 0x00, 0x00, 0x00, 0x00,
  0x00, 0x00, 0x00, 0x00, 0x00, 0x00, 0x00, 0x00, 0x00, 0x00, 0x00, 0x00,
  0x00, 0x00, 0x00, 0x00, 0x00, 0x00, 0x00, 0x00, 0x00, 0x00, 0x00, 0x00,
  0x00, 0x00, 0x00, 0x00, 0x00, 0x00, 0x00, 0x00, 0x00, 0x00, 0x00, 0x00,
  0x00, 0x00, 0x00, 0x00, 0x00, 0x00, 0x00, 0x00, 0x00, 0x00, 0x00, 0x00,
  0x00, 0x00, 0x00, 0x00, 0x00, 0x00, 0x00, 0x00, 0x00, 0x00, 0x00, 0x00,
  0x00, 0x00, 0x00, 0x00, 0x00, 0x00, 0x00, 0x00, 0x00, 0x00, 0x00, 0x00,
  0x00, 0x00, 0x00, 0x00, 0x00, 0x00, 0x00, 0x00, 0x00, 0x00, 0x00, 0x00,
  0x00, 0x00, 0x00, 0x00, 0x00, 0x00, 0x00, 0x00, 0x00, 0x00, 0x00, 0x00,
  0x00, 0x00, 0x00, 0x00, 0x00, 0x00, 0x00, 0x00, 0x00, 0x00, 0x00, 0x00,
  0x00, 0x00, 0x00, 0x00, 0x00, 0x00, 0x00, 0x00, 0x00, 0x00, 0x00, 0x00,
  0x00, 0x00, 0x00, 0x00, 0x00, 0x00, 0x00, 0x00, 0x00, 0x00, 0x00, 0x00,
  0x00, 0x00, 0x00, 0x00, 0x00, 0x00, 0x00, 0x00, 0x00, 0x00, 0x00, 0x00,
  0x00, 0x00, 0x00, 0x00, 0x00, 0x00, 0x00, 0x00, 0x00, 0x00, 0x00, 0x00,
  0x00, 0x00, 0x00, 0x00, 0x00, 0x00, 0x00, 0x00, 0x00, 0x00, 0x00, 0x00,
  0x00, 0x00, 0x00, 0x00, 0x00, 0x00, 0x00, 0x00, 0x00, 0x00, 0x00, 0x00,
  0x00, 0x00, 0x00, 0x00, 0x00, 0x00, 0x00, 0x00, 0x00, 0x00, 0x00, 0x00,
  0x00, 0x00, 0x00, 0x00, 0x00, 0x00, 0x00, 0x00, 0x00, 0x00, 0x00, 0x00,
  0x00, 0x00, 0x00, 0x00, 0x00, 0x00, 0x00, 0x00, 0x00, 0x00, 0x00, 0x00,
  0x00, 0x00, 0x00, 0x00, 0x00, 0x00, 0x00, 0x00, 0x00, 0x00, 0x00, 0x00,
  0x00, 0x00, 0x00, 0x00, 0x00, 0x00, 0x00, 0x00, 0x00, 0x00, 0x00, 0x00,
  0x00, 0x00, 0x00, 0x00, 0x00, 0x00, 0x00, 0x00, 0x00, 0x00, 0x00, 0x00,
  0x00, 0x00, 0x00, 0x00, 0x00, 0x00, 0x00, 0x00, 0x00, 0x00, 0x00, 0x00,
  0x00, 0x00, 0x00, 0x00, 0x00, 0x00, 0x00, 0x00, 0x00, 0x00, 0x00, 0x00,
  0x00, 0x00, 0x00, 0x00, 0x00, 0x00, 0x00, 0x00, 0x00, 0x00, 0x00, 0x00,
  0x00, 0x00, 0x00, 0x00, 0x00, 0x00, 0x00, 0x00, 0x00, 0x00, 0x00, 0x00,
  0x00, 0x00, 0x00, 0x00, 0x00, 0x00, 0x00, 0x00, 0x00, 0x00, 0x00, 0x00,
  0x00, 0x00, 0x00, 0x00, 0x00, 0x00, 0x00, 0x00, 0x00, 0x00, 0x00, 0x00,
  0x00, 0x00, 0x00, 0x00, 0x00, 0x00, 0x00, 0x00, 0x00, 0x00, 0x00, 0x00,
  0x00, 0x00, 0x00, 0x00, 0x00, 0x00, 0x00, 0x00, 0x00, 0x00, 0x00, 0x00,
  0x00, 0x00, 0x00, 0x00, 0x00, 0x00, 0x00, 0x00, 0x00, 0x00, 0x00, 0x00,
  0x00, 0x00, 0x00, 0x00, 0x00, 0x00, 0x00, 0x00, 0x00, 0x00, 0x00, 0x00,
  0x00, 0x00, 0x00, 0x00, 0x00, 0x00, 0x00, 0x00, 0x00, 0x00, 0x00, 0x00,
  0x00, 0x00, 0x00, 0x00, 0x00, 0x00, 0x00, 0x00, 0x00, 0x00, 0x00, 0x00,
  0x00, 0x00, 0x00, 0x00, 0x00, 0x00, 0x00, 0x00, 0x00, 0x00, 0x00, 0x00,
  0x00, 0x00, 0x00, 0x00, 0x00, 0x00, 0x00, 0x00, 0x00, 0x00, 0x00, 0x00,
  0x00, 0x00, 0x00, 0x00, 0x00, 0x00, 0x00, 0x00, 0x00, 0x00, 0x00, 0x00,
  0x00, 0x00, 0x00, 0x00, 0x00, 0x00, 0x00, 0x00, 0x00, 0x00, 0x00, 0x00,
  0x00, 0x00, 0x00, 0x00, 0x00, 0x00, 0x00, 0x00, 0x00, 0x00, 0x00, 0x00,
  0x00, 0x00, 0x00, 0x00, 0x00, 0x00, 0x00, 0x00, 0x00, 0x00, 0x00, 0x00,
  0x00, 0x00, 0x00, 0x00, 0x00, 0x00, 0x00, 0x00, 0x00, 0x00, 0x00, 0x00,
  0x00, 0x00, 0x00, 0x00, 0x00, 0x00, 0x00, 0x00, 0x00, 0x00, 0x00, 0x00,
  0x00, 0x00, 0x00, 0x00, 0x00, 0x00, 0x00, 0x00, 0x00, 0x00, 0x00, 0x00,
  0x00, 0x00, 0x00, 0x00, 0x00, 0x00, 0x00, 0x00, 0x00, 0x00, 0x00, 0x00,
  0x00, 0x00, 0x00, 0x00, 0x00, 0x00, 0x00, 0x00, 0x00, 0x00, 0x00, 0x00,
  0x00, 0x00, 0x00, 0x00, 0x00, 0x00, 0x00, 0x00, 0x00, 0x00, 0x00, 0x00,
  0x00, 0x00, 0x00, 0x00, 0x00, 0x00, 0x00, 0x00, 0x00, 0x00, 0x00, 0x00,
  0x00, 0x00, 0x00, 0x00, 0x00, 0x00, 0x00, 0x00, 0x00, 0x00, 0x00, 0x00,
  0x00, 0x00, 0x00, 0x00, 0x00, 0x00, 0x00, 0x00, 0x00, 0x00, 0x00, 0x00,
  0x00, 0x00, 0x00, 0x00, 0x00, 0x00, 0x00, 0x00, 0x00, 0x00, 0x00, 0x00,
  0x00, 0x00, 0x00, 0x00, 0x00, 0x00, 0x00, 0x00, 0x00, 0x00, 0x00, 0x00,
  0x00, 0x00, 0x00, 0x00, 0x00, 0x00, 0x00, 0x00, 0x00, 0x00, 0x00, 0x00,
  0x00, 0x00, 0x00, 0x00, 0x00, 0x00, 0x00, 0x00, 0x00, 0x00, 0x00, 0x00,
  0x00, 0x00, 0x00, 0x00, 0x00, 0x00, 0x00, 0x00, 0x00, 0x00, 0x00, 0x00,
  0x00, 0x00, 0x00, 0x00, 0x00, 0x00, 0x00, 0x00, 0x00, 0x00, 0x00, 0x00,
  0x00, 0x00, 0x00, 0x00, 0x00, 0x00, 0x00, 0x00, 0x00, 0x00, 0x00, 0x00,
  0x00, 0x00, 0x00, 0x00, 0x00, 0x00, 0x00, 0x00, 0x00, 0x00, 0x00, 0x00,
  0x00, 0x00, 0x00, 0x00, 0x00, 0x00, 0x00, 0x00, 0x00, 0x00, 0x00, 0x00,
  0x00, 0x00, 0x00, 0x00, 0x00, 0x00, 0x00, 0x00, 0x00, 0x00, 0x00, 0x00,
  0x00, 0x00, 0x00, 0x00, 0x00, 0x00, 0x00, 0x00, 0x00, 0x00, 0x00, 0x00,
  0x00, 0x00, 0x00, 0x00, 0x00, 0x00, 0x00, 0x00, 0x00, 0x00, 0x00, 0x00,
  0x00, 0x00, 0x00, 0x00, 0x00, 0x00, 0x00, 0x00, 0x00, 0x00, 0x00, 0x00,
  0x00, 0x00, 0x00, 0x00, 0x00, 0x00, 0x00, 0x00, 0x00, 0x00, 0x00, 0x00,
  0x00, 0x00, 0x00, 0x00, 0x00, 0x00, 0x00, 0x00, 0x00, 0x00, 0x00, 0x00,
  0x00, 0x00, 0x00, 0x00, 0x00, 0x00, 0x00, 0x00, 0x00, 0x00, 0x00, 0x00,
  0x00, 0x00, 0x00, 0x00, 0x00, 0x00, 0x00, 0x00, 0x00, 0x00, 0x00, 0x00,
  0x00, 0x00, 0x00, 0x00, 0x00, 0x00, 0x00, 0x00, 0x00, 0x00, 0x00, 0x00,
  0x00, 0x00, 0x00, 0x00, 0x00, 0x00, 0x00, 0x00, 0x00, 0x00, 0x00, 0x00,
  0x00, 0x00, 0x00, 0x00, 0x00, 0x00, 0x00, 0x00, 0x00, 0x00, 0x00, 0x00,
  0x00, 0x00, 0x00, 0x00, 0x00, 0x00, 0x00, 0x00, 0x00, 0x00, 0x00, 0x00,
  0x00, 0x00, 0x00, 0x00, 0x00, 0x00, 0x00, 0x00, 0x00, 0x00, 0x00, 0x00,
  0x00, 0x00, 0x00, 0x00, 0x00, 0x00, 0x00, 0x00, 0x00, 0x00, 0x00, 0x00,
  0x00, 0x00, 0x00, 0x00, 0x00, 0x00, 0x00, 0x00, 0x00, 0x00, 0x00, 0x00,
  0x00, 0x00, 0x00, 0x00, 0x00, 0x00, 0x00, 0x00, 0x00, 0x00, 0x00, 0x00,
  0x00, 0x00, 0x00, 0x00, 0x00, 0x00, 0x00, 0x00, 0x00, 0x00, 0x00, 0x00,
  0x00, 0x00, 0x00, 0x00, 0x00, 0x00, 0x00, 0x00, 0x00, 0x00, 0x00, 0x00,
  0x00, 0x00, 0x00, 0x00, 0x00, 0x00, 0x00, 0x00, 0x00, 0x00, 0x00, 0x00,
  0x00, 0x00, 0x00, 0x00, 0x00, 0x00, 0x00, 0x00, 0x00, 0x00, 0x00, 0x00,
  0x00, 0x00, 0x00, 0x00, 0x00, 0x00, 0x00, 0x00, 0x00, 0x00, 0x00, 0x00,
  0x00, 0x00, 0x00, 0x00, 0x00, 0x00, 0x00, 0x00, 0x00, 0x00, 0x00, 0x00,
  0x00, 0x00, 0x00, 0x00, 0x00, 0x00, 0x00, 0x00, 0x00, 0x00, 0x00, 0x00,
  0x00, 0x00, 0x00, 0x00, 0x00, 0x00, 0x00, 0x00, 0x00, 0x00, 0x00, 0x00,
  0x00, 0x00, 0x00, 0x00, 0x00, 0x00, 0x00, 0x00, 0x00, 0x00, 0x00, 0x00,
  0x00, 0x00, 0x00, 0x00, 0x00, 0x00, 0x00, 0x00, 0x00, 0x00, 0x00, 0x00,
  0x00, 0x00, 0x00, 0x00, 0x00, 0x00, 0x00, 0x00, 0x00, 0x00, 0x00, 0x00,
  0x00, 0x00, 0x00, 0x00, 0x00, 0x00, 0x00, 0x00, 0x00, 0x00, 0x00, 0x00,
  0x00, 0x00, 0x00, 0x00, 0x00, 0x00, 0x00, 0x00, 0x00, 0x00, 0x00, 0x00,
  0x00, 0x00, 0x00, 0x00, 0x00, 0x00, 0x00, 0x00, 0x00, 0x00, 0x00, 0x00,
  0x00, 0x00, 0x00, 0x00, 0x00, 0x00, 0x00, 0x00, 0x00, 0x00, 0x00, 0x00,
  0x00, 0x00, 0x00, 0x00, 0x00, 0x00, 0x00, 0x00, 0x00, 0x00, 0x00, 0x00,
  0x00, 0x00, 0x00, 0x00, 0x00, 0x00, 0x00, 0x00, 0x00, 0x00, 0x00, 0x00,
  0x00, 0x00, 0x00, 0x00, 0x00, 0x00, 0x00, 0x00, 0x00, 0x00, 0x00, 0x00,
  0x00, 0x00, 0x00, 0x00, 0x00, 0x00, 0x00, 0x00, 0x00, 0x00, 0x00, 0x00,
  0x00, 0x00, 0x00, 0x00, 0x00, 0x00, 0x00, 0x00, 0x00, 0x00, 0x00, 0x00,
  0x00, 0x00, 0x00, 0x00, 0x00, 0x00, 0x00, 0x00, 0x00, 0x00, 0x00, 0x00,
  0x00, 0x00, 0x00, 0x00, 0x00, 0x00, 0x00, 0x00, 0x00, 0x00, 0x00, 0x00,
  0x00, 0x00, 0x00, 0x00, 0x00, 0x00, 0x00, 0x00, 0x00, 0x00, 0x00, 0x00,
  0x00, 0x00, 0x00, 0x00, 0x00, 0x00, 0x00, 0x00, 0x00, 0x00, 0x00, 0x00,
  0x00, 0x00, 0x00, 0x00, 0x00, 0x00, 0x00, 0x00, 0x00, 0x00, 0x00, 0x00,
  0x00, 0x00, 0x00, 0x00, 0x00, 0x00, 0x00, 0x00, 0x00, 0x00, 0x00, 0x00,
  0x00, 0x00, 0x00, 0x00, 0x00, 0x00, 0x00, 0x00, 0x00, 0x00, 0x00, 0x00,
  0x00, 0x00, 0x00, 0x00, 0x00, 0x00, 0x00, 0x00, 0x00, 0x00, 0x00, 0x00,
  0x00, 0x00, 0x00, 0x00, 0x00, 0x00, 0x00, 0x00, 0x00, 0x00, 0x00, 0x00,
  0x00, 0x00, 0x00, 0x00, 0x00, 0x00, 0x00, 0x00, 0x00, 0x00, 0x00, 0x00,
  0x00, 0x00, 0x00, 0x00, 0x00, 0x00, 0x00, 0x00, 0x00, 0x00, 0x00, 0x00,
  0x00, 0x00, 0x00, 0x00, 0x00, 0x00, 0x00, 0x00, 0x00, 0x00, 0x00, 0x00,
  0x00, 0x00, 0x00, 0x00, 0x00, 0x00, 0x00, 0x00, 0x00, 0x00, 0x00, 0x00,
  0x00, 0x00, 0x00, 0x00, 0x00, 0x00, 0x00, 0x00, 0x00, 0x00, 0x00, 0x00,
  0x00, 0x00, 0x00, 0x00, 0x00, 0x00, 0x00, 0x00, 0x00, 0x00, 0x00, 0x00,
  0x00, 0x00, 0x00, 0x00, 0x00, 0x00, 0x00, 0x00, 0x00, 0x00, 0x00, 0x00,
  0x00, 0x00, 0x00, 0x00, 0x00, 0x00, 0x00, 0x00, 0x00, 0x00, 0x00, 0x00,
  0x00, 0x00, 0x00, 0x00, 0x00, 0x00, 0x00, 0x00, 0x00, 0x00, 0x00, 0x00,
  0x00, 0x00, 0x00, 0x00, 0x00, 0x00, 0x00, 0x00, 0x00, 0x00, 0x00, 0x00,
  0x00, 0x00, 0x00, 0x00, 0x00, 0x00, 0x00, 0x00, 0x00, 0x00, 0x00, 0x00,
  0x00, 0x00, 0x00, 0x00, 0x00, 0x00, 0x00, 0x00, 0x00, 0x00, 0x00, 0x00,
  0x00, 0x00, 0x00, 0x00, 0x00, 0x00, 0x00, 0x00, 0x00, 0x00, 0x00, 0x00,
  0x00, 0x00, 0x00, 0x00, 0x00, 0x00, 0x00, 0x00, 0x00, 0x00, 0x00, 0x00,
  0x00, 0x00, 0x00, 0x00, 0x00, 0x00, 0x00, 0x00, 0x00, 0x00, 0x00, 0x00,
  0x00, 0x00, 0x00, 0x00, 0x00, 0x00, 0x00, 0x00, 0x00, 0x00, 0x00, 0x00,
  0x00, 0x00, 0x00, 0x00, 0x00, 0x00, 0x00, 0x00, 0x00, 0x00, 0x00, 0x00,
  0x00, 0x00, 0x00, 0x00, 0x00, 0x00, 0x00, 0x00, 0x00, 0x00, 0x00, 0x00,
  0x00, 0x00, 0x00, 0x00, 0x00, 0x00, 0x00, 0x00, 0x00, 0x00, 0x00, 0x00,
  0x00, 0x00, 0x00, 0x00, 0x00, 0x00, 0x00, 0x00, 0x00, 0x00, 0x00, 0x00,
  0x00, 0x00, 0x00, 0x00, 0x00, 0x00, 0x00, 0x00, 0x00, 0x00, 0x00, 0x00,
  0x00, 0x00, 0x00, 0x00, 0x00, 0x00, 0x00, 0x00, 0x00, 0x00, 0x00, 0x00,
  0x00, 0x00, 0x00, 0x00, 0x00, 0x00, 0x00, 0x00, 0x00, 0x00, 0x00, 0x00,
  0x00, 0x00, 0x00, 0x00, 0x00, 0x00, 0x00, 0x00, 0x00, 0x00, 0x00, 0x00,
  0x00, 0x00, 0x00, 0x00, 0x00, 0x00, 0x00, 0x00, 0x00, 0x00, 0x00, 0x00,
  0x00, 0x00, 0x00, 0x00, 0x00, 0x00, 0x00, 0x00, 0x00, 0x00, 0x00, 0x00,
  0x00, 0x00, 0x00, 0x00, 0x00, 0x00, 0x00, 0x00, 0x00, 0x00, 0x00, 0x00,
  0x00, 0x00, 0x00, 0x00, 0x00, 0x00, 0x00, 0x00, 0x00, 0x00, 0x00, 0x00,
  0x00, 0x00, 0x00, 0x00, 0x00, 0x00, 0x00, 0x00, 0x00, 0x00, 0x00, 0x00,
  0x00, 0x00, 0x00, 0x00, 0x00, 0x00, 0x00, 0x00, 0x00, 0x00, 0x00, 0x00,
  0x00, 0x00, 0x00, 0x00, 0x00, 0x00
};

const size_t DRAMA_HIT_WAV_SIZE = sizeof(DRAMA_HIT_WAV);

