#pragma once

#include <Arduino.h>

// Generated from error-buzzer.wav.
const uint8_t ERROR_BUZZER_WAV[] PROGMEM = {
  0x52, 0x49, 0x46, 0x46, 0x84, 0x41, 0x00, 0x00, 0x57, 0x41, 0x56, 0x45,
  0x66, 0x6D, 0x74, 0x20, 0x10, 0x00, 0x00, 0x00, 0x01, 0x00, 0x01, 0x00,
  0x22, 0x56, 0x00, 0x00, 0x44, 0xAC, 0x00, 0x00, 0x02, 0x00, 0x10, 0x00,
  0x64, 0x61, 0x74, 0x61, 0x60, 0x41, 0x00, 0x00, 0x00, 0x00, 0x0C, 0x00,
  0x17, 0x00, 0x23, 0x00, 0x2E, 0x00, 0x3A, 0x00, 0x45, 0x00, 0x51, 0x00,
  0x5C, 0x00, 0x68, 0x00, 0x74, 0x00, 0x7F, 0x00, 0x8B, 0x00, 0x96, 0x00,
  0xA2, 0x00, 0xAD, 0x00, 0xB9, 0x00, 0xC4, 0x00, 0xD0, 0x00, 0xDC, 0x00,
  0xE7, 0x00, 0xF3, 0x00, 0xFE, 0x00, 0x0A, 0x01, 0x15, 0x01, 0x21, 0x01,
  0x2D, 0x01, 0x38, 0x01, 0x44, 0x01, 0x4F, 0x01, 0x5B, 0x01, 0x66, 0x01,
  0x72, 0x01, 0x7D, 0x01, 0x89, 0x01, 0x95, 0x01, 0xA0, 0x01, 0xAC, 0x01,
  0xB7, 0x01, 0xC3, 0x01, 0xCE, 0x01, 0xDA, 0x01, 0xE5, 0x01, 0xF1, 0x01,
  0xFD, 0x01, 0x08, 0x02, 0x14, 0x02, 0x1F, 0x02, 0x2B, 0x02, 0x36, 0x02,
  0x42, 0x02, 0x4D, 0x02, 0x59, 0x02, 0x65, 0x02, 0x70, 0x02, 0x7C, 0x02,
  0x87, 0x02, 0x93, 0x02, 0x9E, 0x02, 0xAA, 0x02, 0xB5, 0x02, 0x3F, 0xFD,
  0x33, 0xFD, 0x28, 0xFD, 0x1C, 0xFD, 0x11, 0xFD, 0x05, 0xFD, 0xFA, 0xFC,
  0xEE, 0xFC, 0xE2, 0xFC, 0xD7, 0xFC, 0xCB, 0xFC, 0xC0, 0xFC, 0xB4, 0xFC,
  0xA9, 0xFC, 0x9D, 0xFC, 0x92, 0xFC, 0x86, 0xFC, 0x7A, 0xFC, 0x6F, 0xFC,
  0x63, 0xFC, 0x58, 0xFC, 0x4C, 0xFC, 0x41, 0xFC, 0x35, 0xFC, 0x2A, 0xFC,
  0x1E, 0xFC, 0x12, 0xFC, 0x07, 0xFC, 0xFB, 0xFB, 0xF0, 0xFB, 0xE4, 0xFB,
  0xD9, 0xFB, 0xCD, 0xFB, 0xC2, 0xFB, 0xB6, 0xFB, 0xAA, 0xFB, 0x9F, 0xFB,
  0x93, 0xFB, 0x88, 0xFB, 0x7C, 0xFB, 0x71, 0xFB, 0x65, 0xFB, 0x5A, 0xFB,
  0x4E, 0xFB, 0x42, 0xFB, 0x37, 0xFB, 0x2B, 0xFB, 0x20, 0xFB, 0x14, 0xFB,
  0x09, 0xFB, 0xFD, 0xFA, 0xF2, 0xFA, 0xE6, 0xFA, 0xDA, 0xFA, 0xCF, 0xFA,
  0xC3, 0xFA, 0xB8, 0xFA, 0xAC, 0xFA, 0xA1, 0xFA, 0x95, 0xFA, 0x89, 0xFA,
  0x82, 0x05, 0x8E, 0x05, 0x99, 0x05, 0xA5, 0x05, 0xB0, 0x05, 0xBC, 0x05,
  0xC7, 0x05, 0xD3, 0x05, 0xDF, 0x05, 0xEA, 0x05, 0xF6, 0x05, 0x01, 0x06,
  0x0D, 0x06, 0x18, 0x06, 0x24, 0x06, 0x2F, 0x06, 0x3B, 0x06, 0x47, 0x06,
  0x52, 0x06, 0x5E, 0x06, 0x69, 0x06, 0x75, 0x06, 0x80, 0x06, 0x8C, 0x06,
  0x97, 0x06, 0xA3, 0x06, 0xAF, 0x06, 0xBA, 0x06, 0xC6, 0x06, 0xD1, 0x06,
  0xDD, 0x06, 0xE8, 0x06, 0xF4, 0x06, 0xFF, 0x06, 0x0B, 0x07, 0x17, 0x07,
  0x22, 0x07, 0x2E, 0x07, 0x39, 0x07, 0x45, 0x07, 0x50, 0x07, 0x5C, 0x07,
  0x68, 0x07, 0x73, 0x07, 0x7F, 0x07, 0x8A, 0x07, 0x96, 0x07, 0xA1, 0x07,
  0xAD, 0x07, 0xB8, 0x07, 0xC4, 0x07, 0xD0, 0x07, 0xDB, 0x07, 0xE7, 0x07,
  0xF2, 0x07, 0xFE, 0x07, 0x09, 0x08, 0x15, 0x08, 0x20, 0x08, 0x2C, 0x08,
  0x38, 0x08, 0xBD, 0xF7, 0xB1, 0xF7, 0xA6, 0xF7, 0x9A, 0xF7, 0x8F, 0xF7,
  0x83, 0xF7, 0x78, 0xF7, 0x6C, 0xF7, 0x60, 0xF7, 0x55, 0xF7, 0x49, 0xF7,
  0x3E, 0xF7, 0x32, 0xF7, 0x27, 0xF7, 0x1B, 0xF7, 0x10, 0xF7, 0x04, 0xF7,
  0xF8, 0xF6, 0xED, 0xF6, 0xE1, 0xF6, 0xD6, 0xF6, 0xCA, 0xF6, 0xBF, 0xF6,
  0xB3, 0xF6, 0xA7, 0xF6, 0x9C, 0xF6, 0x90, 0xF6, 0x85, 0xF6, 0x79, 0xF6,
  0x6E, 0xF6, 0x62, 0xF6, 0x57, 0xF6, 0x4B, 0xF6, 0x3F, 0xF6, 0x34, 0xF6,
  0x28, 0xF6, 0x1D, 0xF6, 0x11, 0xF6, 0x06, 0xF6, 0xFA, 0xF5, 0xEF, 0xF5,
  0xE3, 0xF5, 0xD7, 0xF5, 0xCC, 0xF5, 0xC0, 0xF5, 0xB5, 0xF5, 0xA9, 0xF5,
  0x9E, 0xF5, 0x92, 0xF5, 0x87, 0xF5, 0x7B, 0xF5, 0x6F, 0xF5, 0x64, 0xF5,
  0x58, 0xF5, 0x4D, 0xF5, 0x41, 0xF5, 0x36, 0xF5, 0x2A, 0xF5, 0x1F, 0xF5,
  0x13, 0xF5, 0x07, 0xF5, 0x04, 0x0B, 0x10, 0x0B, 0x1B, 0x0B, 0x27, 0x0B,
  0x32, 0x0B, 0x3E, 0x0B, 0x4A, 0x0B, 0x55, 0x0B, 0x61, 0x0B, 0x6C, 0x0B,
  0x78, 0x0B, 0x83, 0x0B, 0x8F, 0x0B, 0x9A, 0x0B, 0xA6, 0x0B, 0xB2, 0x0B,
  0xBD, 0x0B, 0xC9, 0x0B, 0xD4, 0x0B, 0xE0, 0x0B, 0xEB, 0x0B, 0xF7, 0x0B,
  0x02, 0x0C, 0x0E, 0x0C, 0x1A, 0x0C, 0x25, 0x0C, 0x31, 0x0C, 0x3C, 0x0C,
  0x48, 0x0C, 0x53, 0x0C, 0x5F, 0x0C, 0x6A, 0x0C, 0x76, 0x0C, 0x82, 0x0C,
  0x8D, 0x0C, 0x99, 0x0C, 0xA4, 0x0C, 0xB0, 0x0C, 0xBB, 0x0C, 0xC7, 0x0C,
  0xD2, 0x0C, 0xDE, 0x0C, 0xEA, 0x0C, 0xF5, 0x0C, 0x01, 0x0D, 0x0C, 0x0D,
  0x18, 0x0D, 0x23, 0x0D, 0x2F, 0x0D, 0x3B, 0x0D, 0x46, 0x0D, 0x52, 0x0D,
  0x5D, 0x0D, 0x69, 0x0D, 0x74, 0x0D, 0x80, 0x0D, 0x8B, 0x0D, 0x97, 0x0D,
  0xA3, 0x0D, 0xAE, 0x0D, 0xBA, 0x0D, 0xC5, 0x0D, 0x2F, 0xF2, 0x24, 0xF2,
  0x18, 0xF2, 0x0D, 0xF2, 0x01, 0xF2, 0xF5, 0xF1, 0xEA, 0xF1, 0xDE, 0xF1,
  0xD3, 0xF1, 0xC7, 0xF1, 0xBC, 0xF1, 0xB0, 0xF1, 0xA5, 0xF1, 0x99, 0xF1,
  0x8D, 0xF1, 0x82, 0xF1, 0x76, 0xF1, 0x6B, 0xF1, 0x5F, 0xF1, 0x54, 0xF1,
  0x48, 0xF1, 0x3D, 0xF1, 0x31, 0xF1, 0x25, 0xF1, 0x1A, 0xF1, 0x0E, 0xF1,
  0x03, 0xF1, 0xF7, 0xF0, 0xEC, 0xF0, 0xE0, 0xF0, 0xD5, 0xF0, 0xC9, 0xF0,
  0xBD, 0xF0, 0xB2, 0xF0, 0xA6, 0xF0, 0x9B, 0xF0, 0x8F, 0xF0, 0x84, 0xF0,
  0x78, 0xF0, 0x6C, 0xF0, 0x61, 0xF0, 0x55, 0xF0, 0x4A, 0xF0, 0x3E, 0xF0,
  0x33, 0xF0, 0x27, 0xF0, 0x1C, 0xF0, 0x10, 0xF0, 0x04, 0xF0, 0xF9, 0xEF,
  0xED, 0xEF, 0xE2, 0xEF, 0xD6, 0xEF, 0xCB, 0xEF, 0xBF, 0xEF, 0xB4, 0xEF,
  0xA8, 0xEF, 0x9C, 0xEF, 0x91, 0xEF, 0x85, 0xEF, 0x7A, 0xEF, 0x92, 0x10,
  0x9D, 0x10, 0xA9, 0x10, 0xB4, 0x10, 0xC0, 0x10, 0xCC, 0x10, 0xD7, 0x10,
  0xE3, 0x10, 0xEE, 0x10, 0xFA, 0x10, 0x05, 0x11, 0x11, 0x11, 0x1C, 0x11,
  0x28, 0x11, 0x34, 0x11, 0x3F, 0x11, 0x4B, 0x11, 0x56, 0x11, 0x62, 0x11,
  0x6D, 0x11, 0x79, 0x11, 0x85, 0x11, 0x90, 0x11, 0x9C, 0x11, 0xA7, 0x11,
  0xB3, 0x11, 0xBE, 0x11, 0xCA, 0x11, 0xD5, 0x11, 0xE1, 0x11, 0xEB, 0x11,
  0xEB, 0x11, 0xEB, 0x11, 0xEB, 0x11, 0xEB, 0x11, 0xEB, 0x11, 0xEB, 0x11,
  0xEB, 0x11, 0xEB, 0x11, 0xEB, 0x11, 0xEB, 0x11, 0xEB, 0x11, 0xEB, 0x11,
  0xEB, 0x11, 0xEB, 0x11, 0xEB, 0x11, 0xEB, 0x11, 0xEB, 0x11, 0xEB, 0x11,
  0xEB, 0x11, 0xEB, 0x11, 0xEB, 0x11, 0xEB, 0x11, 0xEB, 0x11, 0xEB, 0x11,
  0xEB, 0x11, 0xEB, 0x11, 0xEB, 0x11, 0xEB, 0x11, 0xEB, 0x11, 0xEB, 0x11,
  0x15, 0xEE, 0x15, 0xEE, 0x15, 0xEE, 0x15, 0xEE, 0x15, 0xEE, 0x15, 0xEE,
  0x15, 0xEE, 0x15, 0xEE, 0x15, 0xEE, 0x15, 0xEE, 0x15, 0xEE, 0x15, 0xEE,
  0x15, 0xEE, 0x15, 0xEE, 0x15, 0xEE, 0x15, 0xEE, 0x15, 0xEE, 0x15, 0xEE,
  0x15, 0xEE, 0x15, 0xEE, 0x15, 0xEE, 0x15, 0xEE, 0x15, 0xEE, 0x15, 0xEE,
  0x15, 0xEE, 0x15, 0xEE, 0x15, 0xEE, 0x15, 0xEE, 0x15, 0xEE, 0x15, 0xEE,
  0x15, 0xEE, 0x15, 0xEE, 0x15, 0xEE, 0x15, 0xEE, 0x15, 0xEE, 0x15, 0xEE,
  0x15, 0xEE, 0x15, 0xEE, 0x15, 0xEE, 0x15, 0xEE, 0x15, 0xEE, 0x15, 0xEE,
  0x15, 0xEE, 0x15, 0xEE, 0x15, 0xEE, 0x15, 0xEE, 0x15, 0xEE, 0x15, 0xEE,
  0x15, 0xEE, 0x15, 0xEE, 0x15, 0xEE, 0x15, 0xEE, 0x15, 0xEE, 0x15, 0xEE,
  0x15, 0xEE, 0x15, 0xEE, 0x15, 0xEE, 0x15, 0xEE, 0x15, 0xEE, 0x15, 0xEE,
  0x15, 0xEE, 0xEB, 0x11, 0xEB, 0x11, 0xEB, 0x11, 0xEB, 0x11, 0xEB, 0x11,
  0xEB, 0x11, 0xEB, 0x11, 0xEB, 0x11, 0xEB, 0x11, 0xEB, 0x11, 0xEB, 0x11,
  0xEB, 0x11, 0xEB, 0x11, 0xEB, 0x11, 0xEB, 0x11, 0xEB, 0x11, 0xEB, 0x11,
  0xEB, 0x11, 0xEB, 0x11, 0xEB, 0x11, 0xEB, 0x11, 0xEB, 0x11, 0xEB, 0x11,
  0xEB, 0x11, 0xEB, 0x11, 0xEB, 0x11, 0xEB, 0x11, 0xEB, 0x11, 0xEB, 0x11,
  0xEB, 0x11, 0xEB, 0x11, 0xEB, 0x11, 0xEB, 0x11, 0xEB, 0x11, 0xEB, 0x11,
  0xEB, 0x11, 0xEB, 0x11, 0xEB, 0x11, 0xEB, 0x11, 0xEB, 0x11, 0xEB, 0x11,
  0xEB, 0x11, 0xEB, 0x11, 0xEB, 0x11, 0xEB, 0x11, 0xEB, 0x11, 0xEB, 0x11,
  0xEB, 0x11, 0xEB, 0x11, 0xEB, 0x11, 0xEB, 0x11, 0xEB, 0x11, 0xEB, 0x11,
  0xEB, 0x11, 0xEB, 0x11, 0xEB, 0x11, 0xEB, 0x11, 0xEB, 0x11, 0xEB, 0x11,
  0xEB, 0x11, 0xEB, 0x11, 0xEB, 0x11, 0x15, 0xEE, 0x15, 0xEE, 0x15, 0xEE,
  0x15, 0xEE, 0x15, 0xEE, 0x15, 0xEE, 0x15, 0xEE, 0x15, 0xEE, 0x15, 0xEE,
  0x15, 0xEE, 0x15, 0xEE, 0x15, 0xEE, 0x15, 0xEE, 0x15, 0xEE, 0x15, 0xEE,
  0x15, 0xEE, 0x15, 0xEE, 0x15, 0xEE, 0x15, 0xEE, 0x15, 0xEE, 0x15, 0xEE,
  0x15, 0xEE, 0x15, 0xEE, 0x15, 0xEE, 0x15, 0xEE, 0x15, 0xEE, 0x15, 0xEE,
  0x15, 0xEE, 0x15, 0xEE, 0x15, 0xEE, 0x15, 0xEE, 0x15, 0xEE, 0x15, 0xEE,
  0x15, 0xEE, 0x15, 0xEE, 0x15, 0xEE, 0x15, 0xEE, 0x15, 0xEE, 0x15, 0xEE,
  0x15, 0xEE, 0x15, 0xEE, 0x15, 0xEE, 0x15, 0xEE, 0x15, 0xEE, 0x15, 0xEE,
  0x15, 0xEE, 0x15, 0xEE, 0x15, 0xEE, 0x15, 0xEE, 0x15, 0xEE, 0x15, 0xEE,
  0x15, 0xEE, 0x15, 0xEE, 0x15, 0xEE, 0x15, 0xEE, 0x15, 0xEE, 0x15, 0xEE,
  0x15, 0xEE, 0x15, 0xEE, 0x15, 0xEE, 0x15, 0xEE, 0xEB, 0x11, 0xEB, 0x11,
  0xEB, 0x11, 0xEB, 0x11, 0xEB, 0x11, 0xEB, 0x11, 0xEB, 0x11, 0xEB, 0x11,
  0xEB, 0x11, 0xEB, 0x11, 0xEB, 0x11, 0xEB, 0x11, 0xEB, 0x11, 0xEB, 0x11,
  0xEB, 0x11, 0xEB, 0x11, 0xEB, 0x11, 0xEB, 0x11, 0xEB, 0x11, 0xEB, 0x11,
  0xEB, 0x11, 0xEB, 0x11, 0xEB, 0x11, 0xEB, 0x11, 0xEB, 0x11, 0xEB, 0x11,
  0xEB, 0x11, 0xEB, 0x11, 0xEB, 0x11, 0xEB, 0x11, 0xEB, 0x11, 0xEB, 0x11,
  0xEB, 0x11, 0xEB, 0x11, 0xEB, 0x11, 0xEB, 0x11, 0xEB, 0x11, 0xEB, 0x11,
  0xEB, 0x11, 0xEB, 0x11, 0xEB, 0x11, 0xEB, 0x11, 0xEB, 0x11, 0xEB, 0x11,
  0xEB, 0x11, 0xEB, 0x11, 0xEB, 0x11, 0xEB, 0x11, 0xEB, 0x11, 0xEB, 0x11,
  0xEB, 0x11, 0xEB, 0x11, 0xEB, 0x11, 0xEB, 0x11, 0xEB, 0x11, 0xEB, 0x11,
  0xEB, 0x11, 0xEB, 0x11, 0xEB, 0x11, 0xEB, 0x11, 0xEB, 0x11, 0x15, 0xEE,
  0x15, 0xEE, 0x15, 0xEE, 0x15, 0xEE, 0x15, 0xEE, 0x15, 0xEE, 0x15, 0xEE,
  0x15, 0xEE, 0x15, 0xEE, 0x15, 0xEE, 0x15, 0xEE, 0x15, 0xEE, 0x15, 0xEE,
  0x15, 0xEE, 0x15, 0xEE, 0x15, 0xEE, 0x15, 0xEE, 0x15, 0xEE, 0x15, 0xEE,
  0x15, 0xEE, 0x15, 0xEE, 0x15, 0xEE, 0x15, 0xEE, 0x15, 0xEE, 0x15, 0xEE,
  0x15, 0xEE, 0x15, 0xEE, 0x15, 0xEE, 0x15, 0xEE, 0x15, 0xEE, 0x15, 0xEE,
  0x15, 0xEE, 0x15, 0xEE, 0x15, 0xEE, 0x15, 0xEE, 0x15, 0xEE, 0x15, 0xEE,
  0x15, 0xEE, 0x15, 0xEE, 0x15, 0xEE, 0x15, 0xEE, 0x15, 0xEE, 0x15, 0xEE,
  0x15, 0xEE, 0x15, 0xEE, 0x15, 0xEE, 0x15, 0xEE, 0x15, 0xEE, 0x15, 0xEE,
  0x15, 0xEE, 0x15, 0xEE, 0x15, 0xEE, 0x15, 0xEE, 0x15, 0xEE, 0x15, 0xEE,
  0x15, 0xEE, 0x15, 0xEE, 0x15, 0xEE, 0x15, 0xEE, 0x15, 0xEE, 0x15, 0xEE,
  0x15, 0xEE, 0xEB, 0x11, 0xEB, 0x11, 0xEB, 0x11, 0xEB, 0x11, 0xEB, 0x11,
  0xEB, 0x11, 0xEB, 0x11, 0xEB, 0x11, 0xEB, 0x11, 0xEB, 0x11, 0xEB, 0x11,
  0xEB, 0x11, 0xEB, 0x11, 0xEB, 0x11, 0xEB, 0x11, 0xEB, 0x11, 0xEB, 0x11,
  0xEB, 0x11, 0xEB, 0x11, 0xEB, 0x11, 0xEB, 0x11, 0xEB, 0x11, 0xEB, 0x11,
  0xEB, 0x11, 0xEB, 0x11, 0xEB, 0x11, 0xEB, 0x11, 0xEB, 0x11, 0xEB, 0x11,
  0xEB, 0x11, 0xEB, 0x11, 0xEB, 0x11, 0xEB, 0x11, 0xEB, 0x11, 0xEB, 0x11,
  0xEB, 0x11, 0xEB, 0x11, 0xEB, 0x11, 0xEB, 0x11, 0xEB, 0x11, 0xEB, 0x11,
  0xEB, 0x11, 0xEB, 0x11, 0xEB, 0x11, 0xEB, 0x11, 0xEB, 0x11, 0xEB, 0x11,
  0xEB, 0x11, 0xEB, 0x11, 0xEB, 0x11, 0xEB, 0x11, 0xEB, 0x11, 0xEB, 0x11,
  0xEB, 0x11, 0xEB, 0x11, 0xEB, 0x11, 0xEB, 0x11, 0xEB, 0x11, 0xEB, 0x11,
  0xEB, 0x11, 0xEB, 0x11, 0x15, 0xEE, 0x15, 0xEE, 0x15, 0xEE, 0x15, 0xEE,
  0x15, 0xEE, 0x15, 0xEE, 0x15, 0xEE, 0x15, 0xEE, 0x15, 0xEE, 0x15, 0xEE,
  0x15, 0xEE, 0x15, 0xEE, 0x15, 0xEE, 0x15, 0xEE, 0x15, 0xEE, 0x15, 0xEE,
  0x15, 0xEE, 0x15, 0xEE, 0x15, 0xEE, 0x15, 0xEE, 0x15, 0xEE, 0x15, 0xEE,
  0x15, 0xEE, 0x15, 0xEE, 0x15, 0xEE, 0x15, 0xEE, 0x15, 0xEE, 0x15, 0xEE,
  0x15, 0xEE, 0x15, 0xEE, 0x15, 0xEE, 0x15, 0xEE, 0x15, 0xEE, 0x15, 0xEE,
  0x15, 0xEE, 0x15, 0xEE, 0x15, 0xEE, 0x15, 0xEE, 0x15, 0xEE, 0x15, 0xEE,
  0x15, 0xEE, 0x15, 0xEE, 0x15, 0xEE, 0x15, 0xEE, 0x15, 0xEE, 0x15, 0xEE,
  0x15, 0xEE, 0x15, 0xEE, 0x15, 0xEE, 0x15, 0xEE, 0x15, 0xEE, 0x15, 0xEE,
  0x15, 0xEE, 0x15, 0xEE, 0x15, 0xEE, 0x15, 0xEE, 0x15, 0xEE, 0x15, 0xEE,
  0x15, 0xEE, 0x15, 0xEE, 0x15, 0xEE, 0xEB, 0x11, 0xEB, 0x11, 0xEB, 0x11,
  0xEB, 0x11, 0xEB, 0x11, 0xEB, 0x11, 0xEB, 0x11, 0xEB, 0x11, 0xEB, 0x11,
  0xEB, 0x11, 0xEB, 0x11, 0xEB, 0x11, 0xEB, 0x11, 0xEB, 0x11, 0xEB, 0x11,
  0xEB, 0x11, 0xEB, 0x11, 0xEB, 0x11, 0xEB, 0x11, 0xEB, 0x11, 0xEB, 0x11,
  0xEB, 0x11, 0xEB, 0x11, 0xEB, 0x11, 0xEB, 0x11, 0xEB, 0x11, 0xEB, 0x11,
  0xEB, 0x11, 0xEB, 0x11, 0xEB, 0x11, 0xEB, 0x11, 0xEB, 0x11, 0xEB, 0x11,
  0xEB, 0x11, 0xEB, 0x11, 0xEB, 0x11, 0xEB, 0x11, 0xEB, 0x11, 0xEB, 0x11,
  0xEB, 0x11, 0xEB, 0x11, 0xEB, 0x11, 0xEB, 0x11, 0xEB, 0x11, 0xEB, 0x11,
  0xEB, 0x11, 0xEB, 0x11, 0xEB, 0x11, 0xEB, 0x11, 0xEB, 0x11, 0xEB, 0x11,
  0xEB, 0x11, 0xEB, 0x11, 0xEB, 0x11, 0xEB, 0x11, 0xEB, 0x11, 0xEB, 0x11,
  0xEB, 0x11, 0xEB, 0x11, 0xEB, 0x11, 0xEB, 0x11, 0x15, 0xEE, 0x15, 0xEE,
  0x15, 0xEE, 0x15, 0xEE, 0x15, 0xEE, 0x15, 0xEE, 0x15, 0xEE, 0x15, 0xEE,
  0x15, 0xEE, 0x15, 0xEE, 0x15, 0xEE, 0x15, 0xEE, 0x15, 0xEE, 0x15, 0xEE,
  0x15, 0xEE, 0x15, 0xEE, 0x15, 0xEE, 0x15, 0xEE, 0x15, 0xEE, 0x15, 0xEE,
  0x15, 0xEE, 0x15, 0xEE, 0x15, 0xEE, 0x15, 0xEE, 0x15, 0xEE, 0x15, 0xEE,
  0x15, 0xEE, 0x15, 0xEE, 0x15, 0xEE, 0x15, 0xEE, 0x15, 0xEE, 0x15, 0xEE,
  0x15, 0xEE, 0x15, 0xEE, 0x15, 0xEE, 0x15, 0xEE, 0x15, 0xEE, 0x15, 0xEE,
  0x15, 0xEE, 0x15, 0xEE, 0x15, 0xEE, 0x15, 0xEE, 0x15, 0xEE, 0x15, 0xEE,
  0x15, 0xEE, 0x15, 0xEE, 0x15, 0xEE, 0x15, 0xEE, 0x15, 0xEE, 0x15, 0xEE,
  0x15, 0xEE, 0x15, 0xEE, 0x15, 0xEE, 0x15, 0xEE, 0x15, 0xEE, 0x15, 0xEE,
  0x15, 0xEE, 0x15, 0xEE, 0x15, 0xEE, 0x15, 0xEE, 0x15, 0xEE, 0x15, 0xEE,
  0xEB, 0x11, 0xEB, 0x11, 0xEB, 0x11, 0xEB, 0x11, 0xEB, 0x11, 0xEB, 0x11,
  0xEB, 0x11, 0xEB, 0x11, 0xEB, 0x11, 0xEB, 0x11, 0xEB, 0x11, 0xEB, 0x11,
  0xEB, 0x11, 0xEB, 0x11, 0xEB, 0x11, 0xEB, 0x11, 0xEB, 0x11, 0xEB, 0x11,
  0xEB, 0x11, 0xEB, 0x11, 0xEB, 0x11, 0xEB, 0x11, 0xEB, 0x11, 0xEB, 0x11,
  0xEB, 0x11, 0xEB, 0x11, 0xEB, 0x11, 0xEB, 0x11, 0xEB, 0x11, 0xEB, 0x11,
  0xEB, 0x11, 0xEB, 0x11, 0xEB, 0x11, 0xEB, 0x11, 0xEB, 0x11, 0xEB, 0x11,
  0xEB, 0x11, 0xEB, 0x11, 0xEB, 0x11, 0xEB, 0x11, 0xEB, 0x11, 0xEB, 0x11,
  0xEB, 0x11, 0xEB, 0x11, 0xEB, 0x11, 0xEB, 0x11, 0xEB, 0x11, 0xEB, 0x11,
  0xEB, 0x11, 0xEB, 0x11, 0xEB, 0x11, 0xEB, 0x11, 0xEB, 0x11, 0xEB, 0x11,
  0xEB, 0x11, 0xEB, 0x11, 0xEB, 0x11, 0xEB, 0x11, 0xEB, 0x11, 0xEB, 0x11,
  0xEB, 0x11, 0x15, 0xEE, 0x15, 0xEE, 0x15, 0xEE, 0x15, 0xEE, 0x15, 0xEE,
  0x15, 0xEE, 0x15, 0xEE, 0x15, 0xEE, 0x15, 0xEE, 0x15, 0xEE, 0x15, 0xEE,
  0x15, 0xEE, 0x15, 0xEE, 0x15, 0xEE, 0x15, 0xEE, 0x15, 0xEE, 0x15, 0xEE,
  0x15, 0xEE, 0x15, 0xEE, 0x15, 0xEE, 0x15, 0xEE, 0x15, 0xEE, 0x15, 0xEE,
  0x15, 0xEE, 0x15, 0xEE, 0x15, 0xEE, 0x15, 0xEE, 0x15, 0xEE, 0x15, 0xEE,
  0x15, 0xEE, 0x15, 0xEE, 0x15, 0xEE, 0x15, 0xEE, 0x15, 0xEE, 0x15, 0xEE,
  0x15, 0xEE, 0x15, 0xEE, 0x15, 0xEE, 0x15, 0xEE, 0x15, 0xEE, 0x15, 0xEE,
  0x15, 0xEE, 0x15, 0xEE, 0x15, 0xEE, 0x15, 0xEE, 0x15, 0xEE, 0x15, 0xEE,
  0x15, 0xEE, 0x15, 0xEE, 0x15, 0xEE, 0x15, 0xEE, 0x15, 0xEE, 0x15, 0xEE,
  0x15, 0xEE, 0x15, 0xEE, 0x15, 0xEE, 0x15, 0xEE, 0x15, 0xEE, 0x15, 0xEE,
  0x15, 0xEE, 0x15, 0xEE, 0xEB, 0x11, 0xEB, 0x11, 0xEB, 0x11, 0xEB, 0x11,
  0xEB, 0x11, 0xEB, 0x11, 0xEB, 0x11, 0xEB, 0x11, 0xEB, 0x11, 0xEB, 0x11,
  0xEB, 0x11, 0xEB, 0x11, 0xEB, 0x11, 0xEB, 0x11, 0xEB, 0x11, 0xEB, 0x11,
  0xEB, 0x11, 0xEB, 0x11, 0xEB, 0x11, 0xEB, 0x11, 0xEB, 0x11, 0xEB, 0x11,
  0xEB, 0x11, 0xEB, 0x11, 0xEB, 0x11, 0xEB, 0x11, 0xEB, 0x11, 0xEB, 0x11,
  0xEB, 0x11, 0xEB, 0x11, 0xEB, 0x11, 0xEB, 0x11, 0xEB, 0x11, 0xEB, 0x11,
  0xEB, 0x11, 0xEB, 0x11, 0xEB, 0x11, 0xEB, 0x11, 0xEB, 0x11, 0xEB, 0x11,
  0xEB, 0x11, 0xEB, 0x11, 0xEB, 0x11, 0xEB, 0x11, 0xEB, 0x11, 0xEB, 0x11,
  0xEB, 0x11, 0xEB, 0x11, 0xEB, 0x11, 0xEB, 0x11, 0xEB, 0x11, 0xEB, 0x11,
  0xEB, 0x11, 0xEB, 0x11, 0xEB, 0x11, 0xEB, 0x11, 0xEB, 0x11, 0xEB, 0x11,
  0xEB, 0x11, 0xEB, 0x11, 0xEB, 0x11, 0x15, 0xEE, 0x15, 0xEE, 0x15, 0xEE,
  0x15, 0xEE, 0x15, 0xEE, 0x15, 0xEE, 0x15, 0xEE, 0x15, 0xEE, 0x15, 0xEE,
  0x15, 0xEE, 0x15, 0xEE, 0x15, 0xEE, 0x15, 0xEE, 0x15, 0xEE, 0x15, 0xEE,
  0x15, 0xEE, 0x15, 0xEE, 0x15, 0xEE, 0x15, 0xEE, 0x15, 0xEE, 0x15, 0xEE,
  0x15, 0xEE, 0x15, 0xEE, 0x15, 0xEE, 0x15, 0xEE, 0x15, 0xEE, 0x15, 0xEE,
  0x15, 0xEE, 0x15, 0xEE, 0x15, 0xEE, 0x15, 0xEE, 0x15, 0xEE, 0x15, 0xEE,
  0x15, 0xEE, 0x15, 0xEE, 0x15, 0xEE, 0x15, 0xEE, 0x15, 0xEE, 0x15, 0xEE,
  0x15, 0xEE, 0x15, 0xEE, 0x15, 0xEE, 0x15, 0xEE, 0x15, 0xEE, 0x15, 0xEE,
  0x15, 0xEE, 0x15, 0xEE, 0x15, 0xEE, 0x15, 0xEE, 0x15, 0xEE, 0x15, 0xEE,
  0x15, 0xEE, 0x15, 0xEE, 0x15, 0xEE, 0x15, 0xEE, 0x15, 0xEE, 0x15, 0xEE,
  0x15, 0xEE, 0x15, 0xEE, 0x15, 0xEE, 0x15, 0xEE, 0x15, 0xEE, 0xEB, 0x11,
  0xEB, 0x11, 0xEB, 0x11, 0xEB, 0x11, 0xEB, 0x11, 0xEB, 0x11, 0xEB, 0x11,
  0xEB, 0x11, 0xEB, 0x11, 0xEB, 0x11, 0xEB, 0x11, 0xEB, 0x11, 0xEB, 0x11,
  0xEB, 0x11, 0xEB, 0x11, 0xEB, 0x11, 0xEB, 0x11, 0xEB, 0x11, 0xEB, 0x11,
  0xEB, 0x11, 0xEB, 0x11, 0xEB, 0x11, 0xEB, 0x11, 0xEB, 0x11, 0xEB, 0x11,
  0xEB, 0x11, 0xEB, 0x11, 0xEB, 0x11, 0xEB, 0x11, 0xEB, 0x11, 0xEB, 0x11,
  0xEB, 0x11, 0xEB, 0x11, 0xEB, 0x11, 0xEB, 0x11, 0xEB, 0x11, 0xEB, 0x11,
  0xEB, 0x11, 0xEB, 0x11, 0xEB, 0x11, 0xEB, 0x11, 0xEB, 0x11, 0xEB, 0x11,
  0xEB, 0x11, 0xEB, 0x11, 0xEB, 0x11, 0xEB, 0x11, 0xEB, 0x11, 0xEB, 0x11,
  0xEB, 0x11, 0xEB, 0x11, 0xEB, 0x11, 0xEB, 0x11, 0xEB, 0x11, 0xEB, 0x11,
  0xEB, 0x11, 0xEB, 0x11, 0xEB, 0x11, 0xEB, 0x11, 0xEB, 0x11, 0xEB, 0x11,
  0x15, 0xEE, 0x15, 0xEE, 0x15, 0xEE, 0x15, 0xEE, 0x15, 0xEE, 0x15, 0xEE,
  0x15, 0xEE, 0x15, 0xEE, 0x15, 0xEE, 0x15, 0xEE, 0x15, 0xEE, 0x15, 0xEE,
  0x15, 0xEE, 0x15, 0xEE, 0x15, 0xEE, 0x15, 0xEE, 0x15, 0xEE, 0x15, 0xEE,
  0x15, 0xEE, 0x15, 0xEE, 0x15, 0xEE, 0x15, 0xEE, 0x15, 0xEE, 0x15, 0xEE,
  0x15, 0xEE, 0x15, 0xEE, 0x15, 0xEE, 0x15, 0xEE, 0x15, 0xEE, 0x15, 0xEE,
  0x15, 0xEE, 0x15, 0xEE, 0x15, 0xEE, 0x15, 0xEE, 0x15, 0xEE, 0x15, 0xEE,
  0x15, 0xEE, 0x15, 0xEE, 0x15, 0xEE, 0x15, 0xEE, 0x15, 0xEE, 0x15, 0xEE,
  0x15, 0xEE, 0x15, 0xEE, 0x15, 0xEE, 0x15, 0xEE, 0x15, 0xEE, 0x15, 0xEE,
  0x15, 0xEE, 0x15, 0xEE, 0x15, 0xEE, 0x15, 0xEE, 0x15, 0xEE, 0x15, 0xEE,
  0x15, 0xEE, 0x15, 0xEE, 0x15, 0xEE, 0x15, 0xEE, 0x15, 0xEE, 0x15, 0xEE,
  0x15, 0xEE, 0xEB, 0x11, 0xEB, 0x11, 0xEB, 0x11, 0xEB, 0x11, 0xEB, 0x11,
  0xEB, 0x11, 0xEB, 0x11, 0xEB, 0x11, 0xEB, 0x11, 0xEB, 0x11, 0xEB, 0x11,
  0xEB, 0x11, 0xEB, 0x11, 0xEB, 0x11, 0xEB, 0x11, 0xEB, 0x11, 0xEB, 0x11,
  0xEB, 0x11, 0xEB, 0x11, 0xEB, 0x11, 0xEB, 0x11, 0xEB, 0x11, 0xEB, 0x11,
  0xEB, 0x11, 0xEB, 0x11, 0xEB, 0x11, 0xEB, 0x11, 0xEB, 0x11, 0xEB, 0x11,
  0xEB, 0x11, 0xEB, 0x11, 0xEB, 0x11, 0xEB, 0x11, 0xEB, 0x11, 0xEB, 0x11,
  0xEB, 0x11, 0xEB, 0x11, 0xEB, 0x11, 0xEB, 0x11, 0xEB, 0x11, 0xEB, 0x11,
  0xEB, 0x11, 0xEB, 0x11, 0xEB, 0x11, 0xEB, 0x11, 0xEB, 0x11, 0xEB, 0x11,
  0xEB, 0x11, 0xEB, 0x11, 0xEB, 0x11, 0xEB, 0x11, 0xEB, 0x11, 0xEB, 0x11,
  0xEB, 0x11, 0xEB, 0x11, 0xEB, 0x11, 0xEB, 0x11, 0xEB, 0x11, 0xEB, 0x11,
  0xEB, 0x11, 0xEB, 0x11, 0x15, 0xEE, 0x15, 0xEE, 0x15, 0xEE, 0x15, 0xEE,
  0x15, 0xEE, 0x15, 0xEE, 0x15, 0xEE, 0x15, 0xEE, 0x15, 0xEE, 0x15, 0xEE,
  0x15, 0xEE, 0x15, 0xEE, 0x15, 0xEE, 0x15, 0xEE, 0x15, 0xEE, 0x15, 0xEE,
  0x15, 0xEE, 0x15, 0xEE, 0x15, 0xEE, 0x15, 0xEE, 0x15, 0xEE, 0x15, 0xEE,
  0x15, 0xEE, 0x15, 0xEE, 0x15, 0xEE, 0x15, 0xEE, 0x15, 0xEE, 0x15, 0xEE,
  0x15, 0xEE, 0x15, 0xEE, 0x15, 0xEE, 0x15, 0xEE, 0x15, 0xEE, 0x15, 0xEE,
  0x15, 0xEE, 0x15, 0xEE, 0x15, 0xEE, 0x15, 0xEE, 0x15, 0xEE, 0x15, 0xEE,
  0x15, 0xEE, 0x15, 0xEE, 0x15, 0xEE, 0x15, 0xEE, 0x15, 0xEE, 0x15, 0xEE,
  0x15, 0xEE, 0x15, 0xEE, 0x15, 0xEE, 0x15, 0xEE, 0x15, 0xEE, 0x15, 0xEE,
  0x15, 0xEE, 0x15, 0xEE, 0x15, 0xEE, 0x15, 0xEE, 0x15, 0xEE, 0x15, 0xEE,
  0x15, 0xEE, 0x15, 0xEE, 0x15, 0xEE, 0x15, 0xEE, 0xEB, 0x11, 0xEB, 0x11,
  0xEB, 0x11, 0xEB, 0x11, 0xEB, 0x11, 0xEB, 0x11, 0xEB, 0x11, 0xEB, 0x11,
  0xEB, 0x11, 0xEB, 0x11, 0xEB, 0x11, 0xEB, 0x11, 0xEB, 0x11, 0xEB, 0x11,
  0xEB, 0x11, 0xEB, 0x11, 0xEB, 0x11, 0xEB, 0x11, 0xEB, 0x11, 0xEB, 0x11,
  0xEB, 0x11, 0xEB, 0x11, 0xEB, 0x11, 0xEB, 0x11, 0xEB, 0x11, 0xEB, 0x11,
  0xEB, 0x11, 0xEB, 0x11, 0xEB, 0x11, 0xEB, 0x11, 0xEB, 0x11, 0xEB, 0x11,
  0xEB, 0x11, 0xEB, 0x11, 0xEB, 0x11, 0xEB, 0x11, 0xEB, 0x11, 0xEB, 0x11,
  0xEB, 0x11, 0xEB, 0x11, 0xEB, 0x11, 0xEB, 0x11, 0xEB, 0x11, 0xEB, 0x11,
  0xEB, 0x11, 0xEB, 0x11, 0xEB, 0x11, 0xEB, 0x11, 0xEB, 0x11, 0xEB, 0x11,
  0xEB, 0x11, 0xEB, 0x11, 0xEB, 0x11, 0xEB, 0x11, 0xEB, 0x11, 0xEB, 0x11,
  0xEB, 0x11, 0xEB, 0x11, 0xEB, 0x11, 0xEB, 0x11, 0xEB, 0x11, 0x15, 0xEE,
  0x15, 0xEE, 0x15, 0xEE, 0x15, 0xEE, 0x15, 0xEE, 0x15, 0xEE, 0x15, 0xEE,
  0x15, 0xEE, 0x15, 0xEE, 0x15, 0xEE, 0x15, 0xEE, 0x15, 0xEE, 0x15, 0xEE,
  0x15, 0xEE, 0x15, 0xEE, 0x15, 0xEE, 0x15, 0xEE, 0x15, 0xEE, 0x15, 0xEE,
  0x15, 0xEE, 0x15, 0xEE, 0x15, 0xEE, 0x15, 0xEE, 0x15, 0xEE, 0x15, 0xEE,
  0x15, 0xEE, 0x15, 0xEE, 0x15, 0xEE, 0x15, 0xEE, 0x15, 0xEE, 0x15, 0xEE,
  0x15, 0xEE, 0x15, 0xEE, 0x15, 0xEE, 0x15, 0xEE, 0x15, 0xEE, 0x15, 0xEE,
  0x15, 0xEE, 0x15, 0xEE, 0x15, 0xEE, 0x15, 0xEE, 0x15, 0xEE, 0x15, 0xEE,
  0x15, 0xEE, 0x15, 0xEE, 0x15, 0xEE, 0x15, 0xEE, 0x15, 0xEE, 0x15, 0xEE,
  0x15, 0xEE, 0x15, 0xEE, 0x15, 0xEE, 0x15, 0xEE, 0x15, 0xEE, 0x15, 0xEE,
  0x15, 0xEE, 0x15, 0xEE, 0x15, 0xEE, 0x15, 0xEE, 0x15, 0xEE, 0x15, 0xEE,
  0xEB, 0x11, 0xEB, 0x11, 0xEB, 0x11, 0xEB, 0x11, 0xEB, 0x11, 0xEB, 0x11,
  0xEB, 0x11, 0xEB, 0x11, 0xEB, 0x11, 0xEB, 0x11, 0xEB, 0x11, 0xEB, 0x11,
  0xEB, 0x11, 0xEB, 0x11, 0xEB, 0x11, 0xEB, 0x11, 0xEB, 0x11, 0xEB, 0x11,
  0xEB, 0x11, 0xEB, 0x11, 0xEB, 0x11, 0xEB, 0x11, 0xEB, 0x11, 0xEB, 0x11,
  0xEB, 0x11, 0xEB, 0x11, 0xEB, 0x11, 0xEB, 0x11, 0xEB, 0x11, 0xEB, 0x11,
  0xEB, 0x11, 0xEB, 0x11, 0xEB, 0x11, 0xEB, 0x11, 0xEB, 0x11, 0xEB, 0x11,
  0xEB, 0x11, 0xEB, 0x11, 0xEB, 0x11, 0xEB, 0x11, 0xEB, 0x11, 0xEB, 0x11,
  0xEB, 0x11, 0xEB, 0x11, 0xEB, 0x11, 0xEB, 0x11, 0xEB, 0x11, 0xEB, 0x11,
  0xEB, 0x11, 0xEB, 0x11, 0xEB, 0x11, 0xEB, 0x11, 0xEB, 0x11, 0xEB, 0x11,
  0xEB, 0x11, 0xEB, 0x11, 0xEB, 0x11, 0xEB, 0x11, 0xEB, 0x11, 0xEB, 0x11,
  0xEB, 0x11, 0x15, 0xEE, 0x15, 0xEE, 0x15, 0xEE, 0x15, 0xEE, 0x15, 0xEE,
  0x15, 0xEE, 0x15, 0xEE, 0x15, 0xEE, 0x15, 0xEE, 0x15, 0xEE, 0x15, 0xEE,
  0x15, 0xEE, 0x15, 0xEE, 0x15, 0xEE, 0x15, 0xEE, 0x15, 0xEE, 0x15, 0xEE,
  0x15, 0xEE, 0x15, 0xEE, 0x15, 0xEE, 0x15, 0xEE, 0x15, 0xEE, 0x15, 0xEE,
  0x15, 0xEE, 0x15, 0xEE, 0x15, 0xEE, 0x15, 0xEE, 0x15, 0xEE, 0x15, 0xEE,
  0x15, 0xEE, 0x15, 0xEE, 0x15, 0xEE, 0x15, 0xEE, 0x15, 0xEE, 0x15, 0xEE,
  0x15, 0xEE, 0x15, 0xEE, 0x15, 0xEE, 0x15, 0xEE, 0x15, 0xEE, 0x15, 0xEE,
  0x15, 0xEE, 0x15, 0xEE, 0x15, 0xEE, 0x15, 0xEE, 0x15, 0xEE, 0x15, 0xEE,
  0x15, 0xEE, 0x15, 0xEE, 0x15, 0xEE, 0x15, 0xEE, 0x15, 0xEE, 0x15, 0xEE,
  0x15, 0xEE, 0x15, 0xEE, 0x15, 0xEE, 0x15, 0xEE, 0x15, 0xEE, 0x15, 0xEE,
  0x15, 0xEE, 0x15, 0xEE, 0xEB, 0x11, 0xEB, 0x11, 0xEB, 0x11, 0xEB, 0x11,
  0xEB, 0x11, 0xEB, 0x11, 0xEB, 0x11, 0xEB, 0x11, 0xEB, 0x11, 0xEB, 0x11,
  0xEB, 0x11, 0xEB, 0x11, 0xEB, 0x11, 0xEB, 0x11, 0xEB, 0x11, 0xEB, 0x11,
  0xEB, 0x11, 0xEB, 0x11, 0xEB, 0x11, 0xEB, 0x11, 0xEB, 0x11, 0xEB, 0x11,
  0xEB, 0x11, 0xEB, 0x11, 0xEB, 0x11, 0xEB, 0x11, 0xEB, 0x11, 0xEB, 0x11,
  0xEB, 0x11, 0xEB, 0x11, 0xEB, 0x11, 0xEB, 0x11, 0xEB, 0x11, 0xEB, 0x11,
  0xEB, 0x11, 0xEB, 0x11, 0xEB, 0x11, 0xEB, 0x11, 0xEB, 0x11, 0xEB, 0x11,
  0xEB, 0x11, 0xEB, 0x11, 0xEB, 0x11, 0xEB, 0x11, 0xEB, 0x11, 0xEB, 0x11,
  0xEB, 0x11, 0xEB, 0x11, 0xEB, 0x11, 0xEB, 0x11, 0xEB, 0x11, 0xEB, 0x11,
  0xEB, 0x11, 0xEB, 0x11, 0xEB, 0x11, 0xEB, 0x11, 0xEB, 0x11, 0xEB, 0x11,
  0xEB, 0x11, 0xEB, 0x11, 0xEB, 0x11, 0xEB, 0x11, 0x15, 0xEE, 0x15, 0xEE,
  0x15, 0xEE, 0x15, 0xEE, 0x15, 0xEE, 0x15, 0xEE, 0x15, 0xEE, 0x15, 0xEE,
  0x15, 0xEE, 0x15, 0xEE, 0x15, 0xEE, 0x15, 0xEE, 0x15, 0xEE, 0x15, 0xEE,
  0x15, 0xEE, 0x15, 0xEE, 0x15, 0xEE, 0x15, 0xEE, 0x15, 0xEE, 0x15, 0xEE,
  0x15, 0xEE, 0x15, 0xEE, 0x15, 0xEE, 0x15, 0xEE, 0x15, 0xEE, 0x15, 0xEE,
  0x15, 0xEE, 0x15, 0xEE, 0x15, 0xEE, 0x15, 0xEE, 0x15, 0xEE, 0x15, 0xEE,
  0x15, 0xEE, 0x15, 0xEE, 0x15, 0xEE, 0x15, 0xEE, 0x15, 0xEE, 0x15, 0xEE,
  0x15, 0xEE, 0x15, 0xEE, 0x15, 0xEE, 0x15, 0xEE, 0x15, 0xEE, 0x15, 0xEE,
  0x15, 0xEE, 0x15, 0xEE, 0x15, 0xEE, 0x15, 0xEE, 0x15, 0xEE, 0x15, 0xEE,
  0x15, 0xEE, 0x15, 0xEE, 0x15, 0xEE, 0x15, 0xEE, 0x15, 0xEE, 0x15, 0xEE,
  0x15, 0xEE, 0x15, 0xEE, 0x15, 0xEE, 0x15, 0xEE, 0x15, 0xEE, 0xEB, 0x11,
  0xEB, 0x11, 0xEB, 0x11, 0xEB, 0x11, 0xEB, 0x11, 0xEB, 0x11, 0xEB, 0x11,
  0xEB, 0x11, 0xEB, 0x11, 0xEB, 0x11, 0xEB, 0x11, 0xEB, 0x11, 0xEB, 0x11,
  0xEB, 0x11, 0xEB, 0x11, 0xEB, 0x11, 0xEB, 0x11, 0xEB, 0x11, 0xEB, 0x11,
  0xEB, 0x11, 0xEB, 0x11, 0xEB, 0x11, 0xEB, 0x11, 0xEB, 0x11, 0xEB, 0x11,
  0xEB, 0x11, 0xEB, 0x11, 0xEB, 0x11, 0xEB, 0x11, 0xEB, 0x11, 0xEB, 0x11,
  0xEB, 0x11, 0xEB, 0x11, 0xEB, 0x11, 0xEB, 0x11, 0xEB, 0x11, 0xEB, 0x11,
  0xEB, 0x11, 0xEB, 0x11, 0xEB, 0x11, 0xEB, 0x11, 0xEB, 0x11, 0xEB, 0x11,
  0xEB, 0x11, 0xEB, 0x11, 0xEB, 0x11, 0xEB, 0x11, 0xEB, 0x11, 0xEB, 0x11,
  0xEB, 0x11, 0xEB, 0x11, 0xEB, 0x11, 0xEB, 0x11, 0xEB, 0x11, 0xEB, 0x11,
  0xEB, 0x11, 0xEB, 0x11, 0xEB, 0x11, 0xEB, 0x11, 0xEB, 0x11, 0xEB, 0x11,
  0x15, 0xEE, 0x15, 0xEE, 0x15, 0xEE, 0x15, 0xEE, 0x15, 0xEE, 0x15, 0xEE,
  0x15, 0xEE, 0x15, 0xEE, 0x15, 0xEE, 0x15, 0xEE, 0x15, 0xEE, 0x15, 0xEE,
  0x15, 0xEE, 0x15, 0xEE, 0x15, 0xEE, 0x15, 0xEE, 0x15, 0xEE, 0x15, 0xEE,
  0x15, 0xEE, 0x15, 0xEE, 0x15, 0xEE, 0x15, 0xEE, 0x15, 0xEE, 0x15, 0xEE,
  0x15, 0xEE, 0x15, 0xEE, 0x15, 0xEE, 0x15, 0xEE, 0x15, 0xEE, 0x15, 0xEE,
  0x15, 0xEE, 0x15, 0xEE, 0x15, 0xEE, 0x15, 0xEE, 0x15, 0xEE, 0x15, 0xEE,
  0x15, 0xEE, 0x15, 0xEE, 0x15, 0xEE, 0x15, 0xEE, 0x15, 0xEE, 0x15, 0xEE,
  0x15, 0xEE, 0x16, 0xEE, 0x19, 0xEE, 0x1C, 0xEE, 0x1F, 0xEE, 0x22, 0xEE,
  0x25, 0xEE, 0x28, 0xEE, 0x2B, 0xEE, 0x2D, 0xEE, 0x30, 0xEE, 0x33, 0xEE,
  0x36, 0xEE, 0x39, 0xEE, 0x3C, 0xEE, 0x3F, 0xEE, 0x42, 0xEE, 0x45, 0xEE,
  0x47, 0xEE, 0xB6, 0x11, 0xB3, 0x11, 0xB0, 0x11, 0xAD, 0x11, 0xAA, 0x11,
  0xA7, 0x11, 0xA4, 0x11, 0xA1, 0x11, 0x9F, 0x11, 0x9C, 0x11, 0x99, 0x11,
  0x96, 0x11, 0x93, 0x11, 0x90, 0x11, 0x8D, 0x11, 0x8A, 0x11, 0x87, 0x11,
  0x85, 0x11, 0x82, 0x11, 0x7F, 0x11, 0x7C, 0x11, 0x79, 0x11, 0x76, 0x11,
  0x73, 0x11, 0x70, 0x11, 0x6D, 0x11, 0x6B, 0x11, 0x68, 0x11, 0x65, 0x11,
  0x62, 0x11, 0x5F, 0x11, 0x5C, 0x11, 0x59, 0x11, 0x56, 0x11, 0x53, 0x11,
  0x51, 0x11, 0x4E, 0x11, 0x4B, 0x11, 0x48, 0x11, 0x45, 0x11, 0x42, 0x11,
  0x3F, 0x11, 0x3C, 0x11, 0x39, 0x11, 0x36, 0x11, 0x34, 0x11, 0x31, 0x11,
  0x2E, 0x11, 0x2B, 0x11, 0x28, 0x11, 0x25, 0x11, 0x22, 0x11, 0x1F, 0x11,
  0x1C, 0x11, 0x1A, 0x11, 0x17, 0x11, 0x14, 0x11, 0x11, 0x11, 0x0E, 0x11,
  0x0B, 0x11, 0x08, 0x11, 0x05, 0x11, 0xFE, 0xEE, 0x00, 0xEF, 0x03, 0xEF,
  0x06, 0xEF, 0x09, 0xEF, 0x0C, 0xEF, 0x0F, 0xEF, 0x12, 0xEF, 0x15, 0xEF,
  0x18, 0xEF, 0x1A, 0xEF, 0x1D, 0xEF, 0x20, 0xEF, 0x23, 0xEF, 0x26, 0xEF,
  0x29, 0xEF, 0x2C, 0xEF, 0x2F, 0xEF, 0x32, 0xEF, 0x34, 0xEF, 0x37, 0xEF,
  0x3A, 0xEF, 0x3D, 0xEF, 0x40, 0xEF, 0x43, 0xEF, 0x46, 0xEF, 0x49, 0xEF,
  0x4C, 0xEF, 0x4E, 0xEF, 0x51, 0xEF, 0x54, 0xEF, 0x57, 0xEF, 0x5A, 0xEF,
  0x5D, 0xEF, 0x60, 0xEF, 0x63, 0xEF, 0x66, 0xEF, 0x68, 0xEF, 0x6B, 0xEF,
  0x6E, 0xEF, 0x71, 0xEF, 0x74, 0xEF, 0x77, 0xEF, 0x7A, 0xEF, 0x7D, 0xEF,
  0x80, 0xEF, 0x82, 0xEF, 0x85, 0xEF, 0x88, 0xEF, 0x8B, 0xEF, 0x8E, 0xEF,
  0x91, 0xEF, 0x94, 0xEF, 0x97, 0xEF, 0x9A, 0xEF, 0x9C, 0xEF, 0x9F, 0xEF,
  0xA2, 0xEF, 0xA5, 0xEF, 0xA8, 0xEF, 0xAB, 0xEF, 0x52, 0x10, 0x4F, 0x10,
  0x4C, 0x10, 0x4A, 0x10, 0x47, 0x10, 0x44, 0x10, 0x41, 0x10, 0x3E, 0x10,
  0x3B, 0x10, 0x38, 0x10, 0x35, 0x10, 0x32, 0x10, 0x30, 0x10, 0x2D, 0x10,
  0x2A, 0x10, 0x27, 0x10, 0x24, 0x10, 0x21, 0x10, 0x1E, 0x10, 0x1B, 0x10,
  0x18, 0x10, 0x16, 0x10, 0x13, 0x10, 0x10, 0x10, 0x0D, 0x10, 0x0A, 0x10,
  0x07, 0x10, 0x04, 0x10, 0x01, 0x10, 0xFE, 0x0F, 0xFC, 0x0F, 0xF9, 0x0F,
  0xF6, 0x0F, 0xF3, 0x0F, 0xF0, 0x0F, 0xED, 0x0F, 0xEA, 0x0F, 0xE7, 0x0F,
  0xE4, 0x0F, 0xE2, 0x0F, 0xDF, 0x0F, 0xDC, 0x0F, 0xD9, 0x0F, 0xD6, 0x0F,
  0xD3, 0x0F, 0xD0, 0x0F, 0xCD, 0x0F, 0xCA, 0x0F, 0xC8, 0x0F, 0xC5, 0x0F,
  0xC2, 0x0F, 0xBF, 0x0F, 0xBC, 0x0F, 0xB9, 0x0F, 0xB6, 0x0F, 0xB3, 0x0F,
  0xB0, 0x0F, 0xAE, 0x0F, 0xAB, 0x0F, 0xA8, 0x0F, 0xA5, 0x0F, 0x5E, 0xF0,
  0x61, 0xF0, 0x64, 0xF0, 0x67, 0xF0, 0x6A, 0xF0, 0x6C, 0xF0, 0x6F, 0xF0,
  0x72, 0xF0, 0x75, 0xF0, 0x78, 0xF0, 0x7B, 0xF0, 0x7E, 0xF0, 0x81, 0xF0,
  0x84, 0xF0, 0x86, 0xF0, 0x89, 0xF0, 0x8C, 0xF0, 0x8F, 0xF0, 0x92, 0xF0,
  0x95, 0xF0, 0x98, 0xF0, 0x9B, 0xF0, 0x9E, 0xF0, 0xA0, 0xF0, 0xA3, 0xF0,
  0xA6, 0xF0, 0xA9, 0xF0, 0xAC, 0xF0, 0xAF, 0xF0, 0xB2, 0xF0, 0xB5, 0xF0,
  0xB8, 0xF0, 0xBA, 0xF0, 0xBD, 0xF0, 0xC0, 0xF0, 0xC3, 0xF0, 0xC6, 0xF0,
  0xC9, 0xF0, 0xCC, 0xF0, 0xCF, 0xF0, 0xD2, 0xF0, 0xD5, 0xF0, 0xD7, 0xF0,
  0xDA, 0xF0, 0xDD, 0xF0, 0xE0, 0xF0, 0xE3, 0xF0, 0xE6, 0xF0, 0xE9, 0xF0,
  0xEC, 0xF0, 0xEF, 0xF0, 0xF1, 0xF0, 0xF4, 0xF0, 0xF7, 0xF0, 0xFA, 0xF0,
  0xFD, 0xF0, 0x00, 0xF1, 0x03, 0xF1, 0x06, 0xF1, 0x09, 0xF1, 0x0B, 0xF1,
  0xF2, 0x0E, 0xEF, 0x0E, 0xEC, 0x0E, 0xE9, 0x0E, 0xE6, 0x0E, 0xE3, 0x0E,
  0xE0, 0x0E, 0xDD, 0x0E, 0xDB, 0x0E, 0xD8, 0x0E, 0xD5, 0x0E, 0xD2, 0x0E,
  0xCF, 0x0E, 0xCC, 0x0E, 0xC9, 0x0E, 0xC6, 0x0E, 0xC3, 0x0E, 0xC1, 0x0E,
  0xBE, 0x0E, 0xBB, 0x0E, 0xB8, 0x0E, 0xB5, 0x0E, 0xB2, 0x0E, 0xAF, 0x0E,
  0xAC, 0x0E, 0xA9, 0x0E, 0xA7, 0x0E, 0xA4, 0x0E, 0xA1, 0x0E, 0x9E, 0x0E,
  0x9B, 0x0E, 0x98, 0x0E, 0x95, 0x0E, 0x92, 0x0E, 0x8F, 0x0E, 0x8D, 0x0E,
  0x8A, 0x0E, 0x87, 0x0E, 0x84, 0x0E, 0x81, 0x0E, 0x7E, 0x0E, 0x7B, 0x0E,
  0x78, 0x0E, 0x75, 0x0E, 0x73, 0x0E, 0x70, 0x0E, 0x6D, 0x0E, 0x6A, 0x0E,
  0x67, 0x0E, 0x64, 0x0E, 0x61, 0x0E, 0x5E, 0x0E, 0x5B, 0x0E, 0x59, 0x0E,
  0x56, 0x0E, 0x53, 0x0E, 0x50, 0x0E, 0x4D, 0x0E, 0x4A, 0x0E, 0x47, 0x0E,
  0x44, 0x0E, 0x41, 0x0E, 0xC1, 0xF1, 0xC4, 0xF1, 0xC7, 0xF1, 0xCA, 0xF1,
  0xCD, 0xF1, 0xD0, 0xF1, 0xD3, 0xF1, 0xD6, 0xF1, 0xD9, 0xF1, 0xDB, 0xF1,
  0xDE, 0xF1, 0xE1, 0xF1, 0xE4, 0xF1, 0xE7, 0xF1, 0xEA, 0xF1, 0xED, 0xF1,
  0xF0, 0xF1, 0xF3, 0xF1, 0xF5, 0xF1, 0xF8, 0xF1, 0xFB, 0xF1, 0xFE, 0xF1,
  0x01, 0xF2, 0x04, 0xF2, 0x07, 0xF2, 0x0A, 0xF2, 0x0D, 0xF2, 0x0F, 0xF2,
  0x12, 0xF2, 0x15, 0xF2, 0x18, 0xF2, 0x1B, 0xF2, 0x1E, 0xF2, 0x21, 0xF2,
  0x24, 0xF2, 0x27, 0xF2, 0x29, 0xF2, 0x2C, 0xF2, 0x2F, 0xF2, 0x32, 0xF2,
  0x35, 0xF2, 0x38, 0xF2, 0x3B, 0xF2, 0x3E, 0xF2, 0x41, 0xF2, 0x43, 0xF2,
  0x46, 0xF2, 0x49, 0xF2, 0x4C, 0xF2, 0x4F, 0xF2, 0x52, 0xF2, 0x55, 0xF2,
  0x58, 0xF2, 0x5B, 0xF2, 0x5D, 0xF2, 0x60, 0xF2, 0x63, 0xF2, 0x66, 0xF2,
  0x69, 0xF2, 0x6C, 0xF2, 0x6F, 0xF2, 0x8E, 0x0D, 0x8B, 0x0D, 0x89, 0x0D,
  0x86, 0x0D, 0x83, 0x0D, 0x80, 0x0D, 0x7D, 0x0D, 0x7A, 0x0D, 0x77, 0x0D,
  0x74, 0x0D, 0x71, 0x0D, 0x6F, 0x0D, 0x6C, 0x0D, 0x69, 0x0D, 0x66, 0x0D,
  0x63, 0x0D, 0x60, 0x0D, 0x5D, 0x0D, 0x5A, 0x0D, 0x57, 0x0D, 0x55, 0x0D,
  0x52, 0x0D, 0x4F, 0x0D, 0x4C, 0x0D, 0x49, 0x0D, 0x46, 0x0D, 0x43, 0x0D,
  0x40, 0x0D, 0x3D, 0x0D, 0x3B, 0x0D, 0x38, 0x0D, 0x35, 0x0D, 0x32, 0x0D,
  0x2F, 0x0D, 0x2C, 0x0D, 0x29, 0x0D, 0x26, 0x0D, 0x23, 0x0D, 0x20, 0x0D,
  0x1E, 0x0D, 0x1B, 0x0D, 0x18, 0x0D, 0x15, 0x0D, 0x12, 0x0D, 0x0F, 0x0D,
  0x0C, 0x0D, 0x09, 0x0D, 0x06, 0x0D, 0x04, 0x0D, 0x01, 0x0D, 0xFE, 0x0C,
  0xFB, 0x0C, 0xF8, 0x0C, 0xF5, 0x0C, 0xF2, 0x0C, 0xEF, 0x0C, 0xEC, 0x0C,
  0xEA, 0x0C, 0xE7, 0x0C, 0xE4, 0x0C, 0xE1, 0x0C, 0x22, 0xF3, 0x25, 0xF3,
  0x28, 0xF3, 0x2B, 0xF3, 0x2E, 0xF3, 0x30, 0xF3, 0x33, 0xF3, 0x36, 0xF3,
  0x39, 0xF3, 0x3C, 0xF3, 0x3F, 0xF3, 0x42, 0xF3, 0x45, 0xF3, 0x48, 0xF3,
  0x4A, 0xF3, 0x4D, 0xF3, 0x50, 0xF3, 0x53, 0xF3, 0x56, 0xF3, 0x59, 0xF3,
  0x5C, 0xF3, 0x5F, 0xF3, 0x62, 0xF3, 0x64, 0xF3, 0x67, 0xF3, 0x6A, 0xF3,
  0x6D, 0xF3, 0x70, 0xF3, 0x73, 0xF3, 0x76, 0xF3, 0x79, 0xF3, 0x7C, 0xF3,
  0x7E, 0xF3, 0x81, 0xF3, 0x84, 0xF3, 0x87, 0xF3, 0x8A, 0xF3, 0x8D, 0xF3,
  0x90, 0xF3, 0x93, 0xF3, 0x96, 0xF3, 0x98, 0xF3, 0x9B, 0xF3, 0x9E, 0xF3,
  0xA1, 0xF3, 0xA4, 0xF3, 0xA7, 0xF3, 0xAA, 0xF3, 0xAD, 0xF3, 0xB0, 0xF3,
  0xB2, 0xF3, 0xB5, 0xF3, 0xB8, 0xF3, 0xBB, 0xF3, 0xBE, 0xF3, 0xC1, 0xF3,
  0xC4, 0xF3, 0xC7, 0xF3, 0xCA, 0xF3, 0xCC, 0xF3, 0xCF, 0xF3, 0x2E, 0x0C,
  0x2B, 0x0C, 0x28, 0x0C, 0x25, 0x0C, 0x22, 0x0C, 0x1F, 0x0C, 0x1C, 0x0C,
  0x1A, 0x0C, 0x17, 0x0C, 0x14, 0x0C, 0x11, 0x0C, 0x0E, 0x0C, 0x0B, 0x0C,
  0x08, 0x0C, 0x05, 0x0C, 0x02, 0x0C, 0x00, 0x0C, 0xFD, 0x0B, 0xFA, 0x0B,
  0xF7, 0x0B, 0xF4, 0x0B, 0xF1, 0x0B, 0xEE, 0x0B, 0xEB, 0x0B, 0xE8, 0x0B,
  0xE6, 0x0B, 0xE3, 0x0B, 0xE0, 0x0B, 0xDD, 0x0B, 0xDA, 0x0B, 0xD7, 0x0B,
  0xD4, 0x0B, 0xD1, 0x0B, 0xCE, 0x0B, 0xCC, 0x0B, 0xC9, 0x0B, 0xC6, 0x0B,
  0xC3, 0x0B, 0xC0, 0x0B, 0xBD, 0x0B, 0xBA, 0x0B, 0xB7, 0x0B, 0xB4, 0x0B,
  0xB2, 0x0B, 0xAF, 0x0B, 0xAC, 0x0B, 0xA9, 0x0B, 0xA6, 0x0B, 0xA3, 0x0B,
  0xA0, 0x0B, 0x9D, 0x0B, 0x9A, 0x0B, 0x98, 0x0B, 0x95, 0x0B, 0x92, 0x0B,
  0x8F, 0x0B, 0x8C, 0x0B, 0x89, 0x0B, 0x86, 0x0B, 0x83, 0x0B, 0x80, 0x0B,
  0x7E, 0x0B, 0x85, 0xF4, 0x88, 0xF4, 0x8B, 0xF4, 0x8E, 0xF4, 0x91, 0xF4,
  0x94, 0xF4, 0x97, 0xF4, 0x9A, 0xF4, 0x9C, 0xF4, 0x9F, 0xF4, 0xA2, 0xF4,
  0xA5, 0xF4, 0xA8, 0xF4, 0xAB, 0xF4, 0xAE, 0xF4, 0xB1, 0xF4, 0xB4, 0xF4,
  0xB6, 0xF4, 0xB9, 0xF4, 0xBC, 0xF4, 0xBF, 0xF4, 0xC2, 0xF4, 0xC5, 0xF4,
  0xC8, 0xF4, 0xCB, 0xF4, 0xCE, 0xF4, 0xD0, 0xF4, 0xD3, 0xF4, 0xD6, 0xF4,
  0xD9, 0xF4, 0xDC, 0xF4, 0xDF, 0xF4, 0xE2, 0xF4, 0xE5, 0xF4, 0xE8, 0xF4,
  0xEB, 0xF4, 0xED, 0xF4, 0xF0, 0xF4, 0xF3, 0xF4, 0xF6, 0xF4, 0xF9, 0xF4,
  0xFC, 0xF4, 0xFF, 0xF4, 0x02, 0xF5, 0x05, 0xF5, 0x07, 0xF5, 0x0A, 0xF5,
  0x0D, 0xF5, 0x10, 0xF5, 0x13, 0xF5, 0x16, 0xF5, 0x19, 0xF5, 0x1C, 0xF5,
  0x1F, 0xF5, 0x21, 0xF5, 0x24, 0xF5, 0x27, 0xF5, 0x2A, 0xF5, 0x2D, 0xF5,
  0x30, 0xF5, 0x33, 0xF5, 0xCA, 0x0A, 0xC7, 0x0A, 0xC5, 0x0A, 0xC2, 0x0A,
  0xBF, 0x0A, 0xBC, 0x0A, 0xB9, 0x0A, 0xB6, 0x0A, 0xB3, 0x0A, 0xB0, 0x0A,
  0xAD, 0x0A, 0xAB, 0x0A, 0xA8, 0x0A, 0xA5, 0x0A, 0xA2, 0x0A, 0x9F, 0x0A,
  0x9C, 0x0A, 0x99, 0x0A, 0x96, 0x0A, 0x93, 0x0A, 0x91, 0x0A, 0x8E, 0x0A,
  0x8B, 0x0A, 0x88, 0x0A, 0x85, 0x0A, 0x82, 0x0A, 0x7F, 0x0A, 0x7C, 0x0A,
  0x79, 0x0A, 0x77, 0x0A, 0x74, 0x0A, 0x71, 0x0A, 0x6E, 0x0A, 0x6B, 0x0A,
  0x68, 0x0A, 0x65, 0x0A, 0x62, 0x0A, 0x5F, 0x0A, 0x5D, 0x0A, 0x5A, 0x0A,
  0x57, 0x0A, 0x54, 0x0A, 0x51, 0x0A, 0x4E, 0x0A, 0x4B, 0x0A, 0x48, 0x0A,
  0x45, 0x0A, 0x43, 0x0A, 0x40, 0x0A, 0x3D, 0x0A, 0x3A, 0x0A, 0x37, 0x0A,
  0x34, 0x0A, 0x31, 0x0A, 0x2E, 0x0A, 0x2B, 0x0A, 0x29, 0x0A, 0x26, 0x0A,
  0x23, 0x0A, 0x20, 0x0A, 0x1D, 0x0A, 0xE6, 0xF5, 0xE9, 0xF5, 0xEC, 0xF5,
  0xEF, 0xF5, 0xF1, 0xF5, 0xF4, 0xF5, 0xF7, 0xF5, 0xFA, 0xF5, 0xFD, 0xF5,
  0x00, 0xF6, 0x03, 0xF6, 0x06, 0xF6, 0x09, 0xF6, 0x0B, 0xF6, 0x0E, 0xF6,
  0x11, 0xF6, 0x14, 0xF6, 0x17, 0xF6, 0x1A, 0xF6, 0x1D, 0xF6, 0x20, 0xF6,
  0x23, 0xF6, 0x25, 0xF6, 0x28, 0xF6, 0x2B, 0xF6, 0x2E, 0xF6, 0x31, 0xF6,
  0x34, 0xF6, 0x37, 0xF6, 0x3A, 0xF6, 0x3D, 0xF6, 0x3F, 0xF6, 0x42, 0xF6,
  0x45, 0xF6, 0x48, 0xF6, 0x4B, 0xF6, 0x4E, 0xF6, 0x51, 0xF6, 0x54, 0xF6,
  0x57, 0xF6, 0x59, 0xF6, 0x5C, 0xF6, 0x5F, 0xF6, 0x62, 0xF6, 0x65, 0xF6,
  0x68, 0xF6, 0x6B, 0xF6, 0x6E, 0xF6, 0x71, 0xF6, 0x73, 0xF6, 0x76, 0xF6,
  0x79, 0xF6, 0x7C, 0xF6, 0x7F, 0xF6, 0x82, 0xF6, 0x85, 0xF6, 0x88, 0xF6,
  0x8B, 0xF6, 0x8D, 0xF6, 0x90, 0xF6, 0x93, 0xF6, 0x6A, 0x09, 0x67, 0x09,
  0x64, 0x09, 0x61, 0x09, 0x5E, 0x09, 0x5B, 0x09, 0x59, 0x09, 0x56, 0x09,
  0x53, 0x09, 0x50, 0x09, 0x4D, 0x09, 0x4A, 0x09, 0x47, 0x09, 0x44, 0x09,
  0x41, 0x09, 0x3F, 0x09, 0x3C, 0x09, 0x39, 0x09, 0x36, 0x09, 0x33, 0x09,
  0x30, 0x09, 0x2D, 0x09, 0x2A, 0x09, 0x27, 0x09, 0x25, 0x09, 0x22, 0x09,
  0x1F, 0x09, 0x1C, 0x09, 0x19, 0x09, 0x16, 0x09, 0x13, 0x09, 0x10, 0x09,
  0x0D, 0x09, 0x0A, 0x09, 0x08, 0x09, 0x05, 0x09, 0x02, 0x09, 0xFF, 0x08,
  0xFC, 0x08, 0xF9, 0x08, 0xF6, 0x08, 0xF3, 0x08, 0xF0, 0x08, 0xEE, 0x08,
  0xEB, 0x08, 0xE8, 0x08, 0xE5, 0x08, 0xE2, 0x08, 0xDF, 0x08, 0xDC, 0x08,
  0xD9, 0x08, 0xD6, 0x08, 0xD4, 0x08, 0xD1, 0x08, 0xCE, 0x08, 0xCB, 0x08,
  0xC8, 0x08, 0xC5, 0x08, 0xC2, 0x08, 0xBF, 0x08, 0xBC, 0x08, 0xBA, 0x08,
  0x49, 0xF7, 0x4C, 0xF7, 0x4F, 0xF7, 0x52, 0xF7, 0x55, 0xF7, 0x58, 0xF7,
  0x5B, 0xF7, 0x5E, 0xF7, 0x60, 0xF7, 0x63, 0xF7, 0x66, 0xF7, 0x69, 0xF7,
  0x6C, 0xF7, 0x6F, 0xF7, 0x72, 0xF7, 0x75, 0xF7, 0x78, 0xF7, 0x7A, 0xF7,
  0x7D, 0xF7, 0x80, 0xF7, 0x83, 0xF7, 0x86, 0xF7, 0x89, 0xF7, 0x8C, 0xF7,
  0x8F, 0xF7, 0x92, 0xF7, 0x94, 0xF7, 0x97, 0xF7, 0x9A, 0xF7, 0x9D, 0xF7,
  0xA0, 0xF7, 0xA3, 0xF7, 0xA6, 0xF7, 0xA9, 0xF7, 0xAC, 0xF7, 0xAE, 0xF7,
  0xB1, 0xF7, 0xB4, 0xF7, 0xB7, 0xF7, 0xBA, 0xF7, 0xBD, 0xF7, 0xC0, 0xF7,
  0xC3, 0xF7, 0xC6, 0xF7, 0xC8, 0xF7, 0xCB, 0xF7, 0xCE, 0xF7, 0xD1, 0xF7,
  0xD4, 0xF7, 0xD7, 0xF7, 0xDA, 0xF7, 0xDD, 0xF7, 0xE0, 0xF7, 0xE2, 0xF7,
  0xE5, 0xF7, 0xE8, 0xF7, 0xEB, 0xF7, 0xEE, 0xF7, 0xF1, 0xF7, 0xF4, 0xF7,
  0xF7, 0xF7, 0x06, 0x08, 0x04, 0x08, 0x01, 0x08, 0xFE, 0x07, 0xFB, 0x07,
  0xF8, 0x07, 0xF5, 0x07, 0xF2, 0x07, 0xEF, 0x07, 0xEC, 0x07, 0xEA, 0x07,
  0xE7, 0x07, 0xE4, 0x07, 0xE1, 0x07, 0xDE, 0x07, 0xDB, 0x07, 0xD8, 0x07,
  0xD5, 0x07, 0xD2, 0x07, 0xD0, 0x07, 0xCD, 0x07, 0xCA, 0x07, 0xC7, 0x07,
  0xC4, 0x07, 0xC1, 0x07, 0xBE, 0x07, 0xBB, 0x07, 0xB8, 0x07, 0xB6, 0x07,
  0xB3, 0x07, 0xB0, 0x07, 0xAD, 0x07, 0xAA, 0x07, 0xA7, 0x07, 0xA4, 0x07,
  0xA1, 0x07, 0x9E, 0x07, 0x9C, 0x07, 0x99, 0x07, 0x96, 0x07, 0x93, 0x07,
  0x90, 0x07, 0x8D, 0x07, 0x8A, 0x07, 0x87, 0x07, 0x84, 0x07, 0x82, 0x07,
  0x7F, 0x07, 0x7C, 0x07, 0x79, 0x07, 0x76, 0x07, 0x73, 0x07, 0x70, 0x07,
  0x6D, 0x07, 0x6A, 0x07, 0x68, 0x07, 0x65, 0x07, 0x62, 0x07, 0x5F, 0x07,
  0x5C, 0x07, 0x59, 0x07, 0xAA, 0xF8, 0xAD, 0xF8, 0xB0, 0xF8, 0xB2, 0xF8,
  0xB5, 0xF8, 0xB8, 0xF8, 0xBB, 0xF8, 0xBE, 0xF8, 0xC1, 0xF8, 0xC4, 0xF8,
  0xC7, 0xF8, 0xCA, 0xF8, 0xCC, 0xF8, 0xCF, 0xF8, 0xD2, 0xF8, 0xD5, 0xF8,
  0xD8, 0xF8, 0xDB, 0xF8, 0xDE, 0xF8, 0xE1, 0xF8, 0xE4, 0xF8, 0xE7, 0xF8,
  0xE9, 0xF8, 0xEC, 0xF8, 0xEF, 0xF8, 0xF2, 0xF8, 0xF5, 0xF8, 0xF8, 0xF8,
  0xFB, 0xF8, 0xFE, 0xF8, 0x01, 0xF9, 0x03, 0xF9, 0x06, 0xF9, 0x09, 0xF9,
  0x0C, 0xF9, 0x0F, 0xF9, 0x12, 0xF9, 0x15, 0xF9, 0x18, 0xF9, 0x1B, 0xF9,
  0x1D, 0xF9, 0x20, 0xF9, 0x23, 0xF9, 0x26, 0xF9, 0x29, 0xF9, 0x2C, 0xF9,
  0x2F, 0xF9, 0x32, 0xF9, 0x35, 0xF9, 0x37, 0xF9, 0x3A, 0xF9, 0x3D, 0xF9,
  0x40, 0xF9, 0x43, 0xF9, 0x46, 0xF9, 0x49, 0xF9, 0x4C, 0xF9, 0x4F, 0xF9,
  0x51, 0xF9, 0x54, 0xF9, 0x57, 0xF9, 0x5A, 0xF9, 0xA3, 0x06, 0xA0, 0x06,
  0x9D, 0x06, 0x9A, 0x06, 0x97, 0x06, 0x95, 0x06, 0x92, 0x06, 0x8F, 0x06,
  0x8C, 0x06, 0x89, 0x06, 0x86, 0x06, 0x83, 0x06, 0x80, 0x06, 0x7D, 0x06,
  0x7B, 0x06, 0x78, 0x06, 0x75, 0x06, 0x72, 0x06, 0x6F, 0x06, 0x6C, 0x06,
  0x69, 0x06, 0x66, 0x06, 0x63, 0x06, 0x61, 0x06, 0x5E, 0x06, 0x5B, 0x06,
  0x58, 0x06, 0x55, 0x06, 0x52, 0x06, 0x4F, 0x06, 0x4C, 0x06, 0x49, 0x06,
  0x47, 0x06, 0x44, 0x06, 0x41, 0x06, 0x3E, 0x06, 0x3B, 0x06, 0x38, 0x06,
  0x35, 0x06, 0x32, 0x06, 0x2F, 0x06, 0x2D, 0x06, 0x2A, 0x06, 0x27, 0x06,
  0x24, 0x06, 0x21, 0x06, 0x1E, 0x06, 0x1B, 0x06, 0x18, 0x06, 0x15, 0x06,
  0x13, 0x06, 0x10, 0x06, 0x0D, 0x06, 0x0A, 0x06, 0x07, 0x06, 0x04, 0x06,
  0x01, 0x06, 0xFE, 0x05, 0xFB, 0x05, 0xF9, 0x05, 0xF6, 0x05, 0x0D, 0xFA,
  0x10, 0xFA, 0x13, 0xFA, 0x16, 0xFA, 0x19, 0xFA, 0x1C, 0xFA, 0x1F, 0xFA,
  0x21, 0xFA, 0x24, 0xFA, 0x27, 0xFA, 0x2A, 0xFA, 0x2D, 0xFA, 0x30, 0xFA,
  0x33, 0xFA, 0x36, 0xFA, 0x39, 0xFA, 0x3B, 0xFA, 0x3E, 0xFA, 0x41, 0xFA,
  0x44, 0xFA, 0x47, 0xFA, 0x4A, 0xFA, 0x4D, 0xFA, 0x50, 0xFA, 0x53, 0xFA,
  0x55, 0xFA, 0x58, 0xFA, 0x5B, 0xFA, 0x5E, 0xFA, 0x61, 0xFA, 0x64, 0xFA,
  0x67, 0xFA, 0x6A, 0xFA, 0x6D, 0xFA, 0x6F, 0xFA, 0x72, 0xFA, 0x75, 0xFA,
  0x78, 0xFA, 0x7B, 0xFA, 0x7E, 0xFA, 0x81, 0xFA, 0x84, 0xFA, 0x87, 0xFA,
  0x89, 0xFA, 0x8C, 0xFA, 0x8F, 0xFA, 0x92, 0xFA, 0x95, 0xFA, 0x98, 0xFA,
  0x9B, 0xFA, 0x9E, 0xFA, 0xA1, 0xFA, 0xA3, 0xFA, 0xA6, 0xFA, 0xA9, 0xFA,
  0xAC, 0xFA, 0xAF, 0xFA, 0xB2, 0xFA, 0xB5, 0xFA, 0xB8, 0xFA, 0xBB, 0xFA,
  0x43, 0x05, 0x40, 0x05, 0x3D, 0x05, 0x3A, 0x05, 0x37, 0x05, 0x34, 0x05,
  0x31, 0x05, 0x2E, 0x05, 0x2B, 0x05, 0x29, 0x05, 0x26, 0x05, 0x23, 0x05,
  0x20, 0x05, 0x1D, 0x05, 0x1A, 0x05, 0x17, 0x05, 0x14, 0x05, 0x11, 0x05,
  0x0E, 0x05, 0x0C, 0x05, 0x09, 0x05, 0x06, 0x05, 0x03, 0x05, 0x00, 0x05,
  0xFD, 0x04, 0xFA, 0x04, 0xF7, 0x04, 0xF4, 0x04, 0xF2, 0x04, 0xEF, 0x04,
  0xEC, 0x04, 0xE9, 0x04, 0xE6, 0x04, 0xE3, 0x04, 0xE0, 0x04, 0xDD, 0x04,
  0xDA, 0x04, 0xD8, 0x04, 0xD5, 0x04, 0xD2, 0x04, 0xCF, 0x04, 0xCC, 0x04,
  0xC9, 0x04, 0xC6, 0x04, 0xC3, 0x04, 0xC0, 0x04, 0xBE, 0x04, 0xBB, 0x04,
  0xB8, 0x04, 0xB5, 0x04, 0xB2, 0x04, 0xAF, 0x04, 0xAC, 0x04, 0xA9, 0x04,
  0xA6, 0x04, 0xA4, 0x04, 0xA1, 0x04, 0x9E, 0x04, 0x9B, 0x04, 0x98, 0x04,
  0x95, 0x04, 0x6E, 0xFB, 0x71, 0xFB, 0x74, 0xFB, 0x76, 0xFB, 0x79, 0xFB,
  0x7C, 0xFB, 0x7F, 0xFB, 0x82, 0xFB, 0x85, 0xFB, 0x88, 0xFB, 0x8B, 0xFB,
  0x8E, 0xFB, 0x90, 0xFB, 0x93, 0xFB, 0x96, 0xFB, 0x99, 0xFB, 0x9C, 0xFB,
  0x9F, 0xFB, 0xA2, 0xFB, 0xA5, 0xFB, 0xA8, 0xFB, 0xAA, 0xFB, 0xAD, 0xFB,
  0xB0, 0xFB, 0xB3, 0xFB, 0xB6, 0xFB, 0xB9, 0xFB, 0xBC, 0xFB, 0xBF, 0xFB,
  0xC2, 0xFB, 0xC4, 0xFB, 0xC7, 0xFB, 0xCA, 0xFB, 0xCD, 0xFB, 0xD0, 0xFB,
  0xD3, 0xFB, 0xD6, 0xFB, 0xD9, 0xFB, 0xDC, 0xFB, 0xDE, 0xFB, 0xE1, 0xFB,
  0xE4, 0xFB, 0xE7, 0xFB, 0xEA, 0xFB, 0xED, 0xFB, 0xF0, 0xFB, 0xF3, 0xFB,
  0xF6, 0xFB, 0xF8, 0xFB, 0xFB, 0xFB, 0xFE, 0xFB, 0x01, 0xFC, 0x04, 0xFC,
  0x07, 0xFC, 0x0A, 0xFC, 0x0D, 0xFC, 0x10, 0xFC, 0x12, 0xFC, 0x15, 0xFC,
  0x18, 0xFC, 0x1B, 0xFC, 0x1E, 0xFC, 0xDF, 0x03, 0xDC, 0x03, 0xD9, 0x03,
  0xD6, 0x03, 0xD4, 0x03, 0xD1, 0x03, 0xCE, 0x03, 0xCB, 0x03, 0xC8, 0x03,
  0xC5, 0x03, 0xC2, 0x03, 0xBF, 0x03, 0xBC, 0x03, 0xBA, 0x03, 0xB7, 0x03,
  0xB4, 0x03, 0xB1, 0x03, 0xAE, 0x03, 0xAB, 0x03, 0xA8, 0x03, 0xA5, 0x03,
  0xA2, 0x03, 0xA0, 0x03, 0x9D, 0x03, 0x9A, 0x03, 0x97, 0x03, 0x94, 0x03,
  0x91, 0x03, 0x8E, 0x03, 0x8B, 0x03, 0x88, 0x03, 0x86, 0x03, 0x83, 0x03,
  0x80, 0x03, 0x7D, 0x03, 0x7A, 0x03, 0x77, 0x03, 0x74, 0x03, 0x71, 0x03,
  0x6E, 0x03, 0x6C, 0x03, 0x69, 0x03, 0x66, 0x03, 0x63, 0x03, 0x60, 0x03,
  0x5D, 0x03, 0x5A, 0x03, 0x57, 0x03, 0x54, 0x03, 0x52, 0x03, 0x4F, 0x03,
  0x4C, 0x03, 0x49, 0x03, 0x46, 0x03, 0x43, 0x03, 0x40, 0x03, 0x3D, 0x03,
  0x3A, 0x03, 0x38, 0x03, 0x35, 0x03, 0x32, 0x03, 0xD1, 0xFC, 0xD4, 0xFC,
  0xD7, 0xFC, 0xDA, 0xFC, 0xDD, 0xFC, 0xE0, 0xFC, 0xE2, 0xFC, 0xE5, 0xFC,
  0xE8, 0xFC, 0xEB, 0xFC, 0xEE, 0xFC, 0xF1, 0xFC, 0xF4, 0xFC, 0xF7, 0xFC,
  0xFA, 0xFC, 0xFD, 0xFC, 0xFF, 0xFC, 0x02, 0xFD, 0x05, 0xFD, 0x08, 0xFD,
  0x0B, 0xFD, 0x0E, 0xFD, 0x11, 0xFD, 0x14, 0xFD, 0x17, 0xFD, 0x19, 0xFD,
  0x1C, 0xFD, 0x1F, 0xFD, 0x22, 0xFD, 0x25, 0xFD, 0x28, 0xFD, 0x2B, 0xFD,
  0x2E, 0xFD, 0x31, 0xFD, 0x33, 0xFD, 0x36, 0xFD, 0x39, 0xFD, 0x3C, 0xFD,
  0x3F, 0xFD, 0x42, 0xFD, 0x45, 0xFD, 0x48, 0xFD, 0x4B, 0xFD, 0x4D, 0xFD,
  0x50, 0xFD, 0x53, 0xFD, 0x56, 0xFD, 0x59, 0xFD, 0x5C, 0xFD, 0x5F, 0xFD,
  0x62, 0xFD, 0x65, 0xFD, 0x67, 0xFD, 0x6A, 0xFD, 0x6D, 0xFD, 0x70, 0xFD,
  0x73, 0xFD, 0x76, 0xFD, 0x79, 0xFD, 0x7C, 0xFD, 0x7F, 0xFD, 0x7F, 0x02,
  0x7C, 0x02, 0x79, 0x02, 0x76, 0x02, 0x73, 0x02, 0x70, 0x02, 0x6D, 0x02,
  0x6A, 0x02, 0x67, 0x02, 0x65, 0x02, 0x62, 0x02, 0x5F, 0x02, 0x5C, 0x02,
  0x59, 0x02, 0x56, 0x02, 0x53, 0x02, 0x50, 0x02, 0x4D, 0x02, 0x4B, 0x02,
  0x48, 0x02, 0x45, 0x02, 0x42, 0x02, 0x3F, 0x02, 0x3C, 0x02, 0x39, 0x02,
  0x36, 0x02, 0x33, 0x02, 0x31, 0x02, 0x2E, 0x02, 0x2B, 0x02, 0x28, 0x02,
  0x25, 0x02, 0x22, 0x02, 0x1F, 0x02, 0x1C, 0x02, 0x19, 0x02, 0x17, 0x02,
  0x14, 0x02, 0x11, 0x02, 0x0E, 0x02, 0x0B, 0x02, 0x08, 0x02, 0x05, 0x02,
  0x02, 0x02, 0xFF, 0x01, 0xFD, 0x01, 0xFA, 0x01, 0xF7, 0x01, 0xF4, 0x01,
  0xF1, 0x01, 0xEE, 0x01, 0xEB, 0x01, 0xE8, 0x01, 0xE5, 0x01, 0xE3, 0x01,
  0xE0, 0x01, 0xDD, 0x01, 0xDA, 0x01, 0xD7, 0x01, 0xD4, 0x01, 0xD1, 0x01,
  0x32, 0xFE, 0x35, 0xFE, 0x37, 0xFE, 0x3A, 0xFE, 0x3D, 0xFE, 0x40, 0xFE,
  0x43, 0xFE, 0x46, 0xFE, 0x49, 0xFE, 0x4C, 0xFE, 0x4F, 0xFE, 0x51, 0xFE,
  0x54, 0xFE, 0x57, 0xFE, 0x5A, 0xFE, 0x5D, 0xFE, 0x60, 0xFE, 0x63, 0xFE,
  0x66, 0xFE, 0x69, 0xFE, 0x6B, 0xFE, 0x6E, 0xFE, 0x71, 0xFE, 0x74, 0xFE,
  0x77, 0xFE, 0x7A, 0xFE, 0x7D, 0xFE, 0x80, 0xFE, 0x83, 0xFE, 0x85, 0xFE,
  0x88, 0xFE, 0x8B, 0xFE, 0x8E, 0xFE, 0x91, 0xFE, 0x94, 0xFE, 0x97, 0xFE,
  0x9A, 0xFE, 0x9D, 0xFE, 0x9F, 0xFE, 0xA2, 0xFE, 0xA5, 0xFE, 0xA8, 0xFE,
  0xAB, 0xFE, 0xAE, 0xFE, 0xB1, 0xFE, 0xB4, 0xFE, 0xB7, 0xFE, 0xB9, 0xFE,
  0xBC, 0xFE, 0xBF, 0xFE, 0xC2, 0xFE, 0xC5, 0xFE, 0xC8, 0xFE, 0xCB, 0xFE,
  0xCE, 0xFE, 0xD1, 0xFE, 0xD3, 0xFE, 0xD6, 0xFE, 0xD9, 0xFE, 0xDC, 0xFE,
  0xDF, 0xFE, 0xE2, 0xFE, 0x1B, 0x01, 0x18, 0x01, 0x15, 0x01, 0x13, 0x01,
  0x10, 0x01, 0x0D, 0x01, 0x0A, 0x01, 0x07, 0x01, 0x04, 0x01, 0x01, 0x01,
  0xFE, 0x00, 0xFB, 0x00, 0xF8, 0x00, 0xF6, 0x00, 0xF3, 0x00, 0xF0, 0x00,
  0xED, 0x00, 0xEA, 0x00, 0xE7, 0x00, 0xE4, 0x00, 0xE1, 0x00, 0xDE, 0x00,
  0xDC, 0x00, 0xD9, 0x00, 0xD6, 0x00, 0xD3, 0x00, 0xD0, 0x00, 0xCD, 0x00,
  0xCA, 0x00, 0xC7, 0x00, 0xC4, 0x00, 0xC2, 0x00, 0xBF, 0x00, 0xBC, 0x00,
  0xB9, 0x00, 0xB6, 0x00, 0xB3, 0x00, 0xB0, 0x00, 0xAD, 0x00, 0xAA, 0x00,
  0xA8, 0x00, 0xA5, 0x00, 0xA2, 0x00, 0x9F, 0x00, 0x9C, 0x00, 0x99, 0x00,
  0x96, 0x00, 0x93, 0x00, 0x90, 0x00, 0x8E, 0x00, 0x8B, 0x00, 0x88, 0x00,
  0x85, 0x00, 0x82, 0x00, 0x7F, 0x00, 0x7C, 0x00, 0x79, 0x00, 0x76, 0x00,
  0x74, 0x00, 0x71, 0x00, 0x6E, 0x00, 0x95, 0xFF, 0x98, 0xFF, 0x9B, 0xFF,
  0x9E, 0xFF, 0xA1, 0xFF, 0xA4, 0xFF, 0xA6, 0xFF, 0xA9, 0xFF, 0xAC, 0xFF,
  0xAF, 0xFF, 0xB2, 0xFF, 0xB5, 0xFF, 0xB8, 0xFF, 0xBB, 0xFF, 0xBE, 0xFF,
  0xC0, 0xFF, 0xC3, 0xFF, 0xC6, 0xFF, 0xC9, 0xFF, 0xCC, 0xFF, 0xCF, 0xFF,
  0xD2, 0xFF, 0xD5, 0xFF, 0xD8, 0xFF, 0xDA, 0xFF, 0xDD, 0xFF, 0xE0, 0xFF,
  0xE3, 0xFF, 0xE6, 0xFF, 0xE9, 0xFF, 0xEC, 0xFF, 0xEF, 0xFF, 0xF2, 0xFF,
  0xF4, 0xFF, 0xF7, 0xFF, 0xFA, 0xFF, 0xFD, 0xFF, 0x00, 0x00, 0x00, 0x00,
  0x00, 0x00, 0x00, 0x00, 0x00, 0x00, 0x00, 0x00, 0x00, 0x00, 0x00, 0x00,
  0x00, 0x00, 0x00, 0x00, 0x00, 0x00, 0x00, 0x00, 0x00, 0x00, 0x00, 0x00,
  0x00, 0x00, 0x00, 0x00, 0x00, 0x00, 0x00, 0x00, 0x00, 0x00, 0x00, 0x00,
  0x00, 0x00, 0x00, 0x00, 0x00, 0x00, 0x00, 0x00, 0x00, 0x00, 0x00, 0x00,
  0x00, 0x00, 0x00, 0x00, 0x00, 0x00, 0x00, 0x00, 0x00, 0x00, 0x00, 0x00,
  0x00, 0x00, 0x00, 0x00, 0x00, 0x00, 0x00, 0x00, 0x00, 0x00, 0x00, 0x00,
  0x00, 0x00, 0x00, 0x00, 0x00, 0x00, 0x00, 0x00, 0x00, 0x00, 0x00, 0x00,
  0x00, 0x00, 0x00, 0x00, 0x00, 0x00, 0x00, 0x00, 0x00, 0x00, 0x00, 0x00,
  0x00, 0x00, 0x00, 0x00, 0x00, 0x00, 0x00, 0x00, 0x00, 0x00, 0x00, 0x00,
  0x00, 0x00, 0x00, 0x00, 0x00, 0x00, 0x00, 0x00, 0x00, 0x00, 0x00, 0x00,
  0x00, 0x00, 0x00, 0x00, 0x00, 0x00, 0x00, 0x00, 0x00, 0x00, 0x00, 0x00,
  0x00, 0x00, 0x00, 0x00, 0x00, 0x00, 0x00, 0x00, 0x00, 0x00, 0x00, 0x00,
  0x00, 0x00, 0x00, 0x00, 0x00, 0x00, 0x00, 0x00, 0x00, 0x00, 0x00, 0x00,
  0x00, 0x00, 0x00, 0x00, 0x00, 0x00, 0x00, 0x00, 0x00, 0x00, 0x00, 0x00,
  0x00, 0x00, 0x00, 0x00, 0x00, 0x00, 0x00, 0x00, 0x00, 0x00, 0x00, 0x00,
  0x00, 0x00, 0x00, 0x00, 0x00, 0x00, 0x00, 0x00, 0x00, 0x00, 0x00, 0x00,
  0x00, 0x00, 0x00, 0x00, 0x00, 0x00, 0x00, 0x00, 0x00, 0x00, 0x00, 0x00,
  0x00, 0x00, 0x00, 0x00, 0x00, 0x00, 0x00, 0x00, 0x00, 0x00, 0x00, 0x00,
  0x00, 0x00, 0x00, 0x00, 0x00, 0x00, 0x00, 0x00, 0x00, 0x00, 0x00, 0x00,
  0x00, 0x00, 0x00, 0x00, 0x00, 0x00, 0x00, 0x00, 0x00, 0x00, 0x00, 0x00,
  0x00, 0x00, 0x00, 0x00, 0x00, 0x00, 0x00, 0x00, 0x00, 0x00, 0x00, 0x00,
  0x00, 0x00, 0x00, 0x00, 0x00, 0x00, 0x00, 0x00, 0x00, 0x00, 0x00, 0x00,
  0x00, 0x00, 0x00, 0x00, 0x00, 0x00, 0x00, 0x00, 0x00, 0x00, 0x00, 0x00,
  0x00, 0x00, 0x00, 0x00, 0x00, 0x00, 0x00, 0x00, 0x00, 0x00, 0x00, 0x00,
  0x00, 0x00, 0x00, 0x00, 0x00, 0x00, 0x00, 0x00, 0x00, 0x00, 0x00, 0x00,
  0x00, 0x00, 0x00, 0x00, 0x00, 0x00, 0x00, 0x00, 0x00, 0x00, 0x00, 0x00,
  0x00, 0x00, 0x00, 0x00, 0x00, 0x00, 0x00, 0x00, 0x00, 0x00, 0x00, 0x00,
  0x00, 0x00, 0x00, 0x00, 0x00, 0x00, 0x00, 0x00, 0x00, 0x00, 0x00, 0x00,
  0x00, 0x00, 0x00, 0x00, 0x00, 0x00, 0x00, 0x00, 0x00, 0x00, 0x00, 0x00,
  0x00, 0x00, 0x00, 0x00, 0x00, 0x00, 0x00, 0x00, 0x00, 0x00, 0x00, 0x00,
  0x00, 0x00, 0x00, 0x00, 0x00, 0x00, 0x00, 0x00, 0x00, 0x00, 0x00, 0x00,
  0x00, 0x00, 0x00, 0x00, 0x00, 0x00, 0x00, 0x00, 0x00, 0x00, 0x00, 0x00,
  0x00, 0x00, 0x00, 0x00, 0x00, 0x00, 0x00, 0x00, 0x00, 0x00, 0x00, 0x00,
  0x00, 0x00, 0x00, 0x00, 0x00, 0x00, 0x00, 0x00, 0x00, 0x00, 0x00, 0x00,
  0x00, 0x00, 0x00, 0x00, 0x00, 0x00, 0x00, 0x00, 0x00, 0x00, 0x00, 0x00,
  0x00, 0x00, 0x00, 0x00, 0x00, 0x00, 0x00, 0x00, 0x00, 0x00, 0x00, 0x00,
  0x00, 0x00, 0x00, 0x00, 0x00, 0x00, 0x0B, 0x00, 0x15, 0x00, 0x20, 0x00,
  0x2B, 0x00, 0x36, 0x00, 0x40, 0x00, 0x4B, 0x00, 0x56, 0x00, 0x61, 0x00,
  0x6B, 0x00, 0x76, 0x00, 0x81, 0x00, 0x8C, 0x00, 0x96, 0x00, 0xA1, 0x00,
  0xAC, 0x00, 0xB6, 0x00, 0xC1, 0x00, 0xCC, 0x00, 0xD7, 0x00, 0xE1, 0x00,
  0xEC, 0x00, 0xF7, 0x00, 0x02, 0x01, 0x0C, 0x01, 0x17, 0x01, 0x22, 0x01,
  0x2D, 0x01, 0x37, 0x01, 0x42, 0x01, 0x4D, 0x01, 0x57, 0x01, 0x62, 0x01,
  0x6D, 0x01, 0x78, 0x01, 0x82, 0x01, 0x8D, 0x01, 0x98, 0x01, 0xA3, 0x01,
  0xAD, 0x01, 0xB8, 0x01, 0xC3, 0x01, 0xCD, 0x01, 0xD8, 0x01, 0xE3, 0x01,
  0xEE, 0x01, 0xF8, 0x01, 0x03, 0x02, 0x0E, 0x02, 0x19, 0x02, 0x23, 0x02,
  0x2E, 0x02, 0x39, 0x02, 0x44, 0x02, 0x4E, 0x02, 0x59, 0x02, 0x64, 0x02,
  0x6E, 0x02, 0x79, 0x02, 0x84, 0x02, 0x8F, 0x02, 0x99, 0x02, 0xA4, 0x02,
  0xAF, 0x02, 0xBA, 0x02, 0xC4, 0x02, 0xCF, 0x02, 0xDA, 0x02, 0xE5, 0x02,
  0xEF, 0x02, 0xFA, 0x02, 0x05, 0x03, 0xF1, 0xFC, 0xE6, 0xFC, 0xDB, 0xFC,
  0xD0, 0xFC, 0xC6, 0xFC, 0xBB, 0xFC, 0xB0, 0xFC, 0xA5, 0xFC, 0x9B, 0xFC,
  0x90, 0xFC, 0x85, 0xFC, 0x7A, 0xFC, 0x70, 0xFC, 0x65, 0xFC, 0x5A, 0xFC,
  0x50, 0xFC, 0x45, 0xFC, 0x3A, 0xFC, 0x2F, 0xFC, 0x25, 0xFC, 0x1A, 0xFC,
  0x0F, 0xFC, 0x04, 0xFC, 0xFA, 0xFB, 0xEF, 0xFB, 0xE4, 0xFB, 0xD9, 0xFB,
  0xCF, 0xFB, 0xC4, 0xFB, 0xB9, 0xFB, 0xAF, 0xFB, 0xA4, 0xFB, 0x99, 0xFB,
  0x8E, 0xFB, 0x84, 0xFB, 0x79, 0xFB, 0x6E, 0xFB, 0x63, 0xFB, 0x59, 0xFB,
  0x4E, 0xFB, 0x43, 0xFB, 0x39, 0xFB, 0x2E, 0xFB, 0x23, 0xFB, 0x18, 0xFB,
  0x0E, 0xFB, 0x03, 0xFB, 0xF8, 0xFA, 0xED, 0xFA, 0xE3, 0xFA, 0xD8, 0xFA,
  0xCD, 0xFA, 0xC2, 0xFA, 0xB8, 0xFA, 0xAD, 0xFA, 0xA2, 0xFA, 0x98, 0xFA,
  0x8D, 0xFA, 0x82, 0xFA, 0x77, 0xFA, 0x6D, 0xFA, 0x62, 0xFA, 0x57, 0xFA,
  0x4C, 0xFA, 0x42, 0xFA, 0x37, 0xFA, 0x2C, 0xFA, 0x21, 0xFA, 0x17, 0xFA,
  0x0C, 0xFA, 0x01, 0xFA, 0xF7, 0xF9, 0xEC, 0xF9, 0x1F, 0x06, 0x2A, 0x06,
  0x34, 0x06, 0x3F, 0x06, 0x4A, 0x06, 0x55, 0x06, 0x5F, 0x06, 0x6A, 0x06,
  0x75, 0x06, 0x80, 0x06, 0x8A, 0x06, 0x95, 0x06, 0xA0, 0x06, 0xAA, 0x06,
  0xB5, 0x06, 0xC0, 0x06, 0xCB, 0x06, 0xD5, 0x06, 0xE0, 0x06, 0xEB, 0x06,
  0xF6, 0x06, 0x00, 0x07, 0x0B, 0x07, 0x16, 0x07, 0x21, 0x07, 0x2B, 0x07,
  0x36, 0x07, 0x41, 0x07, 0x4B, 0x07, 0x56, 0x07, 0x61, 0x07, 0x6C, 0x07,
  0x76, 0x07, 0x81, 0x07, 0x8C, 0x07, 0x97, 0x07, 0xA1, 0x07, 0xAC, 0x07,
  0xB7, 0x07, 0xC2, 0x07, 0xCC, 0x07, 0xD7, 0x07, 0xE2, 0x07, 0xEC, 0x07,
  0xF7, 0x07, 0x02, 0x08, 0x0D, 0x08, 0x17, 0x08, 0x22, 0x08, 0x2D, 0x08,
  0x38, 0x08, 0x42, 0x08, 0x4D, 0x08, 0x58, 0x08, 0x62, 0x08, 0x6D, 0x08,
  0x78, 0x08, 0x83, 0x08, 0x8D, 0x08, 0x98, 0x08, 0xA3, 0x08, 0xAE, 0x08,
  0xB8, 0x08, 0xC3, 0x08, 0xCE, 0x08, 0xD9, 0x08, 0xE3, 0x08, 0xEE, 0x08,
  0xF9, 0x08, 0x03, 0x09, 0x0E, 0x09, 0x19, 0x09, 0x24, 0x09, 0x2E, 0x09,
  0xC7, 0xF6, 0xBC, 0xF6, 0xB1, 0xF6, 0xA7, 0xF6, 0x9C, 0xF6, 0x91, 0xF6,
  0x86, 0xF6, 0x7C, 0xF6, 0x71, 0xF6, 0x66, 0xF6, 0x5C, 0xF6, 0x51, 0xF6,
  0x46, 0xF6, 0x3B, 0xF6, 0x31, 0xF6, 0x26, 0xF6, 0x1B, 0xF6, 0x10, 0xF6,
  0x06, 0xF6, 0xFB, 0xF5, 0xF0, 0xF5, 0xE5, 0xF5, 0xDB, 0xF5, 0xD0, 0xF5,
  0xC5, 0xF5, 0xBB, 0xF5, 0xB0, 0xF5, 0xA5, 0xF5, 0x9A, 0xF5, 0x90, 0xF5,
  0x85, 0xF5, 0x7A, 0xF5, 0x6F, 0xF5, 0x65, 0xF5, 0x5A, 0xF5, 0x4F, 0xF5,
  0x44, 0xF5, 0x3A, 0xF5, 0x2F, 0xF5, 0x24, 0xF5, 0x1A, 0xF5, 0x0F, 0xF5,
  0x04, 0xF5, 0xF9, 0xF4, 0xEF, 0xF4, 0xE4, 0xF4, 0xD9, 0xF4, 0xCE, 0xF4,
  0xC4, 0xF4, 0xB9, 0xF4, 0xAE, 0xF4, 0xA4, 0xF4, 0x99, 0xF4, 0x8E, 0xF4,
  0x83, 0xF4, 0x79, 0xF4, 0x6E, 0xF4, 0x63, 0xF4, 0x58, 0xF4, 0x4E, 0xF4,
  0x43, 0xF4, 0x38, 0xF4, 0x2D, 0xF4, 0x23, 0xF4, 0x18, 0xF4, 0x0D, 0xF4,
  0x03, 0xF4, 0xF8, 0xF3, 0xED, 0xF3, 0xE2, 0xF3, 0xD8, 0xF3, 0xCD, 0xF3,
  0xC2, 0xF3, 0x49, 0x0C, 0x53, 0x0C, 0x5E, 0x0C, 0x69, 0x0C, 0x74, 0x0C,
  0x7E, 0x0C, 0x89, 0x0C, 0x94, 0x0C, 0x9E, 0x0C, 0xA9, 0x0C, 0xB4, 0x0C,
  0xBF, 0x0C, 0xC9, 0x0C, 0xD4, 0x0C, 0xDF, 0x0C, 0xEA, 0x0C, 0xF4, 0x0C,
  0xFF, 0x0C, 0x0A, 0x0D, 0x15, 0x0D, 0x1F, 0x0D, 0x2A, 0x0D, 0x35, 0x0D,
  0x3F, 0x0D, 0x4A, 0x0D, 0x55, 0x0D, 0x60, 0x0D, 0x6A, 0x0D, 0x75, 0x0D,
  0x80, 0x0D, 0x8B, 0x0D, 0x95, 0x0D, 0xA0, 0x0D, 0xAB, 0x0D, 0xB6, 0x0D,
  0xC0, 0x0D, 0xCB, 0x0D, 0xD6, 0x0D, 0xE0, 0x0D, 0xEB, 0x0D, 0xF6, 0x0D,
  0x01, 0x0E, 0x0B, 0x0E, 0x16, 0x0E, 0x21, 0x0E, 0x2C, 0x0E, 0x36, 0x0E,
  0x41, 0x0E, 0x4C, 0x0E, 0x56, 0x0E, 0x61, 0x0E, 0x6C, 0x0E, 0x77, 0x0E,
  0x81, 0x0E, 0x8C, 0x0E, 0x97, 0x0E, 0xA2, 0x0E, 0xAC, 0x0E, 0xB7, 0x0E,
  0xC2, 0x0E, 0xCD, 0x0E, 0xD7, 0x0E, 0xE2, 0x0E, 0xED, 0x0E, 0xF7, 0x0E,
  0x02, 0x0F, 0x0D, 0x0F, 0x18, 0x0F, 0x22, 0x0F, 0x2D, 0x0F, 0x38, 0x0F,
  0x43, 0x0F, 0x4D, 0x0F, 0x58, 0x0F, 0x9D, 0xF0, 0x92, 0xF0, 0x88, 0xF0,
  0x7D, 0xF0, 0x72, 0xF0, 0x68, 0xF0, 0x5D, 0xF0, 0x52, 0xF0, 0x47, 0xF0,
  0x3D, 0xF0, 0x32, 0xF0, 0x27, 0xF0, 0x1C, 0xF0, 0x12, 0xF0, 0x07, 0xF0,
  0xFC, 0xEF, 0xF1, 0xEF, 0xE7, 0xEF, 0xDC, 0xEF, 0xD1, 0xEF, 0xC7, 0xEF,
  0xBC, 0xEF, 0xB1, 0xEF, 0xA6, 0xEF, 0x9C, 0xEF, 0x91, 0xEF, 0x86, 0xEF,
  0x7B, 0xEF, 0x71, 0xEF, 0x66, 0xEF, 0x5C, 0xEF, 0x5C, 0xEF, 0x5C, 0xEF,
  0x5C, 0xEF, 0x5C, 0xEF, 0x5C, 0xEF, 0x5C, 0xEF, 0x5C, 0xEF, 0x5C, 0xEF,
  0x5C, 0xEF, 0x5C, 0xEF, 0x5C, 0xEF, 0x5C, 0xEF, 0x5C, 0xEF, 0x5C, 0xEF,
  0x5C, 0xEF, 0x5C, 0xEF, 0x5C, 0xEF, 0x5C, 0xEF, 0x5C, 0xEF, 0x5C, 0xEF,
  0x5C, 0xEF, 0x5C, 0xEF, 0x5C, 0xEF, 0x5C, 0xEF, 0x5C, 0xEF, 0x5C, 0xEF,
  0x5C, 0xEF, 0x5C, 0xEF, 0x5C, 0xEF, 0x5C, 0xEF, 0x5C, 0xEF, 0x5C, 0xEF,
  0x5C, 0xEF, 0x5C, 0xEF, 0x5C, 0xEF, 0x5C, 0xEF, 0x5C, 0xEF, 0x5C, 0xEF,
  0x5C, 0xEF, 0x5C, 0xEF, 0x5C, 0xEF, 0x5C, 0xEF, 0xA4, 0x10, 0xA4, 0x10,
  0xA4, 0x10, 0xA4, 0x10, 0xA4, 0x10, 0xA4, 0x10, 0xA4, 0x10, 0xA4, 0x10,
  0xA4, 0x10, 0xA4, 0x10, 0xA4, 0x10, 0xA4, 0x10, 0xA4, 0x10, 0xA4, 0x10,
  0xA4, 0x10, 0xA4, 0x10, 0xA4, 0x10, 0xA4, 0x10, 0xA4, 0x10, 0xA4, 0x10,
  0xA4, 0x10, 0xA4, 0x10, 0xA4, 0x10, 0xA4, 0x10, 0xA4, 0x10, 0xA4, 0x10,
  0xA4, 0x10, 0xA4, 0x10, 0xA4, 0x10, 0xA4, 0x10, 0xA4, 0x10, 0xA4, 0x10,
  0xA4, 0x10, 0xA4, 0x10, 0xA4, 0x10, 0xA4, 0x10, 0xA4, 0x10, 0xA4, 0x10,
  0xA4, 0x10, 0xA4, 0x10, 0xA4, 0x10, 0xA4, 0x10, 0xA4, 0x10, 0xA4, 0x10,
  0xA4, 0x10, 0xA4, 0x10, 0xA4, 0x10, 0xA4, 0x10, 0xA4, 0x10, 0xA4, 0x10,
  0xA4, 0x10, 0xA4, 0x10, 0xA4, 0x10, 0xA4, 0x10, 0xA4, 0x10, 0xA4, 0x10,
  0xA4, 0x10, 0xA4, 0x10, 0xA4, 0x10, 0xA4, 0x10, 0xA4, 0x10, 0xA4, 0x10,
  0xA4, 0x10, 0xA4, 0x10, 0xA4, 0x10, 0xA4, 0x10, 0xA4, 0x10, 0xA4, 0x10,
  0xA4, 0x10, 0xA4, 0x10, 0xA4, 0x10, 0xA4, 0x10, 0xA4, 0x10, 0xA4, 0x10,
  0x5C, 0xEF, 0x5C, 0xEF, 0x5C, 0xEF, 0x5C, 0xEF, 0x5C, 0xEF, 0x5C, 0xEF,
  0x5C, 0xEF, 0x5C, 0xEF, 0x5C, 0xEF, 0x5C, 0xEF, 0x5C, 0xEF, 0x5C, 0xEF,
  0x5C, 0xEF, 0x5C, 0xEF, 0x5C, 0xEF, 0x5C, 0xEF, 0x5C, 0xEF, 0x5C, 0xEF,
  0x5C, 0xEF, 0x5C, 0xEF, 0x5C, 0xEF, 0x5C, 0xEF, 0x5C, 0xEF, 0x5C, 0xEF,
  0x5C, 0xEF, 0x5C, 0xEF, 0x5C, 0xEF, 0x5C, 0xEF, 0x5C, 0xEF, 0x5C, 0xEF,
  0x5C, 0xEF, 0x5C, 0xEF, 0x5C, 0xEF, 0x5C, 0xEF, 0x5C, 0xEF, 0x5C, 0xEF,
  0x5C, 0xEF, 0x5C, 0xEF, 0x5C, 0xEF, 0x5C, 0xEF, 0x5C, 0xEF, 0x5C, 0xEF,
  0x5C, 0xEF, 0x5C, 0xEF, 0x5C, 0xEF, 0x5C, 0xEF, 0x5C, 0xEF, 0x5C, 0xEF,
  0x5C, 0xEF, 0x5C, 0xEF, 0x5C, 0xEF, 0x5C, 0xEF, 0x5C, 0xEF, 0x5C, 0xEF,
  0x5C, 0xEF, 0x5C, 0xEF, 0x5C, 0xEF, 0x5C, 0xEF, 0x5C, 0xEF, 0x5C, 0xEF,
  0x5C, 0xEF, 0x5C, 0xEF, 0x5C, 0xEF, 0x5C, 0xEF, 0x5C, 0xEF, 0x5C, 0xEF,
  0x5C, 0xEF, 0x5C, 0xEF, 0x5C, 0xEF, 0x5C, 0xEF, 0x5C, 0xEF, 0x5C, 0xEF,
  0x5C, 0xEF, 0x5C, 0xEF, 0xA4, 0x10, 0xA4, 0x10, 0xA4, 0x10, 0xA4, 0x10,
  0xA4, 0x10, 0xA4, 0x10, 0xA4, 0x10, 0xA4, 0x10, 0xA4, 0x10, 0xA4, 0x10,
  0xA4, 0x10, 0xA4, 0x10, 0xA4, 0x10, 0xA4, 0x10, 0xA4, 0x10, 0xA4, 0x10,
  0xA4, 0x10, 0xA4, 0x10, 0xA4, 0x10, 0xA4, 0x10, 0xA4, 0x10, 0xA4, 0x10,
  0xA4, 0x10, 0xA4, 0x10, 0xA4, 0x10, 0xA4, 0x10, 0xA4, 0x10, 0xA4, 0x10,
  0xA4, 0x10, 0xA4, 0x10, 0xA4, 0x10, 0xA4, 0x10, 0xA4, 0x10, 0xA4, 0x10,
  0xA4, 0x10, 0xA4, 0x10, 0xA4, 0x10, 0xA4, 0x10, 0xA4, 0x10, 0xA4, 0x10,
  0xA4, 0x10, 0xA4, 0x10, 0xA4, 0x10, 0xA4, 0x10, 0xA4, 0x10, 0xA4, 0x10,
  0xA4, 0x10, 0xA4, 0x10, 0xA4, 0x10, 0xA4, 0x10, 0xA4, 0x10, 0xA4, 0x10,
  0xA4, 0x10, 0xA4, 0x10, 0xA4, 0x10, 0xA4, 0x10, 0xA4, 0x10, 0xA4, 0x10,
  0xA4, 0x10, 0xA4, 0x10, 0xA4, 0x10, 0xA4, 0x10, 0xA4, 0x10, 0xA4, 0x10,
  0xA4, 0x10, 0xA4, 0x10, 0xA4, 0x10, 0xA4, 0x10, 0xA4, 0x10, 0xA4, 0x10,
  0xA4, 0x10, 0xA4, 0x10, 0xA4, 0x10, 0x5C, 0xEF, 0x5C, 0xEF, 0x5C, 0xEF,
  0x5C, 0xEF, 0x5C, 0xEF, 0x5C, 0xEF, 0x5C, 0xEF, 0x5C, 0xEF, 0x5C, 0xEF,
  0x5C, 0xEF, 0x5C, 0xEF, 0x5C, 0xEF, 0x5C, 0xEF, 0x5C, 0xEF, 0x5C, 0xEF,
  0x5C, 0xEF, 0x5C, 0xEF, 0x5C, 0xEF, 0x5C, 0xEF, 0x5C, 0xEF, 0x5C, 0xEF,
  0x5C, 0xEF, 0x5C, 0xEF, 0x5C, 0xEF, 0x5C, 0xEF, 0x5C, 0xEF, 0x5C, 0xEF,
  0x5C, 0xEF, 0x5C, 0xEF, 0x5C, 0xEF, 0x5C, 0xEF, 0x5C, 0xEF, 0x5C, 0xEF,
  0x5C, 0xEF, 0x5C, 0xEF, 0x5C, 0xEF, 0x5C, 0xEF, 0x5C, 0xEF, 0x5C, 0xEF,
  0x5C, 0xEF, 0x5C, 0xEF, 0x5C, 0xEF, 0x5C, 0xEF, 0x5C, 0xEF, 0x5C, 0xEF,
  0x5C, 0xEF, 0x5C, 0xEF, 0x5C, 0xEF, 0x5C, 0xEF, 0x5C, 0xEF, 0x5C, 0xEF,
  0x5C, 0xEF, 0x5C, 0xEF, 0x5C, 0xEF, 0x5C, 0xEF, 0x5C, 0xEF, 0x5C, 0xEF,
  0x5C, 0xEF, 0x5C, 0xEF, 0x5C, 0xEF, 0x5C, 0xEF, 0x5C, 0xEF, 0x5C, 0xEF,
  0x5C, 0xEF, 0x5C, 0xEF, 0x5C, 0xEF, 0x5C, 0xEF, 0x5C, 0xEF, 0x5C, 0xEF,
  0x5C, 0xEF, 0x5C, 0xEF, 0x5C, 0xEF, 0x5C, 0xEF, 0x5C, 0xEF, 0xA4, 0x10,
  0xA4, 0x10, 0xA4, 0x10, 0xA4, 0x10, 0xA4, 0x10, 0xA4, 0x10, 0xA4, 0x10,
  0xA4, 0x10, 0xA4, 0x10, 0xA4, 0x10, 0xA4, 0x10, 0xA4, 0x10, 0xA4, 0x10,
  0xA4, 0x10, 0xA4, 0x10, 0xA4, 0x10, 0xA4, 0x10, 0xA4, 0x10, 0xA4, 0x10,
  0xA4, 0x10, 0xA4, 0x10, 0xA4, 0x10, 0xA4, 0x10, 0xA4, 0x10, 0xA4, 0x10,
  0xA4, 0x10, 0xA4, 0x10, 0xA4, 0x10, 0xA4, 0x10, 0xA4, 0x10, 0xA4, 0x10,
  0xA4, 0x10, 0xA4, 0x10, 0xA4, 0x10, 0xA4, 0x10, 0xA4, 0x10, 0xA4, 0x10,
  0xA4, 0x10, 0xA4, 0x10, 0xA4, 0x10, 0xA4, 0x10, 0xA4, 0x10, 0xA4, 0x10,
  0xA4, 0x10, 0xA4, 0x10, 0xA4, 0x10, 0xA4, 0x10, 0xA4, 0x10, 0xA4, 0x10,
  0xA4, 0x10, 0xA4, 0x10, 0xA4, 0x10, 0xA4, 0x10, 0xA4, 0x10, 0xA4, 0x10,
  0xA4, 0x10, 0xA4, 0x10, 0xA4, 0x10, 0xA4, 0x10, 0xA4, 0x10, 0xA4, 0x10,
  0xA4, 0x10, 0xA4, 0x10, 0xA4, 0x10, 0xA4, 0x10, 0xA4, 0x10, 0xA4, 0x10,
  0xA4, 0x10, 0xA4, 0x10, 0xA4, 0x10, 0xA4, 0x10, 0xA4, 0x10, 0xA4, 0x10,
  0x5C, 0xEF, 0x5C, 0xEF, 0x5C, 0xEF, 0x5C, 0xEF, 0x5C, 0xEF, 0x5C, 0xEF,
  0x5C, 0xEF, 0x5C, 0xEF, 0x5C, 0xEF, 0x5C, 0xEF, 0x5C, 0xEF, 0x5C, 0xEF,
  0x5C, 0xEF, 0x5C, 0xEF, 0x5C, 0xEF, 0x5C, 0xEF, 0x5C, 0xEF, 0x5C, 0xEF,
  0x5C, 0xEF, 0x5C, 0xEF, 0x5C, 0xEF, 0x5C, 0xEF, 0x5C, 0xEF, 0x5C, 0xEF,
  0x5C, 0xEF, 0x5C, 0xEF, 0x5C, 0xEF, 0x5C, 0xEF, 0x5C, 0xEF, 0x5C, 0xEF,
  0x5C, 0xEF, 0x5C, 0xEF, 0x5C, 0xEF, 0x5C, 0xEF, 0x5C, 0xEF, 0x5C, 0xEF,
  0x5C, 0xEF, 0x5C, 0xEF, 0x5C, 0xEF, 0x5C, 0xEF, 0x5C, 0xEF, 0x5C, 0xEF,
  0x5C, 0xEF, 0x5C, 0xEF, 0x5C, 0xEF, 0x5C, 0xEF, 0x5C, 0xEF, 0x5C, 0xEF,
  0x5C, 0xEF, 0x5C, 0xEF, 0x5C, 0xEF, 0x5C, 0xEF, 0x5C, 0xEF, 0x5C, 0xEF,
  0x5C, 0xEF, 0x5C, 0xEF, 0x5C, 0xEF, 0x5C, 0xEF, 0x5C, 0xEF, 0x5C, 0xEF,
  0x5C, 0xEF, 0x5C, 0xEF, 0x5C, 0xEF, 0x5C, 0xEF, 0x5C, 0xEF, 0x5C, 0xEF,
  0x5C, 0xEF, 0x5C, 0xEF, 0x5C, 0xEF, 0x5C, 0xEF, 0x5C, 0xEF, 0x5C, 0xEF,
  0x5C, 0xEF, 0x5C, 0xEF, 0xA4, 0x10, 0xA4, 0x10, 0xA4, 0x10, 0xA4, 0x10,
  0xA4, 0x10, 0xA4, 0x10, 0xA4, 0x10, 0xA4, 0x10, 0xA4, 0x10, 0xA4, 0x10,
  0xA4, 0x10, 0xA4, 0x10, 0xA4, 0x10, 0xA4, 0x10, 0xA4, 0x10, 0xA4, 0x10,
  0xA4, 0x10, 0xA4, 0x10, 0xA4, 0x10, 0xA4, 0x10, 0xA4, 0x10, 0xA4, 0x10,
  0xA4, 0x10, 0xA4, 0x10, 0xA4, 0x10, 0xA4, 0x10, 0xA4, 0x10, 0xA4, 0x10,
  0xA4, 0x10, 0xA4, 0x10, 0xA4, 0x10, 0xA4, 0x10, 0xA4, 0x10, 0xA4, 0x10,
  0xA4, 0x10, 0xA4, 0x10, 0xA4, 0x10, 0xA4, 0x10, 0xA4, 0x10, 0xA4, 0x10,
  0xA4, 0x10, 0xA4, 0x10, 0xA4, 0x10, 0xA4, 0x10, 0xA4, 0x10, 0xA4, 0x10,
  0xA4, 0x10, 0xA4, 0x10, 0xA4, 0x10, 0xA4, 0x10, 0xA4, 0x10, 0xA4, 0x10,
  0xA4, 0x10, 0xA4, 0x10, 0xA4, 0x10, 0xA4, 0x10, 0xA4, 0x10, 0xA4, 0x10,
  0xA4, 0x10, 0xA4, 0x10, 0xA4, 0x10, 0xA4, 0x10, 0xA4, 0x10, 0xA4, 0x10,
  0xA4, 0x10, 0xA4, 0x10, 0xA4, 0x10, 0xA4, 0x10, 0xA4, 0x10, 0xA4, 0x10,
  0xA4, 0x10, 0xA4, 0x10, 0xA4, 0x10, 0x5C, 0xEF, 0x5C, 0xEF, 0x5C, 0xEF,
  0x5C, 0xEF, 0x5C, 0xEF, 0x5C, 0xEF, 0x5C, 0xEF, 0x5C, 0xEF, 0x5C, 0xEF,
  0x5C, 0xEF, 0x5C, 0xEF, 0x5C, 0xEF, 0x5C, 0xEF, 0x5C, 0xEF, 0x5C, 0xEF,
  0x5C, 0xEF, 0x5C, 0xEF, 0x5C, 0xEF, 0x5C, 0xEF, 0x5C, 0xEF, 0x5C, 0xEF,
  0x5C, 0xEF, 0x5C, 0xEF, 0x5C, 0xEF, 0x5C, 0xEF, 0x5C, 0xEF, 0x5C, 0xEF,
  0x5C, 0xEF, 0x5C, 0xEF, 0x5C, 0xEF, 0x5C, 0xEF, 0x5C, 0xEF, 0x5C, 0xEF,
  0x5C, 0xEF, 0x5C, 0xEF, 0x5C, 0xEF, 0x5C, 0xEF, 0x5C, 0xEF, 0x5C, 0xEF,
  0x5C, 0xEF, 0x5C, 0xEF, 0x5C, 0xEF, 0x5C, 0xEF, 0x5C, 0xEF, 0x5C, 0xEF,
  0x5C, 0xEF, 0x5C, 0xEF, 0x5C, 0xEF, 0x5C, 0xEF, 0x5C, 0xEF, 0x5C, 0xEF,
  0x5C, 0xEF, 0x5C, 0xEF, 0x5C, 0xEF, 0x5C, 0xEF, 0x5C, 0xEF, 0x5C, 0xEF,
  0x5C, 0xEF, 0x5C, 0xEF, 0x5C, 0xEF, 0x5C, 0xEF, 0x5C, 0xEF, 0x5C, 0xEF,
  0x5C, 0xEF, 0x5C, 0xEF, 0x5C, 0xEF, 0x5C, 0xEF, 0x5C, 0xEF, 0x5C, 0xEF,
  0x5C, 0xEF, 0x5C, 0xEF, 0x5C, 0xEF, 0x5C, 0xEF, 0x5C, 0xEF, 0xA4, 0x10,
  0xA4, 0x10, 0xA4, 0x10, 0xA4, 0x10, 0xA4, 0x10, 0xA4, 0x10, 0xA4, 0x10,
  0xA4, 0x10, 0xA4, 0x10, 0xA4, 0x10, 0xA4, 0x10, 0xA4, 0x10, 0xA4, 0x10,
  0xA4, 0x10, 0xA4, 0x10, 0xA4, 0x10, 0xA4, 0x10, 0xA4, 0x10, 0xA4, 0x10,
  0xA4, 0x10, 0xA4, 0x10, 0xA4, 0x10, 0xA4, 0x10, 0xA4, 0x10, 0xA4, 0x10,
  0xA4, 0x10, 0xA4, 0x10, 0xA4, 0x10, 0xA4, 0x10, 0xA4, 0x10, 0xA4, 0x10,
  0xA4, 0x10, 0xA4, 0x10, 0xA4, 0x10, 0xA4, 0x10, 0xA4, 0x10, 0xA4, 0x10,
  0xA4, 0x10, 0xA4, 0x10, 0xA4, 0x10, 0xA4, 0x10, 0xA4, 0x10, 0xA4, 0x10,
  0xA4, 0x10, 0xA4, 0x10, 0xA4, 0x10, 0xA4, 0x10, 0xA4, 0x10, 0xA4, 0x10,
  0xA4, 0x10, 0xA4, 0x10, 0xA4, 0x10, 0xA4, 0x10, 0xA4, 0x10, 0xA4, 0x10,
  0xA4, 0x10, 0xA4, 0x10, 0xA4, 0x10, 0xA4, 0x10, 0xA4, 0x10, 0xA4, 0x10,
  0xA4, 0x10, 0xA4, 0x10, 0xA4, 0x10, 0xA4, 0x10, 0xA4, 0x10, 0xA4, 0x10,
  0xA4, 0x10, 0xA4, 0x10, 0xA4, 0x10, 0xA4, 0x10, 0xA4, 0x10, 0xA4, 0x10,
  0x5C, 0xEF, 0x5C, 0xEF, 0x5C, 0xEF, 0x5C, 0xEF, 0x5C, 0xEF, 0x5C, 0xEF,
  0x5C, 0xEF, 0x5C, 0xEF, 0x5C, 0xEF, 0x5C, 0xEF, 0x5C, 0xEF, 0x5C, 0xEF,
  0x5C, 0xEF, 0x5C, 0xEF, 0x5C, 0xEF, 0x5C, 0xEF, 0x5C, 0xEF, 0x5C, 0xEF,
  0x5C, 0xEF, 0x5C, 0xEF, 0x5C, 0xEF, 0x5C, 0xEF, 0x5C, 0xEF, 0x5C, 0xEF,
  0x5C, 0xEF, 0x5C, 0xEF, 0x5C, 0xEF, 0x5C, 0xEF, 0x5C, 0xEF, 0x5C, 0xEF,
  0x5C, 0xEF, 0x5C, 0xEF, 0x5C, 0xEF, 0x5C, 0xEF, 0x5C, 0xEF, 0x5C, 0xEF,
  0x5C, 0xEF, 0x5C, 0xEF, 0x5C, 0xEF, 0x5C, 0xEF, 0x5C, 0xEF, 0x5C, 0xEF,
  0x5C, 0xEF, 0x5C, 0xEF, 0x5C, 0xEF, 0x5C, 0xEF, 0x5C, 0xEF, 0x5C, 0xEF,
  0x5C, 0xEF, 0x5C, 0xEF, 0x5C, 0xEF, 0x5C, 0xEF, 0x5C, 0xEF, 0x5C, 0xEF,
  0x5C, 0xEF, 0x5C, 0xEF, 0x5C, 0xEF, 0x5C, 0xEF, 0x5C, 0xEF, 0x5C, 0xEF,
  0x5C, 0xEF, 0x5C, 0xEF, 0x5C, 0xEF, 0x5C, 0xEF, 0x5C, 0xEF, 0x5C, 0xEF,
  0x5C, 0xEF, 0x5C, 0xEF, 0x5C, 0xEF, 0x5C, 0xEF, 0x5C, 0xEF, 0x5C, 0xEF,
  0x5C, 0xEF, 0x5C, 0xEF, 0xA4, 0x10, 0xA4, 0x10, 0xA4, 0x10, 0xA4, 0x10,
  0xA4, 0x10, 0xA4, 0x10, 0xA4, 0x10, 0xA4, 0x10, 0xA4, 0x10, 0xA4, 0x10,
  0xA4, 0x10, 0xA4, 0x10, 0xA4, 0x10, 0xA4, 0x10, 0xA4, 0x10, 0xA4, 0x10,
  0xA4, 0x10, 0xA4, 0x10, 0xA4, 0x10, 0xA4, 0x10, 0xA4, 0x10, 0xA4, 0x10,
  0xA4, 0x10, 0xA4, 0x10, 0xA4, 0x10, 0xA4, 0x10, 0xA4, 0x10, 0xA4, 0x10,
  0xA4, 0x10, 0xA4, 0x10, 0xA4, 0x10, 0xA4, 0x10, 0xA4, 0x10, 0xA4, 0x10,
  0xA4, 0x10, 0xA4, 0x10, 0xA4, 0x10, 0xA4, 0x10, 0xA4, 0x10, 0xA4, 0x10,
  0xA4, 0x10, 0xA4, 0x10, 0xA4, 0x10, 0xA4, 0x10, 0xA4, 0x10, 0xA4, 0x10,
  0xA4, 0x10, 0xA4, 0x10, 0xA4, 0x10, 0xA4, 0x10, 0xA4, 0x10, 0xA4, 0x10,
  0xA4, 0x10, 0xA4, 0x10, 0xA4, 0x10, 0xA4, 0x10, 0xA4, 0x10, 0xA4, 0x10,
  0xA4, 0x10, 0xA4, 0x10, 0xA4, 0x10, 0xA4, 0x10, 0xA4, 0x10, 0xA4, 0x10,
  0xA4, 0x10, 0xA4, 0x10, 0xA4, 0x10, 0xA4, 0x10, 0xA4, 0x10, 0xA4, 0x10,
  0xA4, 0x10, 0xA4, 0x10, 0xA4, 0x10, 0x5C, 0xEF, 0x5C, 0xEF, 0x5C, 0xEF,
  0x5C, 0xEF, 0x5C, 0xEF, 0x5C, 0xEF, 0x5C, 0xEF, 0x5C, 0xEF, 0x5C, 0xEF,
  0x5C, 0xEF, 0x5C, 0xEF, 0x5C, 0xEF, 0x5C, 0xEF, 0x5C, 0xEF, 0x5C, 0xEF,
  0x5C, 0xEF, 0x5C, 0xEF, 0x5C, 0xEF, 0x5C, 0xEF, 0x5C, 0xEF, 0x5C, 0xEF,
  0x5C, 0xEF, 0x5C, 0xEF, 0x5C, 0xEF, 0x5C, 0xEF, 0x5C, 0xEF, 0x5C, 0xEF,
  0x5C, 0xEF, 0x5C, 0xEF, 0x5C, 0xEF, 0x5C, 0xEF, 0x5C, 0xEF, 0x5C, 0xEF,
  0x5C, 0xEF, 0x5C, 0xEF, 0x5C, 0xEF, 0x5C, 0xEF, 0x5C, 0xEF, 0x5C, 0xEF,
  0x5C, 0xEF, 0x5C, 0xEF, 0x5C, 0xEF, 0x5C, 0xEF, 0x5C, 0xEF, 0x5C, 0xEF,
  0x5C, 0xEF, 0x5C, 0xEF, 0x5C, 0xEF, 0x5C, 0xEF, 0x5C, 0xEF, 0x5C, 0xEF,
  0x5C, 0xEF, 0x5C, 0xEF, 0x5C, 0xEF, 0x5C, 0xEF, 0x5C, 0xEF, 0x5C, 0xEF,
  0x5C, 0xEF, 0x5C, 0xEF, 0x5C, 0xEF, 0x5C, 0xEF, 0x5C, 0xEF, 0x5C, 0xEF,
  0x5C, 0xEF, 0x5C, 0xEF, 0x5C, 0xEF, 0x5C, 0xEF, 0x5C, 0xEF, 0x5C, 0xEF,
  0x5C, 0xEF, 0x5C, 0xEF, 0x5C, 0xEF, 0x5C, 0xEF, 0x5C, 0xEF, 0xA4, 0x10,
  0xA4, 0x10, 0xA4, 0x10, 0xA4, 0x10, 0xA4, 0x10, 0xA4, 0x10, 0xA4, 0x10,
  0xA4, 0x10, 0xA4, 0x10, 0xA4, 0x10, 0xA4, 0x10, 0xA4, 0x10, 0xA4, 0x10,
  0xA4, 0x10, 0xA4, 0x10, 0xA4, 0x10, 0xA4, 0x10, 0xA4, 0x10, 0xA4, 0x10,
  0xA4, 0x10, 0xA4, 0x10, 0xA4, 0x10, 0xA4, 0x10, 0xA4, 0x10, 0xA4, 0x10,
  0xA4, 0x10, 0xA4, 0x10, 0xA4, 0x10, 0xA4, 0x10, 0xA4, 0x10, 0xA4, 0x10,
  0xA4, 0x10, 0xA4, 0x10, 0xA4, 0x10, 0xA4, 0x10, 0xA4, 0x10, 0xA4, 0x10,
  0xA4, 0x10, 0xA4, 0x10, 0xA4, 0x10, 0xA4, 0x10, 0xA4, 0x10, 0xA4, 0x10,
  0xA4, 0x10, 0xA4, 0x10, 0xA4, 0x10, 0xA4, 0x10, 0xA4, 0x10, 0xA4, 0x10,
  0xA4, 0x10, 0xA4, 0x10, 0xA4, 0x10, 0xA4, 0x10, 0xA4, 0x10, 0xA4, 0x10,
  0xA4, 0x10, 0xA4, 0x10, 0xA4, 0x10, 0xA4, 0x10, 0xA4, 0x10, 0xA4, 0x10,
  0xA4, 0x10, 0xA4, 0x10, 0xA4, 0x10, 0xA4, 0x10, 0xA4, 0x10, 0xA4, 0x10,
  0xA4, 0x10, 0xA4, 0x10, 0xA4, 0x10, 0xA4, 0x10, 0xA4, 0x10, 0xA4, 0x10,
  0x5C, 0xEF, 0x5C, 0xEF, 0x5C, 0xEF, 0x5C, 0xEF, 0x5C, 0xEF, 0x5C, 0xEF,
  0x5C, 0xEF, 0x5C, 0xEF, 0x5C, 0xEF, 0x5C, 0xEF, 0x5C, 0xEF, 0x5C, 0xEF,
  0x5C, 0xEF, 0x5C, 0xEF, 0x5C, 0xEF, 0x5C, 0xEF, 0x5C, 0xEF, 0x5C, 0xEF,
  0x5C, 0xEF, 0x5C, 0xEF, 0x5C, 0xEF, 0x5C, 0xEF, 0x5C, 0xEF, 0x5C, 0xEF,
  0x5C, 0xEF, 0x5C, 0xEF, 0x5C, 0xEF, 0x5C, 0xEF, 0x5C, 0xEF, 0x5C, 0xEF,
  0x5C, 0xEF, 0x5C, 0xEF, 0x5C, 0xEF, 0x5C, 0xEF, 0x5C, 0xEF, 0x5C, 0xEF,
  0x5C, 0xEF, 0x5C, 0xEF, 0x5C, 0xEF, 0x5C, 0xEF, 0x5C, 0xEF, 0x5C, 0xEF,
  0x5C, 0xEF, 0x5C, 0xEF, 0x5C, 0xEF, 0x5C, 0xEF, 0x5C, 0xEF, 0x5C, 0xEF,
  0x5C, 0xEF, 0x5C, 0xEF, 0x5C, 0xEF, 0x5C, 0xEF, 0x5C, 0xEF, 0x5C, 0xEF,
  0x5C, 0xEF, 0x5C, 0xEF, 0x5C, 0xEF, 0x5C, 0xEF, 0x5C, 0xEF, 0x5C, 0xEF,
  0x5C, 0xEF, 0x5C, 0xEF, 0x5C, 0xEF, 0x5C, 0xEF, 0x5C, 0xEF, 0x5C, 0xEF,
  0x5C, 0xEF, 0x5C, 0xEF, 0x5C, 0xEF, 0x5C, 0xEF, 0x5C, 0xEF, 0x5C, 0xEF,
  0x5C, 0xEF, 0x5C, 0xEF, 0xA4, 0x10, 0xA4, 0x10, 0xA4, 0x10, 0xA4, 0x10,
  0xA4, 0x10, 0xA4, 0x10, 0xA4, 0x10, 0xA4, 0x10, 0xA4, 0x10, 0xA4, 0x10,
  0xA4, 0x10, 0xA4, 0x10, 0xA4, 0x10, 0xA4, 0x10, 0xA4, 0x10, 0xA4, 0x10,
  0xA4, 0x10, 0xA4, 0x10, 0xA4, 0x10, 0xA4, 0x10, 0xA4, 0x10, 0xA4, 0x10,
  0xA4, 0x10, 0xA4, 0x10, 0xA4, 0x10, 0xA4, 0x10, 0xA4, 0x10, 0xA4, 0x10,
  0xA4, 0x10, 0xA4, 0x10, 0xA4, 0x10, 0xA4, 0x10, 0xA4, 0x10, 0xA4, 0x10,
  0xA4, 0x10, 0xA4, 0x10, 0xA4, 0x10, 0xA4, 0x10, 0xA4, 0x10, 0xA4, 0x10,
  0xA4, 0x10, 0xA4, 0x10, 0xA4, 0x10, 0xA4, 0x10, 0xA4, 0x10, 0xA4, 0x10,
  0xA4, 0x10, 0xA4, 0x10, 0xA4, 0x10, 0xA4, 0x10, 0xA4, 0x10, 0xA4, 0x10,
  0xA4, 0x10, 0xA4, 0x10, 0xA4, 0x10, 0xA4, 0x10, 0xA4, 0x10, 0xA4, 0x10,
  0xA4, 0x10, 0xA4, 0x10, 0xA4, 0x10, 0xA4, 0x10, 0xA4, 0x10, 0xA4, 0x10,
  0xA4, 0x10, 0xA4, 0x10, 0xA4, 0x10, 0xA4, 0x10, 0xA4, 0x10, 0xA4, 0x10,
  0xA4, 0x10, 0xA4, 0x10, 0xA4, 0x10, 0x5C, 0xEF, 0x5C, 0xEF, 0x5C, 0xEF,
  0x5C, 0xEF, 0x5C, 0xEF, 0x5C, 0xEF, 0x5C, 0xEF, 0x5C, 0xEF, 0x5C, 0xEF,
  0x5C, 0xEF, 0x5C, 0xEF, 0x5C, 0xEF, 0x5C, 0xEF, 0x5C, 0xEF, 0x5C, 0xEF,
  0x5C, 0xEF, 0x5C, 0xEF, 0x5C, 0xEF, 0x5C, 0xEF, 0x5C, 0xEF, 0x5C, 0xEF,
  0x5C, 0xEF, 0x5C, 0xEF, 0x5C, 0xEF, 0x5C, 0xEF, 0x5C, 0xEF, 0x5C, 0xEF,
  0x5C, 0xEF, 0x5C, 0xEF, 0x5C, 0xEF, 0x5C, 0xEF, 0x5C, 0xEF, 0x5C, 0xEF,
  0x5C, 0xEF, 0x5C, 0xEF, 0x5C, 0xEF, 0x5C, 0xEF, 0x5C, 0xEF, 0x5C, 0xEF,
  0x5C, 0xEF, 0x5C, 0xEF, 0x5C, 0xEF, 0x5C, 0xEF, 0x5C, 0xEF, 0x5C, 0xEF,
  0x5C, 0xEF, 0x5C, 0xEF, 0x5C, 0xEF, 0x5C, 0xEF, 0x5C, 0xEF, 0x5C, 0xEF,
  0x5C, 0xEF, 0x5C, 0xEF, 0x5C, 0xEF, 0x5C, 0xEF, 0x5C, 0xEF, 0x5C, 0xEF,
  0x5C, 0xEF, 0x5C, 0xEF, 0x5C, 0xEF, 0x5C, 0xEF, 0x5C, 0xEF, 0x5C, 0xEF,
  0x5C, 0xEF, 0x5C, 0xEF, 0x5C, 0xEF, 0x5C, 0xEF, 0x5C, 0xEF, 0x5C, 0xEF,
  0x5C, 0xEF, 0x5C, 0xEF, 0x5C, 0xEF, 0x5C, 0xEF, 0x5C, 0xEF, 0xA4, 0x10,
  0xA4, 0x10, 0xA4, 0x10, 0xA4, 0x10, 0xA4, 0x10, 0xA4, 0x10, 0xA4, 0x10,
  0xA4, 0x10, 0xA4, 0x10, 0xA4, 0x10, 0xA4, 0x10, 0xA4, 0x10, 0xA4, 0x10,
  0xA4, 0x10, 0xA4, 0x10, 0xA4, 0x10, 0xA4, 0x10, 0xA4, 0x10, 0xA4, 0x10,
  0xA4, 0x10, 0xA4, 0x10, 0xA4, 0x10, 0xA4, 0x10, 0xA4, 0x10, 0xA4, 0x10,
  0xA4, 0x10, 0xA4, 0x10, 0xA4, 0x10, 0xA4, 0x10, 0xA4, 0x10, 0xA4, 0x10,
  0xA4, 0x10, 0xA4, 0x10, 0xA4, 0x10, 0xA4, 0x10, 0xA4, 0x10, 0xA4, 0x10,
  0xA4, 0x10, 0xA4, 0x10, 0xA4, 0x10, 0xA4, 0x10, 0xA4, 0x10, 0xA4, 0x10,
  0xA4, 0x10, 0xA4, 0x10, 0xA4, 0x10, 0xA4, 0x10, 0xA4, 0x10, 0xA4, 0x10,
  0xA4, 0x10, 0xA4, 0x10, 0xA4, 0x10, 0xA4, 0x10, 0xA4, 0x10, 0xA4, 0x10,
  0xA4, 0x10, 0xA4, 0x10, 0xA4, 0x10, 0xA4, 0x10, 0xA4, 0x10, 0xA4, 0x10,
  0xA4, 0x10, 0xA4, 0x10, 0xA4, 0x10, 0xA4, 0x10, 0xA4, 0x10, 0xA4, 0x10,
  0xA4, 0x10, 0xA4, 0x10, 0xA4, 0x10, 0xA4, 0x10, 0xA4, 0x10, 0xA4, 0x10,
  0x5C, 0xEF, 0x5C, 0xEF, 0x5C, 0xEF, 0x5C, 0xEF, 0x5C, 0xEF, 0x5C, 0xEF,
  0x5C, 0xEF, 0x5C, 0xEF, 0x5C, 0xEF, 0x5C, 0xEF, 0x5C, 0xEF, 0x5C, 0xEF,
  0x5C, 0xEF, 0x5C, 0xEF, 0x5C, 0xEF, 0x5C, 0xEF, 0x5C, 0xEF, 0x5C, 0xEF,
  0x5C, 0xEF, 0x5C, 0xEF, 0x5C, 0xEF, 0x5C, 0xEF, 0x5C, 0xEF, 0x5C, 0xEF,
  0x5C, 0xEF, 0x5C, 0xEF, 0x5C, 0xEF, 0x5C, 0xEF, 0x5C, 0xEF, 0x5C, 0xEF,
  0x5C, 0xEF, 0x5C, 0xEF, 0x5C, 0xEF, 0x5C, 0xEF, 0x5C, 0xEF, 0x5C, 0xEF,
  0x5C, 0xEF, 0x5C, 0xEF, 0x5C, 0xEF, 0x5C, 0xEF, 0x5C, 0xEF, 0x5C, 0xEF,
  0x5C, 0xEF, 0x5C, 0xEF, 0x5C, 0xEF, 0x5C, 0xEF, 0x5C, 0xEF, 0x5C, 0xEF,
  0x5C, 0xEF, 0x5C, 0xEF, 0x5C, 0xEF, 0x5C, 0xEF, 0x5C, 0xEF, 0x5C, 0xEF,
  0x5C, 0xEF, 0x5C, 0xEF, 0x5C, 0xEF, 0x5C, 0xEF, 0x5C, 0xEF, 0x5C, 0xEF,
  0x5C, 0xEF, 0x5C, 0xEF, 0x5C, 0xEF, 0x5C, 0xEF, 0x5C, 0xEF, 0x5C, 0xEF,
  0x5C, 0xEF, 0x5C, 0xEF, 0x5C, 0xEF, 0x5C, 0xEF, 0x5C, 0xEF, 0x5C, 0xEF,
  0x5C, 0xEF, 0xA4, 0x10, 0xA4, 0x10, 0xA4, 0x10, 0xA4, 0x10, 0xA4, 0x10,
  0xA4, 0x10, 0xA4, 0x10, 0xA4, 0x10, 0xA4, 0x10, 0xA4, 0x10, 0xA4, 0x10,
  0xA4, 0x10, 0xA4, 0x10, 0xA4, 0x10, 0xA4, 0x10, 0xA4, 0x10, 0xA4, 0x10,
  0xA4, 0x10, 0xA4, 0x10, 0xA4, 0x10, 0xA4, 0x10, 0xA4, 0x10, 0xA4, 0x10,
  0xA4, 0x10, 0xA4, 0x10, 0xA4, 0x10, 0xA4, 0x10, 0xA4, 0x10, 0xA4, 0x10,
  0xA4, 0x10, 0xA4, 0x10, 0xA4, 0x10, 0xA4, 0x10, 0xA4, 0x10, 0xA4, 0x10,
  0xA4, 0x10, 0xA4, 0x10, 0xA4, 0x10, 0xA4, 0x10, 0xA4, 0x10, 0xA4, 0x10,
  0xA4, 0x10, 0xA4, 0x10, 0xA4, 0x10, 0xA4, 0x10, 0xA4, 0x10, 0xA4, 0x10,
  0xA4, 0x10, 0xA4, 0x10, 0xA4, 0x10, 0xA4, 0x10, 0xA4, 0x10, 0xA4, 0x10,
  0xA4, 0x10, 0xA4, 0x10, 0xA4, 0x10, 0xA4, 0x10, 0xA4, 0x10, 0xA4, 0x10,
  0xA4, 0x10, 0xA4, 0x10, 0xA4, 0x10, 0xA4, 0x10, 0xA4, 0x10, 0xA4, 0x10,
  0xA4, 0x10, 0xA4, 0x10, 0xA4, 0x10, 0xA4, 0x10, 0xA4, 0x10, 0xA4, 0x10,
  0xA4, 0x10, 0xA4, 0x10, 0xA4, 0x10, 0x5C, 0xEF, 0x5C, 0xEF, 0x5C, 0xEF,
  0x5C, 0xEF, 0x5C, 0xEF, 0x5C, 0xEF, 0x5C, 0xEF, 0x5C, 0xEF, 0x5C, 0xEF,
  0x5C, 0xEF, 0x5C, 0xEF, 0x5C, 0xEF, 0x5C, 0xEF, 0x5C, 0xEF, 0x5C, 0xEF,
  0x5C, 0xEF, 0x5C, 0xEF, 0x5C, 0xEF, 0x5C, 0xEF, 0x5C, 0xEF, 0x5C, 0xEF,
  0x5C, 0xEF, 0x5C, 0xEF, 0x5C, 0xEF, 0x5C, 0xEF, 0x5C, 0xEF, 0x5C, 0xEF,
  0x5C, 0xEF, 0x5C, 0xEF, 0x5C, 0xEF, 0x5C, 0xEF, 0x5C, 0xEF, 0x5C, 0xEF,
  0x5C, 0xEF, 0x5C, 0xEF, 0x5C, 0xEF, 0x5C, 0xEF, 0x5C, 0xEF, 0x5C, 0xEF,
  0x5C, 0xEF, 0x5C, 0xEF, 0x5C, 0xEF, 0x5C, 0xEF, 0x5C, 0xEF, 0x5C, 0xEF,
  0x5C, 0xEF, 0x5C, 0xEF, 0x5C, 0xEF, 0x5C, 0xEF, 0x5C, 0xEF, 0x5C, 0xEF,
  0x5C, 0xEF, 0x5C, 0xEF, 0x5C, 0xEF, 0x5C, 0xEF, 0x5C, 0xEF, 0x5C, 0xEF,
  0x5C, 0xEF, 0x5C, 0xEF, 0x5C, 0xEF, 0x5C, 0xEF, 0x5C, 0xEF, 0x5C, 0xEF,
  0x5C, 0xEF, 0x5C, 0xEF, 0x5C, 0xEF, 0x5C, 0xEF, 0x5C, 0xEF, 0x5C, 0xEF,
  0x5C, 0xEF, 0x5C, 0xEF, 0x5C, 0xEF, 0x5C, 0xEF, 0xA4, 0x10, 0xA4, 0x10,
  0xA4, 0x10, 0xA4, 0x10, 0xA4, 0x10, 0xA4, 0x10, 0xA4, 0x10, 0xA4, 0x10,
  0xA4, 0x10, 0xA4, 0x10, 0xA4, 0x10, 0xA4, 0x10, 0xA4, 0x10, 0xA4, 0x10,
  0xA4, 0x10, 0xA4, 0x10, 0xA4, 0x10, 0xA4, 0x10, 0xA4, 0x10, 0xA4, 0x10,
  0xA4, 0x10, 0xA4, 0x10, 0xA4, 0x10, 0xA4, 0x10, 0xA4, 0x10, 0xA4, 0x10,
  0xA4, 0x10, 0xA4, 0x10, 0xA4, 0x10, 0xA4, 0x10, 0xA4, 0x10, 0xA2, 0x10,
  0x9F, 0x10, 0x9D, 0x10, 0x9A, 0x10, 0x97, 0x10, 0x95, 0x10, 0x92, 0x10,
  0x8F, 0x10, 0x8D, 0x10, 0x8A, 0x10, 0x87, 0x10, 0x85, 0x10, 0x82, 0x10,
  0x7F, 0x10, 0x7D, 0x10, 0x7A, 0x10, 0x77, 0x10, 0x74, 0x10, 0x72, 0x10,
  0x6F, 0x10, 0x6C, 0x10, 0x6A, 0x10, 0x67, 0x10, 0x64, 0x10, 0x62, 0x10,
  0x5F, 0x10, 0x5C, 0x10, 0x5A, 0x10, 0x57, 0x10, 0x54, 0x10, 0x52, 0x10,
  0x4F, 0x10, 0x4C, 0x10, 0x4A, 0x10, 0x47, 0x10, 0x44, 0x10, 0x42, 0x10,
  0x3F, 0x10, 0x3C, 0x10, 0x39, 0x10, 0x37, 0x10, 0x34, 0x10, 0x31, 0x10,
  0xD1, 0xEF, 0xD4, 0xEF, 0xD7, 0xEF, 0xD9, 0xEF, 0xDC, 0xEF, 0xDF, 0xEF,
  0xE1, 0xEF, 0xE4, 0xEF, 0xE7, 0xEF, 0xE9, 0xEF, 0xEC, 0xEF, 0xEF, 0xEF,
  0xF1, 0xEF, 0xF4, 0xEF, 0xF7, 0xEF, 0xFA, 0xEF, 0xFC, 0xEF, 0xFF, 0xEF,
  0x02, 0xF0, 0x04, 0xF0, 0x07, 0xF0, 0x0A, 0xF0, 0x0C, 0xF0, 0x0F, 0xF0,
  0x12, 0xF0, 0x14, 0xF0, 0x17, 0xF0, 0x1A, 0xF0, 0x1C, 0xF0, 0x1F, 0xF0,
  0x22, 0xF0, 0x24, 0xF0, 0x27, 0xF0, 0x2A, 0xF0, 0x2C, 0xF0, 0x2F, 0xF0,
  0x32, 0xF0, 0x35, 0xF0, 0x37, 0xF0, 0x3A, 0xF0, 0x3D, 0xF0, 0x3F, 0xF0,
  0x42, 0xF0, 0x45, 0xF0, 0x47, 0xF0, 0x4A, 0xF0, 0x4D, 0xF0, 0x4F, 0xF0,
  0x52, 0xF0, 0x55, 0xF0, 0x57, 0xF0, 0x5A, 0xF0, 0x5D, 0xF0, 0x5F, 0xF0,
  0x62, 0xF0, 0x65, 0xF0, 0x68, 0xF0, 0x6A, 0xF0, 0x6D, 0xF0, 0x70, 0xF0,
  0x72, 0xF0, 0x75, 0xF0, 0x78, 0xF0, 0x7A, 0xF0, 0x7D, 0xF0, 0x80, 0xF0,
  0x82, 0xF0, 0x85, 0xF0, 0x88, 0xF0, 0x8A, 0xF0, 0x8D, 0xF0, 0x90, 0xF0,
  0x92, 0xF0, 0x6B, 0x0F, 0x68, 0x0F, 0x65, 0x0F, 0x63, 0x0F, 0x60, 0x0F,
  0x5D, 0x0F, 0x5B, 0x0F, 0x58, 0x0F, 0x55, 0x0F, 0x53, 0x0F, 0x50, 0x0F,
  0x4D, 0x0F, 0x4B, 0x0F, 0x48, 0x0F, 0x45, 0x0F, 0x43, 0x0F, 0x40, 0x0F,
  0x3D, 0x0F, 0x3B, 0x0F, 0x38, 0x0F, 0x35, 0x0F, 0x33, 0x0F, 0x30, 0x0F,
  0x2D, 0x0F, 0x2A, 0x0F, 0x28, 0x0F, 0x25, 0x0F, 0x22, 0x0F, 0x20, 0x0F,
  0x1D, 0x0F, 0x1A, 0x0F, 0x18, 0x0F, 0x15, 0x0F, 0x12, 0x0F, 0x10, 0x0F,
  0x0D, 0x0F, 0x0A, 0x0F, 0x08, 0x0F, 0x05, 0x0F, 0x02, 0x0F, 0x00, 0x0F,
  0xFD, 0x0E, 0xFA, 0x0E, 0xF7, 0x0E, 0xF5, 0x0E, 0xF2, 0x0E, 0xEF, 0x0E,
  0xED, 0x0E, 0xEA, 0x0E, 0xE7, 0x0E, 0xE5, 0x0E, 0xE2, 0x0E, 0xDF, 0x0E,
  0xDD, 0x0E, 0xDA, 0x0E, 0xD7, 0x0E, 0xD5, 0x0E, 0xD2, 0x0E, 0xCF, 0x0E,
  0xCD, 0x0E, 0xCA, 0x0E, 0xC7, 0x0E, 0xC5, 0x0E, 0xC2, 0x0E, 0xBF, 0x0E,
  0xBC, 0x0E, 0xBA, 0x0E, 0xB7, 0x0E, 0xB4, 0x0E, 0xB2, 0x0E, 0xAF, 0x0E,
  0xAC, 0x0E, 0xAA, 0x0E, 0xA7, 0x0E, 0x5C, 0xF1, 0x5E, 0xF1, 0x61, 0xF1,
  0x64, 0xF1, 0x66, 0xF1, 0x69, 0xF1, 0x6C, 0xF1, 0x6E, 0xF1, 0x71, 0xF1,
  0x74, 0xF1, 0x77, 0xF1, 0x79, 0xF1, 0x7C, 0xF1, 0x7F, 0xF1, 0x81, 0xF1,
  0x84, 0xF1, 0x87, 0xF1, 0x89, 0xF1, 0x8C, 0xF1, 0x8F, 0xF1, 0x91, 0xF1,
  0x94, 0xF1, 0x97, 0xF1, 0x99, 0xF1, 0x9C, 0xF1, 0x9F, 0xF1, 0xA1, 0xF1,
  0xA4, 0xF1, 0xA7, 0xF1, 0xAA, 0xF1, 0xAC, 0xF1, 0xAF, 0xF1, 0xB2, 0xF1,
  0xB4, 0xF1, 0xB7, 0xF1, 0xBA, 0xF1, 0xBC, 0xF1, 0xBF, 0xF1, 0xC2, 0xF1,
  0xC4, 0xF1, 0xC7, 0xF1, 0xCA, 0xF1, 0xCC, 0xF1, 0xCF, 0xF1, 0xD2, 0xF1,
  0xD4, 0xF1, 0xD7, 0xF1, 0xDA, 0xF1, 0xDC, 0xF1, 0xDF, 0xF1, 0xE2, 0xF1,
  0xE5, 0xF1, 0xE7, 0xF1, 0xEA, 0xF1, 0xED, 0xF1, 0xEF, 0xF1, 0xF2, 0xF1,
  0xF5, 0xF1, 0xF7, 0xF1, 0xFA, 0xF1, 0xFD, 0xF1, 0xFF, 0xF1, 0x02, 0xF2,
  0x05, 0xF2, 0x07, 0xF2, 0x0A, 0xF2, 0x0D, 0xF2, 0x0F, 0xF2, 0x12, 0xF2,
  0x15, 0xF2, 0x18, 0xF2, 0x1A, 0xF2, 0x1D, 0xF2, 0xE0, 0x0D, 0xDE, 0x0D,
  0xDB, 0x0D, 0xD8, 0x0D, 0xD6, 0x0D, 0xD3, 0x0D, 0xD0, 0x0D, 0xCE, 0x0D,
  0xCB, 0x0D, 0xC8, 0x0D, 0xC6, 0x0D, 0xC3, 0x0D, 0xC0, 0x0D, 0xBE, 0x0D,
  0xBB, 0x0D, 0xB8, 0x0D, 0xB6, 0x0D, 0xB3, 0x0D, 0xB0, 0x0D, 0xAD, 0x0D,
  0xAB, 0x0D, 0xA8, 0x0D, 0xA5, 0x0D, 0xA3, 0x0D, 0xA0, 0x0D, 0x9D, 0x0D,
  0x9B, 0x0D, 0x98, 0x0D, 0x95, 0x0D, 0x93, 0x0D, 0x90, 0x0D, 0x8D, 0x0D,
  0x8B, 0x0D, 0x88, 0x0D, 0x85, 0x0D, 0x83, 0x0D, 0x80, 0x0D, 0x7D, 0x0D,
  0x7A, 0x0D, 0x78, 0x0D, 0x75, 0x0D, 0x72, 0x0D, 0x70, 0x0D, 0x6D, 0x0D,
  0x6A, 0x0D, 0x68, 0x0D, 0x65, 0x0D, 0x62, 0x0D, 0x60, 0x0D, 0x5D, 0x0D,
  0x5A, 0x0D, 0x58, 0x0D, 0x55, 0x0D, 0x52, 0x0D, 0x50, 0x0D, 0x4D, 0x0D,
  0x4A, 0x0D, 0x48, 0x0D, 0x45, 0x0D, 0x42, 0x0D, 0x3F, 0x0D, 0x3D, 0x0D,
  0x3A, 0x0D, 0x37, 0x0D, 0x35, 0x0D, 0x32, 0x0D, 0x2F, 0x0D, 0x2D, 0x0D,
  0x2A, 0x0D, 0x27, 0x0D, 0x25, 0x0D, 0x22, 0x0D, 0x1F, 0x0D, 0x1D, 0x0D,
  0xE6, 0xF2, 0xE9, 0xF2, 0xEB, 0xF2, 0xEE, 0xF2, 0xF1, 0xF2, 0xF4, 0xF2,
  0xF6, 0xF2, 0xF9, 0xF2, 0xFC, 0xF2, 0xFE, 0xF2, 0x01, 0xF3, 0x04, 0xF3,
  0x06, 0xF3, 0x09, 0xF3, 0x0C, 0xF3, 0x0E, 0xF3, 0x11, 0xF3, 0x14, 0xF3,
  0x16, 0xF3, 0x19, 0xF3, 0x1C, 0xF3, 0x1E, 0xF3, 0x21, 0xF3, 0x24, 0xF3,
  0x27, 0xF3, 0x29, 0xF3, 0x2C, 0xF3, 0x2F, 0xF3, 0x31, 0xF3, 0x34, 0xF3,
  0x37, 0xF3, 0x39, 0xF3, 0x3C, 0xF3, 0x3F, 0xF3, 0x41, 0xF3, 0x44, 0xF3,
  0x47, 0xF3, 0x49, 0xF3, 0x4C, 0xF3, 0x4F, 0xF3, 0x51, 0xF3, 0x54, 0xF3,
  0x57, 0xF3, 0x59, 0xF3, 0x5C, 0xF3, 0x5F, 0xF3, 0x62, 0xF3, 0x64, 0xF3,
  0x67, 0xF3, 0x6A, 0xF3, 0x6C, 0xF3, 0x6F, 0xF3, 0x72, 0xF3, 0x74, 0xF3,
  0x77, 0xF3, 0x7A, 0xF3, 0x7C, 0xF3, 0x7F, 0xF3, 0x82, 0xF3, 0x84, 0xF3,
  0x87, 0xF3, 0x8A, 0xF3, 0x8C, 0xF3, 0x8F, 0xF3, 0x92, 0xF3, 0x95, 0xF3,
  0x97, 0xF3, 0x9A, 0xF3, 0x9D, 0xF3, 0x9F, 0xF3, 0xA2, 0xF3, 0xA5, 0xF3,
  0xA7, 0xF3, 0x56, 0x0C, 0x53, 0x0C, 0x51, 0x0C, 0x4E, 0x0C, 0x4B, 0x0C,
  0x49, 0x0C, 0x46, 0x0C, 0x43, 0x0C, 0x41, 0x0C, 0x3E, 0x0C, 0x3B, 0x0C,
  0x39, 0x0C, 0x36, 0x0C, 0x33, 0x0C, 0x30, 0x0C, 0x2E, 0x0C, 0x2B, 0x0C,
  0x28, 0x0C, 0x26, 0x0C, 0x23, 0x0C, 0x20, 0x0C, 0x1E, 0x0C, 0x1B, 0x0C,
  0x18, 0x0C, 0x16, 0x0C, 0x13, 0x0C, 0x10, 0x0C, 0x0E, 0x0C, 0x0B, 0x0C,
  0x08, 0x0C, 0x06, 0x0C, 0x03, 0x0C, 0x00, 0x0C, 0xFD, 0x0B, 0xFB, 0x0B,
  0xF8, 0x0B, 0xF5, 0x0B, 0xF3, 0x0B, 0xF0, 0x0B, 0xED, 0x0B, 0xEB, 0x0B,
  0xE8, 0x0B, 0xE5, 0x0B, 0xE3, 0x0B, 0xE0, 0x0B, 0xDD, 0x0B, 0xDB, 0x0B,
  0xD8, 0x0B, 0xD5, 0x0B, 0xD3, 0x0B, 0xD0, 0x0B, 0xCD, 0x0B, 0xCB, 0x0B,
  0xC8, 0x0B, 0xC5, 0x0B, 0xC2, 0x0B, 0xC0, 0x0B, 0xBD, 0x0B, 0xBA, 0x0B,
  0xB8, 0x0B, 0xB5, 0x0B, 0xB2, 0x0B, 0xB0, 0x0B, 0xAD, 0x0B, 0xAA, 0x0B,
  0xA8, 0x0B, 0xA5, 0x0B, 0xA2, 0x0B, 0xA0, 0x0B, 0x9D, 0x0B, 0x9A, 0x0B,
  0x98, 0x0B, 0x95, 0x0B, 0x92, 0x0B, 0x71, 0xF4, 0x73, 0xF4, 0x76, 0xF4,
  0x79, 0xF4, 0x7B, 0xF4, 0x7E, 0xF4, 0x81, 0xF4, 0x83, 0xF4, 0x86, 0xF4,
  0x89, 0xF4, 0x8B, 0xF4, 0x8E, 0xF4, 0x91, 0xF4, 0x93, 0xF4, 0x96, 0xF4,
  0x99, 0xF4, 0x9B, 0xF4, 0x9E, 0xF4, 0xA1, 0xF4, 0xA4, 0xF4, 0xA6, 0xF4,
  0xA9, 0xF4, 0xAC, 0xF4, 0xAE, 0xF4, 0xB1, 0xF4, 0xB4, 0xF4, 0xB6, 0xF4,
  0xB9, 0xF4, 0xBC, 0xF4, 0xBE, 0xF4, 0xC1, 0xF4, 0xC4, 0xF4, 0xC6, 0xF4,
  0xC9, 0xF4, 0xCC, 0xF4, 0xCE, 0xF4, 0xD1, 0xF4, 0xD4, 0xF4, 0xD6, 0xF4,
  0xD9, 0xF4, 0xDC, 0xF4, 0xDF, 0xF4, 0xE1, 0xF4, 0xE4, 0xF4, 0xE7, 0xF4,
  0xE9, 0xF4, 0xEC, 0xF4, 0xEF, 0xF4, 0xF1, 0xF4, 0xF4, 0xF4, 0xF7, 0xF4,
  0xF9, 0xF4, 0xFC, 0xF4, 0xFF, 0xF4, 0x01, 0xF5, 0x04, 0xF5, 0x07, 0xF5,
  0x09, 0xF5, 0x0C, 0xF5, 0x0F, 0xF5, 0x12, 0xF5, 0x14, 0xF5, 0x17, 0xF5,
  0x1A, 0xF5, 0x1C, 0xF5, 0x1F, 0xF5, 0x22, 0xF5, 0x24, 0xF5, 0x27, 0xF5,
  0x2A, 0xF5, 0x2C, 0xF5, 0x2F, 0xF5, 0x32, 0xF5, 0xCC, 0x0A, 0xC9, 0x0A,
  0xC6, 0x0A, 0xC4, 0x0A, 0xC1, 0x0A, 0xBE, 0x0A, 0xBC, 0x0A, 0xB9, 0x0A,
  0xB6, 0x0A, 0xB3, 0x0A, 0xB1, 0x0A, 0xAE, 0x0A, 0xAB, 0x0A, 0xA9, 0x0A,
  0xA6, 0x0A, 0xA3, 0x0A, 0xA1, 0x0A, 0x9E, 0x0A, 0x9B, 0x0A, 0x99, 0x0A,
  0x96, 0x0A, 0x93, 0x0A, 0x91, 0x0A, 0x8E, 0x0A, 0x8B, 0x0A, 0x89, 0x0A,
  0x86, 0x0A, 0x83, 0x0A, 0x80, 0x0A, 0x7E, 0x0A, 0x7B, 0x0A, 0x78, 0x0A,
  0x76, 0x0A, 0x73, 0x0A, 0x70, 0x0A, 0x6E, 0x0A, 0x6B, 0x0A, 0x68, 0x0A,
  0x66, 0x0A, 0x63, 0x0A, 0x60, 0x0A, 0x5E, 0x0A, 0x5B, 0x0A, 0x58, 0x0A,
  0x56, 0x0A, 0x53, 0x0A, 0x50, 0x0A, 0x4E, 0x0A, 0x4B, 0x0A, 0x48, 0x0A,
  0x45, 0x0A, 0x43, 0x0A, 0x40, 0x0A, 0x3D, 0x0A, 0x3B, 0x0A, 0x38, 0x0A,
  0x35, 0x0A, 0x33, 0x0A, 0x30, 0x0A, 0x2D, 0x0A, 0x2B, 0x0A, 0x28, 0x0A,
  0x25, 0x0A, 0x23, 0x0A, 0x20, 0x0A, 0x1D, 0x0A, 0x1B, 0x0A, 0x18, 0x0A,
  0x15, 0x0A, 0x12, 0x0A, 0x10, 0x0A, 0x0D, 0x0A, 0x0A, 0x0A, 0x08, 0x0A,
  0xFB, 0xF5, 0xFE, 0xF5, 0x00, 0xF6, 0x03, 0xF6, 0x06, 0xF6, 0x08, 0xF6,
  0x0B, 0xF6, 0x0E, 0xF6, 0x10, 0xF6, 0x13, 0xF6, 0x16, 0xF6, 0x18, 0xF6,
  0x1B, 0xF6, 0x1E, 0xF6, 0x21, 0xF6, 0x23, 0xF6, 0x26, 0xF6, 0x29, 0xF6,
  0x2B, 0xF6, 0x2E, 0xF6, 0x31, 0xF6, 0x33, 0xF6, 0x36, 0xF6, 0x39, 0xF6,
  0x3B, 0xF6, 0x3E, 0xF6, 0x41, 0xF6, 0x43, 0xF6, 0x46, 0xF6, 0x49, 0xF6,
  0x4B, 0xF6, 0x4E, 0xF6, 0x51, 0xF6, 0x53, 0xF6, 0x56, 0xF6, 0x59, 0xF6,
  0x5C, 0xF6, 0x5E, 0xF6, 0x61, 0xF6, 0x64, 0xF6, 0x66, 0xF6, 0x69, 0xF6,
  0x6C, 0xF6, 0x6E, 0xF6, 0x71, 0xF6, 0x74, 0xF6, 0x76, 0xF6, 0x79, 0xF6,
  0x7C, 0xF6, 0x7E, 0xF6, 0x81, 0xF6, 0x84, 0xF6, 0x86, 0xF6, 0x89, 0xF6,
  0x8C, 0xF6, 0x8F, 0xF6, 0x91, 0xF6, 0x94, 0xF6, 0x97, 0xF6, 0x99, 0xF6,
  0x9C, 0xF6, 0x9F, 0xF6, 0xA1, 0xF6, 0xA4, 0xF6, 0xA7, 0xF6, 0xA9, 0xF6,
  0xAC, 0xF6, 0xAF, 0xF6, 0xB1, 0xF6, 0xB4, 0xF6, 0xB7, 0xF6, 0xB9, 0xF6,
  0xBC, 0xF6, 0x41, 0x09, 0x3F, 0x09, 0x3C, 0x09, 0x39, 0x09, 0x36, 0x09,
  0x34, 0x09, 0x31, 0x09, 0x2E, 0x09, 0x2C, 0x09, 0x29, 0x09, 0x26, 0x09,
  0x24, 0x09, 0x21, 0x09, 0x1E, 0x09, 0x1C, 0x09, 0x19, 0x09, 0x16, 0x09,
  0x14, 0x09, 0x11, 0x09, 0x0E, 0x09, 0x0C, 0x09, 0x09, 0x09, 0x06, 0x09,
  0x03, 0x09, 0x01, 0x09, 0xFE, 0x08, 0xFB, 0x08, 0xF9, 0x08, 0xF6, 0x08,
  0xF3, 0x08, 0xF1, 0x08, 0xEE, 0x08, 0xEB, 0x08, 0xE9, 0x08, 0xE6, 0x08,
  0xE3, 0x08, 0xE1, 0x08, 0xDE, 0x08, 0xDB, 0x08, 0xD9, 0x08, 0xD6, 0x08,
  0xD3, 0x08, 0xD0, 0x08, 0xCE, 0x08, 0xCB, 0x08, 0xC8, 0x08, 0xC6, 0x08,
  0xC3, 0x08, 0xC0, 0x08, 0xBE, 0x08, 0xBB, 0x08, 0xB8, 0x08, 0xB6, 0x08,
  0xB3, 0x08, 0xB0, 0x08, 0xAE, 0x08, 0xAB, 0x08, 0xA8, 0x08, 0xA6, 0x08,
  0xA3, 0x08, 0xA0, 0x08, 0x9E, 0x08, 0x9B, 0x08, 0x98, 0x08, 0x95, 0x08,
  0x93, 0x08, 0x90, 0x08, 0x8D, 0x08, 0x8B, 0x08, 0x88, 0x08, 0x85, 0x08,
  0x83, 0x08, 0x80, 0x08, 0x7D, 0x08, 0x85, 0xF7, 0x88, 0xF7, 0x8B, 0xF7,
  0x8D, 0xF7, 0x90, 0xF7, 0x93, 0xF7, 0x95, 0xF7, 0x98, 0xF7, 0x9B, 0xF7,
  0x9E, 0xF7, 0xA0, 0xF7, 0xA3, 0xF7, 0xA6, 0xF7, 0xA8, 0xF7, 0xAB, 0xF7,
  0xAE, 0xF7, 0xB0, 0xF7, 0xB3, 0xF7, 0xB6, 0xF7, 0xB8, 0xF7, 0xBB, 0xF7,
  0xBE, 0xF7, 0xC0, 0xF7, 0xC3, 0xF7, 0xC6, 0xF7, 0xC8, 0xF7, 0xCB, 0xF7,
  0xCE, 0xF7, 0xD0, 0xF7, 0xD3, 0xF7, 0xD6, 0xF7, 0xD9, 0xF7, 0xDB, 0xF7,
  0xDE, 0xF7, 0xE1, 0xF7, 0xE3, 0xF7, 0xE6, 0xF7, 0xE9, 0xF7, 0xEB, 0xF7,
  0xEE, 0xF7, 0xF1, 0xF7, 0xF3, 0xF7, 0xF6, 0xF7, 0xF9, 0xF7, 0xFB, 0xF7,
  0xFE, 0xF7, 0x01, 0xF8, 0x03, 0xF8, 0x06, 0xF8, 0x09, 0xF8, 0x0C, 0xF8,
  0x0E, 0xF8, 0x11, 0xF8, 0x14, 0xF8, 0x16, 0xF8, 0x19, 0xF8, 0x1C, 0xF8,
  0x1E, 0xF8, 0x21, 0xF8, 0x24, 0xF8, 0x26, 0xF8, 0x29, 0xF8, 0x2C, 0xF8,
  0x2E, 0xF8, 0x31, 0xF8, 0x34, 0xF8, 0x36, 0xF8, 0x39, 0xF8, 0x3C, 0xF8,
  0x3E, 0xF8, 0x41, 0xF8, 0x44, 0xF8, 0x47, 0xF8, 0xB7, 0x07, 0xB4, 0x07,
  0xB1, 0x07, 0xAF, 0x07, 0xAC, 0x07, 0xA9, 0x07, 0xA7, 0x07, 0xA4, 0x07,
  0xA1, 0x07, 0x9F, 0x07, 0x9C, 0x07, 0x99, 0x07, 0x97, 0x07, 0x94, 0x07,
  0x91, 0x07, 0x8F, 0x07, 0x8C, 0x07, 0x89, 0x07, 0x86, 0x07, 0x84, 0x07,
  0x81, 0x07, 0x7E, 0x07, 0x7C, 0x07, 0x79, 0x07, 0x76, 0x07, 0x74, 0x07,
  0x71, 0x07, 0x6E, 0x07, 0x6C, 0x07, 0x69, 0x07, 0x66, 0x07, 0x64, 0x07,
  0x61, 0x07, 0x5E, 0x07, 0x5C, 0x07, 0x59, 0x07, 0x56, 0x07, 0x53, 0x07,
  0x51, 0x07, 0x4E, 0x07, 0x4B, 0x07, 0x49, 0x07, 0x46, 0x07, 0x43, 0x07,
  0x41, 0x07, 0x3E, 0x07, 0x3B, 0x07, 0x39, 0x07, 0x36, 0x07, 0x33, 0x07,
  0x31, 0x07, 0x2E, 0x07, 0x2B, 0x07, 0x29, 0x07, 0x26, 0x07, 0x23, 0x07,
  0x21, 0x07, 0x1E, 0x07, 0x1B, 0x07, 0x18, 0x07, 0x16, 0x07, 0x13, 0x07,
  0x10, 0x07, 0x0E, 0x07, 0x0B, 0x07, 0x08, 0x07, 0x06, 0x07, 0x03, 0x07,
  0x00, 0x07, 0xFE, 0x06, 0xFB, 0x06, 0xF8, 0x06, 0xF6, 0x06, 0xF3, 0x06,
  0x10, 0xF9, 0x12, 0xF9, 0x15, 0xF9, 0x18, 0xF9, 0x1B, 0xF9, 0x1D, 0xF9,
  0x20, 0xF9, 0x23, 0xF9, 0x25, 0xF9, 0x28, 0xF9, 0x2B, 0xF9, 0x2D, 0xF9,
  0x30, 0xF9, 0x33, 0xF9, 0x35, 0xF9, 0x38, 0xF9, 0x3B, 0xF9, 0x3D, 0xF9,
  0x40, 0xF9, 0x43, 0xF9, 0x45, 0xF9, 0x48, 0xF9, 0x4B, 0xF9, 0x4D, 0xF9,
  0x50, 0xF9, 0x53, 0xF9, 0x56, 0xF9, 0x58, 0xF9, 0x5B, 0xF9, 0x5E, 0xF9,
  0x60, 0xF9, 0x63, 0xF9, 0x66, 0xF9, 0x68, 0xF9, 0x6B, 0xF9, 0x6E, 0xF9,
  0x70, 0xF9, 0x73, 0xF9, 0x76, 0xF9, 0x78, 0xF9, 0x7B, 0xF9, 0x7E, 0xF9,
  0x80, 0xF9, 0x83, 0xF9, 0x86, 0xF9, 0x89, 0xF9, 0x8B, 0xF9, 0x8E, 0xF9,
  0x91, 0xF9, 0x93, 0xF9, 0x96, 0xF9, 0x99, 0xF9, 0x9B, 0xF9, 0x9E, 0xF9,
  0xA1, 0xF9, 0xA3, 0xF9, 0xA6, 0xF9, 0xA9, 0xF9, 0xAB, 0xF9, 0xAE, 0xF9,
  0xB1, 0xF9, 0xB3, 0xF9, 0xB6, 0xF9, 0xB9, 0xF9, 0xBB, 0xF9, 0xBE, 0xF9,
  0xC1, 0xF9, 0xC4, 0xF9, 0xC6, 0xF9, 0xC9, 0xF9, 0xCC, 0xF9, 0xCE, 0xF9,
  0xD1, 0xF9, 0x2C, 0x06, 0x2A, 0x06, 0x27, 0x06, 0x24, 0x06, 0x22, 0x06,
  0x1F, 0x06, 0x1C, 0x06, 0x1A, 0x06, 0x17, 0x06, 0x14, 0x06, 0x12, 0x06,
  0x0F, 0x06, 0x0C, 0x06, 0x09, 0x06, 0x07, 0x06, 0x04, 0x06, 0x01, 0x06,
  0xFF, 0x05, 0xFC, 0x05, 0xF9, 0x05, 0xF7, 0x05, 0xF4, 0x05, 0xF1, 0x05,
  0xEF, 0x05, 0xEC, 0x05, 0xE9, 0x05, 0xE7, 0x05, 0xE4, 0x05, 0xE1, 0x05,
  0xDF, 0x05, 0xDC, 0x05, 0xD9, 0x05, 0xD6, 0x05, 0xD4, 0x05, 0xD1, 0x05,
  0xCE, 0x05, 0xCC, 0x05, 0xC9, 0x05, 0xC6, 0x05, 0xC4, 0x05, 0xC1, 0x05,
  0xBE, 0x05, 0xBC, 0x05, 0xB9, 0x05, 0xB6, 0x05, 0xB4, 0x05, 0xB1, 0x05,
  0xAE, 0x05, 0xAC, 0x05, 0xA9, 0x05, 0xA6, 0x05, 0xA4, 0x05, 0xA1, 0x05,
  0x9E, 0x05, 0x9B, 0x05, 0x99, 0x05, 0x96, 0x05, 0x93, 0x05, 0x91, 0x05,
  0x8E, 0x05, 0x8B, 0x05, 0x89, 0x05, 0x86, 0x05, 0x83, 0x05, 0x81, 0x05,
  0x7E, 0x05, 0x7B, 0x05, 0x79, 0x05, 0x76, 0x05, 0x73, 0x05, 0x71, 0x05,
  0x6E, 0x05, 0x6B, 0x05, 0x68, 0x05, 0x9A, 0xFA, 0x9D, 0xFA, 0xA0, 0xFA,
  0xA2, 0xFA, 0xA5, 0xFA, 0xA8, 0xFA, 0xAA, 0xFA, 0xAD, 0xFA, 0xB0, 0xFA,
  0xB2, 0xFA, 0xB5, 0xFA, 0xB8, 0xFA, 0xBA, 0xFA, 0xBD, 0xFA, 0xC0, 0xFA,
  0xC2, 0xFA, 0xC5, 0xFA, 0xC8, 0xFA, 0xCA, 0xFA, 0xCD, 0xFA, 0xD0, 0xFA,
  0xD3, 0xFA, 0xD5, 0xFA, 0xD8, 0xFA, 0xDB, 0xFA, 0xDD, 0xFA, 0xE0, 0xFA,
  0xE3, 0xFA, 0xE5, 0xFA, 0xE8, 0xFA, 0xEB, 0xFA, 0xED, 0xFA, 0xF0, 0xFA,
  0xF3, 0xFA, 0xF5, 0xFA, 0xF8, 0xFA, 0xFB, 0xFA, 0xFD, 0xFA, 0x00, 0xFB,
  0x03, 0xFB, 0x06, 0xFB, 0x08, 0xFB, 0x0B, 0xFB, 0x0E, 0xFB, 0x10, 0xFB,
  0x13, 0xFB, 0x16, 0xFB, 0x18, 0xFB, 0x1B, 0xFB, 0x1E, 0xFB, 0x20, 0xFB,
  0x23, 0xFB, 0x26, 0xFB, 0x28, 0xFB, 0x2B, 0xFB, 0x2E, 0xFB, 0x30, 0xFB,
  0x33, 0xFB, 0x36, 0xFB, 0x39, 0xFB, 0x3B, 0xFB, 0x3E, 0xFB, 0x41, 0xFB,
  0x43, 0xFB, 0x46, 0xFB, 0x49, 0xFB, 0x4B, 0xFB, 0x4E, 0xFB, 0x51, 0xFB,
  0x53, 0xFB, 0x56, 0xFB, 0x59, 0xFB, 0x5B, 0xFB, 0xA2, 0x04, 0x9F, 0x04,
  0x9D, 0x04, 0x9A, 0x04, 0x97, 0x04, 0x95, 0x04, 0x92, 0x04, 0x8F, 0x04,
  0x8C, 0x04, 0x8A, 0x04, 0x87, 0x04, 0x84, 0x04, 0x82, 0x04, 0x7F, 0x04,
  0x7C, 0x04, 0x7A, 0x04, 0x77, 0x04, 0x74, 0x04, 0x72, 0x04, 0x6F, 0x04,
  0x6C, 0x04, 0x6A, 0x04, 0x67, 0x04, 0x64, 0x04, 0x62, 0x04, 0x5F, 0x04,
  0x5C, 0x04, 0x59, 0x04, 0x57, 0x04, 0x54, 0x04, 0x51, 0x04, 0x4F, 0x04,
  0x4C, 0x04, 0x49, 0x04, 0x47, 0x04, 0x44, 0x04, 0x41, 0x04, 0x3F, 0x04,
  0x3C, 0x04, 0x39, 0x04, 0x37, 0x04, 0x34, 0x04, 0x31, 0x04, 0x2F, 0x04,
  0x2C, 0x04, 0x29, 0x04, 0x27, 0x04, 0x24, 0x04, 0x21, 0x04, 0x1E, 0x04,
  0x1C, 0x04, 0x19, 0x04, 0x16, 0x04, 0x14, 0x04, 0x11, 0x04, 0x0E, 0x04,
  0x0C, 0x04, 0x09, 0x04, 0x06, 0x04, 0x04, 0x04, 0x01, 0x04, 0xFE, 0x03,
  0xFC, 0x03, 0xF9, 0x03, 0xF6, 0x03, 0xF4, 0x03, 0xF1, 0x03, 0xEE, 0x03,
  0xEB, 0x03, 0xE9, 0x03, 0xE6, 0x03, 0xE3, 0x03, 0xE1, 0x03, 0xDE, 0x03,
  0x25, 0xFC, 0x27, 0xFC, 0x2A, 0xFC, 0x2D, 0xFC, 0x2F, 0xFC, 0x32, 0xFC,
  0x35, 0xFC, 0x37, 0xFC, 0x3A, 0xFC, 0x3D, 0xFC, 0x3F, 0xFC, 0x42, 0xFC,
  0x45, 0xFC, 0x47, 0xFC, 0x4A, 0xFC, 0x4D, 0xFC, 0x50, 0xFC, 0x52, 0xFC,
  0x55, 0xFC, 0x58, 0xFC, 0x5A, 0xFC, 0x5D, 0xFC, 0x60, 0xFC, 0x62, 0xFC,
  0x65, 0xFC, 0x68, 0xFC, 0x6A, 0xFC, 0x6D, 0xFC, 0x70, 0xFC, 0x72, 0xFC,
  0x75, 0xFC, 0x78, 0xFC, 0x7A, 0xFC, 0x7D, 0xFC, 0x80, 0xFC, 0x83, 0xFC,
  0x85, 0xFC, 0x88, 0xFC, 0x8B, 0xFC, 0x8D, 0xFC, 0x90, 0xFC, 0x93, 0xFC,
  0x95, 0xFC, 0x98, 0xFC, 0x9B, 0xFC, 0x9D, 0xFC, 0xA0, 0xFC, 0xA3, 0xFC,
  0xA5, 0xFC, 0xA8, 0xFC, 0xAB, 0xFC, 0xAD, 0xFC, 0xB0, 0xFC, 0xB3, 0xFC,
  0xB6, 0xFC, 0xB8, 0xFC, 0xBB, 0xFC, 0xBE, 0xFC, 0xC0, 0xFC, 0xC3, 0xFC,
  0xC6, 0xFC, 0xC8, 0xFC, 0xCB, 0xFC, 0xCE, 0xFC, 0xD0, 0xFC, 0xD3, 0xFC,
  0xD6, 0xFC, 0xD8, 0xFC, 0xDB, 0xFC, 0xDE, 0xFC, 0xE0, 0xFC, 0xE3, 0xFC,
  0xE6, 0xFC, 0x18, 0x03, 0x15, 0x03, 0x12, 0x03, 0x0F, 0x03, 0x0D, 0x03,
  0x0A, 0x03, 0x07, 0x03, 0x05, 0x03, 0x02, 0x03, 0xFF, 0x02, 0xFD, 0x02,
  0xFA, 0x02, 0xF7, 0x02, 0xF5, 0x02, 0xF2, 0x02, 0xEF, 0x02, 0xED, 0x02,
  0xEA, 0x02, 0xE7, 0x02, 0xE5, 0x02, 0xE2, 0x02, 0xDF, 0x02, 0xDC, 0x02,
  0xDA, 0x02, 0xD7, 0x02, 0xD4, 0x02, 0xD2, 0x02, 0xCF, 0x02, 0xCC, 0x02,
  0xCA, 0x02, 0xC7, 0x02, 0xC4, 0x02, 0xC2, 0x02, 0xBF, 0x02, 0xBC, 0x02,
  0xBA, 0x02, 0xB7, 0x02, 0xB4, 0x02, 0xB2, 0x02, 0xAF, 0x02, 0xAC, 0x02,
  0xAA, 0x02, 0xA7, 0x02, 0xA4, 0x02, 0xA1, 0x02, 0x9F, 0x02, 0x9C, 0x02,
  0x99, 0x02, 0x97, 0x02, 0x94, 0x02, 0x91, 0x02, 0x8F, 0x02, 0x8C, 0x02,
  0x89, 0x02, 0x87, 0x02, 0x84, 0x02, 0x81, 0x02, 0x7F, 0x02, 0x7C, 0x02,
  0x79, 0x02, 0x77, 0x02, 0x74, 0x02, 0x71, 0x02, 0x6E, 0x02, 0x6C, 0x02,
  0x69, 0x02, 0x66, 0x02, 0x64, 0x02, 0x61, 0x02, 0x5E, 0x02, 0x5C, 0x02,
  0x59, 0x02, 0x56, 0x02, 0x54, 0x02, 0xAF, 0xFD, 0xB2, 0xFD, 0xB4, 0xFD,
  0xB7, 0xFD, 0xBA, 0xFD, 0xBC, 0xFD, 0xBF, 0xFD, 0xC2, 0xFD, 0xC4, 0xFD,
  0xC7, 0xFD, 0xCA, 0xFD, 0xCD, 0xFD, 0xCF, 0xFD, 0xD2, 0xFD, 0xD5, 0xFD,
  0xD7, 0xFD, 0xDA, 0xFD, 0xDD, 0xFD, 0xDF, 0xFD, 0xE2, 0xFD, 0xE5, 0xFD,
  0xE7, 0xFD, 0xEA, 0xFD, 0xED, 0xFD, 0xEF, 0xFD, 0xF2, 0xFD, 0xF5, 0xFD,
  0xF7, 0xFD, 0xFA, 0xFD, 0xFD, 0xFD, 0x00, 0xFE, 0x02, 0xFE, 0x05, 0xFE,
  0x08, 0xFE, 0x0A, 0xFE, 0x0D, 0xFE, 0x10, 0xFE, 0x12, 0xFE, 0x15, 0xFE,
  0x18, 0xFE, 0x1A, 0xFE, 0x1D, 0xFE, 0x20, 0xFE, 0x22, 0xFE, 0x25, 0xFE,
  0x28, 0xFE, 0x2A, 0xFE, 0x2D, 0xFE, 0x30, 0xFE, 0x33, 0xFE, 0x35, 0xFE,
  0x38, 0xFE, 0x3B, 0xFE, 0x3D, 0xFE, 0x40, 0xFE, 0x43, 0xFE, 0x45, 0xFE,
  0x48, 0xFE, 0x4B, 0xFE, 0x4D, 0xFE, 0x50, 0xFE, 0x53, 0xFE, 0x55, 0xFE,
  0x58, 0xFE, 0x5B, 0xFE, 0x5D, 0xFE, 0x60, 0xFE, 0x63, 0xFE, 0x65, 0xFE,
  0x68, 0xFE, 0x6B, 0xFE, 0x6E, 0xFE, 0x70, 0xFE, 0x8D, 0x01, 0x8A, 0x01,
  0x88, 0x01, 0x85, 0x01, 0x82, 0x01, 0x80, 0x01, 0x7D, 0x01, 0x7A, 0x01,
  0x78, 0x01, 0x75, 0x01, 0x72, 0x01, 0x70, 0x01, 0x6D, 0x01, 0x6A, 0x01,
  0x68, 0x01, 0x65, 0x01, 0x62, 0x01, 0x5F, 0x01, 0x5D, 0x01, 0x5A, 0x01,
  0x57, 0x01, 0x55, 0x01, 0x52, 0x01, 0x4F, 0x01, 0x4D, 0x01, 0x4A, 0x01,
  0x47, 0x01, 0x45, 0x01, 0x42, 0x01, 0x3F, 0x01, 0x3D, 0x01, 0x3A, 0x01,
  0x37, 0x01, 0x35, 0x01, 0x32, 0x01, 0x2F, 0x01, 0x2D, 0x01, 0x2A, 0x01,
  0x27, 0x01, 0x24, 0x01, 0x22, 0x01, 0x1F, 0x01, 0x1C, 0x01, 0x1A, 0x01,
  0x17, 0x01, 0x14, 0x01, 0x12, 0x01, 0x0F, 0x01, 0x0C, 0x01, 0x0A, 0x01,
  0x07, 0x01, 0x04, 0x01, 0x02, 0x01, 0xFF, 0x00, 0xFC, 0x00, 0xFA, 0x00,
  0xF7, 0x00, 0xF4, 0x00, 0xF1, 0x00, 0xEF, 0x00, 0xEC, 0x00, 0xE9, 0x00,
  0xE7, 0x00, 0xE4, 0x00, 0xE1, 0x00, 0xDF, 0x00, 0xDC, 0x00, 0xD9, 0x00,
  0xD7, 0x00, 0xD4, 0x00, 0xD1, 0x00, 0xCF, 0x00, 0xCC, 0x00, 0xC9, 0x00,
  0x39, 0xFF, 0x3C, 0xFF, 0x3F, 0xFF, 0x41, 0xFF, 0x44, 0xFF, 0x47, 0xFF,
  0x4A, 0xFF, 0x4C, 0xFF, 0x4F, 0xFF, 0x52, 0xFF, 0x54, 0xFF, 0x57, 0xFF,
  0x5A, 0xFF, 0x5C, 0xFF, 0x5F, 0xFF, 0x62, 0xFF, 0x64, 0xFF, 0x67, 0xFF,
  0x6A, 0xFF, 0x6C, 0xFF, 0x6F, 0xFF, 0x72, 0xFF, 0x74, 0xFF, 0x77, 0xFF,
  0x7A, 0xFF, 0x7D, 0xFF, 0x7F, 0xFF, 0x82, 0xFF, 0x85, 0xFF, 0x87, 0xFF,
  0x8A, 0xFF, 0x8D, 0xFF, 0x8F, 0xFF, 0x92, 0xFF, 0x95, 0xFF, 0x97, 0xFF,
  0x9A, 0xFF, 0x9D, 0xFF, 0x9F, 0xFF, 0xA2, 0xFF, 0xA5, 0xFF, 0xA7, 0xFF,
  0xAA, 0xFF, 0xAD, 0xFF, 0xB0, 0xFF, 0xB2, 0xFF, 0xB5, 0xFF, 0xB8, 0xFF,
  0xBA, 0xFF, 0xBD, 0xFF, 0xC0, 0xFF, 0xC2, 0xFF, 0xC5, 0xFF, 0xC8, 0xFF,
  0xCA, 0xFF, 0xCD, 0xFF, 0xD0, 0xFF, 0xD2, 0xFF, 0xD5, 0xFF, 0xD8, 0xFF,
  0xDA, 0xFF, 0xDD, 0xFF, 0xE0, 0xFF, 0xE2, 0xFF, 0xE5, 0xFF, 0xE8, 0xFF,
  0xEB, 0xFF, 0xED, 0xFF, 0xF0, 0xFF, 0xF3, 0xFF, 0xF5, 0xFF, 0xF8, 0xFF,
  0xFB, 0xFF, 0x03, 0x00, 0x00, 0x00, 0x00, 0x00, 0x00, 0x00, 0x00, 0x00,
  0x00, 0x00, 0x00, 0x00, 0x00, 0x00, 0x00, 0x00, 0x00, 0x00, 0x00, 0x00,
  0x00, 0x00, 0x00, 0x00, 0x00, 0x00, 0x00, 0x00, 0x00, 0x00, 0x00, 0x00,
  0x00, 0x00, 0x00, 0x00, 0x00, 0x00, 0x00, 0x00, 0x00, 0x00, 0x00, 0x00,
  0x00, 0x00, 0x00, 0x00, 0x00, 0x00, 0x00, 0x00, 0x00, 0x00, 0x00, 0x00,
  0x00, 0x00, 0x00, 0x00, 0x00, 0x00, 0x00, 0x00, 0x00, 0x00, 0x00, 0x00,
  0x00, 0x00, 0x00, 0x00, 0x00, 0x00, 0x00, 0x00, 0x00, 0x00, 0x00, 0x00,
  0x00, 0x00, 0x00, 0x00, 0x00, 0x00, 0x00, 0x00, 0x00, 0x00, 0x00, 0x00,
  0x00, 0x00, 0x00, 0x00, 0x00, 0x00, 0x00, 0x00, 0x00, 0x00, 0x00, 0x00,
  0x00, 0x00, 0x00, 0x00, 0x00, 0x00, 0x00, 0x00, 0x00, 0x00, 0x00, 0x00,
  0x00, 0x00, 0x00, 0x00, 0x00, 0x00, 0x00, 0x00, 0x00, 0x00, 0x00, 0x00,
  0x00, 0x00, 0x00, 0x00, 0x00, 0x00, 0x00, 0x00, 0x00, 0x00, 0x00, 0x00,
  0x00, 0x00, 0x00, 0x00, 0x00, 0x00, 0x00, 0x00, 0x00, 0x00, 0x00, 0x00,
  0x00, 0x00, 0x00, 0x00, 0x00, 0x00, 0x00, 0x00, 0x00, 0x00, 0x00, 0x00,
  0x00, 0x00, 0x00, 0x00, 0x00, 0x00, 0x00, 0x00, 0x00, 0x00, 0x00, 0x00,
  0x00, 0x00, 0x00, 0x00, 0x00, 0x00, 0x00, 0x00, 0x00, 0x00, 0x00, 0x00,
  0x00, 0x00, 0x00, 0x00, 0x00, 0x00, 0x00, 0x00, 0x00, 0x00, 0x00, 0x00,
  0x00, 0x00, 0x00, 0x00, 0x00, 0x00, 0x00, 0x00, 0x00, 0x00, 0x00, 0x00,
  0x00, 0x00, 0x00, 0x00, 0x00, 0x00, 0x00, 0x00, 0x00, 0x00, 0x00, 0x00,
  0x00, 0x00, 0x00, 0x00, 0x00, 0x00, 0x00, 0x00, 0x00, 0x00, 0x00, 0x00,
  0x00, 0x00, 0x00, 0x00, 0x00, 0x00, 0x00, 0x00, 0x00, 0x00, 0x00, 0x00,
  0x00, 0x00, 0x00, 0x00, 0x00, 0x00, 0x00, 0x00, 0x00, 0x00, 0x00, 0x00,
  0x00, 0x00, 0x00, 0x00, 0x00, 0x00, 0x00, 0x00, 0x00, 0x00, 0x00, 0x00,
  0x00, 0x00, 0x00, 0x00, 0x00, 0x00, 0x00, 0x00, 0x00, 0x00, 0x00, 0x00,
  0x00, 0x00, 0x00, 0x00, 0x00, 0x00, 0x00, 0x00, 0x00, 0x00, 0x00, 0x00,
  0x00, 0x00, 0x00, 0x00, 0x00, 0x00, 0x00, 0x00, 0x00, 0x00, 0x00, 0x00,
  0x00, 0x00, 0x00, 0x00, 0x00, 0x00, 0x00, 0x00, 0x00, 0x00, 0x00, 0x00,
  0x00, 0x00, 0x00, 0x00, 0x00, 0x00, 0x00, 0x00, 0x00, 0x00, 0x00, 0x00,
  0x00, 0x00, 0x00, 0x00, 0x00, 0x00, 0x00, 0x00, 0x00, 0x00, 0x00, 0x00,
  0x00, 0x00, 0x00, 0x00, 0x00, 0x00, 0x00, 0x00, 0x00, 0x00, 0x00, 0x00,
  0x00, 0x00, 0x00, 0x00, 0x00, 0x00, 0x00, 0x00, 0x00, 0x00, 0x00, 0x00,
  0x00, 0x00, 0x00, 0x00, 0x00, 0x00, 0x00, 0x00, 0x00, 0x00, 0x00, 0x00,
  0x00, 0x00, 0x00, 0x00, 0x00, 0x00, 0x00, 0x00, 0x00, 0x00, 0x00, 0x00,
  0x00, 0x00, 0x00, 0x00, 0x00, 0x00, 0x00, 0x00, 0x00, 0x00, 0x00, 0x00,
  0x00, 0x00, 0x00, 0x00, 0x00, 0x00, 0x00, 0x00, 0x00, 0x00, 0x00, 0x00,
  0x00, 0x00, 0x00, 0x00, 0x00, 0x00, 0x00, 0x00, 0x00, 0x00, 0x00, 0x00,
  0x00, 0x00, 0x00, 0x00, 0x00, 0x00, 0x00, 0x00, 0x00, 0x00, 0x00, 0x00,
  0x00, 0x00, 0x00, 0x00, 0x00, 0x00, 0x00, 0x00, 0x00, 0x00, 0x00, 0x00,
  0x00, 0x00, 0x00, 0x00, 0x00, 0x00, 0x00, 0x00, 0x00, 0x00, 0x00, 0x00,
  0x00, 0x00, 0x00, 0x00, 0x00, 0x00, 0x00, 0x00, 0x00, 0x00, 0x00, 0x00,
  0x00, 0x00, 0x00, 0x00, 0x00, 0x00, 0x00, 0x00, 0x00, 0x00, 0x00, 0x00,
  0x00, 0x00, 0x00, 0x00, 0x00, 0x00, 0x00, 0x00, 0x00, 0x00, 0x00, 0x00,
  0x00, 0x00, 0x00, 0x00, 0x00, 0x00, 0x00, 0x00, 0x00, 0x00, 0x00, 0x00,
  0x00, 0x00, 0x00, 0x00, 0x00, 0x00, 0x00, 0x00, 0x00, 0x00, 0x00, 0x00,
  0x00, 0x00, 0x00, 0x00, 0x00, 0x00, 0x00, 0x00, 0x00, 0x00, 0x00, 0x00,
  0x00, 0x00, 0x00, 0x00, 0x00, 0x00, 0x00, 0x00, 0x00, 0x00, 0x00, 0x00,
  0x00, 0x00, 0x00, 0x00, 0x00, 0x00, 0x00, 0x00, 0x00, 0x00, 0x00, 0x00,
  0x00, 0x00, 0x00, 0x00, 0x00, 0x00, 0x00, 0x00, 0x00, 0x00, 0x00, 0x00,
  0x00, 0x00, 0x00, 0x00, 0x00, 0x00, 0x00, 0x00, 0x00, 0x00, 0x00, 0x00,
  0x00, 0x00, 0x00, 0x00, 0x00, 0x00, 0x00, 0x00, 0x00, 0x00, 0x00, 0x00,
  0x00, 0x00, 0x00, 0x00, 0x00, 0x00, 0x00, 0x00, 0x00, 0x00, 0x00, 0x00,
  0x00, 0x00, 0x00, 0x00, 0x00, 0x00, 0x00, 0x00, 0x00, 0x00, 0x00, 0x00,
  0x00, 0x00, 0x00, 0x00, 0x00, 0x00, 0x00, 0x00, 0x00, 0x00, 0x00, 0x00,
  0x00, 0x00, 0x00, 0x00, 0x00, 0x00, 0x00, 0x00, 0x00, 0x00, 0x00, 0x00,
  0x00, 0x00, 0x00, 0x00, 0x00, 0x00, 0x00, 0x00, 0x00, 0x00, 0x00, 0x00,
  0x00, 0x00, 0x00, 0x00, 0x00, 0x00, 0x00, 0x00, 0x00, 0x00, 0x00, 0x00,
  0x00, 0x00, 0x00, 0x00, 0x00, 0x00, 0x00, 0x00, 0x00, 0x00, 0x00, 0x00,
  0x00, 0x00, 0x00, 0x00, 0x00, 0x00, 0x00, 0x00, 0x00, 0x00, 0x00, 0x00,
  0x00, 0x00, 0x00, 0x00, 0x00, 0x00, 0x00, 0x00, 0x00, 0x00, 0x00, 0x00,
  0x00, 0x00, 0x00, 0x00, 0x00, 0x00, 0x00, 0x00, 0x00, 0x00, 0x00, 0x00,
  0x00, 0x00, 0x00, 0x00, 0x00, 0x00, 0x00, 0x00, 0x00, 0x00, 0x00, 0x00,
  0x00, 0x00, 0x00, 0x00, 0x00, 0x00, 0x00, 0x00, 0x00, 0x00, 0x00, 0x00,
  0x00, 0x00, 0x00, 0x00, 0x00, 0x00, 0x00, 0x00, 0x00, 0x00, 0x00, 0x00,
  0x00, 0x00, 0x00, 0x00, 0x00, 0x00, 0x00, 0x00, 0x00, 0x00, 0x00, 0x00,
  0x00, 0x00, 0x00, 0x00, 0x00, 0x00, 0x00, 0x00, 0x00, 0x00, 0x00, 0x00,
  0x00, 0x00, 0x00, 0x00, 0x00, 0x00, 0x00, 0x00, 0x00, 0x00, 0x00, 0x00,
  0x00, 0x00, 0x00, 0x00, 0x00, 0x00, 0x00, 0x00, 0x00, 0x00, 0x00, 0x00,
  0x00, 0x00, 0x00, 0x00, 0x00, 0x00, 0x00, 0x00, 0x00, 0x00, 0x00, 0x00,
  0x00, 0x00, 0x00, 0x00, 0x00, 0x00, 0x00, 0x00, 0x00, 0x00, 0x00, 0x00,
  0x00, 0x00, 0x00, 0x00, 0x00, 0x00, 0x00, 0x00, 0x00, 0x00, 0x00, 0x00,
  0x00, 0x00, 0x00, 0x00, 0x00, 0x00, 0x00, 0x00, 0x00, 0x00, 0x00, 0x00,
  0x00, 0x00, 0x00, 0x00, 0x00, 0x00, 0x00, 0x00, 0x00, 0x00, 0x00, 0x00,
  0x00, 0x00, 0x00, 0x00, 0x00, 0x00, 0x00, 0x00, 0x00, 0x00, 0x00, 0x00,
  0x00, 0x00, 0x00, 0x00, 0x00, 0x00, 0x00, 0x00, 0x00, 0x00, 0x00, 0x00,
  0x00, 0x00, 0x00, 0x00, 0x00, 0x00, 0x00, 0x00, 0x00, 0x00, 0x00, 0x00,
  0x00, 0x00, 0x00, 0x00, 0x00, 0x00, 0x00, 0x00, 0x00, 0x00, 0x00, 0x00,
  0x00, 0x00, 0x00, 0x00, 0x00, 0x00, 0x00, 0x00, 0x00, 0x00, 0x00, 0x00,
  0x00, 0x00, 0x00, 0x00, 0x00, 0x00, 0x00, 0x00, 0x00, 0x00, 0x00, 0x00,
  0x00, 0x00, 0x00, 0x00, 0x00, 0x00, 0x00, 0x00, 0x00, 0x00, 0x00, 0x00,
  0x00, 0x00, 0x00, 0x00, 0x00, 0x00, 0x00, 0x00, 0x00, 0x00, 0x00, 0x00,
  0x00, 0x00, 0x00, 0x00, 0x00, 0x00, 0x00, 0x00, 0x00, 0x00, 0x00, 0x00,
  0x00, 0x00, 0x00, 0x00, 0x00, 0x00, 0x00, 0x00, 0x00, 0x00, 0x00, 0x00,
  0x00, 0x00, 0x00, 0x00, 0x00, 0x00, 0x00, 0x00, 0x00, 0x00, 0x00, 0x00,
  0x00, 0x00, 0x00, 0x00, 0x00, 0x00, 0x00, 0x00, 0x00, 0x00, 0x00, 0x00,
  0x00, 0x00, 0x00, 0x00, 0x00, 0x00, 0x00, 0x00, 0x00, 0x00, 0x00, 0x00,
  0x00, 0x00, 0x00, 0x00, 0x00, 0x00, 0x00, 0x00, 0x00, 0x00, 0x00, 0x00,
  0x00, 0x00, 0x00, 0x00, 0x00, 0x00, 0x00, 0x00, 0x00, 0x00, 0x00, 0x00,
  0x00, 0x00, 0x00, 0x00, 0x00, 0x00, 0x00, 0x00, 0x00, 0x00, 0x00, 0x00,
  0x00, 0x00, 0x00, 0x00, 0x00, 0x00, 0x00, 0x00, 0x00, 0x00, 0x00, 0x00,
  0x00, 0x00, 0x00, 0x00, 0x00, 0x00, 0x00, 0x00, 0x00, 0x00, 0x00, 0x00,
  0x00, 0x00, 0x00, 0x00, 0x00, 0x00, 0x00, 0x00, 0x00, 0x00, 0x00, 0x00,
  0x00, 0x00, 0x00, 0x00, 0x00, 0x00, 0x00, 0x00, 0x00, 0x00, 0x00, 0x00,
  0x00, 0x00, 0x00, 0x00, 0x00, 0x00, 0x00, 0x00, 0x00, 0x00, 0x00, 0x00,
  0x00, 0x00, 0x00, 0x00, 0x00, 0x00, 0x00, 0x00, 0x00, 0x00, 0x00, 0x00,
  0x00, 0x00, 0x00, 0x00, 0x00, 0x00, 0x00, 0x00, 0x00, 0x00, 0x00, 0x00,
  0x00, 0x00, 0x00, 0x00, 0x00, 0x00, 0x00, 0x00, 0x00, 0x00, 0x00, 0x00,
  0x00, 0x00, 0x00, 0x00, 0x00, 0x00, 0x00, 0x00, 0x00, 0x00, 0x00, 0x00,
  0x00, 0x00, 0x00, 0x00, 0x00, 0x00, 0x00, 0x00, 0x00, 0x00, 0x00, 0x00,
  0x00, 0x00, 0x00, 0x00, 0x00, 0x00, 0x00, 0x00, 0x00, 0x00, 0x00, 0x00,
  0x00, 0x00, 0x00, 0x00, 0x00, 0x00, 0x00, 0x00, 0x00, 0x00, 0x00, 0x00,
  0x00, 0x00, 0x00, 0x00, 0x00, 0x00, 0x00, 0x00, 0x00, 0x00, 0x00, 0x00,
  0x00, 0x00, 0x00, 0x00, 0x00, 0x00, 0x00, 0x00, 0x00, 0x00, 0x00, 0x00,
  0x00, 0x00, 0x00, 0x00, 0x00, 0x00, 0x00, 0x00, 0x00, 0x00, 0x00, 0x00,
  0x00, 0x00, 0x00, 0x00, 0x00, 0x00, 0x00, 0x00, 0x00, 0x00, 0x00, 0x00,
  0x00, 0x00, 0x00, 0x00, 0x00, 0x00, 0x00, 0x00, 0x00, 0x00, 0x00, 0x00,
  0x00, 0x00, 0x00, 0x00, 0x00, 0x00, 0x00, 0x00, 0x00, 0x00, 0x00, 0x00,
  0x00, 0x00, 0x00, 0x00, 0x00, 0x00, 0x00, 0x00, 0x00, 0x00, 0x00, 0x00,
  0x00, 0x00, 0x00, 0x00, 0x00, 0x00, 0x00, 0x00, 0x00, 0x00, 0x00, 0x00,
  0x00, 0x00, 0x00, 0x00, 0x00, 0x00, 0x00, 0x00, 0x00, 0x00, 0x00, 0x00,
  0x00, 0x00, 0x00, 0x00, 0x00, 0x00, 0x00, 0x00, 0x00, 0x00, 0x00, 0x00,
  0x00, 0x00, 0x00, 0x00, 0x00, 0x00, 0x00, 0x00, 0x00, 0x00, 0x00, 0x00,
  0x00, 0x00, 0x00, 0x00, 0x00, 0x00, 0x00, 0x00, 0x00, 0x00, 0x00, 0x00,
  0x00, 0x00, 0x00, 0x00, 0x00, 0x00, 0x00, 0x00, 0x00, 0x00, 0x00, 0x00,
  0x00, 0x00, 0x00, 0x00, 0x00, 0x00, 0x00, 0x00, 0x00, 0x00, 0x00, 0x00,
  0x00, 0x00, 0x00, 0x00, 0x00, 0x00, 0x00, 0x00, 0x00, 0x00, 0x00, 0x00,
  0x00, 0x00, 0x00, 0x00, 0x00, 0x00, 0x00, 0x00, 0x00, 0x00, 0x00, 0x00,
  0x00, 0x00, 0x00, 0x00, 0x00, 0x00, 0x00, 0x00, 0x00, 0x00, 0x00, 0x00,
  0x00, 0x00, 0x00, 0x00, 0x00, 0x00, 0x00, 0x00, 0x00, 0x00, 0x00, 0x00,
  0x00, 0x00, 0x00, 0x00, 0x00, 0x00, 0x00, 0x00, 0x00, 0x00, 0x00, 0x00,
  0x00, 0x00, 0x00, 0x00, 0x00, 0x00, 0x00, 0x00, 0x00, 0x00, 0x00, 0x00,
  0x00, 0x00, 0x00, 0x00, 0x00, 0x00, 0x00, 0x00, 0x00, 0x00, 0x00, 0x00,
  0x00, 0x00, 0x00, 0x00, 0x00, 0x00, 0x00, 0x00, 0x00, 0x00, 0x00, 0x00,
  0x00, 0x00, 0x00, 0x00, 0x00, 0x00, 0x00, 0x00, 0x00, 0x00, 0x00, 0x00,
  0x00, 0x00, 0x00, 0x00, 0x00, 0x00, 0x00, 0x00, 0x00, 0x00, 0x00, 0x00,
  0x00, 0x00, 0x00, 0x00, 0x00, 0x00, 0x00, 0x00, 0x00, 0x00, 0x00, 0x00,
  0x00, 0x00, 0x00, 0x00, 0x00, 0x00, 0x00, 0x00, 0x00, 0x00, 0x00, 0x00,
  0x00, 0x00, 0x00, 0x00, 0x00, 0x00, 0x00, 0x00, 0x00, 0x00, 0x00, 0x00,
  0x00, 0x00, 0x00, 0x00, 0x00, 0x00, 0x00, 0x00, 0x00, 0x00, 0x00, 0x00,
  0x00, 0x00, 0x00, 0x00, 0x00, 0x00, 0x00, 0x00, 0x00, 0x00, 0x00, 0x00,
  0x00, 0x00, 0x00, 0x00, 0x00, 0x00, 0x00, 0x00, 0x00, 0x00, 0x00, 0x00,
  0x00, 0x00, 0x00, 0x00, 0x00, 0x00, 0x00, 0x00, 0x00, 0x00, 0x00, 0x00,
  0x00, 0x00, 0x00, 0x00, 0x00, 0x00, 0x00, 0x00, 0x00, 0x00, 0x00, 0x00,
  0x00, 0x00, 0x00, 0x00, 0x00, 0x00, 0x00, 0x00, 0x00, 0x00, 0x00, 0x00,
  0x00, 0x00, 0x00, 0x00, 0x00, 0x00, 0x00, 0x00, 0x00, 0x00, 0x00, 0x00,
  0x00, 0x00, 0x00, 0x00, 0x00, 0x00, 0x00, 0x00, 0x00, 0x00, 0x00, 0x00,
  0x00, 0x00, 0x00, 0x00, 0x00, 0x00, 0x00, 0x00, 0x00, 0x00, 0x00, 0x00,
  0x00, 0x00, 0x00, 0x00, 0x00, 0x00, 0x00, 0x00, 0x00, 0x00, 0x00, 0x00,
  0x00, 0x00, 0x00, 0x00, 0x00, 0x00, 0x00, 0x00, 0x00, 0x00, 0x00, 0x00,
  0x00, 0x00, 0x00, 0x00, 0x00, 0x00, 0x00, 0x00, 0x00, 0x00, 0x00, 0x00,
  0x00, 0x00, 0x00, 0x00, 0x00, 0x00, 0x00, 0x00, 0x00, 0x00, 0x00, 0x00,
  0x00, 0x00, 0x00, 0x00, 0x00, 0x00, 0x00, 0x00, 0x00, 0x00, 0x00, 0x00,
  0x00, 0x00, 0x00, 0x00, 0x00, 0x00, 0x00, 0x00, 0x00, 0x00, 0x00, 0x00,
  0x00, 0x00, 0x00, 0x00, 0x00, 0x00, 0x00, 0x00, 0x00, 0x00, 0x00, 0x00,
  0x00, 0x00, 0x00, 0x00, 0x00, 0x00, 0x00, 0x00, 0x00, 0x00, 0x00, 0x00,
  0x00, 0x00, 0x00, 0x00, 0x00, 0x00, 0x00, 0x00, 0x00, 0x00, 0x00, 0x00,
  0x00, 0x00, 0x00, 0x00, 0x00, 0x00, 0x00, 0x00, 0x00, 0x00, 0x00, 0x00,
  0x00, 0x00, 0x00, 0x00, 0x00, 0x00, 0x00, 0x00, 0x00, 0x00, 0x00, 0x00,
  0x00, 0x00, 0x00, 0x00, 0x00, 0x00, 0x00, 0x00, 0x00, 0x00, 0x00, 0x00,
  0x00, 0x00, 0x00, 0x00, 0x00, 0x00, 0x00, 0x00, 0x00, 0x00, 0x00, 0x00,
  0x00, 0x00, 0x00, 0x00, 0x00, 0x00, 0x00, 0x00, 0x00, 0x00, 0x00, 0x00,
  0x00, 0x00, 0x00, 0x00, 0x00, 0x00, 0x00, 0x00, 0x00, 0x00, 0x00, 0x00,
  0x00, 0x00, 0x00, 0x00, 0x00, 0x00, 0x00, 0x00, 0x00, 0x00, 0x00, 0x00,
  0x00, 0x00, 0x00, 0x00, 0x00, 0x00, 0x00, 0x00, 0x00, 0x00, 0x00, 0x00,
  0x00, 0x00, 0x00, 0x00, 0x00, 0x00, 0x00, 0x00, 0x00, 0x00, 0x00, 0x00,
  0x00, 0x00, 0x00, 0x00, 0x00, 0x00, 0x00, 0x00, 0x00, 0x00, 0x00, 0x00,
  0x00, 0x00, 0x00, 0x00, 0x00, 0x00, 0x00, 0x00, 0x00, 0x00, 0x00, 0x00,
  0x00, 0x00, 0x00, 0x00, 0x00, 0x00, 0x00, 0x00, 0x00, 0x00, 0x00, 0x00,
  0x00, 0x00, 0x00, 0x00, 0x00, 0x00, 0x00, 0x00, 0x00, 0x00, 0x00, 0x00,
  0x00, 0x00, 0x00, 0x00, 0x00, 0x00, 0x00, 0x00, 0x00, 0x00, 0x00, 0x00,
  0x00, 0x00, 0x00, 0x00, 0x00, 0x00, 0x00, 0x00, 0x00, 0x00, 0x00, 0x00,
  0x00, 0x00, 0x00, 0x00, 0x00, 0x00, 0x00, 0x00, 0x00, 0x00, 0x00, 0x00,
  0x00, 0x00, 0x00, 0x00, 0x00, 0x00, 0x00, 0x00, 0x00, 0x00, 0x00, 0x00,
  0x00, 0x00, 0x00, 0x00, 0x00, 0x00, 0x00, 0x00, 0x00, 0x00, 0x00, 0x00,
  0x00, 0x00, 0x00, 0x00, 0x00, 0x00, 0x00, 0x00, 0x00, 0x00, 0x00, 0x00,
  0x00, 0x00, 0x00, 0x00, 0x00, 0x00, 0x00, 0x00, 0x00, 0x00, 0x00, 0x00,
  0x00, 0x00, 0x00, 0x00, 0x00, 0x00, 0x00, 0x00, 0x00, 0x00, 0x00, 0x00,
  0x00, 0x00, 0x00, 0x00, 0x00, 0x00, 0x00, 0x00, 0x00, 0x00, 0x00, 0x00,
  0x00, 0x00, 0x00, 0x00, 0x00, 0x00, 0x00, 0x00, 0x00, 0x00, 0x00, 0x00,
  0x00, 0x00, 0x00, 0x00, 0x00, 0x00, 0x00, 0x00, 0x00, 0x00, 0x00, 0x00,
  0x00, 0x00, 0x00, 0x00, 0x00, 0x00, 0x00, 0x00, 0x00, 0x00, 0x00, 0x00,
  0x00, 0x00, 0x00, 0x00, 0x00, 0x00, 0x00, 0x00, 0x00, 0x00, 0x00, 0x00,
  0x00, 0x00, 0x00, 0x00, 0x00, 0x00, 0x00, 0x00, 0x00, 0x00, 0x00, 0x00,
  0x00, 0x00, 0x00, 0x00, 0x00, 0x00, 0x00, 0x00, 0x00, 0x00, 0x00, 0x00,
  0x00, 0x00, 0x00, 0x00, 0x00, 0x00, 0x00, 0x00, 0x00, 0x00, 0x00, 0x00,
  0x00, 0x00, 0x00, 0x00, 0x00, 0x00, 0x00, 0x00, 0x00, 0x00, 0x00, 0x00,
  0x00, 0x00, 0x00, 0x00, 0x00, 0x00, 0x00, 0x00, 0x00, 0x00, 0x00, 0x00,
  0x00, 0x00, 0x00, 0x00, 0x00, 0x00, 0x00, 0x00, 0x00, 0x00, 0x00, 0x00,
  0x00, 0x00, 0x00, 0x00, 0x00, 0x00, 0x00, 0x00, 0x00, 0x00, 0x00, 0x00,
  0x00, 0x00, 0x00, 0x00, 0x00, 0x00, 0x00, 0x00, 0x00, 0x00, 0x00, 0x00,
  0x00, 0x00, 0x00, 0x00, 0x00, 0x00, 0x00, 0x00, 0x00, 0x00, 0x00, 0x00,
  0x00, 0x00, 0x00, 0x00, 0x00, 0x00, 0x00, 0x00, 0x00, 0x00, 0x00, 0x00,
  0x00, 0x00, 0x00, 0x00, 0x00, 0x00, 0x00, 0x00, 0x00, 0x00, 0x00, 0x00,
  0x00, 0x00, 0x00, 0x00
};

const size_t ERROR_BUZZER_WAV_SIZE = sizeof(ERROR_BUZZER_WAV);

