#pragma once

#include <Arduino.h>

// Generated from fail-buzzer.wav.
const uint8_t FAIL_BUZZER_WAV[] PROGMEM = {
  0x52, 0x49, 0x46, 0x46, 0x7A, 0x54, 0x00, 0x00, 0x57, 0x41, 0x56, 0x45,
  0x66, 0x6D, 0x74, 0x20, 0x10, 0x00, 0x00, 0x00, 0x01, 0x00, 0x01, 0x00,
  0x22, 0x56, 0x00, 0x00, 0x44, 0xAC, 0x00, 0x00, 0x02, 0x00, 0x10, 0x00,
  0x64, 0x61, 0x74, 0x61, 0x56, 0x54, 0x00, 0x00, 0x00, 0x00, 0x0E, 0x00,
  0x1B, 0x00, 0x28, 0x00, 0x35, 0x00, 0x41, 0x00, 0x4C, 0x00, 0x59, 0x00,
  0x64, 0x00, 0x72, 0x00, 0x81, 0x00, 0x90, 0x00, 0x9B, 0x00, 0xA9, 0x00,
  0xC1, 0x00, 0xD5, 0x00, 0xE9, 0x00, 0xFC, 0x00, 0x11, 0x01, 0x19, 0x01,
  0x30, 0x01, 0x3C, 0x01, 0x4D, 0x01, 0x59, 0x01, 0x64, 0x01, 0x78, 0x01,
  0x92, 0x01, 0x87, 0x01, 0x9E, 0x01, 0x94, 0x01, 0xA6, 0x01, 0x9E, 0x01,
  0xAE, 0x01, 0xA8, 0x01, 0xB4, 0x01, 0xD4, 0x01, 0xF5, 0x01, 0x17, 0x02,
  0x1F, 0x02, 0x15, 0x02, 0x32, 0x02, 0x4C, 0x02, 0x69, 0x02, 0x8B, 0x02,
  0xAB, 0x02, 0xCE, 0x02, 0xB9, 0x02, 0xCF, 0x02, 0xB6, 0x02, 0xA8, 0x02,
  0x9E, 0x02, 0xCD, 0x02, 0xE3, 0x02, 0x15, 0x03, 0xFA, 0x02, 0x27, 0x03,
  0x2F, 0x03, 0x1E, 0x03, 0x02, 0x03, 0x08, 0x03, 0x0F, 0x03, 0x55, 0xFC,
  0x52, 0xFC, 0x48, 0xFC, 0x2D, 0xFC, 0x10, 0xFC, 0x27, 0xFC, 0x56, 0xFC,
  0x3F, 0xFC, 0x17, 0xFC, 0x27, 0xFC, 0x20, 0xFC, 0x0F, 0xFC, 0x16, 0xFC,
  0xFC, 0xFB, 0xD4, 0xFB, 0xEF, 0xFB, 0xB9, 0xFB, 0xAA, 0xFB, 0xAD, 0xFB,
  0xAC, 0xFB, 0xC4, 0xFB, 0xC0, 0xFB, 0x91, 0xFB, 0xAB, 0xFB, 0x8F, 0xFB,
  0x50, 0xFB, 0x41, 0xFB, 0xF5, 0xFA, 0xE0, 0xFA, 0xEE, 0xFA, 0xB1, 0xFA,
  0xC1, 0xFA, 0x97, 0xFA, 0x7E, 0xFA, 0x56, 0xFA, 0x1F, 0xFA, 0x31, 0xFA,
  0x0B, 0xFA, 0x24, 0xFA, 0xEB, 0xF9, 0x36, 0xFA, 0x48, 0xFA, 0x48, 0xFA,
  0x5D, 0xFA, 0x7D, 0xFA, 0xB1, 0xFA, 0xC8, 0xFA, 0xB5, 0xFA, 0x42, 0xFA,
  0x53, 0xFA, 0x4C, 0xFA, 0x65, 0xFA, 0x90, 0xFA, 0x63, 0xFA, 0x04, 0xFA,
  0xB5, 0xF9, 0x9F, 0xF9, 0x4F, 0xF9, 0x19, 0xF9, 0xF5, 0xF8, 0xFA, 0xF8,
  0xA8, 0x06, 0xF8, 0x06, 0xE0, 0x06, 0xC7, 0x06, 0xA3, 0x06, 0xC5, 0x06,
  0x16, 0x07, 0x00, 0x07, 0xFD, 0x06, 0x34, 0x07, 0x1D, 0x07, 0x7E, 0x07,
  0x8F, 0x07, 0x7E, 0x07, 0x72, 0x07, 0x72, 0x07, 0x88, 0x07, 0xC7, 0x07,
  0x21, 0x08, 0xFA, 0x07, 0xB6, 0x07, 0x25, 0x08, 0x5D, 0x08, 0xFD, 0x07,
  0x07, 0x08, 0xE8, 0x07, 0x02, 0x08, 0x49, 0x08, 0x5D, 0x08, 0x01, 0x08,
  0x05, 0x08, 0x66, 0x08, 0x23, 0x08, 0x8E, 0x08, 0x76, 0x08, 0xFB, 0x08,
  0xBA, 0x08, 0x7F, 0x08, 0x78, 0x08, 0x58, 0x08, 0xAA, 0x08, 0x6E, 0x08,
  0x2F, 0x08, 0x4A, 0x08, 0x6A, 0x08, 0xC1, 0x08, 0xBD, 0x08, 0x5F, 0x09,
  0x53, 0x09, 0x66, 0x09, 0x45, 0x09, 0xC5, 0x09, 0x5E, 0x09, 0x0A, 0x09,
  0xBE, 0x08, 0x06, 0x09, 0x5C, 0x09, 0x58, 0x09, 0xF8, 0x09, 0x45, 0x0A,
  0x75, 0x0A, 0xBF, 0xF6, 0x63, 0xF6, 0xC6, 0xF5, 0xB3, 0xF5, 0x7D, 0xF5,
  0x76, 0xF5, 0x50, 0xF5, 0x28, 0xF5, 0x67, 0xF5, 0x73, 0xF5, 0x8B, 0xF5,
  0x13, 0xF5, 0xA6, 0xF4, 0x95, 0xF4, 0x3D, 0xF4, 0x83, 0xF4, 0xA6, 0xF4,
  0x6B, 0xF4, 0x9F, 0xF4, 0xF0, 0xF4, 0xF5, 0xF4, 0x77, 0xF5, 0x88, 0xF5,
  0xCE, 0xF5, 0x94, 0xF5, 0xC5, 0xF5, 0x17, 0xF5, 0xA7, 0xF4, 0x52, 0xF4,
  0xFA, 0xF3, 0xCA, 0xF3, 0x28, 0xF4, 0x3C, 0xF4, 0xA5, 0xF3, 0x2E, 0xF4,
  0x87, 0xF4, 0x64, 0xF4, 0xDA, 0xF4, 0xF1, 0xF4, 0xFC, 0xF4, 0x44, 0xF4,
  0xA9, 0xF3, 0x44, 0xF3, 0x27, 0xF3, 0xDD, 0xF2, 0xCB, 0xF2, 0xBC, 0xF2,
  0x48, 0xF2, 0xE5, 0xF1, 0xB6, 0xF1, 0xB4, 0xF1, 0xF3, 0xF1, 0xDC, 0xF1,
  0x1D, 0xF2, 0xC6, 0xF1, 0x9C, 0xF2, 0xE3, 0xF2, 0xA8, 0xF2, 0xE8, 0xF2,
  0x55, 0xF3, 0xA4, 0xF3, 0x16, 0x0E, 0x3A, 0x0E, 0xDD, 0x0E, 0x39, 0x0F,
  0xBD, 0x0E, 0x6F, 0x0E, 0xED, 0x0D, 0x96, 0x0D, 0x68, 0x0D, 0x43, 0x0E,
  0x84, 0x0E, 0xEE, 0x0D, 0x91, 0x0D, 0x12, 0x0E, 0x7C, 0x0D, 0xE9, 0x0D,
  0x84, 0x0D, 0x41, 0x0E, 0x6C, 0x0E, 0xE7, 0x0D, 0xA2, 0x0D, 0x83, 0x0D,
  0x66, 0x0D, 0x20, 0x0D, 0x50, 0x0D, 0x12, 0x0E, 0x95, 0x0E, 0xEF, 0x0E,
  0x8D, 0x0F, 0xEA, 0x0F, 0x54, 0x10, 0xB7, 0x10, 0x2D, 0x10, 0x5C, 0x10,
  0xC0, 0x0F, 0x2E, 0x10, 0x2E, 0x10, 0x25, 0x10, 0xC0, 0x0F, 0x7E, 0x0F,
  0x76, 0x0F, 0x5E, 0x0F, 0x09, 0x0F, 0x0C, 0x10, 0x1A, 0x10, 0xE4, 0x0F,
  0xE7, 0x0F, 0xA5, 0x0F, 0x67, 0x0F, 0x8B, 0x0F, 0x5A, 0x10, 0xE9, 0x10,
  0xB9, 0x11, 0x04, 0x11, 0xB4, 0x10, 0x06, 0x10, 0xE4, 0x0F, 0xB3, 0x10,
  0x4F, 0x11, 0x0B, 0x12, 0x1A, 0x12, 0xF6, 0x11, 0x9C, 0xEF, 0xF4, 0xEF,
  0x59, 0xEF, 0x8E, 0xEF, 0x31, 0xF0, 0xA5, 0xEF, 0xC0, 0xEF, 0x4B, 0xF0,
  0xD6, 0xF0, 0xB2, 0xF0, 0x8A, 0xF0, 0x95, 0xEF, 0x44, 0xEF, 0x4D, 0xEF,
  0x1D, 0xEF, 0x92, 0xEF, 0xA4, 0xEE, 0xFE, 0xEE, 0xF9, 0xED, 0xDE, 0xEE,
  0x32, 0xEF, 0xB3, 0xEE, 0xB2, 0xEE, 0x2F, 0xEF, 0x0A, 0xEE, 0x44, 0xED,
  0x2F, 0xED, 0xA9, 0xEC, 0xEC, 0xEB, 0x54, 0xEB, 0xD5, 0xEA, 0xDA, 0xEA,
  0xEB, 0xEB, 0xD7, 0xEB, 0x76, 0xEC, 0x30, 0xEC, 0xD4, 0xEC, 0xB3, 0xEC,
  0x9C, 0xEC, 0xA9, 0xED, 0xFE, 0xED, 0xB6, 0xED, 0x35, 0xED, 0x51, 0xED,
  0x6F, 0xED, 0x9F, 0xEC, 0x01, 0xEC, 0x8C, 0xEC, 0x1B, 0xED, 0x41, 0xED,
  0x91, 0xED, 0x19, 0xED, 0xF6, 0xED, 0x31, 0xED, 0x73, 0xEC, 0x62, 0xED,
  0x12, 0xEE, 0xE4, 0xEC, 0xEC, 0xEC, 0xCE, 0xEB, 0xC9, 0xEC, 0x36, 0x14,
  0x7B, 0x13, 0x91, 0x13, 0x63, 0x13, 0x68, 0x14, 0x59, 0x14, 0xA8, 0x13,
  0x65, 0x13, 0x8C, 0x13, 0xD5, 0x14, 0x69, 0x15, 0x37, 0x15, 0xAE, 0x15,
  0x8C, 0x16, 0xE3, 0x16, 0xD2, 0x16, 0x93, 0x16, 0xEE, 0x15, 0xDB, 0x16,
  0xA9, 0x16, 0x4E, 0x15, 0x16, 0x16, 0xEC, 0x14, 0x89, 0x15, 0xF2, 0x15,
  0x9A, 0x16, 0x4D, 0x15, 0x62, 0x15, 0x25, 0x15, 0xE6, 0x14, 0x2E, 0x14,
  0x94, 0x15, 0x7B, 0x15, 0xF8, 0x15, 0x65, 0x15, 0xEE, 0x14, 0xD8, 0x15,
  0x26, 0x16, 0xF3, 0x15, 0x36, 0x15, 0x83, 0x15, 0x15, 0x15, 0x42, 0x15,
  0x9F, 0x15, 0x7C, 0x15, 0xC2, 0x15, 0x4F, 0x15, 0x51, 0x16, 0x43, 0x16,
  0x17, 0x15, 0xA5, 0x15, 0x9F, 0x14, 0xCF, 0x15, 0xA3, 0x16, 0xC9, 0x16,
  0x78, 0x15, 0x6B, 0x16, 0x41, 0x16, 0xE2, 0x15, 0xE6, 0x16, 0x19, 0x17,
  0x5C, 0xEA, 0x1E, 0xEA, 0x10, 0xE9, 0x01, 0xE9, 0xEC, 0xE9, 0x4A, 0xEA,
  0x92, 0xE9, 0xEB, 0xE8, 0x3C, 0xE8, 0x17, 0xE8, 0x6E, 0xE7, 0xB2, 0xE8,
  0xA0, 0xE8, 0xD8, 0xE9, 0xE7, 0xE8, 0xE4, 0xE9, 0xA7, 0xEA, 0x99, 0xEB,
  0x23, 0xEB, 0x8F, 0xEB, 0xE8, 0xEB, 0x7B, 0xEC, 0x33, 0xEC, 0xD9, 0xEC,
  0x5B, 0xEC, 0xD0, 0xEB, 0x70, 0xEC, 0x8B, 0xEB, 0x71, 0xEB, 0x42, 0xEB,
  0x54, 0xEA, 0x36, 0xE9, 0xF7, 0xE9, 0x51, 0xE9, 0x7F, 0xE9, 0x46, 0xEA,
  0xBB, 0xE9, 0x0A, 0xEA, 0xBD, 0xE9, 0x73, 0xE9, 0x00, 0xEA, 0x43, 0xEA,
  0x66, 0xE9, 0x43, 0xE9, 0x65, 0xE9, 0x5E, 0xE9, 0x49, 0xEA, 0xBE, 0xEA,
  0x7B, 0xEA, 0x59, 0xEA, 0x8D, 0xEA, 0x1D, 0xEB, 0x78, 0xEB, 0xF6, 0xEA,
  0x07, 0xEB, 0x4E, 0xEB, 0x9B, 0xEB, 0x63, 0xEA, 0x41, 0xEA, 0x31, 0xEB,
  0xCC, 0xEB, 0x86, 0x17, 0xC6, 0x16, 0x33, 0x16, 0xC7, 0x15, 0x2B, 0x15,
  0xD1, 0x15, 0xD7, 0x14, 0x75, 0x14, 0x3D, 0x14, 0x83, 0x13, 0x94, 0x13,
  0x19, 0x15, 0x31, 0x14, 0x3E, 0x14, 0x1C, 0x14, 0xFB, 0x14, 0x55, 0x15,
  0x89, 0x15, 0x8A, 0x15, 0x9D, 0x15, 0x0C, 0x15, 0x30, 0x14, 0x6A, 0x14,
  0x7A, 0x14, 0xA6, 0x15, 0x95, 0x15, 0xB6, 0x14, 0xE9, 0x13, 0x6C, 0x13,
  0xD6, 0x14, 0x4F, 0x15, 0x33, 0x15, 0x5E, 0x14, 0x0A, 0x14, 0x6D, 0x15,
  0x72, 0x14, 0xA4, 0x14, 0x85, 0x15, 0xCF, 0x15, 0xD3, 0x16, 0xF8, 0x15,
  0x26, 0x16, 0xC4, 0x16, 0xF3, 0x16, 0xEE, 0x15, 0xE9, 0x15, 0xF5, 0x14,
  0x3C, 0x15, 0x55, 0x14, 0x12, 0x14, 0xC6, 0x13, 0xFA, 0x14, 0x0B, 0x16,
  0x4A, 0x15, 0x43, 0x15, 0x2E, 0x16, 0x4A, 0x16, 0x19, 0x16, 0x84, 0x15,
  0x7B, 0x15, 0xB7, 0x16, 0xA5, 0x15, 0x3C, 0xE9, 0xD1, 0xE9, 0x97, 0xEA,
  0x05, 0xEB, 0x27, 0xEB, 0xC7, 0xEB, 0x64, 0xEC, 0xDD, 0xEC, 0x8E, 0xEB,
  0x9A, 0xEB, 0x90, 0xEA, 0x09, 0xEB, 0x64, 0xEB, 0x8C, 0xEA, 0xD9, 0xE9,
  0x15, 0xE9, 0x9E, 0xE9, 0x7D, 0xE9, 0xB6, 0xE8, 0x76, 0xE8, 0xC8, 0xE7,
  0x0C, 0xE8, 0x83, 0xE7, 0x43, 0xE8, 0xBB, 0xE9, 0xD0, 0xEA, 0xDA, 0xEB,
  0x29, 0xEB, 0x1D, 0xEB, 0x34, 0xEB, 0xDA, 0xEA, 0xAB, 0xEB, 0xCE, 0xEA,
  0xC7, 0xEB, 0x3C, 0xEB, 0x80, 0xEA, 0xBB, 0xEA, 0x33, 0xEB, 0x86, 0xEA,
  0x66, 0xEA, 0x6D, 0xE9, 0x8E, 0xEA, 0x60, 0xEA, 0x06, 0xEA, 0x15, 0xE9,
  0xBB, 0xE9, 0xE9, 0xE9, 0x4A, 0xEA, 0x31, 0xEA, 0x90, 0xEA, 0x12, 0xEA,
  0x5E, 0xEA, 0xED, 0xEA, 0xC6, 0xE9, 0x06, 0xE9, 0x66, 0xEA, 0x1C, 0xEB,
  0x96, 0xEB, 0xAA, 0xEB, 0x78, 0xEC, 0x00, 0xED, 0xD3, 0x18, 0x1F, 0x18,
  0x2C, 0x17, 0x96, 0x17, 0x43, 0x17, 0xF7, 0x17, 0x71, 0x18, 0x17, 0x18,
  0x13, 0x17, 0x56, 0x17, 0x07, 0x16, 0xCE, 0x15, 0x19, 0x16, 0xF9, 0x15,
  0x29, 0x16, 0x03, 0x15, 0x7E, 0x14, 0xFD, 0x14, 0xAD, 0x15, 0xAC, 0x15,
  0x55, 0x15, 0x69, 0x16, 0x2F, 0x17, 0xEA, 0x15, 0x6F, 0x16, 0xCE, 0x15,
  0xED, 0x15, 0xDE, 0x14, 0x45, 0x14, 0x92, 0x14, 0x30, 0x14, 0x08, 0x14,
  0xB0, 0x13, 0x99, 0x13, 0xF7, 0x12, 0xEB, 0x12, 0xD5, 0x13, 0x07, 0x14,
  0x80, 0x15, 0xEC, 0x15, 0x0B, 0x15, 0x52, 0x14, 0x99, 0x15, 0x22, 0x16,
  0xE3, 0x15, 0xB1, 0x16, 0x85, 0x17, 0xBC, 0x16, 0x2B, 0x16, 0xD2, 0x15,
  0x92, 0x16, 0x4C, 0x16, 0x65, 0x15, 0xD4, 0x14, 0x00, 0x14, 0xF9, 0x13,
  0x69, 0x13, 0x9A, 0x13, 0xFA, 0x12, 0x98, 0x14, 0xA0, 0x14, 0xDB, 0xE8,
  0x28, 0xE8, 0xD7, 0xE8, 0x6F, 0xE8, 0x75, 0xE9, 0x7E, 0xEA, 0x56, 0xEB,
  0x45, 0xEB, 0x9B, 0xEB, 0x66, 0xEC, 0xFE, 0xEA, 0x7B, 0xEA, 0x8D, 0xEA,
  0xFC, 0xE9, 0x4A, 0xEA, 0xD6, 0xE9, 0x19, 0xE9, 0xD0, 0xE9, 0x6A, 0xE9,
  0xF3, 0xE8, 0xAA, 0xE8, 0x65, 0xE8, 0xD0, 0xE7, 0x54, 0xE9, 0x91, 0xE9,
  0xCA, 0xE8, 0xB2, 0xE8, 0x82, 0xE9, 0x80, 0xE9, 0xAC, 0xE8, 0x77, 0xE9,
  0x07, 0xEA, 0xA4, 0xE9, 0xD2, 0xE9, 0x12, 0xEA, 0x59, 0xEA, 0x96, 0xE9,
  0xDB, 0xE9, 0x06, 0xEA, 0x2E, 0xEA, 0x62, 0xEA, 0xB2, 0xE9, 0xD9, 0xE9,
  0xF9, 0xE9, 0x0D, 0xEA, 0xCA, 0xE9, 0xDC, 0xEA, 0xD4, 0xEB, 0x5D, 0xEB,
  0x2D, 0xEA, 0x30, 0xEA, 0x74, 0xE9, 0xAA, 0xEA, 0x04, 0xEB, 0x95, 0xEA,
  0x48, 0xEB, 0x75, 0xEA, 0x8C, 0xE9, 0x41, 0xEA, 0xA5, 0xE9, 0xF3, 0xE8,
  0x4A, 0xEA, 0xE8, 0x16, 0x86, 0x16, 0x79, 0x17, 0xA9, 0x16, 0x73, 0x16,
  0x4D, 0x17, 0x7F, 0x16, 0x7B, 0x15, 0xE9, 0x14, 0xCF, 0x14, 0xBB, 0x14,
  0xC0, 0x14, 0xB9, 0x15, 0x47, 0x16, 0x76, 0x16, 0x08, 0x17, 0x00, 0x18,
  0xFF, 0x16, 0x47, 0x16, 0x42, 0x15, 0x8D, 0x15, 0x3B, 0x16, 0xF4, 0x15,
  0x61, 0x15, 0xD8, 0x15, 0x51, 0x16, 0xEA, 0x16, 0xC4, 0x15, 0xE0, 0x14,
  0x87, 0x14, 0x48, 0x15, 0xE9, 0x14, 0x80, 0x14, 0x67, 0x14, 0x79, 0x14,
  0xB3, 0x15, 0xED, 0x15, 0xBB, 0x15, 0x6E, 0x15, 0x41, 0x15, 0x3C, 0x15,
  0x5F, 0x15, 0x38, 0x15, 0x21, 0x15, 0xB4, 0x14, 0x47, 0x15, 0x6B, 0x14,
  0x62, 0x15, 0xCA, 0x14, 0xAF, 0x14, 0x80, 0x14, 0x06, 0x15, 0xF0, 0x14,
  0xFC, 0x14, 0x95, 0x14, 0x97, 0x15, 0x90, 0x15, 0x3F, 0x15, 0x93, 0x14,
  0x15, 0x14, 0xB8, 0x15, 0xC8, 0xE9, 0xFA, 0xEA, 0x24, 0xEA, 0x63, 0xEB,
  0x59, 0xEA, 0x01, 0xEB, 0x24, 0xEB, 0x34, 0xEC, 0xD9, 0xEC, 0xDD, 0xEB,
  0x94, 0xEA, 0x41, 0xEA, 0x5B, 0xEB, 0x08, 0xEB, 0xEF, 0xEA, 0x11, 0xEA,
  0xDF, 0xE9, 0xCC, 0xE9, 0xB3, 0xE9, 0xF3, 0xE9, 0xAB, 0xE9, 0x03, 0xE9,
  0xCB, 0xE9, 0x59, 0xE9, 0xE2, 0xE8, 0x5A, 0xEA, 0xB1, 0xEA, 0x80, 0xEA,
  0x56, 0xEB, 0x6F, 0xEA, 0xA4, 0xE9, 0x6A, 0xEA, 0xBC, 0xEA, 0xA2, 0xEA,
  0x7D, 0xEB, 0x0D, 0xEB, 0xEF, 0xEA, 0x20, 0xEA, 0xFB, 0xE9, 0xD3, 0xE9,
  0xDC, 0xE9, 0xF5, 0xE9, 0x32, 0xEB, 0x5A, 0xEA, 0x9D, 0xEA, 0x75, 0xEB,
  0xB8, 0xEA, 0xE7, 0xEA, 0x26, 0xEB, 0x27, 0xEC, 0x16, 0xEC, 0xE8, 0xEC,
  0xBC, 0xEC, 0x8B, 0xEB, 0xEB, 0xEB, 0xA1, 0xEA, 0x9E, 0xE9, 0xEA, 0xE9,
  0x5F, 0xEA, 0x93, 0xE9, 0xA2, 0xE9, 0x38, 0x15, 0x67, 0x15, 0x91, 0x14,
  0x79, 0x15, 0x99, 0x15, 0xB7, 0x14, 0x14, 0x16, 0x50, 0x15, 0x7C, 0x15,
  0xA9, 0x15, 0x37, 0x15, 0xBB, 0x14, 0x15, 0x14, 0x5F, 0x15, 0x7D, 0x16,
  0xB4, 0x16, 0x0A, 0x17, 0x3A, 0x17, 0x12, 0x16, 0x11, 0x17, 0xAA, 0x16,
  0x23, 0x17, 0x57, 0x16, 0x27, 0x16, 0x17, 0x16, 0x84, 0x15, 0x4E, 0x15,
  0x0A, 0x16, 0x31, 0x17, 0x5D, 0x17, 0x42, 0x17, 0x30, 0x16, 0x5F, 0x15,
  0x4F, 0x15, 0x64, 0x14, 0xAF, 0x15, 0xD1, 0x15, 0xFD, 0x16, 0x5A, 0x17,
  0x18, 0x16, 0xED, 0x15, 0x5D, 0x15, 0xDD, 0x15, 0x66, 0x15, 0x18, 0x15,
  0x0E, 0x15, 0x4C, 0x14, 0x27, 0x15, 0x9B, 0x14, 0xEF, 0x13, 0x22, 0x15,
  0xAF, 0x15, 0xC7, 0x14, 0xDC, 0x14, 0xFB, 0x14, 0xAE, 0x15, 0xFE, 0x14,
  0xB4, 0x14, 0xAA, 0x14, 0x94, 0x14, 0x73, 0x14, 0xCF, 0xE9, 0x80, 0xE9,
  0x4E, 0xEA, 0x6E, 0xE9, 0x4B, 0xE9, 0xCA, 0xE9, 0x57, 0xEA, 0xBD, 0xE9,
  0x17, 0xEB, 0xB0, 0xEB, 0x8D, 0xEB, 0x03, 0xEB, 0xF6, 0xEB, 0x6D, 0xEB,
  0xFE, 0xEA, 0xFD, 0xEB, 0x9A, 0xEC, 0x35, 0xED, 0xCF, 0xED, 0x1B, 0xEE,
  0x04, 0xED, 0x8B, 0xEB, 0x6D, 0xEB, 0xD5, 0xEA, 0x65, 0xEA, 0x73, 0xEB,
  0x4B, 0xEB, 0xF2, 0xEA, 0x42, 0xEB, 0x08, 0xEA, 0xE6, 0xE9, 0x45, 0xEA,
  0x36, 0xEB, 0x0B, 0xEC, 0xDE, 0xEA, 0x77, 0xEB, 0x4A, 0xEA, 0xDE, 0xEA,
  0x93, 0xEB, 0xB7, 0xEA, 0x73, 0xEA, 0x8A, 0xEA, 0xB8, 0xE9, 0x82, 0xEA,
  0x69, 0xEA, 0x53, 0xEA, 0xBC, 0xEA, 0xED, 0xEA, 0x4D, 0xEB, 0x0D, 0xEB,
  0xC1, 0xEB, 0xA2, 0xEB, 0xFF, 0xEA, 0x76, 0xEB, 0x4D, 0xEA, 0xF8, 0xEA,
  0x6A, 0xEB, 0x33, 0xEA, 0xA4, 0xE9, 0xAF, 0xE9, 0x6D, 0xE9, 0x49, 0xE9,
  0xC1, 0x14, 0xF9, 0x14, 0xCA, 0x15, 0x8F, 0x16, 0xB3, 0x15, 0x24, 0x16,
  0x3D, 0x15, 0x47, 0x15, 0x27, 0x16, 0x95, 0x16, 0xB8, 0x15, 0xFE, 0x15,
  0xBE, 0x16, 0xDE, 0x16, 0xC1, 0x16, 0xAB, 0x16, 0x78, 0x16, 0xB5, 0x15,
  0x56, 0x15, 0xDE, 0x15, 0x90, 0x15, 0xC5, 0x15, 0xB7, 0x14, 0xF3, 0x15,
  0x8C, 0x16, 0xEE, 0x15, 0xF3, 0x15, 0x2C, 0x15, 0x7F, 0x15, 0xBF, 0x15,
  0xA2, 0x15, 0x5E, 0x15, 0x38, 0x15, 0xFE, 0x15, 0xC6, 0x15, 0xBF, 0x16,
  0x87, 0x15, 0x71, 0x15, 0xD8, 0x15, 0x87, 0x16, 0x24, 0x17, 0x67, 0x17,
  0xA1, 0x17, 0xB3, 0x17, 0xB1, 0x17, 0x08, 0x18, 0x40, 0x18, 0x5E, 0x18,
  0xFB, 0x17, 0x7B, 0x17, 0xB5, 0x16, 0x5A, 0x15, 0x63, 0x14, 0x2C, 0x15,
  0xED, 0x14, 0xD0, 0x15, 0xD3, 0x15, 0xE3, 0x15, 0x60, 0x15, 0xD2, 0x15,
  0xCC, 0x15, 0xC5, 0xEA, 0x37, 0xEA, 0x6A, 0xEA, 0x29, 0xEA, 0xA0, 0xE9,
  0x36, 0xE9, 0x25, 0xE9, 0x57, 0xE9, 0x7A, 0xE9, 0xDC, 0xE9, 0x53, 0xE9,
  0x29, 0xEA, 0x0F, 0xEA, 0x6B, 0xE9, 0x7A, 0xEA, 0xC6, 0xEA, 0x8E, 0xEB,
  0xE3, 0xEB, 0x23, 0xEC, 0xAE, 0xEA, 0x70, 0xEA, 0x96, 0xEA, 0x73, 0xEA,
  0xC3, 0xEA, 0x8C, 0xE9, 0x36, 0xE9, 0x65, 0xE9, 0x62, 0xE9, 0x6E, 0xE9,
  0x10, 0xEA, 0x4D, 0xEA, 0xC5, 0xE9, 0x8D, 0xE9, 0x5F, 0xEA, 0x21, 0xEA,
  0xDD, 0xEA, 0x9C, 0xEA, 0xE4, 0xEA, 0xB9, 0xE9, 0x79, 0xEA, 0x35, 0xEB,
  0x1F, 0xEA, 0x90, 0xE9, 0x7B, 0xE9, 0xFF, 0xE9, 0xA4, 0xEA, 0x06, 0xEB,
  0x32, 0xEA, 0x28, 0xEA, 0xE1, 0xE9, 0x04, 0xE9, 0xF4, 0xE8, 0xC6, 0xE9,
  0x72, 0xEA, 0x2D, 0xEA, 0x0F, 0xEA, 0xF2, 0xEA, 0xCF, 0xEA, 0x90, 0xEA,
  0xE6, 0xEA, 0x31, 0xEB, 0xB0, 0x16, 0x19, 0x17, 0xE3, 0x16, 0x56, 0x16,
  0x28, 0x16, 0x33, 0x16, 0x2D, 0x15, 0x5F, 0x14, 0xF7, 0x13, 0x67, 0x13,
  0x01, 0x14, 0x16, 0x15, 0xFF, 0x15, 0xF7, 0x14, 0xD8, 0x14, 0xB5, 0x14,
  0x4A, 0x15, 0xB7, 0x14, 0x61, 0x14, 0x1D, 0x15, 0x57, 0x15, 0xAB, 0x15,
  0x1D, 0x16, 0x79, 0x15, 0x17, 0x16, 0xC6, 0x15, 0x54, 0x16, 0x8D, 0x16,
  0xFE, 0x15, 0xB3, 0x16, 0xC0, 0x16, 0x7C, 0x16, 0x00, 0x16, 0x4C, 0x16,
  0x82, 0x15, 0xA4, 0x15, 0x28, 0x16, 0x6D, 0x15, 0x36, 0x16, 0x90, 0x16,
  0xC3, 0x16, 0x67, 0x16, 0xA8, 0x16, 0xF6, 0x16, 0xF4, 0x15, 0xB2, 0x15,
  0x51, 0x16, 0x26, 0x16, 0x0E, 0x16, 0xD7, 0x15, 0x55, 0x15, 0x42, 0x15,
  0x40, 0x15, 0xD7, 0x15, 0x61, 0x16, 0xE4, 0x15, 0x0B, 0x15, 0xBE, 0x14,
  0x09, 0x14, 0x98, 0x13, 0xE3, 0x13, 0xF9, 0xE8, 0xE3, 0xE8, 0x6A, 0xE8,
  0x6D, 0xE9, 0x10, 0xE9, 0x2F, 0xE9, 0x54, 0xE9, 0xA4, 0xE8, 0x9A, 0xE8,
  0x7A, 0xE8, 0x70, 0xE8, 0xD4, 0xE8, 0xFA, 0xE8, 0xD7, 0xE8, 0xDB, 0xE9,
  0x40, 0xE9, 0xE0, 0xE9, 0xBA, 0xEA, 0x77, 0xEA, 0xBD, 0xEA, 0xDE, 0xEA,
  0x35, 0xEB, 0x4D, 0xEA, 0xF9, 0xE9, 0x95, 0xEA, 0xE4, 0xE9, 0x0C, 0xEA,
  0x5E, 0xE9, 0x53, 0xE9, 0x55, 0xE9, 0xF2, 0xE8, 0x8B, 0xE9, 0x32, 0xE9,
  0x91, 0xE9, 0x96, 0xE9, 0x9A, 0xE9, 0x11, 0xEA, 0x8F, 0xE9, 0xFB, 0xE8,
  0x8B, 0xE9, 0xFA, 0xE9, 0xE3, 0xE9, 0xFE, 0xE9, 0x6E, 0xE9, 0xA4, 0xE9,
  0x3E, 0xEA, 0x29, 0xEA, 0x97, 0xE9, 0x95, 0xE9, 0x95, 0xE9, 0x4F, 0xE9,
  0xEB, 0xE8, 0x1B, 0xE9, 0x4B, 0xE9, 0xE9, 0xE8, 0x20, 0xE9, 0xA5, 0xE9,
  0xC5, 0xE9, 0xAD, 0xE9, 0x3E, 0xE9, 0x5C, 0xE9, 0x10, 0xE9, 0x60, 0x15,
  0xCF, 0x15, 0xB0, 0x15, 0x6F, 0x15, 0x0D, 0x15, 0x72, 0x15, 0xE4, 0x14,
  0x4E, 0x15, 0x55, 0x15, 0x83, 0x15, 0x47, 0x16, 0x9D, 0x15, 0x0F, 0x15,
  0x40, 0x15, 0x85, 0x15, 0x4B, 0x15, 0xCA, 0x14, 0x1E, 0x15, 0x94, 0x15,
  0x50, 0x15, 0xD5, 0x14, 0xD2, 0x15, 0xA6, 0x15, 0x3C, 0x15, 0xEE, 0x15,
  0x9B, 0x15, 0x8B, 0x15, 0xA6, 0x15, 0x1B, 0x16, 0x58, 0x16, 0x97, 0x16,
  0xDC, 0x16, 0xA7, 0x16, 0x58, 0x16, 0xB9, 0x15, 0x81, 0x16, 0x80, 0x16,
  0x32, 0x16, 0xD9, 0x15, 0x62, 0x16, 0x7B, 0x16, 0xC9, 0x16, 0xFC, 0x16,
  0x8F, 0x16, 0xA9, 0x16, 0xBC, 0x16, 0xEF, 0x16, 0x4E, 0x16, 0xF9, 0x15,
  0x9C, 0x15, 0x62, 0x15, 0x0B, 0x16, 0x60, 0x16, 0xF3, 0x16, 0x74, 0x16,
  0xD0, 0x16, 0x93, 0x16, 0x90, 0x16, 0xFC, 0x16, 0x67, 0x17, 0xC1, 0x17,
  0xEA, 0xEB, 0x74, 0xEB, 0xCA, 0xEA, 0x11, 0xEB, 0xE7, 0xEA, 0x36, 0xEA,
  0xD9, 0xE9, 0xB7, 0xE9, 0xA6, 0xE9, 0xAF, 0xE9, 0x3F, 0xEA, 0x55, 0xEA,
  0x55, 0xEA, 0xFE, 0xE9, 0xB9, 0xEA, 0x2F, 0xEB, 0xF5, 0xEA, 0x3C, 0xEB,
  0x9D, 0xEB, 0x8A, 0xEB, 0x9C, 0xEB, 0xDF, 0xEA, 0x9E, 0xEA, 0x21, 0xEA,
  0x74, 0xEA, 0xBB, 0xEA, 0x44, 0xEA, 0xCA, 0xE9, 0xD8, 0xE9, 0x53, 0xEA,
  0x46, 0xEA, 0xC6, 0xEA, 0x94, 0xEA, 0x81, 0xEA, 0xED, 0xE9, 0x8F, 0xE9,
  0x78, 0xE9, 0x0F, 0xE9, 0xAB, 0xE9, 0x96, 0xE9, 0x6D, 0xE9, 0x2E, 0xEA,
  0xE4, 0xE9, 0xA8, 0xE9, 0xA7, 0xE9, 0x2E, 0xEA, 0xBB, 0xEA, 0x03, 0xEB,
  0xDD, 0xEA, 0xEF, 0xEA, 0x60, 0xEA, 0x70, 0xEA, 0x32, 0xEA, 0x4A, 0xEA,
  0xC8, 0xE9, 0xB4, 0xE9, 0x66, 0xEA, 0xEB, 0xE9, 0xC0, 0xE9, 0x71, 0xE9,
  0x6C, 0xE9, 0x45, 0x15, 0xF6, 0x15, 0xA5, 0x15, 0x0C, 0x16, 0xDE, 0x15,
  0x88, 0x15, 0x0B, 0x16, 0x60, 0x16, 0x23, 0x16, 0xC5, 0x15, 0x45, 0x16,
  0x1D, 0x16, 0x96, 0x15, 0x91, 0x15, 0x11, 0x16, 0x0E, 0x16, 0x54, 0x16,
  0xB6, 0x16, 0x13, 0x16, 0x0F, 0x16, 0x7C, 0x15, 0xB0, 0x15, 0x2C, 0x16,
  0xEA, 0x15, 0x90, 0x15, 0xEC, 0x15, 0x7D, 0x15, 0x0A, 0x15, 0x37, 0x15,
  0x4D, 0x15, 0x0A, 0x15, 0x8E, 0x15, 0xE9, 0x15, 0x9C, 0x15, 0x28, 0x16,
  0xB4, 0x15, 0xD9, 0x15, 0x5E, 0x15, 0x50, 0x15, 0x9F, 0x15, 0x6C, 0x15,
  0x0E, 0x15, 0xB3, 0x14, 0x11, 0x15, 0xA2, 0x15, 0x86, 0x15, 0x83, 0x15,
  0x36, 0x15, 0xD4, 0x15, 0x7D, 0x15, 0xED, 0x15, 0x99, 0x15, 0xF4, 0x15,
  0x1D, 0x16, 0xBE, 0x15, 0x01, 0x16, 0x9E, 0x15, 0xCE, 0x15, 0xAF, 0x15,
  0xF2, 0x15, 0x10, 0x16, 0x25, 0xEA, 0xC5, 0xE9, 0xB5, 0xE9, 0x36, 0xEA,
  0x9A, 0xEA, 0xFA, 0xEA, 0x88, 0xEA, 0x81, 0xEA, 0xC4, 0xEA, 0x36, 0xEA,
  0x8D, 0xEA, 0x7E, 0xEA, 0x86, 0xEA, 0x1A, 0xEA, 0x5C, 0xEA, 0x64, 0xEA,
  0x31, 0xEA, 0x2A, 0xEA, 0x8B, 0xEA, 0x75, 0xEA, 0x0E, 0xEA, 0xE7, 0xE9,
  0xBB, 0xE9, 0x87, 0xE9, 0x08, 0xEA, 0xB5, 0xE9, 0x89, 0xE9, 0xB7, 0xE9,
  0x24, 0xEA, 0x53, 0xEA, 0x14, 0xEA, 0x56, 0xEA, 0x3D, 0xEA, 0x3E, 0xEA,
  0x36, 0xEA, 0x50, 0xEA, 0xE3, 0xE9, 0xAA, 0xE9, 0xE5, 0xE9, 0x18, 0xEA,
  0x33, 0xEA, 0x37, 0xEA, 0x1A, 0xEA, 0x11, 0xEA, 0xFC, 0xE9, 0x57, 0xEA,
  0x54, 0xEA, 0x2B, 0xEA, 0x7A, 0xEA, 0xB6, 0xEA, 0x39, 0xEA, 0x1A, 0xEA,
  0xF6, 0xE9, 0xB2, 0xE9, 0x44, 0xEA, 0xAE, 0xEA, 0x44, 0xEA, 0x6A, 0xEA,
  0x3B, 0xEA, 0x20, 0xEA, 0xE8, 0xE9, 0x48, 0xEA, 0xDD, 0x15, 0x16, 0x16,
  0x3A, 0x16, 0x21, 0x16, 0x7B, 0x16, 0x2A, 0x16, 0x3E, 0x16, 0xE4, 0x15,
  0x2C, 0x16, 0x0B, 0x16, 0x5F, 0x16, 0x61, 0x16, 0x99, 0x16, 0xCA, 0x16,
  0x38, 0x16, 0xDA, 0x15, 0x25, 0x16, 0x59, 0x16, 0x31, 0x16, 0xBE, 0x15,
  0x98, 0x15, 0x84, 0x15, 0x47, 0x15, 0x3A, 0x15, 0x19, 0x15, 0x78, 0x15,
  0xA6, 0x15, 0xBA, 0x15, 0x7E, 0x15, 0xD2, 0x15, 0x1D, 0x16, 0xF7, 0x15,
  0xBB, 0x15, 0x12, 0x16, 0x16, 0x16, 0xD7, 0x15, 0xF2, 0x15, 0xB0, 0x15,
  0xE9, 0x15, 0xE9, 0x15, 0x0D, 0x16, 0x58, 0x16, 0xF7, 0x15, 0x2E, 0x16,
  0xDB, 0x15, 0x93, 0x15, 0xF5, 0x15, 0x9E, 0x15, 0xFC, 0x15, 0x96, 0x15,
  0x7C, 0x15, 0xB6, 0x15, 0x8B, 0x15, 0x8B, 0x15, 0x76, 0x15, 0xBB, 0x15,
  0xAC, 0x15, 0x83, 0x15, 0x47, 0x15, 0x5D, 0x15, 0x6F, 0x15, 0x0A, 0xEA,
  0x08, 0xEA, 0x0C, 0xEA, 0xEE, 0xE9, 0xBA, 0xE9, 0xDC, 0xE9, 0xB6, 0xE9,
  0xE7, 0xE9, 0xBC, 0xE9, 0x1D, 0xEA, 0xEB, 0xE9, 0x44, 0xEA, 0x68, 0xEA,
  0x32, 0xEA, 0x42, 0xEA, 0x62, 0xEA, 0xAB, 0xEA, 0x97, 0xEA, 0x55, 0xEA,
  0x86, 0xEA, 0x3C, 0xEA, 0x3E, 0xEA, 0xFF, 0xE9, 0xC9, 0xE9, 0x07, 0xEA,
  0xF2, 0xE9, 0x21, 0xEA, 0x3D, 0xEA, 0x85, 0xEA, 0x8C, 0xEA, 0x40, 0xEA,
  0x5E, 0xEA, 0x9C, 0xEA, 0x6D, 0xEA, 0x7A, 0xEA, 0x52, 0xEA, 0x82, 0xEA,
  0xBB, 0xEA, 0xC6, 0xEA, 0xE3, 0xEA, 0xAD, 0xEA, 0xB1, 0xEA, 0x9A, 0xEA,
  0x8C, 0xEA, 0x4B, 0xEA, 0x27, 0xEA, 0x32, 0xEA, 0x62, 0xEA, 0x7A, 0xEA,
  0x5C, 0xEA, 0x6A, 0xEA, 0x35, 0xEA, 0x33, 0xEA, 0x4B, 0xEA, 0x7B, 0xEA,
  0x2D, 0xEA, 0x47, 0xEA, 0x27, 0xEA, 0x65, 0xEA, 0x8A, 0xEA, 0xB5, 0xEA,
  0x47, 0x16, 0x61, 0x16, 0x36, 0x16, 0x12, 0x16, 0xF6, 0x15, 0xB6, 0x15,
  0x79, 0x15, 0xBF, 0x15, 0xB4, 0x15, 0xE2, 0x15, 0x05, 0x16, 0xC0, 0x15,
  0xE1, 0x15, 0xDE, 0x15, 0xFF, 0x15, 0x05, 0x16, 0x07, 0x16, 0xE0, 0x15,
  0xFE, 0x15, 0xF0, 0x15, 0xC0, 0x15, 0xB0, 0x15, 0xA7, 0x15, 0x75, 0x15,
  0xA8, 0x15, 0xDC, 0x15, 0x07, 0x16, 0xC1, 0x15, 0xD6, 0x15, 0xB0, 0x15,
  0x7F, 0x15, 0xB4, 0x15, 0xDC, 0x15, 0xBB, 0x15, 0xA1, 0x15, 0xCF, 0x15,
  0xD3, 0x15, 0xEF, 0x15, 0xFF, 0x15, 0xD9, 0x15, 0xF7, 0x15, 0xD2, 0x15,
  0xEF, 0x15, 0xD4, 0x15, 0xE3, 0x15, 0xFE, 0x15, 0x04, 0x16, 0xE2, 0x15,
  0xCB, 0x15, 0xE2, 0x15, 0xE4, 0x15, 0xBA, 0x15, 0xB0, 0x15, 0x9B, 0x15,
  0x9B, 0x15, 0xA1, 0x15, 0x9E, 0x15, 0x84, 0x15, 0x74, 0x15, 0x6A, 0x15,
  0x8A, 0x15, 0xEA, 0xE9, 0x11, 0xEA, 0x07, 0xEA, 0x01, 0xEA, 0x21, 0xEA,
  0x1B, 0xEA, 0x39, 0xEA, 0x24, 0xEA, 0x38, 0xEA, 0x1A, 0xEA, 0xFD, 0xE9,
  0x1A, 0xEA, 0x1C, 0xEA, 0x16, 0xEA, 0xFA, 0xE9, 0x23, 0xEA, 0x36, 0xEA,
  0x26, 0xEA, 0x10, 0xEA, 0xFE, 0xE9, 0xF6, 0xE9, 0x0B, 0xEA, 0x34, 0xEA,
  0x51, 0xEA, 0x34, 0xEA, 0x45, 0xEA, 0x58, 0xEA, 0x3F, 0xEA, 0x32, 0xEA,
  0x1B, 0xEA, 0x13, 0xEA, 0x25, 0xEA, 0x27, 0xEA, 0x1D, 0xEA, 0x3B, 0xEA,
  0x2A, 0xEA, 0x19, 0xEA, 0x24, 0xEA, 0x3B, 0xEA, 0x52, 0xEA, 0x5B, 0xEA,
  0x4F, 0xEA, 0x63, 0xEA, 0x4B, 0xEA, 0x4D, 0xEA, 0x32, 0xEA, 0x42, 0xEA,
  0x54, 0xEA, 0x63, 0xEA, 0x59, 0xEA, 0x5F, 0xEA, 0x47, 0xEA, 0x54, 0xEA,
  0x3A, 0xEA, 0x33, 0xEA, 0x38, 0xEA, 0x2F, 0xEA, 0x44, 0xEA, 0x38, 0xEA,
  0x4A, 0xEA, 0x4E, 0xEA, 0xD3, 0x15, 0xDF, 0x15, 0xE8, 0x15, 0xD5, 0x15,
  0xCE, 0x15, 0xD6, 0x15, 0xC5, 0x15, 0xC0, 0x15, 0xC1, 0x15, 0xBB, 0x15,
  0xCA, 0x15, 0xC8, 0x15, 0xCD, 0x15, 0xC4, 0x15, 0xC5, 0x15, 0xC1, 0x15,
  0xBF, 0x15, 0xC8, 0x15, 0xBF, 0x15, 0xBD, 0x15, 0xC1, 0x15, 0xC2, 0x15,
  0xC0, 0x15, 0xBB, 0x15, 0xB3, 0x15, 0xB2, 0x15, 0xB1, 0x15, 0xB5, 0x15,
  0xBE, 0x15, 0xC4, 0x15, 0xC3, 0x15, 0xC9, 0x15, 0xC7, 0x15, 0xC8, 0x15,
  0xC6, 0x15, 0xC9, 0x15, 0xC3, 0x15, 0xBF, 0x15, 0xC1, 0x15, 0xC4, 0x15,
  0xC6, 0x15, 0xC4, 0x15, 0xC6, 0x15, 0xC7, 0x15, 0xC7, 0x15, 0xC7, 0x15,
  0xC4, 0x15, 0xC4, 0x15, 0xC3, 0x15, 0xC3, 0x15, 0xC2, 0x15, 0xC2, 0x15,
  0xC2, 0x15, 0xC2, 0x15, 0xC2, 0x15, 0xC2, 0x15, 0xC2, 0x15, 0xC2, 0x15,
  0xC2, 0x15, 0xC2, 0x15, 0xC2, 0x15, 0xC2, 0x15, 0x3E, 0xEA, 0x3E, 0xEA,
  0x3E, 0xEA, 0x3E, 0xEA, 0x3E, 0xEA, 0x3E, 0xEA, 0x3E, 0xEA, 0x3E, 0xEA,
  0x3E, 0xEA, 0x3E, 0xEA, 0x3E, 0xEA, 0x3E, 0xEA, 0x3E, 0xEA, 0x3E, 0xEA,
  0x3E, 0xEA, 0x3E, 0xEA, 0x3E, 0xEA, 0x3E, 0xEA, 0x3E, 0xEA, 0x3E, 0xEA,
  0x3E, 0xEA, 0x3E, 0xEA, 0x3E, 0xEA, 0x3E, 0xEA, 0x3E, 0xEA, 0x3E, 0xEA,
  0x3E, 0xEA, 0x3E, 0xEA, 0x3E, 0xEA, 0x3E, 0xEA, 0x3E, 0xEA, 0x3E, 0xEA,
  0x3E, 0xEA, 0x3E, 0xEA, 0x3E, 0xEA, 0x3E, 0xEA, 0x3E, 0xEA, 0x3E, 0xEA,
  0x3E, 0xEA, 0x3E, 0xEA, 0x3E, 0xEA, 0x3E, 0xEA, 0x3E, 0xEA, 0x3E, 0xEA,
  0x3E, 0xEA, 0x3E, 0xEA, 0x3E, 0xEA, 0x3E, 0xEA, 0x3E, 0xEA, 0x3E, 0xEA,
  0x3E, 0xEA, 0x3E, 0xEA, 0x3E, 0xEA, 0x3E, 0xEA, 0x3E, 0xEA, 0x3E, 0xEA,
  0x3E, 0xEA, 0x3E, 0xEA, 0x3E, 0xEA, 0x3E, 0xEA, 0x3E, 0xEA, 0xC2, 0x15,
  0xC2, 0x15, 0xC2, 0x15, 0xC2, 0x15, 0xC2, 0x15, 0xC2, 0x15, 0xC2, 0x15,
  0xC2, 0x15, 0xC2, 0x15, 0xC2, 0x15, 0xC2, 0x15, 0xC2, 0x15, 0xC2, 0x15,
  0xC2, 0x15, 0xC2, 0x15, 0xC2, 0x15, 0xC2, 0x15, 0xC2, 0x15, 0xC2, 0x15,
  0xC2, 0x15, 0xC2, 0x15, 0xC2, 0x15, 0xC2, 0x15, 0xC2, 0x15, 0xC2, 0x15,
  0xC2, 0x15, 0xC2, 0x15, 0xC2, 0x15, 0xC2, 0x15, 0xC2, 0x15, 0xC2, 0x15,
  0xC2, 0x15, 0xC2, 0x15, 0xC2, 0x15, 0xC2, 0x15, 0xC2, 0x15, 0xC2, 0x15,
  0xC2, 0x15, 0xC2, 0x15, 0xC2, 0x15, 0xC2, 0x15, 0xC2, 0x15, 0xC2, 0x15,
  0xC2, 0x15, 0xC2, 0x15, 0xC2, 0x15, 0xC2, 0x15, 0xC2, 0x15, 0xC2, 0x15,
  0xC2, 0x15, 0xC2, 0x15, 0xC2, 0x15, 0xC2, 0x15, 0xC2, 0x15, 0xC2, 0x15,
  0xC2, 0x15, 0xC2, 0x15, 0xC2, 0x15, 0xC2, 0x15, 0xC2, 0x15, 0xC2, 0x15,
  0x3E, 0xEA, 0x3E, 0xEA, 0x3E, 0xEA, 0x3E, 0xEA, 0x3E, 0xEA, 0x3E, 0xEA,
  0x3E, 0xEA, 0x3E, 0xEA, 0x3E, 0xEA, 0x3E, 0xEA, 0x3E, 0xEA, 0x3E, 0xEA,
  0x3E, 0xEA, 0x3E, 0xEA, 0x3E, 0xEA, 0x3E, 0xEA, 0x3E, 0xEA, 0x3E, 0xEA,
  0x3E, 0xEA, 0x3E, 0xEA, 0x3E, 0xEA, 0x3E, 0xEA, 0x3E, 0xEA, 0x3E, 0xEA,
  0x3E, 0xEA, 0x3E, 0xEA, 0x3E, 0xEA, 0x3E, 0xEA, 0x3E, 0xEA, 0x3E, 0xEA,
  0x3E, 0xEA, 0x3E, 0xEA, 0x3E, 0xEA, 0x3E, 0xEA, 0x3E, 0xEA, 0x3E, 0xEA,
  0x3E, 0xEA, 0x3E, 0xEA, 0x3E, 0xEA, 0x3E, 0xEA, 0x3E, 0xEA, 0x3E, 0xEA,
  0x3E, 0xEA, 0x3E, 0xEA, 0x3E, 0xEA, 0x3E, 0xEA, 0x3E, 0xEA, 0x3E, 0xEA,
  0x3E, 0xEA, 0x3E, 0xEA, 0x3E, 0xEA, 0x3E, 0xEA, 0x3E, 0xEA, 0x3E, 0xEA,
  0x3E, 0xEA, 0x3E, 0xEA, 0x3E, 0xEA, 0x3E, 0xEA, 0x3E, 0xEA, 0x3E, 0xEA,
  0x3E, 0xEA, 0xC2, 0x15, 0xC2, 0x15, 0xC2, 0x15, 0xC2, 0x15, 0xC2, 0x15,
  0xC2, 0x15, 0xC2, 0x15, 0xC2, 0x15, 0xC2, 0x15, 0xC2, 0x15, 0xC2, 0x15,
  0xC2, 0x15, 0xC2, 0x15, 0xC2, 0x15, 0xC2, 0x15, 0xC2, 0x15, 0xC2, 0x15,
  0xC2, 0x15, 0xC2, 0x15, 0xC2, 0x15, 0xC2, 0x15, 0xC2, 0x15, 0xC2, 0x15,
  0xC2, 0x15, 0xC2, 0x15, 0xC2, 0x15, 0xC2, 0x15, 0xC2, 0x15, 0xC2, 0x15,
  0xC2, 0x15, 0xC2, 0x15, 0xC2, 0x15, 0xC2, 0x15, 0xC2, 0x15, 0xC2, 0x15,
  0xC2, 0x15, 0xC2, 0x15, 0xC2, 0x15, 0xC2, 0x15, 0xC2, 0x15, 0xC2, 0x15,
  0xC2, 0x15, 0xC2, 0x15, 0xC2, 0x15, 0xC2, 0x15, 0xC2, 0x15, 0xC2, 0x15,
  0xC2, 0x15, 0xC2, 0x15, 0xC2, 0x15, 0xC2, 0x15, 0xC2, 0x15, 0xC2, 0x15,
  0xC2, 0x15, 0xC2, 0x15, 0xC2, 0x15, 0xC2, 0x15, 0xC2, 0x15, 0xC2, 0x15,
  0xC2, 0x15, 0xC2, 0x15, 0xC2, 0x15, 0x3E, 0xEA, 0x3E, 0xEA, 0x3E, 0xEA,
  0x3E, 0xEA, 0x3E, 0xEA, 0x3E, 0xEA, 0x3E, 0xEA, 0x3E, 0xEA, 0x3E, 0xEA,
  0x3E, 0xEA, 0x3E, 0xEA, 0x3E, 0xEA, 0x3E, 0xEA, 0x3E, 0xEA, 0x3E, 0xEA,
  0x3E, 0xEA, 0x3E, 0xEA, 0x3E, 0xEA, 0x3E, 0xEA, 0x3E, 0xEA, 0x3E, 0xEA,
  0x3E, 0xEA, 0x3E, 0xEA, 0x3E, 0xEA, 0x3E, 0xEA, 0x3E, 0xEA, 0x3E, 0xEA,
  0x3E, 0xEA, 0x3E, 0xEA, 0x3E, 0xEA, 0x3E, 0xEA, 0x3E, 0xEA, 0x3E, 0xEA,
  0x3E, 0xEA, 0x3E, 0xEA, 0x3E, 0xEA, 0x3E, 0xEA, 0x3E, 0xEA, 0x3E, 0xEA,
  0x3E, 0xEA, 0x3E, 0xEA, 0x3E, 0xEA, 0x3E, 0xEA, 0x3E, 0xEA, 0x3E, 0xEA,
  0x3E, 0xEA, 0x3E, 0xEA, 0x3E, 0xEA, 0x3E, 0xEA, 0x3E, 0xEA, 0x3E, 0xEA,
  0x3E, 0xEA, 0x3E, 0xEA, 0x3E, 0xEA, 0x3E, 0xEA, 0x3E, 0xEA, 0x3E, 0xEA,
  0x3E, 0xEA, 0x3E, 0xEA, 0x3E, 0xEA, 0x3E, 0xEA, 0xC2, 0x15, 0xC2, 0x15,
  0xC2, 0x15, 0xC2, 0x15, 0xC2, 0x15, 0xC2, 0x15, 0xC2, 0x15, 0xC2, 0x15,
  0xC2, 0x15, 0xC2, 0x15, 0xC2, 0x15, 0xC2, 0x15, 0xC2, 0x15, 0xC2, 0x15,
  0xC2, 0x15, 0xC2, 0x15, 0xC2, 0x15, 0xC2, 0x15, 0xC2, 0x15, 0xC2, 0x15,
  0xC2, 0x15, 0xC2, 0x15, 0xC2, 0x15, 0xC2, 0x15, 0xC2, 0x15, 0xC2, 0x15,
  0xC2, 0x15, 0xC2, 0x15, 0xC2, 0x15, 0xC2, 0x15, 0xC2, 0x15, 0xC2, 0x15,
  0xC2, 0x15, 0xC2, 0x15, 0xC2, 0x15, 0xC2, 0x15, 0xC2, 0x15, 0xC2, 0x15,
  0xC2, 0x15, 0xC2, 0x15, 0xC2, 0x15, 0xC2, 0x15, 0xC2, 0x15, 0xC2, 0x15,
  0xC2, 0x15, 0xC2, 0x15, 0xC2, 0x15, 0xC2, 0x15, 0xC2, 0x15, 0xC2, 0x15,
  0xC2, 0x15, 0xC2, 0x15, 0xC2, 0x15, 0xC2, 0x15, 0xC2, 0x15, 0xC2, 0x15,
  0xC2, 0x15, 0xC2, 0x15, 0xC2, 0x15, 0xC2, 0x15, 0xC2, 0x15, 0x3E, 0xEA,
  0x3E, 0xEA, 0x3E, 0xEA, 0x3E, 0xEA, 0x3E, 0xEA, 0x3E, 0xEA, 0x3E, 0xEA,
  0x3E, 0xEA, 0x3E, 0xEA, 0x3E, 0xEA, 0x3E, 0xEA, 0x3E, 0xEA, 0x3E, 0xEA,
  0x3E, 0xEA, 0x3E, 0xEA, 0x3E, 0xEA, 0x3E, 0xEA, 0x3E, 0xEA, 0x3E, 0xEA,
  0x3E, 0xEA, 0x3E, 0xEA, 0x3E, 0xEA, 0x3E, 0xEA, 0x3E, 0xEA, 0x3E, 0xEA,
  0x3E, 0xEA, 0x3E, 0xEA, 0x3E, 0xEA, 0x3E, 0xEA, 0x3E, 0xEA, 0x3E, 0xEA,
  0x3E, 0xEA, 0x3E, 0xEA, 0x3E, 0xEA, 0x3E, 0xEA, 0x3E, 0xEA, 0x3E, 0xEA,
  0x3E, 0xEA, 0x3E, 0xEA, 0x3E, 0xEA, 0x3E, 0xEA, 0x3E, 0xEA, 0x3E, 0xEA,
  0x3E, 0xEA, 0x3E, 0xEA, 0x3E, 0xEA, 0x3E, 0xEA, 0x3E, 0xEA, 0x3E, 0xEA,
  0x3E, 0xEA, 0x3E, 0xEA, 0x3E, 0xEA, 0x3E, 0xEA, 0x3E, 0xEA, 0x3E, 0xEA,
  0x3E, 0xEA, 0x3E, 0xEA, 0x3E, 0xEA, 0x3E, 0xEA, 0x3E, 0xEA, 0x3E, 0xEA,
  0xC2, 0x15, 0xC2, 0x15, 0xBF, 0x15, 0xBC, 0x15, 0xB9, 0x15, 0xB6, 0x15,
  0xB3, 0x15, 0xAF, 0x15, 0xAC, 0x15, 0xA9, 0x15, 0xA6, 0x15, 0xA3, 0x15,
  0xA0, 0x15, 0x9C, 0x15, 0x99, 0x15, 0x96, 0x15, 0x93, 0x15, 0x90, 0x15,
  0x8D, 0x15, 0x8A, 0x15, 0x86, 0x15, 0x83, 0x15, 0x80, 0x15, 0x7D, 0x15,
  0x7A, 0x15, 0x77, 0x15, 0x73, 0x15, 0x70, 0x15, 0x6D, 0x15, 0x6A, 0x15,
  0x67, 0x15, 0x64, 0x15, 0x60, 0x15, 0x5D, 0x15, 0x5A, 0x15, 0x57, 0x15,
  0x54, 0x15, 0x51, 0x15, 0x4E, 0x15, 0x4A, 0x15, 0x47, 0x15, 0x44, 0x15,
  0x41, 0x15, 0x3E, 0x15, 0x3B, 0x15, 0x37, 0x15, 0x34, 0x15, 0x31, 0x15,
  0x2E, 0x15, 0x2B, 0x15, 0x28, 0x15, 0x24, 0x15, 0x21, 0x15, 0x1E, 0x15,
  0x1B, 0x15, 0x18, 0x15, 0x15, 0x15, 0x12, 0x15, 0x0E, 0x15, 0x0B, 0x15,
  0x08, 0x15, 0x05, 0x15, 0xFE, 0xEA, 0x01, 0xEB, 0x05, 0xEB, 0x08, 0xEB,
  0x0B, 0xEB, 0x0E, 0xEB, 0x11, 0xEB, 0x14, 0xEB, 0x17, 0xEB, 0x1B, 0xEB,
  0x1E, 0xEB, 0x21, 0xEB, 0x24, 0xEB, 0x27, 0xEB, 0x2A, 0xEB, 0x2E, 0xEB,
  0x31, 0xEB, 0x34, 0xEB, 0x37, 0xEB, 0x3A, 0xEB, 0x3D, 0xEB, 0x41, 0xEB,
  0x44, 0xEB, 0x47, 0xEB, 0x4A, 0xEB, 0x4D, 0xEB, 0x50, 0xEB, 0x53, 0xEB,
  0x57, 0xEB, 0x5A, 0xEB, 0x5D, 0xEB, 0x60, 0xEB, 0x63, 0xEB, 0x66, 0xEB,
  0x6A, 0xEB, 0x6D, 0xEB, 0x70, 0xEB, 0x73, 0xEB, 0x76, 0xEB, 0x79, 0xEB,
  0x7D, 0xEB, 0x80, 0xEB, 0x83, 0xEB, 0x86, 0xEB, 0x89, 0xEB, 0x8C, 0xEB,
  0x8F, 0xEB, 0x93, 0xEB, 0x96, 0xEB, 0x99, 0xEB, 0x9C, 0xEB, 0x9F, 0xEB,
  0xA2, 0xEB, 0xA6, 0xEB, 0xA9, 0xEB, 0xAC, 0xEB, 0xAF, 0xEB, 0xB2, 0xEB,
  0xB5, 0xEB, 0xB9, 0xEB, 0xBC, 0xEB, 0x41, 0x14, 0x3E, 0x14, 0x3B, 0x14,
  0x38, 0x14, 0x35, 0x14, 0x31, 0x14, 0x2E, 0x14, 0x2B, 0x14, 0x28, 0x14,
  0x25, 0x14, 0x22, 0x14, 0x1E, 0x14, 0x1B, 0x14, 0x18, 0x14, 0x15, 0x14,
  0x12, 0x14, 0x0F, 0x14, 0x0B, 0x14, 0x08, 0x14, 0x05, 0x14, 0x02, 0x14,
  0xFF, 0x13, 0xFC, 0x13, 0xF9, 0x13, 0xF5, 0x13, 0xF2, 0x13, 0xEF, 0x13,
  0xEC, 0x13, 0xE9, 0x13, 0xE6, 0x13, 0xE2, 0x13, 0xDF, 0x13, 0xDC, 0x13,
  0xD9, 0x13, 0xD6, 0x13, 0xD3, 0x13, 0xCF, 0x13, 0xCC, 0x13, 0xC9, 0x13,
  0xC6, 0x13, 0xC3, 0x13, 0xC0, 0x13, 0xBD, 0x13, 0xB9, 0x13, 0xB6, 0x13,
  0xB3, 0x13, 0xB0, 0x13, 0xAD, 0x13, 0xAA, 0x13, 0xA6, 0x13, 0xA3, 0x13,
  0xA0, 0x13, 0x9D, 0x13, 0x9A, 0x13, 0x97, 0x13, 0x93, 0x13, 0x90, 0x13,
  0x8D, 0x13, 0x8A, 0x13, 0x87, 0x13, 0x84, 0x13, 0x7F, 0xEC, 0x83, 0xEC,
  0x86, 0xEC, 0x89, 0xEC, 0x8C, 0xEC, 0x8F, 0xEC, 0x92, 0xEC, 0x96, 0xEC,
  0x99, 0xEC, 0x9C, 0xEC, 0x9F, 0xEC, 0xA2, 0xEC, 0xA5, 0xEC, 0xA9, 0xEC,
  0xAC, 0xEC, 0xAF, 0xEC, 0xB2, 0xEC, 0xB5, 0xEC, 0xB8, 0xEC, 0xBB, 0xEC,
  0xBF, 0xEC, 0xC2, 0xEC, 0xC5, 0xEC, 0xC8, 0xEC, 0xCB, 0xEC, 0xCE, 0xEC,
  0xD2, 0xEC, 0xD5, 0xEC, 0xD8, 0xEC, 0xDB, 0xEC, 0xDE, 0xEC, 0xE1, 0xEC,
  0xE5, 0xEC, 0xE8, 0xEC, 0xEB, 0xEC, 0xEE, 0xEC, 0xF1, 0xEC, 0xF4, 0xEC,
  0xF7, 0xEC, 0xFB, 0xEC, 0xFE, 0xEC, 0x01, 0xED, 0x04, 0xED, 0x07, 0xED,
  0x0A, 0xED, 0x0E, 0xED, 0x11, 0xED, 0x14, 0xED, 0x17, 0xED, 0x1A, 0xED,
  0x1D, 0xED, 0x21, 0xED, 0x24, 0xED, 0x27, 0xED, 0x2A, 0xED, 0x2D, 0xED,
  0x30, 0xED, 0x33, 0xED, 0x37, 0xED, 0x3A, 0xED, 0x3D, 0xED, 0xC0, 0x12,
  0xBD, 0x12, 0xBA, 0x12, 0xB6, 0x12, 0xB3, 0x12, 0xB0, 0x12, 0xAD, 0x12,
  0xAA, 0x12, 0xA7, 0x12, 0xA3, 0x12, 0xA0, 0x12, 0x9D, 0x12, 0x9A, 0x12,
  0x97, 0x12, 0x94, 0x12, 0x91, 0x12, 0x8D, 0x12, 0x8A, 0x12, 0x87, 0x12,
  0x84, 0x12, 0x81, 0x12, 0x7E, 0x12, 0x7A, 0x12, 0x77, 0x12, 0x74, 0x12,
  0x71, 0x12, 0x6E, 0x12, 0x6B, 0x12, 0x67, 0x12, 0x64, 0x12, 0x61, 0x12,
  0x5E, 0x12, 0x5B, 0x12, 0x58, 0x12, 0x55, 0x12, 0x51, 0x12, 0x4E, 0x12,
  0x4B, 0x12, 0x48, 0x12, 0x45, 0x12, 0x42, 0x12, 0x3E, 0x12, 0x3B, 0x12,
  0x38, 0x12, 0x35, 0x12, 0x32, 0x12, 0x2F, 0x12, 0x2B, 0x12, 0x28, 0x12,
  0x25, 0x12, 0x22, 0x12, 0x1F, 0x12, 0x1C, 0x12, 0x19, 0x12, 0x15, 0x12,
  0x12, 0x12, 0x0F, 0x12, 0x0C, 0x12, 0x09, 0x12, 0x06, 0x12, 0x02, 0x12,
  0xFF, 0x11, 0x04, 0xEE, 0x07, 0xEE, 0x0A, 0xEE, 0x0D, 0xEE, 0x11, 0xEE,
  0x14, 0xEE, 0x17, 0xEE, 0x1A, 0xEE, 0x1D, 0xEE, 0x20, 0xEE, 0x23, 0xEE,
  0x27, 0xEE, 0x2A, 0xEE, 0x2D, 0xEE, 0x30, 0xEE, 0x33, 0xEE, 0x36, 0xEE,
  0x3A, 0xEE, 0x3D, 0xEE, 0x40, 0xEE, 0x43, 0xEE, 0x46, 0xEE, 0x49, 0xEE,
  0x4D, 0xEE, 0x50, 0xEE, 0x53, 0xEE, 0x56, 0xEE, 0x59, 0xEE, 0x5C, 0xEE,
  0x5F, 0xEE, 0x63, 0xEE, 0x66, 0xEE, 0x69, 0xEE, 0x6C, 0xEE, 0x6F, 0xEE,
  0x72, 0xEE, 0x76, 0xEE, 0x79, 0xEE, 0x7C, 0xEE, 0x7F, 0xEE, 0x82, 0xEE,
  0x85, 0xEE, 0x89, 0xEE, 0x8C, 0xEE, 0x8F, 0xEE, 0x92, 0xEE, 0x95, 0xEE,
  0x98, 0xEE, 0x9B, 0xEE, 0x9F, 0xEE, 0xA2, 0xEE, 0xA5, 0xEE, 0xA8, 0xEE,
  0xAB, 0xEE, 0xAE, 0xEE, 0xB2, 0xEE, 0xB5, 0xEE, 0xB8, 0xEE, 0xBB, 0xEE,
  0xBE, 0xEE, 0xC1, 0xEE, 0x3B, 0x11, 0x38, 0x11, 0x35, 0x11, 0x32, 0x11,
  0x2F, 0x11, 0x2C, 0x11, 0x29, 0x11, 0x25, 0x11, 0x22, 0x11, 0x1F, 0x11,
  0x1C, 0x11, 0x19, 0x11, 0x16, 0x11, 0x12, 0x11, 0x0F, 0x11, 0x0C, 0x11,
  0x09, 0x11, 0x06, 0x11, 0x03, 0x11, 0xFF, 0x10, 0xFC, 0x10, 0xF9, 0x10,
  0xF6, 0x10, 0xF3, 0x10, 0xF0, 0x10, 0xED, 0x10, 0xE9, 0x10, 0xE6, 0x10,
  0xE3, 0x10, 0xE0, 0x10, 0xDD, 0x10, 0xDA, 0x10, 0xD6, 0x10, 0xD3, 0x10,
  0xD0, 0x10, 0xCD, 0x10, 0xCA, 0x10, 0xC7, 0x10, 0xC3, 0x10, 0xC0, 0x10,
  0xBD, 0x10, 0xBA, 0x10, 0xB7, 0x10, 0xB4, 0x10, 0xB1, 0x10, 0xAD, 0x10,
  0xAA, 0x10, 0xA7, 0x10, 0xA4, 0x10, 0xA1, 0x10, 0x9E, 0x10, 0x9A, 0x10,
  0x97, 0x10, 0x94, 0x10, 0x91, 0x10, 0x8E, 0x10, 0x8B, 0x10, 0x87, 0x10,
  0x84, 0x10, 0x81, 0x10, 0x7E, 0x10, 0x85, 0xEF, 0x88, 0xEF, 0x8B, 0xEF,
  0x8F, 0xEF, 0x92, 0xEF, 0x95, 0xEF, 0x98, 0xEF, 0x9B, 0xEF, 0x9E, 0xEF,
  0xA2, 0xEF, 0xA5, 0xEF, 0xA8, 0xEF, 0xAB, 0xEF, 0xAE, 0xEF, 0xB1, 0xEF,
  0xB5, 0xEF, 0xB8, 0xEF, 0xBB, 0xEF, 0xBE, 0xEF, 0xC1, 0xEF, 0xC4, 0xEF,
  0xC7, 0xEF, 0xCB, 0xEF, 0xCE, 0xEF, 0xD1, 0xEF, 0xD4, 0xEF, 0xD7, 0xEF,
  0xDA, 0xEF, 0xDE, 0xEF, 0xE1, 0xEF, 0xE4, 0xEF, 0xE7, 0xEF, 0xEA, 0xEF,
  0xED, 0xEF, 0xF1, 0xEF, 0xF4, 0xEF, 0xF7, 0xEF, 0xFA, 0xEF, 0xFD, 0xEF,
  0x00, 0xF0, 0x03, 0xF0, 0x07, 0xF0, 0x0A, 0xF0, 0x0D, 0xF0, 0x10, 0xF0,
  0x13, 0xF0, 0x16, 0xF0, 0x1A, 0xF0, 0x1D, 0xF0, 0x20, 0xF0, 0x23, 0xF0,
  0x26, 0xF0, 0x29, 0xF0, 0x2D, 0xF0, 0x30, 0xF0, 0x33, 0xF0, 0x36, 0xF0,
  0x39, 0xF0, 0x3C, 0xF0, 0x3F, 0xF0, 0x43, 0xF0, 0xBA, 0x0F, 0xB7, 0x0F,
  0xB4, 0x0F, 0xB1, 0x0F, 0xAE, 0x0F, 0xAA, 0x0F, 0xA7, 0x0F, 0xA4, 0x0F,
  0xA1, 0x0F, 0x9E, 0x0F, 0x9B, 0x0F, 0x97, 0x0F, 0x94, 0x0F, 0x91, 0x0F,
  0x8E, 0x0F, 0x8B, 0x0F, 0x88, 0x0F, 0x85, 0x0F, 0x81, 0x0F, 0x7E, 0x0F,
  0x7B, 0x0F, 0x78, 0x0F, 0x75, 0x0F, 0x72, 0x0F, 0x6E, 0x0F, 0x6B, 0x0F,
  0x68, 0x0F, 0x65, 0x0F, 0x62, 0x0F, 0x5F, 0x0F, 0x5B, 0x0F, 0x58, 0x0F,
  0x55, 0x0F, 0x52, 0x0F, 0x4F, 0x0F, 0x4C, 0x0F, 0x49, 0x0F, 0x45, 0x0F,
  0x42, 0x0F, 0x3F, 0x0F, 0x3C, 0x0F, 0x39, 0x0F, 0x36, 0x0F, 0x32, 0x0F,
  0x2F, 0x0F, 0x2C, 0x0F, 0x29, 0x0F, 0x26, 0x0F, 0x23, 0x0F, 0x1F, 0x0F,
  0x1C, 0x0F, 0x19, 0x0F, 0x16, 0x0F, 0x13, 0x0F, 0x10, 0x0F, 0x0D, 0x0F,
  0x09, 0x0F, 0x06, 0x0F, 0x03, 0x0F, 0x00, 0x0F, 0xFD, 0x0E, 0xFA, 0x0E,
  0x0A, 0xF1, 0x0D, 0xF1, 0x10, 0xF1, 0x13, 0xF1, 0x16, 0xF1, 0x19, 0xF1,
  0x1D, 0xF1, 0x20, 0xF1, 0x23, 0xF1, 0x26, 0xF1, 0x29, 0xF1, 0x2C, 0xF1,
  0x2F, 0xF1, 0x33, 0xF1, 0x36, 0xF1, 0x39, 0xF1, 0x3C, 0xF1, 0x3F, 0xF1,
  0x42, 0xF1, 0x46, 0xF1, 0x49, 0xF1, 0x4C, 0xF1, 0x4F, 0xF1, 0x52, 0xF1,
  0x55, 0xF1, 0x59, 0xF1, 0x5C, 0xF1, 0x5F, 0xF1, 0x62, 0xF1, 0x65, 0xF1,
  0x68, 0xF1, 0x6B, 0xF1, 0x6F, 0xF1, 0x72, 0xF1, 0x75, 0xF1, 0x78, 0xF1,
  0x7B, 0xF1, 0x7E, 0xF1, 0x82, 0xF1, 0x85, 0xF1, 0x88, 0xF1, 0x8B, 0xF1,
  0x8E, 0xF1, 0x91, 0xF1, 0x95, 0xF1, 0x98, 0xF1, 0x9B, 0xF1, 0x9E, 0xF1,
  0xA1, 0xF1, 0xA4, 0xF1, 0xA7, 0xF1, 0xAB, 0xF1, 0xAE, 0xF1, 0xB1, 0xF1,
  0xB4, 0xF1, 0xB7, 0xF1, 0xBA, 0xF1, 0xBE, 0xF1, 0xC1, 0xF1, 0xC4, 0xF1,
  0xC7, 0xF1, 0x36, 0x0E, 0x33, 0x0E, 0x2F, 0x0E, 0x2C, 0x0E, 0x29, 0x0E,
  0x26, 0x0E, 0x23, 0x0E, 0x20, 0x0E, 0x1D, 0x0E, 0x19, 0x0E, 0x16, 0x0E,
  0x13, 0x0E, 0x10, 0x0E, 0x0D, 0x0E, 0x0A, 0x0E, 0x06, 0x0E, 0x03, 0x0E,
  0x00, 0x0E, 0xFD, 0x0D, 0xFA, 0x0D, 0xF7, 0x0D, 0xF3, 0x0D, 0xF0, 0x0D,
  0xED, 0x0D, 0xEA, 0x0D, 0xE7, 0x0D, 0xE4, 0x0D, 0xE1, 0x0D, 0xDD, 0x0D,
  0xDA, 0x0D, 0xD7, 0x0D, 0xD4, 0x0D, 0xD1, 0x0D, 0xCE, 0x0D, 0xCA, 0x0D,
  0xC7, 0x0D, 0xC4, 0x0D, 0xC1, 0x0D, 0xBE, 0x0D, 0xBB, 0x0D, 0xB7, 0x0D,
  0xB4, 0x0D, 0xB1, 0x0D, 0xAE, 0x0D, 0xAB, 0x0D, 0xA8, 0x0D, 0xA5, 0x0D,
  0xA1, 0x0D, 0x9E, 0x0D, 0x9B, 0x0D, 0x98, 0x0D, 0x95, 0x0D, 0x92, 0x0D,
  0x8E, 0x0D, 0x8B, 0x0D, 0x88, 0x0D, 0x85, 0x0D, 0x82, 0x0D, 0x7F, 0x0D,
  0x7B, 0x0D, 0x78, 0x0D, 0x8B, 0xF2, 0x8E, 0xF2, 0x91, 0xF2, 0x94, 0xF2,
  0x97, 0xF2, 0x9B, 0xF2, 0x9E, 0xF2, 0xA1, 0xF2, 0xA4, 0xF2, 0xA7, 0xF2,
  0xAA, 0xF2, 0xAE, 0xF2, 0xB1, 0xF2, 0xB4, 0xF2, 0xB7, 0xF2, 0xBA, 0xF2,
  0xBD, 0xF2, 0xC1, 0xF2, 0xC4, 0xF2, 0xC7, 0xF2, 0xCA, 0xF2, 0xCD, 0xF2,
  0xD0, 0xF2, 0xD3, 0xF2, 0xD7, 0xF2, 0xDA, 0xF2, 0xDD, 0xF2, 0xE0, 0xF2,
  0xE3, 0xF2, 0xE6, 0xF2, 0xEA, 0xF2, 0xED, 0xF2, 0xF0, 0xF2, 0xF3, 0xF2,
  0xF6, 0xF2, 0xF9, 0xF2, 0xFD, 0xF2, 0x00, 0xF3, 0x03, 0xF3, 0x06, 0xF3,
  0x09, 0xF3, 0x0C, 0xF3, 0x0F, 0xF3, 0x13, 0xF3, 0x16, 0xF3, 0x19, 0xF3,
  0x1C, 0xF3, 0x1F, 0xF3, 0x22, 0xF3, 0x26, 0xF3, 0x29, 0xF3, 0x2C, 0xF3,
  0x2F, 0xF3, 0x32, 0xF3, 0x35, 0xF3, 0x39, 0xF3, 0x3C, 0xF3, 0x3F, 0xF3,
  0x42, 0xF3, 0x45, 0xF3, 0x48, 0xF3, 0x4B, 0xF3, 0xB1, 0x0C, 0xAE, 0x0C,
  0xAB, 0x0C, 0xA8, 0x0C, 0xA5, 0x0C, 0xA2, 0x0C, 0x9E, 0x0C, 0x9B, 0x0C,
  0x98, 0x0C, 0x95, 0x0C, 0x92, 0x0C, 0x8F, 0x0C, 0x8C, 0x0C, 0x88, 0x0C,
  0x85, 0x0C, 0x82, 0x0C, 0x7F, 0x0C, 0x7C, 0x0C, 0x79, 0x0C, 0x75, 0x0C,
  0x72, 0x0C, 0x6F, 0x0C, 0x6C, 0x0C, 0x69, 0x0C, 0x66, 0x0C, 0x62, 0x0C,
  0x5F, 0x0C, 0x5C, 0x0C, 0x59, 0x0C, 0x56, 0x0C, 0x53, 0x0C, 0x50, 0x0C,
  0x4C, 0x0C, 0x49, 0x0C, 0x46, 0x0C, 0x43, 0x0C, 0x40, 0x0C, 0x3D, 0x0C,
  0x39, 0x0C, 0x36, 0x0C, 0x33, 0x0C, 0x30, 0x0C, 0x2D, 0x0C, 0x2A, 0x0C,
  0x26, 0x0C, 0x23, 0x0C, 0x20, 0x0C, 0x1D, 0x0C, 0x1A, 0x0C, 0x17, 0x0C,
  0x14, 0x0C, 0x10, 0x0C, 0x0D, 0x0C, 0x0A, 0x0C, 0x07, 0x0C, 0x04, 0x0C,
  0x01, 0x0C, 0xFD, 0x0B, 0xFA, 0x0B, 0xF7, 0x0B, 0xF4, 0x0B, 0x0F, 0xF4,
  0x12, 0xF4, 0x16, 0xF4, 0x19, 0xF4, 0x1C, 0xF4, 0x1F, 0xF4, 0x22, 0xF4,
  0x25, 0xF4, 0x28, 0xF4, 0x2C, 0xF4, 0x2F, 0xF4, 0x32, 0xF4, 0x35, 0xF4,
  0x38, 0xF4, 0x3B, 0xF4, 0x3F, 0xF4, 0x42, 0xF4, 0x45, 0xF4, 0x48, 0xF4,
  0x4B, 0xF4, 0x4E, 0xF4, 0x52, 0xF4, 0x55, 0xF4, 0x58, 0xF4, 0x5B, 0xF4,
  0x5E, 0xF4, 0x61, 0xF4, 0x64, 0xF4, 0x68, 0xF4, 0x6B, 0xF4, 0x6E, 0xF4,
  0x71, 0xF4, 0x74, 0xF4, 0x77, 0xF4, 0x7B, 0xF4, 0x7E, 0xF4, 0x81, 0xF4,
  0x84, 0xF4, 0x87, 0xF4, 0x8A, 0xF4, 0x8E, 0xF4, 0x91, 0xF4, 0x94, 0xF4,
  0x97, 0xF4, 0x9A, 0xF4, 0x9D, 0xF4, 0xA0, 0xF4, 0xA4, 0xF4, 0xA7, 0xF4,
  0xAA, 0xF4, 0xAD, 0xF4, 0xB0, 0xF4, 0xB3, 0xF4, 0xB7, 0xF4, 0xBA, 0xF4,
  0xBD, 0xF4, 0xC0, 0xF4, 0xC3, 0xF4, 0xC6, 0xF4, 0xCA, 0xF4, 0xCD, 0xF4,
  0x30, 0x0B, 0x2D, 0x0B, 0x2A, 0x0B, 0x27, 0x0B, 0x24, 0x0B, 0x20, 0x0B,
  0x1D, 0x0B, 0x1A, 0x0B, 0x17, 0x0B, 0x14, 0x0B, 0x11, 0x0B, 0x0D, 0x0B,
  0x0A, 0x0B, 0x07, 0x0B, 0x04, 0x0B, 0x01, 0x0B, 0xFE, 0x0A, 0xFA, 0x0A,
  0xF7, 0x0A, 0xF4, 0x0A, 0xF1, 0x0A, 0xEE, 0x0A, 0xEB, 0x0A, 0xE8, 0x0A,
  0xE4, 0x0A, 0xE1, 0x0A, 0xDE, 0x0A, 0xDB, 0x0A, 0xD8, 0x0A, 0xD5, 0x0A,
  0xD1, 0x0A, 0xCE, 0x0A, 0xCB, 0x0A, 0xC8, 0x0A, 0xC5, 0x0A, 0xC2, 0x0A,
  0xBE, 0x0A, 0xBB, 0x0A, 0xB8, 0x0A, 0xB5, 0x0A, 0xB2, 0x0A, 0xAF, 0x0A,
  0xAC, 0x0A, 0xA8, 0x0A, 0xA5, 0x0A, 0xA2, 0x0A, 0x9F, 0x0A, 0x9C, 0x0A,
  0x99, 0x0A, 0x95, 0x0A, 0x92, 0x0A, 0x8F, 0x0A, 0x8C, 0x0A, 0x89, 0x0A,
  0x86, 0x0A, 0x82, 0x0A, 0x7F, 0x0A, 0x7C, 0x0A, 0x79, 0x0A, 0x76, 0x0A,
  0x73, 0x0A, 0x90, 0xF5, 0x94, 0xF5, 0x97, 0xF5, 0x9A, 0xF5, 0x9D, 0xF5,
  0xA0, 0xF5, 0xA3, 0xF5, 0xA7, 0xF5, 0xAA, 0xF5, 0xAD, 0xF5, 0xB0, 0xF5,
  0xB3, 0xF5, 0xB6, 0xF5, 0xBA, 0xF5, 0xBD, 0xF5, 0xC0, 0xF5, 0xC3, 0xF5,
  0xC6, 0xF5, 0xC9, 0xF5, 0xCC, 0xF5, 0xD0, 0xF5, 0xD3, 0xF5, 0xD6, 0xF5,
  0xD9, 0xF5, 0xDC, 0xF5, 0xDF, 0xF5, 0xE3, 0xF5, 0xE6, 0xF5, 0xE9, 0xF5,
  0xEC, 0xF5, 0xEF, 0xF5, 0xF2, 0xF5, 0xF6, 0xF5, 0xF9, 0xF5, 0xFC, 0xF5,
  0xFF, 0xF5, 0x02, 0xF6, 0x05, 0xF6, 0x08, 0xF6, 0x0C, 0xF6, 0x0F, 0xF6,
  0x12, 0xF6, 0x15, 0xF6, 0x18, 0xF6, 0x1B, 0xF6, 0x1F, 0xF6, 0x22, 0xF6,
  0x25, 0xF6, 0x28, 0xF6, 0x2B, 0xF6, 0x2E, 0xF6, 0x32, 0xF6, 0x35, 0xF6,
  0x38, 0xF6, 0x3B, 0xF6, 0x3E, 0xF6, 0x41, 0xF6, 0x44, 0xF6, 0x48, 0xF6,
  0x4B, 0xF6, 0x4E, 0xF6, 0x51, 0xF6, 0xAC, 0x09, 0xA9, 0x09, 0xA5, 0x09,
  0xA2, 0x09, 0x9F, 0x09, 0x9C, 0x09, 0x99, 0x09, 0x96, 0x09, 0x92, 0x09,
  0x8F, 0x09, 0x8C, 0x09, 0x89, 0x09, 0x86, 0x09, 0x83, 0x09, 0x80, 0x09,
  0x7C, 0x09, 0x79, 0x09, 0x76, 0x09, 0x73, 0x09, 0x70, 0x09, 0x6D, 0x09,
  0x69, 0x09, 0x66, 0x09, 0x63, 0x09, 0x60, 0x09, 0x5D, 0x09, 0x5A, 0x09,
  0x56, 0x09, 0x53, 0x09, 0x50, 0x09, 0x4D, 0x09, 0x4A, 0x09, 0x47, 0x09,
  0x44, 0x09, 0x40, 0x09, 0x3D, 0x09, 0x3A, 0x09, 0x37, 0x09, 0x34, 0x09,
  0x31, 0x09, 0x2D, 0x09, 0x2A, 0x09, 0x27, 0x09, 0x24, 0x09, 0x21, 0x09,
  0x1E, 0x09, 0x1A, 0x09, 0x17, 0x09, 0x14, 0x09, 0x11, 0x09, 0x0E, 0x09,
  0x0B, 0x09, 0x08, 0x09, 0x04, 0x09, 0x01, 0x09, 0xFE, 0x08, 0xFB, 0x08,
  0xF8, 0x08, 0xF5, 0x08, 0xF1, 0x08, 0xEE, 0x08, 0x15, 0xF7, 0x18, 0xF7,
  0x1B, 0xF7, 0x1E, 0xF7, 0x22, 0xF7, 0x25, 0xF7, 0x28, 0xF7, 0x2B, 0xF7,
  0x2E, 0xF7, 0x31, 0xF7, 0x34, 0xF7, 0x38, 0xF7, 0x3B, 0xF7, 0x3E, 0xF7,
  0x41, 0xF7, 0x44, 0xF7, 0x47, 0xF7, 0x4B, 0xF7, 0x4E, 0xF7, 0x51, 0xF7,
  0x54, 0xF7, 0x57, 0xF7, 0x5A, 0xF7, 0x5E, 0xF7, 0x61, 0xF7, 0x64, 0xF7,
  0x67, 0xF7, 0x6A, 0xF7, 0x6D, 0xF7, 0x70, 0xF7, 0x74, 0xF7, 0x77, 0xF7,
  0x7A, 0xF7, 0x7D, 0xF7, 0x80, 0xF7, 0x83, 0xF7, 0x87, 0xF7, 0x8A, 0xF7,
  0x8D, 0xF7, 0x90, 0xF7, 0x93, 0xF7, 0x96, 0xF7, 0x9A, 0xF7, 0x9D, 0xF7,
  0xA0, 0xF7, 0xA3, 0xF7, 0xA6, 0xF7, 0xA9, 0xF7, 0xAC, 0xF7, 0xB0, 0xF7,
  0xB3, 0xF7, 0xB6, 0xF7, 0xB9, 0xF7, 0xBC, 0xF7, 0xBF, 0xF7, 0xC3, 0xF7,
  0xC6, 0xF7, 0xC9, 0xF7, 0xCC, 0xF7, 0xCF, 0xF7, 0xD2, 0xF7, 0x2A, 0x08,
  0x27, 0x08, 0x24, 0x08, 0x21, 0x08, 0x1E, 0x08, 0x1B, 0x08, 0x18, 0x08,
  0x14, 0x08, 0x11, 0x08, 0x0E, 0x08, 0x0B, 0x08, 0x08, 0x08, 0x05, 0x08,
  0x01, 0x08, 0xFE, 0x07, 0xFB, 0x07, 0xF8, 0x07, 0xF5, 0x07, 0xF2, 0x07,
  0xEE, 0x07, 0xEB, 0x07, 0xE8, 0x07, 0xE5, 0x07, 0xE2, 0x07, 0xDF, 0x07,
  0xDC, 0x07, 0xD8, 0x07, 0xD5, 0x07, 0xD2, 0x07, 0xCF, 0x07, 0xCC, 0x07,
  0xC9, 0x07, 0xC5, 0x07, 0xC2, 0x07, 0xBF, 0x07, 0xBC, 0x07, 0xB9, 0x07,
  0xB6, 0x07, 0xB2, 0x07, 0xAF, 0x07, 0xAC, 0x07, 0xA9, 0x07, 0xA6, 0x07,
  0xA3, 0x07, 0xA0, 0x07, 0x9C, 0x07, 0x99, 0x07, 0x96, 0x07, 0x93, 0x07,
  0x90, 0x07, 0x8D, 0x07, 0x89, 0x07, 0x86, 0x07, 0x83, 0x07, 0x80, 0x07,
  0x7D, 0x07, 0x7A, 0x07, 0x76, 0x07, 0x73, 0x07, 0x70, 0x07, 0x6D, 0x07,
  0x96, 0xF8, 0x99, 0xF8, 0x9C, 0xF8, 0xA0, 0xF8, 0xA3, 0xF8, 0xA6, 0xF8,
  0xA9, 0xF8, 0xAC, 0xF8, 0xAF, 0xF8, 0xB3, 0xF8, 0xB6, 0xF8, 0xB9, 0xF8,
  0xBC, 0xF8, 0xBF, 0xF8, 0xC2, 0xF8, 0xC6, 0xF8, 0xC9, 0xF8, 0xCC, 0xF8,
  0xCF, 0xF8, 0xD2, 0xF8, 0xD5, 0xF8, 0xD8, 0xF8, 0xDC, 0xF8, 0xDF, 0xF8,
  0xE2, 0xF8, 0xE5, 0xF8, 0xE8, 0xF8, 0xEB, 0xF8, 0xEF, 0xF8, 0xF2, 0xF8,
  0xF5, 0xF8, 0xF8, 0xF8, 0xFB, 0xF8, 0xFE, 0xF8, 0x02, 0xF9, 0x05, 0xF9,
  0x08, 0xF9, 0x0B, 0xF9, 0x0E, 0xF9, 0x11, 0xF9, 0x14, 0xF9, 0x18, 0xF9,
  0x1B, 0xF9, 0x1E, 0xF9, 0x21, 0xF9, 0x24, 0xF9, 0x27, 0xF9, 0x2B, 0xF9,
  0x2E, 0xF9, 0x31, 0xF9, 0x34, 0xF9, 0x37, 0xF9, 0x3A, 0xF9, 0x3E, 0xF9,
  0x41, 0xF9, 0x44, 0xF9, 0x47, 0xF9, 0x4A, 0xF9, 0x4D, 0xF9, 0x50, 0xF9,
  0x54, 0xF9, 0x57, 0xF9, 0xA6, 0x06, 0xA3, 0x06, 0xA0, 0x06, 0x9D, 0x06,
  0x99, 0x06, 0x96, 0x06, 0x93, 0x06, 0x90, 0x06, 0x8D, 0x06, 0x8A, 0x06,
  0x86, 0x06, 0x83, 0x06, 0x80, 0x06, 0x7D, 0x06, 0x7A, 0x06, 0x77, 0x06,
  0x74, 0x06, 0x70, 0x06, 0x6D, 0x06, 0x6A, 0x06, 0x67, 0x06, 0x64, 0x06,
  0x61, 0x06, 0x5D, 0x06, 0x5A, 0x06, 0x57, 0x06, 0x54, 0x06, 0x51, 0x06,
  0x4E, 0x06, 0x4A, 0x06, 0x47, 0x06, 0x44, 0x06, 0x41, 0x06, 0x3E, 0x06,
  0x3B, 0x06, 0x38, 0x06, 0x34, 0x06, 0x31, 0x06, 0x2E, 0x06, 0x2B, 0x06,
  0x28, 0x06, 0x25, 0x06, 0x21, 0x06, 0x1E, 0x06, 0x1B, 0x06, 0x18, 0x06,
  0x15, 0x06, 0x12, 0x06, 0x0E, 0x06, 0x0B, 0x06, 0x08, 0x06, 0x05, 0x06,
  0x02, 0x06, 0xFF, 0x05, 0xFC, 0x05, 0xF8, 0x05, 0xF5, 0x05, 0xF2, 0x05,
  0xEF, 0x05, 0xEC, 0x05, 0xE9, 0x05, 0x1B, 0xFA, 0x1E, 0xFA, 0x21, 0xFA,
  0x24, 0xFA, 0x27, 0xFA, 0x2A, 0xFA, 0x2E, 0xFA, 0x31, 0xFA, 0x34, 0xFA,
  0x37, 0xFA, 0x3A, 0xFA, 0x3D, 0xFA, 0x40, 0xFA, 0x44, 0xFA, 0x47, 0xFA,
  0x4A, 0xFA, 0x4D, 0xFA, 0x50, 0xFA, 0x53, 0xFA, 0x57, 0xFA, 0x5A, 0xFA,
  0x5D, 0xFA, 0x60, 0xFA, 0x63, 0xFA, 0x66, 0xFA, 0x6A, 0xFA, 0x6D, 0xFA,
  0x70, 0xFA, 0x73, 0xFA, 0x76, 0xFA, 0x79, 0xFA, 0x7C, 0xFA, 0x80, 0xFA,
  0x83, 0xFA, 0x86, 0xFA, 0x89, 0xFA, 0x8C, 0xFA, 0x8F, 0xFA, 0x93, 0xFA,
  0x96, 0xFA, 0x99, 0xFA, 0x9C, 0xFA, 0x9F, 0xFA, 0xA2, 0xFA, 0xA6, 0xFA,
  0xA9, 0xFA, 0xAC, 0xFA, 0xAF, 0xFA, 0xB2, 0xFA, 0xB5, 0xFA, 0xB8, 0xFA,
  0xBC, 0xFA, 0xBF, 0xFA, 0xC2, 0xFA, 0xC5, 0xFA, 0xC8, 0xFA, 0xCB, 0xFA,
  0xCF, 0xFA, 0xD2, 0xFA, 0xD5, 0xFA, 0xD8, 0xFA, 0x25, 0x05, 0x22, 0x05,
  0x1E, 0x05, 0x1B, 0x05, 0x18, 0x05, 0x15, 0x05, 0x12, 0x05, 0x0F, 0x05,
  0x0C, 0x05, 0x08, 0x05, 0x05, 0x05, 0x02, 0x05, 0xFF, 0x04, 0xFC, 0x04,
  0xF9, 0x04, 0xF5, 0x04, 0xF2, 0x04, 0xEF, 0x04, 0xEC, 0x04, 0xE9, 0x04,
  0xE6, 0x04, 0xE2, 0x04, 0xDF, 0x04, 0xDC, 0x04, 0xD9, 0x04, 0xD6, 0x04,
  0xD3, 0x04, 0xD0, 0x04, 0xCC, 0x04, 0xC9, 0x04, 0xC6, 0x04, 0xC3, 0x04,
  0xC0, 0x04, 0xBD, 0x04, 0xB9, 0x04, 0xB6, 0x04, 0xB3, 0x04, 0xB0, 0x04,
  0xAD, 0x04, 0xAA, 0x04, 0xA6, 0x04, 0xA3, 0x04, 0xA0, 0x04, 0x9D, 0x04,
  0x9A, 0x04, 0x97, 0x04, 0x94, 0x04, 0x90, 0x04, 0x8D, 0x04, 0x8A, 0x04,
  0x87, 0x04, 0x84, 0x04, 0x81, 0x04, 0x7D, 0x04, 0x7A, 0x04, 0x77, 0x04,
  0x74, 0x04, 0x71, 0x04, 0x6E, 0x04, 0x6A, 0x04, 0x67, 0x04, 0x9C, 0xFB,
  0x9F, 0xFB, 0xA2, 0xFB, 0xA5, 0xFB, 0xA8, 0xFB, 0xAC, 0xFB, 0xAF, 0xFB,
  0xB2, 0xFB, 0xB5, 0xFB, 0xB8, 0xFB, 0xBB, 0xFB, 0xBF, 0xFB, 0xC2, 0xFB,
  0xC5, 0xFB, 0xC8, 0xFB, 0xCB, 0xFB, 0xCE, 0xFB, 0xD1, 0xFB, 0xD5, 0xFB,
  0xD8, 0xFB, 0xDB, 0xFB, 0xDE, 0xFB, 0xE1, 0xFB, 0xE4, 0xFB, 0xE8, 0xFB,
  0xEB, 0xFB, 0xEE, 0xFB, 0xF1, 0xFB, 0xF4, 0xFB, 0xF7, 0xFB, 0xFB, 0xFB,
  0xFE, 0xFB, 0x01, 0xFC, 0x04, 0xFC, 0x07, 0xFC, 0x0A, 0xFC, 0x0D, 0xFC,
  0x11, 0xFC, 0x14, 0xFC, 0x17, 0xFC, 0x1A, 0xFC, 0x1D, 0xFC, 0x20, 0xFC,
  0x24, 0xFC, 0x27, 0xFC, 0x2A, 0xFC, 0x2D, 0xFC, 0x30, 0xFC, 0x33, 0xFC,
  0x37, 0xFC, 0x3A, 0xFC, 0x3D, 0xFC, 0x40, 0xFC, 0x43, 0xFC, 0x46, 0xFC,
  0x49, 0xFC, 0x4D, 0xFC, 0x50, 0xFC, 0x53, 0xFC, 0x56, 0xFC, 0x59, 0xFC,
  0x5C, 0xFC, 0xA0, 0x03, 0x9D, 0x03, 0x9A, 0x03, 0x97, 0x03, 0x94, 0x03,
  0x91, 0x03, 0x8D, 0x03, 0x8A, 0x03, 0x87, 0x03, 0x84, 0x03, 0x81, 0x03,
  0x7E, 0x03, 0x7B, 0x03, 0x77, 0x03, 0x74, 0x03, 0x71, 0x03, 0x6E, 0x03,
  0x6B, 0x03, 0x68, 0x03, 0x64, 0x03, 0x61, 0x03, 0x5E, 0x03, 0x5B, 0x03,
  0x58, 0x03, 0x55, 0x03, 0x51, 0x03, 0x4E, 0x03, 0x4B, 0x03, 0x48, 0x03,
  0x45, 0x03, 0x42, 0x03, 0x3F, 0x03, 0x3B, 0x03, 0x38, 0x03, 0x35, 0x03,
  0x32, 0x03, 0x2F, 0x03, 0x2C, 0x03, 0x28, 0x03, 0x25, 0x03, 0x22, 0x03,
  0x1F, 0x03, 0x1C, 0x03, 0x19, 0x03, 0x15, 0x03, 0x12, 0x03, 0x0F, 0x03,
  0x0C, 0x03, 0x09, 0x03, 0x06, 0x03, 0x03, 0x03, 0xFF, 0x02, 0xFC, 0x02,
  0xF9, 0x02, 0xF6, 0x02, 0xF3, 0x02, 0xF0, 0x02, 0xEC, 0x02, 0xE9, 0x02,
  0xE6, 0x02, 0xE3, 0x02, 0x20, 0xFD, 0x23, 0xFD, 0x27, 0xFD, 0x2A, 0xFD,
  0x2D, 0xFD, 0x30, 0xFD, 0x33, 0xFD, 0x36, 0xFD, 0x39, 0xFD, 0x3D, 0xFD,
  0x40, 0xFD, 0x43, 0xFD, 0x46, 0xFD, 0x49, 0xFD, 0x4C, 0xFD, 0x50, 0xFD,
  0x53, 0xFD, 0x56, 0xFD, 0x59, 0xFD, 0x5C, 0xFD, 0x5F, 0xFD, 0x63, 0xFD,
  0x66, 0xFD, 0x69, 0xFD, 0x6C, 0xFD, 0x6F, 0xFD, 0x72, 0xFD, 0x75, 0xFD,
  0x79, 0xFD, 0x7C, 0xFD, 0x7F, 0xFD, 0x82, 0xFD, 0x85, 0xFD, 0x88, 0xFD,
  0x8C, 0xFD, 0x8F, 0xFD, 0x92, 0xFD, 0x95, 0xFD, 0x98, 0xFD, 0x9B, 0xFD,
  0x9F, 0xFD, 0xA2, 0xFD, 0xA5, 0xFD, 0xA8, 0xFD, 0xAB, 0xFD, 0xAE, 0xFD,
  0xB1, 0xFD, 0xB5, 0xFD, 0xB8, 0xFD, 0xBB, 0xFD, 0xBE, 0xFD, 0xC1, 0xFD,
  0xC4, 0xFD, 0xC8, 0xFD, 0xCB, 0xFD, 0xCE, 0xFD, 0xD1, 0xFD, 0xD4, 0xFD,
  0xD7, 0xFD, 0xDB, 0xFD, 0xDE, 0xFD, 0x1F, 0x02, 0x1C, 0x02, 0x19, 0x02,
  0x16, 0x02, 0x13, 0x02, 0x0F, 0x02, 0x0C, 0x02, 0x09, 0x02, 0x06, 0x02,
  0x03, 0x02, 0x00, 0x02, 0xFC, 0x01, 0xF9, 0x01, 0xF6, 0x01, 0xF3, 0x01,
  0xF0, 0x01, 0xED, 0x01, 0xE9, 0x01, 0xE6, 0x01, 0xE3, 0x01, 0xE0, 0x01,
  0xDD, 0x01, 0xDA, 0x01, 0xD7, 0x01, 0xD3, 0x01, 0xD0, 0x01, 0xCD, 0x01,
  0xCA, 0x01, 0xC7, 0x01, 0xC4, 0x01, 0xC0, 0x01, 0xBD, 0x01, 0xBA, 0x01,
  0xB7, 0x01, 0xB4, 0x01, 0xB1, 0x01, 0xAD, 0x01, 0xAA, 0x01, 0xA7, 0x01,
  0xA4, 0x01, 0xA1, 0x01, 0x9E, 0x01, 0x9B, 0x01, 0x97, 0x01, 0x94, 0x01,
  0x91, 0x01, 0x8E, 0x01, 0x8B, 0x01, 0x88, 0x01, 0x84, 0x01, 0x81, 0x01,
  0x7E, 0x01, 0x7B, 0x01, 0x78, 0x01, 0x75, 0x01, 0x71, 0x01, 0x6E, 0x01,
  0x6B, 0x01, 0x68, 0x01, 0x65, 0x01, 0x62, 0x01, 0xA1, 0xFE, 0xA5, 0xFE,
  0xA8, 0xFE, 0xAB, 0xFE, 0xAE, 0xFE, 0xB1, 0xFE, 0xB4, 0xFE, 0xB8, 0xFE,
  0xBB, 0xFE, 0xBE, 0xFE, 0xC1, 0xFE, 0xC4, 0xFE, 0xC7, 0xFE, 0xCB, 0xFE,
  0xCE, 0xFE, 0xD1, 0xFE, 0xD4, 0xFE, 0xD7, 0xFE, 0xDA, 0xFE, 0xDD, 0xFE,
  0xE1, 0xFE, 0xE4, 0xFE, 0xE7, 0xFE, 0xEA, 0xFE, 0xED, 0xFE, 0xF0, 0xFE,
  0xF4, 0xFE, 0xF7, 0xFE, 0xFA, 0xFE, 0xFD, 0xFE, 0x00, 0xFF, 0x03, 0xFF,
  0x07, 0xFF, 0x0A, 0xFF, 0x0D, 0xFF, 0x10, 0xFF, 0x13, 0xFF, 0x16, 0xFF,
  0x19, 0xFF, 0x1D, 0xFF, 0x20, 0xFF, 0x23, 0xFF, 0x26, 0xFF, 0x29, 0xFF,
  0x2C, 0xFF, 0x30, 0xFF, 0x33, 0xFF, 0x36, 0xFF, 0x39, 0xFF, 0x3C, 0xFF,
  0x3F, 0xFF, 0x43, 0xFF, 0x46, 0xFF, 0x49, 0xFF, 0x4C, 0xFF, 0x4F, 0xFF,
  0x52, 0xFF, 0x55, 0xFF, 0x59, 0xFF, 0x5C, 0xFF, 0x5F, 0xFF, 0x62, 0xFF,
  0x9B, 0x00, 0x98, 0x00, 0x94, 0x00, 0x91, 0x00, 0x8E, 0x00, 0x8B, 0x00,
  0x88, 0x00, 0x85, 0x00, 0x81, 0x00, 0x7E, 0x00, 0x7B, 0x00, 0x78, 0x00,
  0x75, 0x00, 0x72, 0x00, 0x6F, 0x00, 0x6B, 0x00, 0x68, 0x00, 0x65, 0x00,
  0x62, 0x00, 0x5F, 0x00, 0x5C, 0x00, 0x58, 0x00, 0x55, 0x00, 0x52, 0x00,
  0x4F, 0x00, 0x4C, 0x00, 0x49, 0x00, 0x45, 0x00, 0x42, 0x00, 0x3F, 0x00,
  0x3C, 0x00, 0x39, 0x00, 0x36, 0x00, 0x33, 0x00, 0x2F, 0x00, 0x2C, 0x00,
  0x29, 0x00, 0x26, 0x00, 0x23, 0x00, 0x20, 0x00, 0x1C, 0x00, 0x19, 0x00,
  0x16, 0x00, 0x13, 0x00, 0x10, 0x00, 0x0D, 0x00, 0x09, 0x00, 0x06, 0x00,
  0x03, 0x00, 0x00, 0x00, 0x00, 0x00, 0x00, 0x00, 0x00, 0x00, 0x00, 0x00,
  0x00, 0x00, 0x00, 0x00, 0x00, 0x00, 0x00, 0x00, 0x00, 0x00, 0x00, 0x00,
  0x00, 0x00, 0x00, 0x00, 0x00, 0x00, 0x00, 0x00, 0x00, 0x00, 0x00, 0x00,
  0x00, 0x00, 0x00, 0x00, 0x00, 0x00, 0x00, 0x00, 0x00, 0x00, 0x00, 0x00,
  0x00, 0x00, 0x00, 0x00, 0x00, 0x00, 0x00, 0x00, 0x00, 0x00, 0x00, 0x00,
  0x00, 0x00, 0x00, 0x00, 0x00, 0x00, 0x00, 0x00, 0x00, 0x00, 0x00, 0x00,
  0x00, 0x00, 0x00, 0x00, 0x00, 0x00, 0x00, 0x00, 0x00, 0x00, 0x00, 0x00,
  0x00, 0x00, 0x00, 0x00, 0x00, 0x00, 0x00, 0x00, 0x00, 0x00, 0x00, 0x00,
  0x00, 0x00, 0x00, 0x00, 0x00, 0x00, 0x00, 0x00, 0x00, 0x00, 0x00, 0x00,
  0x00, 0x00, 0x00, 0x00, 0x00, 0x00, 0x00, 0x00, 0x00, 0x00, 0x00, 0x00,
  0x00, 0x00, 0x00, 0x00, 0x00, 0x00, 0x00, 0x00, 0x00, 0x00, 0x00, 0x00,
  0x00, 0x00, 0x00, 0x00, 0x00, 0x00, 0x00, 0x00, 0x00, 0x00, 0x00, 0x00,
  0x00, 0x00, 0x00, 0x00, 0x00, 0x00, 0x00, 0x00, 0x00, 0x00, 0x00, 0x00,
  0x00, 0x00, 0x00, 0x00, 0x00, 0x00, 0x00, 0x00, 0x00, 0x00, 0x00, 0x00,
  0x00, 0x00, 0x00, 0x00, 0x00, 0x00, 0x00, 0x00, 0x00, 0x00, 0x00, 0x00,
  0x00, 0x00, 0x00, 0x00, 0x00, 0x00, 0x00, 0x00, 0x00, 0x00, 0x00, 0x00,
  0x00, 0x00, 0x00, 0x00, 0x00, 0x00, 0x00, 0x00, 0x00, 0x00, 0x00, 0x00,
  0x00, 0x00, 0x00, 0x00, 0x00, 0x00, 0x00, 0x00, 0x00, 0x00, 0x00, 0x00,
  0x00, 0x00, 0x00, 0x00, 0x00, 0x00, 0x00, 0x00, 0x00, 0x00, 0x00, 0x00,
  0x00, 0x00, 0x00, 0x00, 0x00, 0x00, 0x00, 0x00, 0x00, 0x00, 0x00, 0x00,
  0x00, 0x00, 0x00, 0x00, 0x00, 0x00, 0x00, 0x00, 0x00, 0x00, 0x00, 0x00,
  0x00, 0x00, 0x00, 0x00, 0x00, 0x00, 0x00, 0x00, 0x00, 0x00, 0x00, 0x00,
  0x00, 0x00, 0x00, 0x00, 0x00, 0x00, 0x00, 0x00, 0x00, 0x00, 0x00, 0x00,
  0x00, 0x00, 0x00, 0x00, 0x00, 0x00, 0x00, 0x00, 0x00, 0x00, 0x00, 0x00,
  0x00, 0x00, 0x00, 0x00, 0x00, 0x00, 0x00, 0x00, 0x00, 0x00, 0x00, 0x00,
  0x00, 0x00, 0x00, 0x00, 0x00, 0x00, 0x00, 0x00, 0x00, 0x00, 0x00, 0x00,
  0x00, 0x00, 0x00, 0x00, 0x00, 0x00, 0x00, 0x00, 0x00, 0x00, 0x00, 0x00,
  0x00, 0x00, 0x00, 0x00, 0x00, 0x00, 0x00, 0x00, 0x00, 0x00, 0x00, 0x00,
  0x00, 0x00, 0x00, 0x00, 0x00, 0x00, 0x00, 0x00, 0x00, 0x00, 0x00, 0x00,
  0x00, 0x00, 0x00, 0x00, 0x00, 0x00, 0x00, 0x00, 0x00, 0x00, 0x00, 0x00,
  0x00, 0x00, 0x00, 0x00, 0x00, 0x00, 0x00, 0x00, 0x00, 0x00, 0x00, 0x00,
  0x00, 0x00, 0x00, 0x00, 0x00, 0x00, 0x00, 0x00, 0x00, 0x00, 0x00, 0x00,
  0x00, 0x00, 0x00, 0x00, 0x00, 0x00, 0x00, 0x00, 0x00, 0x00, 0x00, 0x00,
  0x00, 0x00, 0x00, 0x00, 0x00, 0x00, 0x00, 0x00, 0x00, 0x00, 0x00, 0x00,
  0x00, 0x00, 0x00, 0x00, 0x00, 0x00, 0x00, 0x00, 0x00, 0x00, 0x00, 0x00,
  0x00, 0x00, 0x00, 0x00, 0x00, 0x00, 0x00, 0x00, 0x00, 0x00, 0x00, 0x00,
  0x00, 0x00, 0x00, 0x00, 0x00, 0x00, 0x00, 0x00, 0x00, 0x00, 0x00, 0x00,
  0x00, 0x00, 0x00, 0x00, 0x00, 0x00, 0x00, 0x00, 0x00, 0x00, 0x00, 0x00,
  0x00, 0x00, 0x00, 0x00, 0x00, 0x00, 0x00, 0x00, 0x00, 0x00, 0x00, 0x00,
  0x00, 0x00, 0x00, 0x00, 0x00, 0x00, 0x00, 0x00, 0x00, 0x00, 0x00, 0x00,
  0x00, 0x00, 0x00, 0x00, 0x00, 0x00, 0x00, 0x00, 0x00, 0x00, 0x00, 0x00,
  0x00, 0x00, 0x00, 0x00, 0x00, 0x00, 0x00, 0x00, 0x00, 0x00, 0x00, 0x00,
  0x00, 0x00, 0x00, 0x00, 0x00, 0x00, 0x00, 0x00, 0x00, 0x00, 0x00, 0x00,
  0x00, 0x00, 0x00, 0x00, 0x00, 0x00, 0x00, 0x00, 0x00, 0x00, 0x00, 0x00,
  0x00, 0x00, 0x00, 0x00, 0x00, 0x00, 0x00, 0x00, 0x00, 0x00, 0x00, 0x00,
  0x00, 0x00, 0x00, 0x00, 0x00, 0x00, 0x00, 0x00, 0x00, 0x00, 0x00, 0x00,
  0x00, 0x00, 0x00, 0x00, 0x00, 0x00, 0x00, 0x00, 0x00, 0x00, 0x00, 0x00,
  0x00, 0x00, 0x00, 0x00, 0x00, 0x00, 0x00, 0x00, 0x00, 0x00, 0x00, 0x00,
  0x00, 0x00, 0x00, 0x00, 0x00, 0x00, 0x00, 0x00, 0x00, 0x00, 0x00, 0x00,
  0x00, 0x00, 0x00, 0x00, 0x00, 0x00, 0x00, 0x00, 0x00, 0x00, 0x00, 0x00,
  0x00, 0x00, 0x00, 0x00, 0x00, 0x00, 0x00, 0x00, 0x00, 0x00, 0x00, 0x00,
  0x00, 0x00, 0x00, 0x00, 0x00, 0x00, 0x00, 0x00, 0x00, 0x00, 0x00, 0x00,
  0x00, 0x00, 0x00, 0x00, 0x00, 0x00, 0x00, 0x00, 0x00, 0x00, 0x00, 0x00,
  0x00, 0x00, 0x00, 0x00, 0x00, 0x00, 0x00, 0x00, 0x00, 0x00, 0x00, 0x00,
  0x00, 0x00, 0x00, 0x00, 0x00, 0x00, 0x00, 0x00, 0x00, 0x00, 0x00, 0x00,
  0x00, 0x00, 0x00, 0x00, 0x00, 0x00, 0x00, 0x00, 0x00, 0x00, 0x00, 0x00,
  0x00, 0x00, 0x00, 0x00, 0x00, 0x00, 0x00, 0x00, 0x00, 0x00, 0x00, 0x00,
  0x00, 0x00, 0x00, 0x00, 0x00, 0x00, 0x00, 0x00, 0x00, 0x00, 0x00, 0x00,
  0x00, 0x00, 0x00, 0x00, 0x00, 0x00, 0x00, 0x00, 0x00, 0x00, 0x00, 0x00,
  0x00, 0x00, 0x00, 0x00, 0x00, 0x00, 0x00, 0x00, 0x00, 0x00, 0x00, 0x00,
  0x00, 0x00, 0x00, 0x00, 0x00, 0x00, 0x00, 0x00, 0x00, 0x00, 0x00, 0x00,
  0x00, 0x00, 0x00, 0x00, 0x00, 0x00, 0x00, 0x00, 0x00, 0x00, 0x00, 0x00,
  0x00, 0x00, 0x00, 0x00, 0x00, 0x00, 0x00, 0x00, 0x00, 0x00, 0x00, 0x00,
  0x00, 0x00, 0x00, 0x00, 0x00, 0x00, 0x00, 0x00, 0x00, 0x00, 0x00, 0x00,
  0x00, 0x00, 0x00, 0x00, 0x00, 0x00, 0x00, 0x00, 0x00, 0x00, 0x00, 0x00,
  0x00, 0x00, 0x00, 0x00, 0x00, 0x00, 0x00, 0x00, 0x00, 0x00, 0x00, 0x00,
  0x00, 0x00, 0x00, 0x00, 0x00, 0x00, 0x00, 0x00, 0x00, 0x00, 0x00, 0x00,
  0x00, 0x00, 0x00, 0x00, 0x00, 0x00, 0x00, 0x00, 0x00, 0x00, 0x00, 0x00,
  0x00, 0x00, 0x00, 0x00, 0x00, 0x00, 0x00, 0x00, 0x00, 0x00, 0x00, 0x00,
  0x00, 0x00, 0x00, 0x00, 0x00, 0x00, 0x00, 0x00, 0x00, 0x00, 0x00, 0x00,
  0x00, 0x00, 0x00, 0x00, 0x00, 0x00, 0x00, 0x00, 0x00, 0x00, 0x00, 0x00,
  0x00, 0x00, 0x00, 0x00, 0x00, 0x00, 0x00, 0x00, 0x00, 0x00, 0x00, 0x00,
  0x00, 0x00, 0x00, 0x00, 0x00, 0x00, 0x00, 0x00, 0x00, 0x00, 0x00, 0x00,
  0x00, 0x00, 0x00, 0x00, 0x00, 0x00, 0x00, 0x00, 0x00, 0x00, 0x0E, 0x00,
  0x1C, 0x00, 0x2A, 0x00, 0x38, 0x00, 0x46, 0x00, 0x54, 0x00, 0x62, 0x00,
  0x70, 0x00, 0x7E, 0x00, 0x8C, 0x00, 0x9A, 0x00, 0xA8, 0x00, 0xB6, 0x00,
  0xC4, 0x00, 0xD3, 0x00, 0xE1, 0x00, 0xEF, 0x00, 0xFD, 0x00, 0x0B, 0x01,
  0x19, 0x01, 0x27, 0x01, 0x35, 0x01, 0x43, 0x01, 0x51, 0x01, 0x5F, 0x01,
  0x6D, 0x01, 0x7B, 0x01, 0x89, 0x01, 0x97, 0x01, 0xA5, 0x01, 0xB3, 0x01,
  0xC1, 0x01, 0xCF, 0x01, 0xDD, 0x01, 0xEB, 0x01, 0xF9, 0x01, 0x07, 0x02,
  0x15, 0x02, 0x23, 0x02, 0x31, 0x02, 0x3F, 0x02, 0x4D, 0x02, 0x5B, 0x02,
  0x6A, 0x02, 0x78, 0x02, 0x86, 0x02, 0x94, 0x02, 0xA2, 0x02, 0xB0, 0x02,
  0xBE, 0x02, 0xCC, 0x02, 0xDA, 0x02, 0xE8, 0x02, 0xF6, 0x02, 0x04, 0x03,
  0x12, 0x03, 0x20, 0x03, 0x2E, 0x03, 0x3C, 0x03, 0x4A, 0x03, 0x58, 0x03,
  0x66, 0x03, 0x74, 0x03, 0x82, 0x03, 0x90, 0x03, 0x9E, 0x03, 0xAC, 0x03,
  0xBA, 0x03, 0xC8, 0x03, 0xD6, 0x03, 0xE4, 0x03, 0xF3, 0x03, 0x01, 0x04,
  0x0F, 0x04, 0x1D, 0x04, 0x2B, 0x04, 0x39, 0x04, 0xB9, 0xFB, 0xAB, 0xFB,
  0x9D, 0xFB, 0x8F, 0xFB, 0x81, 0xFB, 0x73, 0xFB, 0x65, 0xFB, 0x57, 0xFB,
  0x49, 0xFB, 0x3B, 0xFB, 0x2D, 0xFB, 0x1F, 0xFB, 0x11, 0xFB, 0x03, 0xFB,
  0xF5, 0xFA, 0xE7, 0xFA, 0xD9, 0xFA, 0xCB, 0xFA, 0xBD, 0xFA, 0xAF, 0xFA,
  0xA1, 0xFA, 0x93, 0xFA, 0x85, 0xFA, 0x76, 0xFA, 0x68, 0xFA, 0x5A, 0xFA,
  0x4C, 0xFA, 0x3E, 0xFA, 0x30, 0xFA, 0x22, 0xFA, 0x14, 0xFA, 0x06, 0xFA,
  0xF8, 0xF9, 0xEA, 0xF9, 0xDC, 0xF9, 0xCE, 0xF9, 0xC0, 0xF9, 0xB2, 0xF9,
  0xA4, 0xF9, 0x96, 0xF9, 0x88, 0xF9, 0x7A, 0xF9, 0x6C, 0xF9, 0x5E, 0xF9,
  0x50, 0xF9, 0x42, 0xF9, 0x34, 0xF9, 0x26, 0xF9, 0x18, 0xF9, 0x0A, 0xF9,
  0xFC, 0xF8, 0xEE, 0xF8, 0xDF, 0xF8, 0xD1, 0xF8, 0xC3, 0xF8, 0xB5, 0xF8,
  0xA7, 0xF8, 0x99, 0xF8, 0x8B, 0xF8, 0x7D, 0xF8, 0x6F, 0xF8, 0x61, 0xF8,
  0x53, 0xF8, 0x45, 0xF8, 0x37, 0xF8, 0x29, 0xF8, 0x1B, 0xF8, 0x0D, 0xF8,
  0xFF, 0xF7, 0xF1, 0xF7, 0xE3, 0xF7, 0xD5, 0xF7, 0xC7, 0xF7, 0xB9, 0xF7,
  0xAB, 0xF7, 0x9D, 0xF7, 0x8F, 0xF7, 0x81, 0xF7, 0x73, 0xF7, 0x9B, 0x08,
  0xA9, 0x08, 0xB8, 0x08, 0xC6, 0x08, 0xD4, 0x08, 0xE2, 0x08, 0xF0, 0x08,
  0xFE, 0x08, 0x0C, 0x09, 0x1A, 0x09, 0x28, 0x09, 0x36, 0x09, 0x44, 0x09,
  0x52, 0x09, 0x60, 0x09, 0x6E, 0x09, 0x7C, 0x09, 0x8A, 0x09, 0x98, 0x09,
  0xA6, 0x09, 0xB4, 0x09, 0xC2, 0x09, 0xD0, 0x09, 0xDE, 0x09, 0xEC, 0x09,
  0xFA, 0x09, 0x08, 0x0A, 0x16, 0x0A, 0x24, 0x0A, 0x32, 0x0A, 0x40, 0x0A,
  0x4F, 0x0A, 0x5D, 0x0A, 0x6B, 0x0A, 0x79, 0x0A, 0x87, 0x0A, 0x95, 0x0A,
  0xA3, 0x0A, 0xB1, 0x0A, 0xBF, 0x0A, 0xCD, 0x0A, 0xDB, 0x0A, 0xE9, 0x0A,
  0xF7, 0x0A, 0x05, 0x0B, 0x13, 0x0B, 0x21, 0x0B, 0x2F, 0x0B, 0x3D, 0x0B,
  0x4B, 0x0B, 0x59, 0x0B, 0x67, 0x0B, 0x75, 0x0B, 0x83, 0x0B, 0x91, 0x0B,
  0x9F, 0x0B, 0xAD, 0x0B, 0xBB, 0x0B, 0xC9, 0x0B, 0xD8, 0x0B, 0xE6, 0x0B,
  0xF4, 0x0B, 0x02, 0x0C, 0x10, 0x0C, 0x1E, 0x0C, 0x2C, 0x0C, 0x3A, 0x0C,
  0x48, 0x0C, 0x56, 0x0C, 0x64, 0x0C, 0x72, 0x0C, 0x80, 0x0C, 0x8E, 0x0C,
  0x9C, 0x0C, 0xAA, 0x0C, 0xB8, 0x0C, 0xC6, 0x0C, 0xD4, 0x0C, 0xE2, 0x0C,
  0x10, 0xF3, 0x02, 0xF3, 0xF4, 0xF2, 0xE6, 0xF2, 0xD8, 0xF2, 0xCA, 0xF2,
  0xBC, 0xF2, 0xAE, 0xF2, 0xA0, 0xF2, 0x91, 0xF2, 0x83, 0xF2, 0x75, 0xF2,
  0x67, 0xF2, 0x59, 0xF2, 0x4B, 0xF2, 0x3D, 0xF2, 0x2F, 0xF2, 0x21, 0xF2,
  0x13, 0xF2, 0x05, 0xF2, 0xF7, 0xF1, 0xE9, 0xF1, 0xDB, 0xF1, 0xCD, 0xF1,
  0xBF, 0xF1, 0xB1, 0xF1, 0xA3, 0xF1, 0x95, 0xF1, 0x87, 0xF1, 0x79, 0xF1,
  0x6B, 0xF1, 0x5D, 0xF1, 0x4F, 0xF1, 0x41, 0xF1, 0x33, 0xF1, 0x25, 0xF1,
  0x17, 0xF1, 0x09, 0xF1, 0xFA, 0xF0, 0xEC, 0xF0, 0xDE, 0xF0, 0xD0, 0xF0,
  0xC2, 0xF0, 0xB4, 0xF0, 0xA6, 0xF0, 0x98, 0xF0, 0x8A, 0xF0, 0x7C, 0xF0,
  0x6E, 0xF0, 0x60, 0xF0, 0x52, 0xF0, 0x44, 0xF0, 0x36, 0xF0, 0x28, 0xF0,
  0x1A, 0xF0, 0x0C, 0xF0, 0xFE, 0xEF, 0xF0, 0xEF, 0xE2, 0xEF, 0xD4, 0xEF,
  0xC6, 0xEF, 0xB8, 0xEF, 0xAA, 0xEF, 0x9C, 0xEF, 0x8E, 0xEF, 0x80, 0xEF,
  0x72, 0xEF, 0x63, 0xEF, 0x55, 0xEF, 0x47, 0xEF, 0x39, 0xEF, 0x2B, 0xEF,
  0x1D, 0xEF, 0x0F, 0xEF, 0x01, 0xEF, 0xF3, 0xEE, 0xE5, 0xEE, 0xD7, 0xEE,
  0xC9, 0xEE, 0x45, 0x11, 0x53, 0x11, 0x61, 0x11, 0x6F, 0x11, 0x7D, 0x11,
  0x8B, 0x11, 0x99, 0x11, 0xA7, 0x11, 0xB5, 0x11, 0xC3, 0x11, 0xD1, 0x11,
  0xDF, 0x11, 0xED, 0x11, 0xFB, 0x11, 0x09, 0x12, 0x17, 0x12, 0x26, 0x12,
  0x34, 0x12, 0x42, 0x12, 0x50, 0x12, 0x5E, 0x12, 0x6C, 0x12, 0x7A, 0x12,
  0x88, 0x12, 0x96, 0x12, 0xA4, 0x12, 0xB2, 0x12, 0xC0, 0x12, 0xCE, 0x12,
  0xDC, 0x12, 0xEA, 0x12, 0xF8, 0x12, 0x06, 0x13, 0x14, 0x13, 0x22, 0x13,
  0x30, 0x13, 0x3E, 0x13, 0x4C, 0x13, 0x5A, 0x13, 0x68, 0x13, 0x76, 0x13,
  0x84, 0x13, 0x92, 0x13, 0xA0, 0x13, 0xAE, 0x13, 0xBD, 0x13, 0xCB, 0x13,
  0xD9, 0x13, 0xE7, 0x13, 0xF5, 0x13, 0x03, 0x14, 0x11, 0x14, 0x1F, 0x14,
  0x2D, 0x14, 0x3B, 0x14, 0x49, 0x14, 0x57, 0x14, 0x65, 0x14, 0x73, 0x14,
  0x81, 0x14, 0x8F, 0x14, 0x9D, 0x14, 0xAB, 0x14, 0xB9, 0x14, 0xC7, 0x14,
  0xD5, 0x14, 0xE3, 0x14, 0xF1, 0x14, 0xFF, 0x14, 0x0D, 0x15, 0x1B, 0x15,
  0x29, 0x15, 0x37, 0x15, 0x45, 0x15, 0x54, 0x15, 0x62, 0x15, 0x70, 0x15,
  0x7E, 0x15, 0x74, 0xEA, 0x66, 0xEA, 0x58, 0xEA, 0x4A, 0xEA, 0x3E, 0xEA,
  0x3E, 0xEA, 0x3E, 0xEA, 0x3E, 0xEA, 0x3E, 0xEA, 0x3E, 0xEA, 0x3E, 0xEA,
  0x3E, 0xEA, 0x3E, 0xEA, 0x3E, 0xEA, 0x3E, 0xEA, 0x3E, 0xEA, 0x3E, 0xEA,
  0x3E, 0xEA, 0x3E, 0xEA, 0x3E, 0xEA, 0x3E, 0xEA, 0x3E, 0xEA, 0x3E, 0xEA,
  0x3E, 0xEA, 0x3E, 0xEA, 0x3E, 0xEA, 0x3E, 0xEA, 0x3E, 0xEA, 0x3E, 0xEA,
  0x3E, 0xEA, 0x3E, 0xEA, 0x3E, 0xEA, 0x3E, 0xEA, 0x3E, 0xEA, 0x3E, 0xEA,
  0x3E, 0xEA, 0x3E, 0xEA, 0x3E, 0xEA, 0x3E, 0xEA, 0x3E, 0xEA, 0x3E, 0xEA,
  0x3E, 0xEA, 0x3E, 0xEA, 0x3E, 0xEA, 0x3E, 0xEA, 0x3E, 0xEA, 0x3E, 0xEA,
  0x3E, 0xEA, 0x3E, 0xEA, 0x3E, 0xEA, 0x3E, 0xEA, 0x3E, 0xEA, 0x3E, 0xEA,
  0x3E, 0xEA, 0x3E, 0xEA, 0x3E, 0xEA, 0x3E, 0xEA, 0x3E, 0xEA, 0x3E, 0xEA,
  0x3E, 0xEA, 0x3E, 0xEA, 0x3E, 0xEA, 0x3E, 0xEA, 0x3E, 0xEA, 0x3E, 0xEA,
  0x3E, 0xEA, 0x3E, 0xEA, 0x3E, 0xEA, 0x3E, 0xEA, 0x3E, 0xEA, 0x3E, 0xEA,
  0x3E, 0xEA, 0x3E, 0xEA, 0x3E, 0xEA, 0x3E, 0xEA, 0x3E, 0xEA, 0x3E, 0xEA,
  0x3E, 0xEA, 0x3E, 0xEA, 0xC2, 0x15, 0xC2, 0x15, 0xC2, 0x15, 0xC2, 0x15,
  0xC2, 0x15, 0xC2, 0x15, 0xC2, 0x15, 0xC2, 0x15, 0xC2, 0x15, 0xC2, 0x15,
  0xC2, 0x15, 0xC2, 0x15, 0xC2, 0x15, 0xC2, 0x15, 0xC2, 0x15, 0xC2, 0x15,
  0xC2, 0x15, 0xC2, 0x15, 0xC2, 0x15, 0xC2, 0x15, 0xC2, 0x15, 0xC2, 0x15,
  0xC2, 0x15, 0xC2, 0x15, 0xC2, 0x15, 0xC2, 0x15, 0xC2, 0x15, 0xC2, 0x15,
  0xC2, 0x15, 0xC2, 0x15, 0xC2, 0x15, 0xC2, 0x15, 0xC2, 0x15, 0xC2, 0x15,
  0xC2, 0x15, 0xC2, 0x15, 0xC2, 0x15, 0xC2, 0x15, 0xC2, 0x15, 0xC2, 0x15,
  0xC2, 0x15, 0xC2, 0x15, 0xC2, 0x15, 0xC2, 0x15, 0xC2, 0x15, 0xC2, 0x15,
  0xC2, 0x15, 0xC2, 0x15, 0xC2, 0x15, 0xC2, 0x15, 0xC2, 0x15, 0xC2, 0x15,
  0xC2, 0x15, 0xC2, 0x15, 0xC2, 0x15, 0xC2, 0x15, 0xC2, 0x15, 0xC2, 0x15,
  0xC2, 0x15, 0xC2, 0x15, 0xC2, 0x15, 0xC2, 0x15, 0xC2, 0x15, 0xC2, 0x15,
  0xC2, 0x15, 0xC2, 0x15, 0xC2, 0x15, 0xC2, 0x15, 0xC2, 0x15, 0xC2, 0x15,
  0xC2, 0x15, 0xC2, 0x15, 0xC2, 0x15, 0xC2, 0x15, 0xC2, 0x15, 0xC2, 0x15,
  0xC2, 0x15, 0xC2, 0x15, 0xC2, 0x15, 0x3E, 0xEA, 0x3E, 0xEA, 0x3E, 0xEA,
  0x3E, 0xEA, 0x3E, 0xEA, 0x3E, 0xEA, 0x3E, 0xEA, 0x3E, 0xEA, 0x3E, 0xEA,
  0x3E, 0xEA, 0x3E, 0xEA, 0x3E, 0xEA, 0x3E, 0xEA, 0x3E, 0xEA, 0x3E, 0xEA,
  0x3E, 0xEA, 0x3E, 0xEA, 0x3E, 0xEA, 0x3E, 0xEA, 0x3E, 0xEA, 0x3E, 0xEA,
  0x3E, 0xEA, 0x3E, 0xEA, 0x3E, 0xEA, 0x3E, 0xEA, 0x3E, 0xEA, 0x3E, 0xEA,
  0x3E, 0xEA, 0x3E, 0xEA, 0x3E, 0xEA, 0x3E, 0xEA, 0x3E, 0xEA, 0x3E, 0xEA,
  0x3E, 0xEA, 0x3E, 0xEA, 0x3E, 0xEA, 0x3E, 0xEA, 0x3E, 0xEA, 0x3E, 0xEA,
  0x3E, 0xEA, 0x3E, 0xEA, 0x3E, 0xEA, 0x3E, 0xEA, 0x3E, 0xEA, 0x3E, 0xEA,
  0x3E, 0xEA, 0x3E, 0xEA, 0x3E, 0xEA, 0x3E, 0xEA, 0x3E, 0xEA, 0x3E, 0xEA,
  0x3E, 0xEA, 0x3E, 0xEA, 0x3E, 0xEA, 0x3E, 0xEA, 0x3E, 0xEA, 0x3E, 0xEA,
  0x3E, 0xEA, 0x3E, 0xEA, 0x3E, 0xEA, 0x3E, 0xEA, 0x3E, 0xEA, 0x3E, 0xEA,
  0x3E, 0xEA, 0x3E, 0xEA, 0x3E, 0xEA, 0x3E, 0xEA, 0x3E, 0xEA, 0x3E, 0xEA,
  0x3E, 0xEA, 0x3E, 0xEA, 0x3E, 0xEA, 0x3E, 0xEA, 0x3E, 0xEA, 0x3E, 0xEA,
  0x3E, 0xEA, 0x3E, 0xEA, 0x3E, 0xEA, 0xC2, 0x15, 0xC2, 0x15, 0xC2, 0x15,
  0xC2, 0x15, 0xC2, 0x15, 0xC2, 0x15, 0xC2, 0x15, 0xC2, 0x15, 0xC2, 0x15,
  0xC2, 0x15, 0xC2, 0x15, 0xC2, 0x15, 0xC2, 0x15, 0xC2, 0x15, 0xC2, 0x15,
  0xC2, 0x15, 0xC2, 0x15, 0xC2, 0x15, 0xC2, 0x15, 0xC2, 0x15, 0xC2, 0x15,
  0xC2, 0x15, 0xC2, 0x15, 0xC2, 0x15, 0xC2, 0x15, 0xC2, 0x15, 0xC2, 0x15,
  0xC2, 0x15, 0xC2, 0x15, 0xC2, 0x15, 0xC2, 0x15, 0xC2, 0x15, 0xC2, 0x15,
  0xC2, 0x15, 0xC2, 0x15, 0xC2, 0x15, 0xC2, 0x15, 0xC2, 0x15, 0xC2, 0x15,
  0xC2, 0x15, 0xC2, 0x15, 0xC2, 0x15, 0xC2, 0x15, 0xC2, 0x15, 0xC2, 0x15,
  0xC2, 0x15, 0xC2, 0x15, 0xC2, 0x15, 0xC2, 0x15, 0xC2, 0x15, 0xC2, 0x15,
  0xC2, 0x15, 0xC2, 0x15, 0xC2, 0x15, 0xC2, 0x15, 0xC2, 0x15, 0xC2, 0x15,
  0xC2, 0x15, 0xC2, 0x15, 0xC2, 0x15, 0xC2, 0x15, 0xC2, 0x15, 0xC2, 0x15,
  0xC2, 0x15, 0xC2, 0x15, 0xC2, 0x15, 0xC2, 0x15, 0xC2, 0x15, 0xC2, 0x15,
  0xC2, 0x15, 0xC2, 0x15, 0xC2, 0x15, 0xC2, 0x15, 0xC2, 0x15, 0xC2, 0x15,
  0xC2, 0x15, 0xC2, 0x15, 0xC2, 0x15, 0xC2, 0x15, 0x3E, 0xEA, 0x3E, 0xEA,
  0x3E, 0xEA, 0x3E, 0xEA, 0x3E, 0xEA, 0x3E, 0xEA, 0x3E, 0xEA, 0x3E, 0xEA,
  0x3E, 0xEA, 0x3E, 0xEA, 0x3E, 0xEA, 0x3E, 0xEA, 0x3E, 0xEA, 0x3E, 0xEA,
  0x3E, 0xEA, 0x3E, 0xEA, 0x3E, 0xEA, 0x3E, 0xEA, 0x3E, 0xEA, 0x3E, 0xEA,
  0x3E, 0xEA, 0x3E, 0xEA, 0x3E, 0xEA, 0x3E, 0xEA, 0x3E, 0xEA, 0x3E, 0xEA,
  0x3E, 0xEA, 0x3E, 0xEA, 0x3E, 0xEA, 0x3E, 0xEA, 0x3E, 0xEA, 0x3E, 0xEA,
  0x3E, 0xEA, 0x3E, 0xEA, 0x3E, 0xEA, 0x3E, 0xEA, 0x3E, 0xEA, 0x3E, 0xEA,
  0x3E, 0xEA, 0x3E, 0xEA, 0x3E, 0xEA, 0x3E, 0xEA, 0x3E, 0xEA, 0x3E, 0xEA,
  0x3E, 0xEA, 0x3E, 0xEA, 0x3E, 0xEA, 0x3E, 0xEA, 0x3E, 0xEA, 0x3E, 0xEA,
  0x3E, 0xEA, 0x3E, 0xEA, 0x3E, 0xEA, 0x3E, 0xEA, 0x3E, 0xEA, 0x3E, 0xEA,
  0x3E, 0xEA, 0x3E, 0xEA, 0x3E, 0xEA, 0x3E, 0xEA, 0x3E, 0xEA, 0x3E, 0xEA,
  0x3E, 0xEA, 0x3E, 0xEA, 0x3E, 0xEA, 0x3E, 0xEA, 0x3E, 0xEA, 0x3E, 0xEA,
  0x3E, 0xEA, 0x3E, 0xEA, 0x3E, 0xEA, 0x3E, 0xEA, 0x3E, 0xEA, 0x3E, 0xEA,
  0x3E, 0xEA, 0x3E, 0xEA, 0x3E, 0xEA, 0x3E, 0xEA, 0x3E, 0xEA, 0xC2, 0x15,
  0xC2, 0x15, 0xC2, 0x15, 0xC2, 0x15, 0xC2, 0x15, 0xC2, 0x15, 0xC2, 0x15,
  0xC2, 0x15, 0xC2, 0x15, 0xC2, 0x15, 0xC2, 0x15, 0xC2, 0x15, 0xC2, 0x15,
  0xC2, 0x15, 0xC2, 0x15, 0xC2, 0x15, 0xC2, 0x15, 0xC2, 0x15, 0xC2, 0x15,
  0xC2, 0x15, 0xC2, 0x15, 0xC2, 0x15, 0xC2, 0x15, 0xC2, 0x15, 0xC2, 0x15,
  0xC2, 0x15, 0xC2, 0x15, 0xC2, 0x15, 0xC2, 0x15, 0xC2, 0x15, 0xC2, 0x15,
  0xC2, 0x15, 0xC2, 0x15, 0xC2, 0x15, 0xC2, 0x15, 0xC2, 0x15, 0xC2, 0x15,
  0xC2, 0x15, 0xC2, 0x15, 0xC2, 0x15, 0xC2, 0x15, 0xC2, 0x15, 0xC2, 0x15,
  0xC2, 0x15, 0xC2, 0x15, 0xC2, 0x15, 0xC2, 0x15, 0xC2, 0x15, 0xC2, 0x15,
  0xC2, 0x15, 0xC2, 0x15, 0xC2, 0x15, 0xC2, 0x15, 0xC2, 0x15, 0xC2, 0x15,
  0xC2, 0x15, 0xC2, 0x15, 0xC2, 0x15, 0xC2, 0x15, 0xC2, 0x15, 0xC2, 0x15,
  0xC2, 0x15, 0xC2, 0x15, 0xC2, 0x15, 0xC2, 0x15, 0xC2, 0x15, 0xC2, 0x15,
  0xC2, 0x15, 0xC2, 0x15, 0xC2, 0x15, 0xC2, 0x15, 0xC2, 0x15, 0xC2, 0x15,
  0xC2, 0x15, 0xC2, 0x15, 0xC2, 0x15, 0xC2, 0x15, 0xC2, 0x15, 0xC2, 0x15,
  0x3E, 0xEA, 0x3E, 0xEA, 0x3E, 0xEA, 0x3E, 0xEA, 0x3E, 0xEA, 0x3E, 0xEA,
  0x3E, 0xEA, 0x3E, 0xEA, 0x3E, 0xEA, 0x3E, 0xEA, 0x3E, 0xEA, 0x3E, 0xEA,
  0x3E, 0xEA, 0x3E, 0xEA, 0x3E, 0xEA, 0x3E, 0xEA, 0x3E, 0xEA, 0x3E, 0xEA,
  0x3E, 0xEA, 0x3E, 0xEA, 0x3E, 0xEA, 0x3E, 0xEA, 0x3E, 0xEA, 0x3E, 0xEA,
  0x3E, 0xEA, 0x3E, 0xEA, 0x3E, 0xEA, 0x3E, 0xEA, 0x3E, 0xEA, 0x3E, 0xEA,
  0x3E, 0xEA, 0x3E, 0xEA, 0x3E, 0xEA, 0x3E, 0xEA, 0x3E, 0xEA, 0x3E, 0xEA,
  0x3E, 0xEA, 0x3E, 0xEA, 0x3E, 0xEA, 0x3E, 0xEA, 0x3E, 0xEA, 0x3E, 0xEA,
  0x3E, 0xEA, 0x3E, 0xEA, 0x3E, 0xEA, 0x3E, 0xEA, 0x3E, 0xEA, 0x3E, 0xEA,
  0x3E, 0xEA, 0x3E, 0xEA, 0x3E, 0xEA, 0x3E, 0xEA, 0x3E, 0xEA, 0x3E, 0xEA,
  0x3E, 0xEA, 0x3E, 0xEA, 0x3E, 0xEA, 0x3E, 0xEA, 0x3E, 0xEA, 0x3E, 0xEA,
  0x3E, 0xEA, 0x3E, 0xEA, 0x3E, 0xEA, 0x3E, 0xEA, 0x3E, 0xEA, 0x3E, 0xEA,
  0x3E, 0xEA, 0x3E, 0xEA, 0x3E, 0xEA, 0x3E, 0xEA, 0x3E, 0xEA, 0x3E, 0xEA,
  0x3E, 0xEA, 0x3E, 0xEA, 0x3E, 0xEA, 0x3E, 0xEA, 0x3E, 0xEA, 0x3E, 0xEA,
  0xC2, 0x15, 0xC2, 0x15, 0xC2, 0x15, 0xC2, 0x15, 0xC2, 0x15, 0xC2, 0x15,
  0xC2, 0x15, 0xC2, 0x15, 0xC2, 0x15, 0xC2, 0x15, 0xC2, 0x15, 0xC2, 0x15,
  0xC2, 0x15, 0xC2, 0x15, 0xC2, 0x15, 0xC2, 0x15, 0xC2, 0x15, 0xC2, 0x15,
  0xC2, 0x15, 0xC2, 0x15, 0xC2, 0x15, 0xC2, 0x15, 0xC2, 0x15, 0xC2, 0x15,
  0xC2, 0x15, 0xC2, 0x15, 0xC2, 0x15, 0xC2, 0x15, 0xC2, 0x15, 0xC2, 0x15,
  0xC2, 0x15, 0xC2, 0x15, 0xC2, 0x15, 0xC2, 0x15, 0xC2, 0x15, 0xC2, 0x15,
  0xC2, 0x15, 0xC2, 0x15, 0xC2, 0x15, 0xC2, 0x15, 0xC2, 0x15, 0xC2, 0x15,
  0xC2, 0x15, 0xC2, 0x15, 0xC2, 0x15, 0xC2, 0x15, 0xC2, 0x15, 0xC2, 0x15,
  0xC2, 0x15, 0xC2, 0x15, 0xC2, 0x15, 0xC2, 0x15, 0xC2, 0x15, 0xC2, 0x15,
  0xC2, 0x15, 0xC2, 0x15, 0xC2, 0x15, 0xC2, 0x15, 0xC2, 0x15, 0xC2, 0x15,
  0xC2, 0x15, 0xC2, 0x15, 0xC2, 0x15, 0xC2, 0x15, 0xC2, 0x15, 0xC2, 0x15,
  0xC2, 0x15, 0xC2, 0x15, 0xC2, 0x15, 0xC2, 0x15, 0xC2, 0x15, 0xC2, 0x15,
  0xC2, 0x15, 0xC2, 0x15, 0xC2, 0x15, 0xC2, 0x15, 0xC2, 0x15, 0xC2, 0x15,
  0xC2, 0x15, 0x3E, 0xEA, 0x3E, 0xEA, 0x3E, 0xEA, 0x3E, 0xEA, 0x3E, 0xEA,
  0x3E, 0xEA, 0x3E, 0xEA, 0x3E, 0xEA, 0x3E, 0xEA, 0x3E, 0xEA, 0x3E, 0xEA,
  0x3E, 0xEA, 0x3E, 0xEA, 0x3E, 0xEA, 0x3E, 0xEA, 0x3E, 0xEA, 0x3E, 0xEA,
  0x3E, 0xEA, 0x3E, 0xEA, 0x3E, 0xEA, 0x3E, 0xEA, 0x3E, 0xEA, 0x3E, 0xEA,
  0x3E, 0xEA, 0x3E, 0xEA, 0x3E, 0xEA, 0x3E, 0xEA, 0x3E, 0xEA, 0x3E, 0xEA,
  0x3E, 0xEA, 0x3E, 0xEA, 0x3E, 0xEA, 0x3E, 0xEA, 0x3E, 0xEA, 0x3E, 0xEA,
  0x3E, 0xEA, 0x3E, 0xEA, 0x3E, 0xEA, 0x3E, 0xEA, 0x3E, 0xEA, 0x3E, 0xEA,
  0x3E, 0xEA, 0x3E, 0xEA, 0x3E, 0xEA, 0x3E, 0xEA, 0x3E, 0xEA, 0x3E, 0xEA,
  0x3E, 0xEA, 0x3E, 0xEA, 0x3E, 0xEA, 0x3E, 0xEA, 0x3E, 0xEA, 0x3E, 0xEA,
  0x3E, 0xEA, 0x3E, 0xEA, 0x3E, 0xEA, 0x3E, 0xEA, 0x3E, 0xEA, 0x3E, 0xEA,
  0x3E, 0xEA, 0x3E, 0xEA, 0x3E, 0xEA, 0x3E, 0xEA, 0x3E, 0xEA, 0x3E, 0xEA,
  0x3E, 0xEA, 0x3E, 0xEA, 0x3E, 0xEA, 0x3E, 0xEA, 0x3E, 0xEA, 0x3E, 0xEA,
  0x3E, 0xEA, 0x3E, 0xEA, 0x3E, 0xEA, 0x3E, 0xEA, 0x3E, 0xEA, 0x3E, 0xEA,
  0x3E, 0xEA, 0x3E, 0xEA, 0xC2, 0x15, 0xC2, 0x15, 0xC2, 0x15, 0xC2, 0x15,
  0xC2, 0x15, 0xC2, 0x15, 0xC2, 0x15, 0xC2, 0x15, 0xC2, 0x15, 0xC2, 0x15,
  0xC2, 0x15, 0xC2, 0x15, 0xC2, 0x15, 0xC2, 0x15, 0xC2, 0x15, 0xC2, 0x15,
  0xC2, 0x15, 0xC2, 0x15, 0xC2, 0x15, 0xC2, 0x15, 0xC2, 0x15, 0xC2, 0x15,
  0xC2, 0x15, 0xC2, 0x15, 0xC2, 0x15, 0xC2, 0x15, 0xC2, 0x15, 0xC2, 0x15,
  0xC2, 0x15, 0xC2, 0x15, 0xC2, 0x15, 0xC2, 0x15, 0xC2, 0x15, 0xC2, 0x15,
  0xC2, 0x15, 0xC2, 0x15, 0xC2, 0x15, 0xC2, 0x15, 0xC2, 0x15, 0xC2, 0x15,
  0xC2, 0x15, 0xC2, 0x15, 0xC2, 0x15, 0xC2, 0x15, 0xC2, 0x15, 0xC2, 0x15,
  0xC2, 0x15, 0xC2, 0x15, 0xC2, 0x15, 0xC2, 0x15, 0xC2, 0x15, 0xC2, 0x15,
  0xC2, 0x15, 0xC2, 0x15, 0xC2, 0x15, 0xC2, 0x15, 0xC2, 0x15, 0xC2, 0x15,
  0xC2, 0x15, 0xC2, 0x15, 0xC2, 0x15, 0xC2, 0x15, 0xC2, 0x15, 0xC2, 0x15,
  0xC2, 0x15, 0xC2, 0x15, 0xC2, 0x15, 0xC2, 0x15, 0xC2, 0x15, 0xC2, 0x15,
  0xC2, 0x15, 0xC2, 0x15, 0xC2, 0x15, 0xC2, 0x15, 0xC2, 0x15, 0xC2, 0x15,
  0xC2, 0x15, 0xC2, 0x15, 0xC2, 0x15, 0x3E, 0xEA, 0x3E, 0xEA, 0x3E, 0xEA,
  0x3E, 0xEA, 0x3E, 0xEA, 0x3E, 0xEA, 0x3E, 0xEA, 0x3E, 0xEA, 0x3E, 0xEA,
  0x3E, 0xEA, 0x3E, 0xEA, 0x3E, 0xEA, 0x3E, 0xEA, 0x3E, 0xEA, 0x3E, 0xEA,
  0x3E, 0xEA, 0x3E, 0xEA, 0x3E, 0xEA, 0x3E, 0xEA, 0x3E, 0xEA, 0x3E, 0xEA,
  0x3E, 0xEA, 0x3E, 0xEA, 0x3E, 0xEA, 0x3E, 0xEA, 0x3E, 0xEA, 0x3E, 0xEA,
  0x3E, 0xEA, 0x3E, 0xEA, 0x3E, 0xEA, 0x3E, 0xEA, 0x3E, 0xEA, 0x3E, 0xEA,
  0x3E, 0xEA, 0x3E, 0xEA, 0x3E, 0xEA, 0x3E, 0xEA, 0x3E, 0xEA, 0x3E, 0xEA,
  0x3E, 0xEA, 0x3E, 0xEA, 0x3E, 0xEA, 0x3E, 0xEA, 0x3E, 0xEA, 0x3E, 0xEA,
  0x3E, 0xEA, 0x3E, 0xEA, 0x3E, 0xEA, 0x3E, 0xEA, 0x3E, 0xEA, 0x3E, 0xEA,
  0x3E, 0xEA, 0x3E, 0xEA, 0x3E, 0xEA, 0x3E, 0xEA, 0x3E, 0xEA, 0x3E, 0xEA,
  0x3E, 0xEA, 0x3E, 0xEA, 0x3E, 0xEA, 0x3E, 0xEA, 0x3E, 0xEA, 0x3E, 0xEA,
  0x3E, 0xEA, 0x3E, 0xEA, 0x3E, 0xEA, 0x3E, 0xEA, 0x3E, 0xEA, 0x3E, 0xEA,
  0x3E, 0xEA, 0x3E, 0xEA, 0x3E, 0xEA, 0x3E, 0xEA, 0x3E, 0xEA, 0x3E, 0xEA,
  0x3E, 0xEA, 0x3E, 0xEA, 0x3E, 0xEA, 0xC2, 0x15, 0xC2, 0x15, 0xC2, 0x15,
  0xC2, 0x15, 0xC2, 0x15, 0xC2, 0x15, 0xC2, 0x15, 0xC2, 0x15, 0xC2, 0x15,
  0xC2, 0x15, 0xC2, 0x15, 0xC2, 0x15, 0xC2, 0x15, 0xC2, 0x15, 0xC2, 0x15,
  0xC2, 0x15, 0xC2, 0x15, 0xC2, 0x15, 0xC2, 0x15, 0xC2, 0x15, 0xC2, 0x15,
  0xC2, 0x15, 0xC2, 0x15, 0xC2, 0x15, 0xC2, 0x15, 0xC2, 0x15, 0xC2, 0x15,
  0xC2, 0x15, 0xC2, 0x15, 0xC2, 0x15, 0xC2, 0x15, 0xC2, 0x15, 0xC2, 0x15,
  0xC2, 0x15, 0xC2, 0x15, 0xC2, 0x15, 0xC2, 0x15, 0xC2, 0x15, 0xC2, 0x15,
  0xC2, 0x15, 0xC2, 0x15, 0xC2, 0x15, 0xC2, 0x15, 0xC2, 0x15, 0xC2, 0x15,
  0xC2, 0x15, 0xC2, 0x15, 0xC2, 0x15, 0xC2, 0x15, 0xC2, 0x15, 0xC2, 0x15,
  0xC2, 0x15, 0xC2, 0x15, 0xC2, 0x15, 0xC2, 0x15, 0xC2, 0x15, 0xC2, 0x15,
  0xC2, 0x15, 0xC2, 0x15, 0xC2, 0x15, 0xC2, 0x15, 0xC2, 0x15, 0xC2, 0x15,
  0xC2, 0x15, 0xC2, 0x15, 0xC2, 0x15, 0xC2, 0x15, 0xC2, 0x15, 0xC2, 0x15,
  0xC2, 0x15, 0xC2, 0x15, 0xC2, 0x15, 0xC2, 0x15, 0xC2, 0x15, 0xC2, 0x15,
  0xC2, 0x15, 0xC2, 0x15, 0xC2, 0x15, 0xC2, 0x15, 0x3E, 0xEA, 0x3E, 0xEA,
  0x3E, 0xEA, 0x3E, 0xEA, 0x3E, 0xEA, 0x3E, 0xEA, 0x3E, 0xEA, 0x3E, 0xEA,
  0x3E, 0xEA, 0x3E, 0xEA, 0x3E, 0xEA, 0x3E, 0xEA, 0x3E, 0xEA, 0x3E, 0xEA,
  0x3E, 0xEA, 0x3E, 0xEA, 0x3E, 0xEA, 0x3E, 0xEA, 0x3E, 0xEA, 0x3E, 0xEA,
  0x3E, 0xEA, 0x3E, 0xEA, 0x3E, 0xEA, 0x3E, 0xEA, 0x3E, 0xEA, 0x3E, 0xEA,
  0x3E, 0xEA, 0x3E, 0xEA, 0x3E, 0xEA, 0x3E, 0xEA, 0x3E, 0xEA, 0x3E, 0xEA,
  0x3E, 0xEA, 0x3E, 0xEA, 0x3E, 0xEA, 0x3E, 0xEA, 0x3E, 0xEA, 0x3E, 0xEA,
  0x3E, 0xEA, 0x3E, 0xEA, 0x3E, 0xEA, 0x3E, 0xEA, 0x3E, 0xEA, 0x3E, 0xEA,
  0x3E, 0xEA, 0x3E, 0xEA, 0x3E, 0xEA, 0x3E, 0xEA, 0x3E, 0xEA, 0x3E, 0xEA,
  0x3E, 0xEA, 0x3E, 0xEA, 0x3E, 0xEA, 0x3E, 0xEA, 0x3E, 0xEA, 0x3E, 0xEA,
  0x3E, 0xEA, 0x3E, 0xEA, 0x3E, 0xEA, 0x3E, 0xEA, 0x3E, 0xEA, 0x3E, 0xEA,
  0x3E, 0xEA, 0x3E, 0xEA, 0x3E, 0xEA, 0x3E, 0xEA, 0x3E, 0xEA, 0x3E, 0xEA,
  0x3E, 0xEA, 0x3E, 0xEA, 0x3E, 0xEA, 0x3E, 0xEA, 0x3E, 0xEA, 0x3E, 0xEA,
  0x3E, 0xEA, 0x3E, 0xEA, 0x3E, 0xEA, 0x3E, 0xEA, 0x3E, 0xEA, 0xC2, 0x15,
  0xC2, 0x15, 0xC2, 0x15, 0xC2, 0x15, 0xC2, 0x15, 0xC2, 0x15, 0xC2, 0x15,
  0xC2, 0x15, 0xC2, 0x15, 0xC2, 0x15, 0xC2, 0x15, 0xC2, 0x15, 0xC2, 0x15,
  0xC2, 0x15, 0xC2, 0x15, 0xC2, 0x15, 0xC2, 0x15, 0xC2, 0x15, 0xC2, 0x15,
  0xC2, 0x15, 0xC2, 0x15, 0xC2, 0x15, 0xC2, 0x15, 0xC2, 0x15, 0xC2, 0x15,
  0xC2, 0x15, 0xC2, 0x15, 0xC2, 0x15, 0xC2, 0x15, 0xC2, 0x15, 0xC2, 0x15,
  0xC2, 0x15, 0xC2, 0x15, 0xC2, 0x15, 0xC2, 0x15, 0xC2, 0x15, 0xC2, 0x15,
  0xC2, 0x15, 0xC2, 0x15, 0xC2, 0x15, 0xC2, 0x15, 0xC2, 0x15, 0xC2, 0x15,
  0xC2, 0x15, 0xC2, 0x15, 0xC2, 0x15, 0xC2, 0x15, 0xC2, 0x15, 0xC2, 0x15,
  0xC2, 0x15, 0xC2, 0x15, 0xC2, 0x15, 0xC2, 0x15, 0xC2, 0x15, 0xC2, 0x15,
  0xC2, 0x15, 0xC2, 0x15, 0xC2, 0x15, 0xC2, 0x15, 0xC2, 0x15, 0xC2, 0x15,
  0xC2, 0x15, 0xC2, 0x15, 0xC2, 0x15, 0xC2, 0x15, 0xC2, 0x15, 0xC2, 0x15,
  0xC2, 0x15, 0xC2, 0x15, 0xC2, 0x15, 0xC2, 0x15, 0xC2, 0x15, 0xC2, 0x15,
  0xC2, 0x15, 0xC2, 0x15, 0xC2, 0x15, 0xC2, 0x15, 0xC2, 0x15, 0xC2, 0x15,
  0x3E, 0xEA, 0x3E, 0xEA, 0x3E, 0xEA, 0x3E, 0xEA, 0x3E, 0xEA, 0x3E, 0xEA,
  0x3E, 0xEA, 0x3E, 0xEA, 0x3E, 0xEA, 0x3E, 0xEA, 0x3E, 0xEA, 0x3E, 0xEA,
  0x3E, 0xEA, 0x3E, 0xEA, 0x3E, 0xEA, 0x3E, 0xEA, 0x3E, 0xEA, 0x3E, 0xEA,
  0x3E, 0xEA, 0x3E, 0xEA, 0x3E, 0xEA, 0x3E, 0xEA, 0x3E, 0xEA, 0x3E, 0xEA,
  0x3E, 0xEA, 0x3E, 0xEA, 0x3E, 0xEA, 0x3E, 0xEA, 0x3E, 0xEA, 0x3E, 0xEA,
  0x3E, 0xEA, 0x3E, 0xEA, 0x3E, 0xEA, 0x3E, 0xEA, 0x3E, 0xEA, 0x3E, 0xEA,
  0x3E, 0xEA, 0x3E, 0xEA, 0x3E, 0xEA, 0x3E, 0xEA, 0x3E, 0xEA, 0x3E, 0xEA,
  0x3E, 0xEA, 0x3E, 0xEA, 0x3E, 0xEA, 0x3E, 0xEA, 0x3E, 0xEA, 0x3E, 0xEA,
  0x3E, 0xEA, 0x3E, 0xEA, 0x3E, 0xEA, 0x3E, 0xEA, 0x3E, 0xEA, 0x3E, 0xEA,
  0x3E, 0xEA, 0x3E, 0xEA, 0x3E, 0xEA, 0x3E, 0xEA, 0x3E, 0xEA, 0x3E, 0xEA,
  0x3E, 0xEA, 0x3E, 0xEA, 0x3E, 0xEA, 0x3E, 0xEA, 0x3E, 0xEA, 0x3E, 0xEA,
  0x3E, 0xEA, 0x3E, 0xEA, 0x3E, 0xEA, 0x3E, 0xEA, 0x3E, 0xEA, 0x3E, 0xEA,
  0x3E, 0xEA, 0x3E, 0xEA, 0x3E, 0xEA, 0x3E, 0xEA, 0x3E, 0xEA, 0x3E, 0xEA,
  0xC2, 0x15, 0xC2, 0x15, 0xC2, 0x15, 0xC2, 0x15, 0xC2, 0x15, 0xC2, 0x15,
  0xC2, 0x15, 0xC2, 0x15, 0xC2, 0x15, 0xC2, 0x15, 0xC2, 0x15, 0xC2, 0x15,
  0xC2, 0x15, 0xC2, 0x15, 0xC2, 0x15, 0xC2, 0x15, 0xC2, 0x15, 0xC2, 0x15,
  0xC2, 0x15, 0xC2, 0x15, 0xC2, 0x15, 0xC2, 0x15, 0xC2, 0x15, 0xC2, 0x15,
  0xC2, 0x15, 0xC2, 0x15, 0xC2, 0x15, 0xC2, 0x15, 0xC2, 0x15, 0xC2, 0x15,
  0xC2, 0x15, 0xC2, 0x15, 0xC2, 0x15, 0xC2, 0x15, 0xC2, 0x15, 0xC2, 0x15,
  0xC2, 0x15, 0xC2, 0x15, 0xC2, 0x15, 0xC2, 0x15, 0xC2, 0x15, 0xC2, 0x15,
  0xC2, 0x15, 0xC2, 0x15, 0xC2, 0x15, 0xC2, 0x15, 0xC2, 0x15, 0xC2, 0x15,
  0xC2, 0x15, 0xC2, 0x15, 0xC2, 0x15, 0xC2, 0x15, 0xC2, 0x15, 0xC2, 0x15,
  0xC2, 0x15, 0xC2, 0x15, 0xC2, 0x15, 0xC2, 0x15, 0xC2, 0x15, 0xC2, 0x15,
  0xC2, 0x15, 0xC2, 0x15, 0xC2, 0x15, 0xC2, 0x15, 0xC2, 0x15, 0xC2, 0x15,
  0xC2, 0x15, 0xC2, 0x15, 0xC2, 0x15, 0xC2, 0x15, 0xC2, 0x15, 0xC2, 0x15,
  0xC2, 0x15, 0xC2, 0x15, 0xC2, 0x15, 0xC2, 0x15, 0xC2, 0x15, 0xC2, 0x15,
  0xC2, 0x15, 0x3E, 0xEA, 0x3E, 0xEA, 0x3E, 0xEA, 0x3E, 0xEA, 0x3E, 0xEA,
  0x3E, 0xEA, 0x3E, 0xEA, 0x3E, 0xEA, 0x3E, 0xEA, 0x3E, 0xEA, 0x3E, 0xEA,
  0x3E, 0xEA, 0x3E, 0xEA, 0x3E, 0xEA, 0x3E, 0xEA, 0x3E, 0xEA, 0x3E, 0xEA,
  0x3E, 0xEA, 0x3E, 0xEA, 0x3E, 0xEA, 0x3E, 0xEA, 0x3E, 0xEA, 0x3E, 0xEA,
  0x3E, 0xEA, 0x3E, 0xEA, 0x3E, 0xEA, 0x3E, 0xEA, 0x3E, 0xEA, 0x3E, 0xEA,
  0x3E, 0xEA, 0x3E, 0xEA, 0x3E, 0xEA, 0x3E, 0xEA, 0x3E, 0xEA, 0x3E, 0xEA,
  0x3E, 0xEA, 0x3E, 0xEA, 0x3E, 0xEA, 0x3E, 0xEA, 0x3E, 0xEA, 0x3E, 0xEA,
  0x3E, 0xEA, 0x3E, 0xEA, 0x3E, 0xEA, 0x3E, 0xEA, 0x3E, 0xEA, 0x3E, 0xEA,
  0x3E, 0xEA, 0x3E, 0xEA, 0x3E, 0xEA, 0x3E, 0xEA, 0x3E, 0xEA, 0x3E, 0xEA,
  0x3E, 0xEA, 0x3E, 0xEA, 0x3E, 0xEA, 0x3E, 0xEA, 0x3E, 0xEA, 0x3E, 0xEA,
  0x3E, 0xEA, 0x3E, 0xEA, 0x3E, 0xEA, 0x3E, 0xEA, 0x3E, 0xEA, 0x3E, 0xEA,
  0x3E, 0xEA, 0x3E, 0xEA, 0x3E, 0xEA, 0x3E, 0xEA, 0x3E, 0xEA, 0x3E, 0xEA,
  0x3E, 0xEA, 0x3E, 0xEA, 0x3E, 0xEA, 0x3E, 0xEA, 0x3E, 0xEA, 0x3E, 0xEA,
  0x3E, 0xEA, 0x3E, 0xEA, 0xC2, 0x15, 0xC2, 0x15, 0xC2, 0x15, 0xC2, 0x15,
  0xC2, 0x15, 0xC2, 0x15, 0xC2, 0x15, 0xC2, 0x15, 0xC2, 0x15, 0xC2, 0x15,
  0xC2, 0x15, 0xC2, 0x15, 0xC2, 0x15, 0xC2, 0x15, 0xC2, 0x15, 0xC2, 0x15,
  0xC2, 0x15, 0xC2, 0x15, 0xC2, 0x15, 0xC2, 0x15, 0xC2, 0x15, 0xC2, 0x15,
  0xC2, 0x15, 0xC2, 0x15, 0xC2, 0x15, 0xC2, 0x15, 0xC2, 0x15, 0xC2, 0x15,
  0xC2, 0x15, 0xC2, 0x15, 0xC2, 0x15, 0xC2, 0x15, 0xC2, 0x15, 0xC2, 0x15,
  0xC2, 0x15, 0xC2, 0x15, 0xC2, 0x15, 0xC2, 0x15, 0xC2, 0x15, 0xC2, 0x15,
  0xC2, 0x15, 0xC2, 0x15, 0xC2, 0x15, 0xC2, 0x15, 0xC2, 0x15, 0xC2, 0x15,
  0xC2, 0x15, 0xC2, 0x15, 0xC2, 0x15, 0xC2, 0x15, 0xC2, 0x15, 0xC2, 0x15,
  0xC2, 0x15, 0xC2, 0x15, 0xC2, 0x15, 0xC2, 0x15, 0xC2, 0x15, 0xC2, 0x15,
  0xC2, 0x15, 0xC2, 0x15, 0xC2, 0x15, 0xC2, 0x15, 0xC2, 0x15, 0xC2, 0x15,
  0xC2, 0x15, 0xC2, 0x15, 0xC2, 0x15, 0xC2, 0x15, 0xC2, 0x15, 0xC2, 0x15,
  0xC2, 0x15, 0xC2, 0x15, 0xC2, 0x15, 0xC2, 0x15, 0xC2, 0x15, 0xC2, 0x15,
  0xC2, 0x15, 0xC2, 0x15, 0xC2, 0x15, 0x3E, 0xEA, 0x3E, 0xEA, 0x3E, 0xEA,
  0x3E, 0xEA, 0x3E, 0xEA, 0x3E, 0xEA, 0x3E, 0xEA, 0x3E, 0xEA, 0x3E, 0xEA,
  0x3E, 0xEA, 0x3E, 0xEA, 0x3E, 0xEA, 0x3E, 0xEA, 0x3E, 0xEA, 0x3E, 0xEA,
  0x3E, 0xEA, 0x3E, 0xEA, 0x3E, 0xEA, 0x3E, 0xEA, 0x3E, 0xEA, 0x3E, 0xEA,
  0x3E, 0xEA, 0x3E, 0xEA, 0x3E, 0xEA, 0x3E, 0xEA, 0x3E, 0xEA, 0x3E, 0xEA,
  0x3E, 0xEA, 0x3E, 0xEA, 0x3E, 0xEA, 0x3E, 0xEA, 0x3E, 0xEA, 0x3E, 0xEA,
  0x3E, 0xEA, 0x3E, 0xEA, 0x3E, 0xEA, 0x3E, 0xEA, 0x3E, 0xEA, 0x3E, 0xEA,
  0x3E, 0xEA, 0x3E, 0xEA, 0x3E, 0xEA, 0x3E, 0xEA, 0x3E, 0xEA, 0x3E, 0xEA,
  0x3E, 0xEA, 0x3E, 0xEA, 0x3E, 0xEA, 0x3E, 0xEA, 0x3E, 0xEA, 0x3E, 0xEA,
  0x3E, 0xEA, 0x3E, 0xEA, 0x3E, 0xEA, 0x3E, 0xEA, 0x3E, 0xEA, 0x3E, 0xEA,
  0x3E, 0xEA, 0x3E, 0xEA, 0x3E, 0xEA, 0x3E, 0xEA, 0x3E, 0xEA, 0x3E, 0xEA,
  0x3E, 0xEA, 0x3E, 0xEA, 0x3E, 0xEA, 0x3E, 0xEA, 0x3E, 0xEA, 0x3E, 0xEA,
  0x3E, 0xEA, 0x3E, 0xEA, 0x3E, 0xEA, 0x3E, 0xEA, 0x3E, 0xEA, 0x3E, 0xEA,
  0x3E, 0xEA, 0x3E, 0xEA, 0x3E, 0xEA, 0xC2, 0x15, 0xC2, 0x15, 0xC2, 0x15,
  0xC2, 0x15, 0xC2, 0x15, 0xC2, 0x15, 0xC2, 0x15, 0xC2, 0x15, 0xC2, 0x15,
  0xC2, 0x15, 0xC2, 0x15, 0xC2, 0x15, 0xC2, 0x15, 0xC2, 0x15, 0xC2, 0x15,
  0xC2, 0x15, 0xC2, 0x15, 0xC2, 0x15, 0xC2, 0x15, 0xC2, 0x15, 0xC2, 0x15,
  0xC2, 0x15, 0xC2, 0x15, 0xC2, 0x15, 0xC2, 0x15, 0xC2, 0x15, 0xC2, 0x15,
  0xC2, 0x15, 0xC2, 0x15, 0xC2, 0x15, 0xC2, 0x15, 0xC2, 0x15, 0xC2, 0x15,
  0xC2, 0x15, 0xC2, 0x15, 0xC2, 0x15, 0xC2, 0x15, 0xC2, 0x15, 0xC2, 0x15,
  0xC2, 0x15, 0xC2, 0x15, 0xC2, 0x15, 0xC2, 0x15, 0xC2, 0x15, 0xC2, 0x15,
  0xC2, 0x15, 0xC2, 0x15, 0xC2, 0x15, 0xC2, 0x15, 0xC2, 0x15, 0xC2, 0x15,
  0xC2, 0x15, 0xC2, 0x15, 0xC2, 0x15, 0xC2, 0x15, 0xC2, 0x15, 0xC2, 0x15,
  0xC2, 0x15, 0xC2, 0x15, 0xC2, 0x15, 0xC2, 0x15, 0xC2, 0x15, 0xC2, 0x15,
  0xC2, 0x15, 0xC2, 0x15, 0xC2, 0x15, 0xC2, 0x15, 0xC2, 0x15, 0xC2, 0x15,
  0xC2, 0x15, 0xC2, 0x15, 0xC2, 0x15, 0xC2, 0x15, 0xC2, 0x15, 0xC2, 0x15,
  0xC2, 0x15, 0xC2, 0x15, 0xC2, 0x15, 0xC2, 0x15, 0x3E, 0xEA, 0x3E, 0xEA,
  0x3E, 0xEA, 0x3E, 0xEA, 0x3E, 0xEA, 0x3E, 0xEA, 0x3E, 0xEA, 0x3E, 0xEA,
  0x3E, 0xEA, 0x3E, 0xEA, 0x3E, 0xEA, 0x3E, 0xEA, 0x3E, 0xEA, 0x3E, 0xEA,
  0x3E, 0xEA, 0x3E, 0xEA, 0x3E, 0xEA, 0x3E, 0xEA, 0x3E, 0xEA, 0x3E, 0xEA,
  0x3E, 0xEA, 0x3E, 0xEA, 0x3E, 0xEA, 0x3E, 0xEA, 0x3E, 0xEA, 0x3E, 0xEA,
  0x3E, 0xEA, 0x3E, 0xEA, 0x3E, 0xEA, 0x3E, 0xEA, 0x3E, 0xEA, 0x3E, 0xEA,
  0x3E, 0xEA, 0x3E, 0xEA, 0x3E, 0xEA, 0x3E, 0xEA, 0x3E, 0xEA, 0x3E, 0xEA,
  0x3E, 0xEA, 0x3E, 0xEA, 0x3E, 0xEA, 0x3E, 0xEA, 0x3E, 0xEA, 0x3E, 0xEA,
  0x3E, 0xEA, 0x3E, 0xEA, 0x3E, 0xEA, 0x3E, 0xEA, 0x3E, 0xEA, 0x3E, 0xEA,
  0x3E, 0xEA, 0x3E, 0xEA, 0x3E, 0xEA, 0x3E, 0xEA, 0x3E, 0xEA, 0x3E, 0xEA,
  0x3E, 0xEA, 0x3E, 0xEA, 0x3E, 0xEA, 0x3E, 0xEA, 0x3E, 0xEA, 0x3E, 0xEA,
  0x3E, 0xEA, 0x3E, 0xEA, 0x3E, 0xEA, 0x3E, 0xEA, 0x3E, 0xEA, 0x3E, 0xEA,
  0x3E, 0xEA, 0x3E, 0xEA, 0x3E, 0xEA, 0x3E, 0xEA, 0x3E, 0xEA, 0x3E, 0xEA,
  0x3E, 0xEA, 0x3E, 0xEA, 0x3E, 0xEA, 0x3E, 0xEA, 0x3E, 0xEA, 0xC2, 0x15,
  0xC2, 0x15, 0xC2, 0x15, 0xC2, 0x15, 0xC2, 0x15, 0xC2, 0x15, 0xC2, 0x15,
  0xC2, 0x15, 0xC2, 0x15, 0xC2, 0x15, 0xC2, 0x15, 0xC2, 0x15, 0xC2, 0x15,
  0xC2, 0x15, 0xC2, 0x15, 0xC2, 0x15, 0xC2, 0x15, 0xC2, 0x15, 0xC2, 0x15,
  0xC2, 0x15, 0xC2, 0x15, 0xC2, 0x15, 0xC2, 0x15, 0xC2, 0x15, 0xC2, 0x15,
  0xC2, 0x15, 0xC2, 0x15, 0xC2, 0x15, 0xC2, 0x15, 0xC2, 0x15, 0xC2, 0x15,
  0xC2, 0x15, 0xC2, 0x15, 0xC2, 0x15, 0xC2, 0x15, 0xC2, 0x15, 0xC2, 0x15,
  0xC2, 0x15, 0xC2, 0x15, 0xC2, 0x15, 0xC2, 0x15, 0xC2, 0x15, 0xC2, 0x15,
  0xC2, 0x15, 0xC2, 0x15, 0xC2, 0x15, 0xC2, 0x15, 0xC2, 0x15, 0xC2, 0x15,
  0xC2, 0x15, 0xC2, 0x15, 0xC2, 0x15, 0xC2, 0x15, 0xC2, 0x15, 0xC2, 0x15,
  0xC2, 0x15, 0xC2, 0x15, 0xC2, 0x15, 0xC2, 0x15, 0xC2, 0x15, 0xC2, 0x15,
  0xC2, 0x15, 0xC2, 0x15, 0xC2, 0x15, 0xC2, 0x15, 0xC2, 0x15, 0xC2, 0x15,
  0xC2, 0x15, 0xC2, 0x15, 0xC2, 0x15, 0xC2, 0x15, 0xC2, 0x15, 0xC2, 0x15,
  0xC2, 0x15, 0xC2, 0x15, 0xC2, 0x15, 0xC2, 0x15, 0xC2, 0x15, 0xC2, 0x15,
  0x3E, 0xEA, 0x3E, 0xEA, 0x3E, 0xEA, 0x3E, 0xEA, 0x3E, 0xEA, 0x3E, 0xEA,
  0x3E, 0xEA, 0x3E, 0xEA, 0x3E, 0xEA, 0x3E, 0xEA, 0x3E, 0xEA, 0x3E, 0xEA,
  0x3E, 0xEA, 0x3E, 0xEA, 0x3E, 0xEA, 0x3E, 0xEA, 0x3E, 0xEA, 0x3E, 0xEA,
  0x3E, 0xEA, 0x3E, 0xEA, 0x3E, 0xEA, 0x3E, 0xEA, 0x3E, 0xEA, 0x3E, 0xEA,
  0x3E, 0xEA, 0x3E, 0xEA, 0x3E, 0xEA, 0x3E, 0xEA, 0x3E, 0xEA, 0x3E, 0xEA,
  0x3E, 0xEA, 0x3E, 0xEA, 0x3E, 0xEA, 0x3E, 0xEA, 0x3E, 0xEA, 0x3E, 0xEA,
  0x3E, 0xEA, 0x3E, 0xEA, 0x3E, 0xEA, 0x3E, 0xEA, 0x3E, 0xEA, 0x3E, 0xEA,
  0x3E, 0xEA, 0x3E, 0xEA, 0x3E, 0xEA, 0x3E, 0xEA, 0x3E, 0xEA, 0x3E, 0xEA,
  0x3E, 0xEA, 0x3E, 0xEA, 0x3E, 0xEA, 0x3E, 0xEA, 0x3E, 0xEA, 0x3E, 0xEA,
  0x3E, 0xEA, 0x3E, 0xEA, 0x3E, 0xEA, 0x3E, 0xEA, 0x3E, 0xEA, 0x3E, 0xEA,
  0x3E, 0xEA, 0x3E, 0xEA, 0x3E, 0xEA, 0x3E, 0xEA, 0x3E, 0xEA, 0x3E, 0xEA,
  0x3E, 0xEA, 0x3E, 0xEA, 0x3E, 0xEA, 0x3E, 0xEA, 0x3E, 0xEA, 0x3E, 0xEA,
  0x3E, 0xEA, 0x3E, 0xEA, 0x3E, 0xEA, 0x3E, 0xEA, 0x3E, 0xEA, 0x3E, 0xEA,
  0xC2, 0x15, 0xC2, 0x15, 0xC2, 0x15, 0xC2, 0x15, 0xC2, 0x15, 0xC2, 0x15,
  0xC2, 0x15, 0xC2, 0x15, 0xC2, 0x15, 0xC2, 0x15, 0xC2, 0x15, 0xC2, 0x15,
  0xC2, 0x15, 0xC2, 0x15, 0xC2, 0x15, 0xC2, 0x15, 0xC2, 0x15, 0xC2, 0x15,
  0xC2, 0x15, 0xC2, 0x15, 0xC2, 0x15, 0xC2, 0x15, 0xC2, 0x15, 0xC2, 0x15,
  0xC2, 0x15, 0xC2, 0x15, 0xC2, 0x15, 0xC2, 0x15, 0xC2, 0x15, 0xC2, 0x15,
  0xC2, 0x15, 0xC2, 0x15, 0xC2, 0x15, 0xC2, 0x15, 0xC2, 0x15, 0xC2, 0x15,
  0xC2, 0x15, 0xC2, 0x15, 0xC2, 0x15, 0xC2, 0x15, 0xC2, 0x15, 0xC2, 0x15,
  0xC2, 0x15, 0xC2, 0x15, 0xC2, 0x15, 0xC2, 0x15, 0xC2, 0x15, 0xC2, 0x15,
  0xC2, 0x15, 0xC2, 0x15, 0xC2, 0x15, 0xC2, 0x15, 0xC2, 0x15, 0xC2, 0x15,
  0xC2, 0x15, 0xC2, 0x15, 0xC2, 0x15, 0xC2, 0x15, 0xC2, 0x15, 0xC2, 0x15,
  0xC2, 0x15, 0xC2, 0x15, 0xC2, 0x15, 0xC2, 0x15, 0xC2, 0x15, 0xC2, 0x15,
  0xC2, 0x15, 0xC2, 0x15, 0xC2, 0x15, 0xC2, 0x15, 0xC2, 0x15, 0xC2, 0x15,
  0xC2, 0x15, 0xC2, 0x15, 0xC2, 0x15, 0xC2, 0x15, 0xC2, 0x15, 0xC2, 0x15,
  0xC2, 0x15, 0x3E, 0xEA, 0x3E, 0xEA, 0x3E, 0xEA, 0x3E, 0xEA, 0x3E, 0xEA,
  0x3E, 0xEA, 0x3E, 0xEA, 0x3E, 0xEA, 0x3E, 0xEA, 0x3E, 0xEA, 0x3E, 0xEA,
  0x3E, 0xEA, 0x3E, 0xEA, 0x3E, 0xEA, 0x3E, 0xEA, 0x3E, 0xEA, 0x3E, 0xEA,
  0x3E, 0xEA, 0x3E, 0xEA, 0x3E, 0xEA, 0x3E, 0xEA, 0x3E, 0xEA, 0x3E, 0xEA,
  0x3E, 0xEA, 0x3E, 0xEA, 0x3E, 0xEA, 0x3E, 0xEA, 0x3E, 0xEA, 0x3E, 0xEA,
  0x3E, 0xEA, 0x3E, 0xEA, 0x3E, 0xEA, 0x3E, 0xEA, 0x3E, 0xEA, 0x3E, 0xEA,
  0x3E, 0xEA, 0x3E, 0xEA, 0x3E, 0xEA, 0x3E, 0xEA, 0x3E, 0xEA, 0x3E, 0xEA,
  0x3E, 0xEA, 0x3E, 0xEA, 0x3E, 0xEA, 0x3E, 0xEA, 0x3E, 0xEA, 0x3E, 0xEA,
  0x3E, 0xEA, 0x3E, 0xEA, 0x3E, 0xEA, 0x3E, 0xEA, 0x3E, 0xEA, 0x3E, 0xEA,
  0x3E, 0xEA, 0x3E, 0xEA, 0x3E, 0xEA, 0x3E, 0xEA, 0x3E, 0xEA, 0x3E, 0xEA,
  0x3E, 0xEA, 0x3E, 0xEA, 0x3E, 0xEA, 0x3E, 0xEA, 0x3E, 0xEA, 0x3E, 0xEA,
  0x3E, 0xEA, 0x3E, 0xEA, 0x3E, 0xEA, 0x3E, 0xEA, 0x3E, 0xEA, 0x3E, 0xEA,
  0x3E, 0xEA, 0x3E, 0xEA, 0x3E, 0xEA, 0x3E, 0xEA, 0x3E, 0xEA, 0x3E, 0xEA,
  0x3E, 0xEA, 0x3E, 0xEA, 0xC2, 0x15, 0xC2, 0x15, 0xC2, 0x15, 0xC2, 0x15,
  0xC2, 0x15, 0xC2, 0x15, 0xC2, 0x15, 0xC2, 0x15, 0xC2, 0x15, 0xC2, 0x15,
  0xC2, 0x15, 0xC2, 0x15, 0xC2, 0x15, 0xC2, 0x15, 0xC2, 0x15, 0xC2, 0x15,
  0xC2, 0x15, 0xC2, 0x15, 0xC2, 0x15, 0xC2, 0x15, 0xC2, 0x15, 0xC2, 0x15,
  0xC2, 0x15, 0xC2, 0x15, 0xC2, 0x15, 0xC2, 0x15, 0xC2, 0x15, 0xC2, 0x15,
  0xC2, 0x15, 0xC2, 0x15, 0xC2, 0x15, 0xC2, 0x15, 0xC2, 0x15, 0xC2, 0x15,
  0xC2, 0x15, 0xC2, 0x15, 0xC2, 0x15, 0xC2, 0x15, 0xC2, 0x15, 0xC2, 0x15,
  0xC2, 0x15, 0xC2, 0x15, 0xC2, 0x15, 0xC2, 0x15, 0xC2, 0x15, 0xC2, 0x15,
  0xC2, 0x15, 0xC2, 0x15, 0xC2, 0x15, 0xC2, 0x15, 0xC2, 0x15, 0xC2, 0x15,
  0xC2, 0x15, 0xC2, 0x15, 0xC2, 0x15, 0xC2, 0x15, 0xC2, 0x15, 0xC2, 0x15,
  0xC2, 0x15, 0xC2, 0x15, 0xC2, 0x15, 0xC2, 0x15, 0xC2, 0x15, 0xC2, 0x15,
  0xC2, 0x15, 0xC2, 0x15, 0xC2, 0x15, 0xC2, 0x15, 0xC2, 0x15, 0xC2, 0x15,
  0xC2, 0x15, 0xC2, 0x15, 0xC2, 0x15, 0xC2, 0x15, 0xC2, 0x15, 0xC2, 0x15,
  0xC2, 0x15, 0xC2, 0x15, 0xC2, 0x15, 0x3E, 0xEA, 0x3E, 0xEA, 0x3E, 0xEA,
  0x3E, 0xEA, 0x3E, 0xEA, 0x3E, 0xEA, 0x3E, 0xEA, 0x3E, 0xEA, 0x3E, 0xEA,
  0x3E, 0xEA, 0x3E, 0xEA, 0x3E, 0xEA, 0x3E, 0xEA, 0x3E, 0xEA, 0x3E, 0xEA,
  0x3E, 0xEA, 0x3E, 0xEA, 0x3E, 0xEA, 0x3E, 0xEA, 0x3E, 0xEA, 0x3E, 0xEA,
  0x3E, 0xEA, 0x3E, 0xEA, 0x3E, 0xEA, 0x3E, 0xEA, 0x3E, 0xEA, 0x3E, 0xEA,
  0x3E, 0xEA, 0x3E, 0xEA, 0x3E, 0xEA, 0x3E, 0xEA, 0x3E, 0xEA, 0x3E, 0xEA,
  0x3E, 0xEA, 0x3E, 0xEA, 0x3E, 0xEA, 0x3E, 0xEA, 0x3E, 0xEA, 0x3E, 0xEA,
  0x3E, 0xEA, 0x3E, 0xEA, 0x3E, 0xEA, 0x3E, 0xEA, 0x3E, 0xEA, 0x3E, 0xEA,
  0x3E, 0xEA, 0x3E, 0xEA, 0x3E, 0xEA, 0x3E, 0xEA, 0x3E, 0xEA, 0x3E, 0xEA,
  0x3E, 0xEA, 0x3E, 0xEA, 0x3E, 0xEA, 0x3E, 0xEA, 0x3E, 0xEA, 0x3E, 0xEA,
  0x3E, 0xEA, 0x3E, 0xEA, 0x3E, 0xEA, 0x3E, 0xEA, 0x3E, 0xEA, 0x3E, 0xEA,
  0x3E, 0xEA, 0x3E, 0xEA, 0x3E, 0xEA, 0x3E, 0xEA, 0x3E, 0xEA, 0x3E, 0xEA,
  0x3E, 0xEA, 0x3E, 0xEA, 0x3E, 0xEA, 0x3E, 0xEA, 0x3E, 0xEA, 0x3E, 0xEA,
  0x3E, 0xEA, 0x3E, 0xEA, 0x3E, 0xEA, 0xC2, 0x15, 0xC2, 0x15, 0xC2, 0x15,
  0xC2, 0x15, 0xC2, 0x15, 0xC2, 0x15, 0xC2, 0x15, 0xC2, 0x15, 0xC2, 0x15,
  0xC2, 0x15, 0xC2, 0x15, 0xC2, 0x15, 0xC2, 0x15, 0xC2, 0x15, 0xC2, 0x15,
  0xC2, 0x15, 0xC2, 0x15, 0xC2, 0x15, 0xC2, 0x15, 0xC2, 0x15, 0xC2, 0x15,
  0xC2, 0x15, 0xC2, 0x15, 0xC2, 0x15, 0xC2, 0x15, 0xC2, 0x15, 0xC2, 0x15,
  0xC2, 0x15, 0xC2, 0x15, 0xC2, 0x15, 0xC2, 0x15, 0xC2, 0x15, 0xC2, 0x15,
  0xC2, 0x15, 0xC2, 0x15, 0xC2, 0x15, 0xC2, 0x15, 0xC2, 0x15, 0xC2, 0x15,
  0xC2, 0x15, 0xC2, 0x15, 0xC2, 0x15, 0xC2, 0x15, 0xC2, 0x15, 0xC2, 0x15,
  0xC2, 0x15, 0xC2, 0x15, 0xC2, 0x15, 0xC2, 0x15, 0xC2, 0x15, 0xC2, 0x15,
  0xC2, 0x15, 0xC2, 0x15, 0xC2, 0x15, 0xC2, 0x15, 0xC2, 0x15, 0xC2, 0x15,
  0xC2, 0x15, 0xC2, 0x15, 0xC2, 0x15, 0xC2, 0x15, 0xC2, 0x15, 0xC2, 0x15,
  0xC2, 0x15, 0xC2, 0x15, 0xC2, 0x15, 0xC2, 0x15, 0xC2, 0x15, 0xC2, 0x15,
  0xC2, 0x15, 0xC2, 0x15, 0xC2, 0x15, 0xC2, 0x15, 0xC2, 0x15, 0xC2, 0x15,
  0xC2, 0x15, 0xC2, 0x15, 0xC2, 0x15, 0xC2, 0x15, 0x3E, 0xEA, 0x3E, 0xEA,
  0x3E, 0xEA, 0x3E, 0xEA, 0x3E, 0xEA, 0x3E, 0xEA, 0x3E, 0xEA, 0x3E, 0xEA,
  0x3E, 0xEA, 0x3E, 0xEA, 0x3E, 0xEA, 0x3E, 0xEA, 0x3E, 0xEA, 0x3E, 0xEA,
  0x3E, 0xEA, 0x3E, 0xEA, 0x3E, 0xEA, 0x3E, 0xEA, 0x3E, 0xEA, 0x3E, 0xEA,
  0x3E, 0xEA, 0x3E, 0xEA, 0x3E, 0xEA, 0x3E, 0xEA, 0x3E, 0xEA, 0x3E, 0xEA,
  0x3E, 0xEA, 0x3E, 0xEA, 0x3E, 0xEA, 0x3E, 0xEA, 0x3E, 0xEA, 0x3E, 0xEA,
  0x3E, 0xEA, 0x3E, 0xEA, 0x3E, 0xEA, 0x3E, 0xEA, 0x3E, 0xEA, 0x3E, 0xEA,
  0x3E, 0xEA, 0x3E, 0xEA, 0x3E, 0xEA, 0x3E, 0xEA, 0x3E, 0xEA, 0x3E, 0xEA,
  0x3E, 0xEA, 0x3E, 0xEA, 0x3E, 0xEA, 0x3E, 0xEA, 0x3E, 0xEA, 0x3E, 0xEA,
  0x3E, 0xEA, 0x3E, 0xEA, 0x3E, 0xEA, 0x3E, 0xEA, 0x3E, 0xEA, 0x3E, 0xEA,
  0x3E, 0xEA, 0x3E, 0xEA, 0x3E, 0xEA, 0x3E, 0xEA, 0x3E, 0xEA, 0x3E, 0xEA,
  0x3E, 0xEA, 0x3E, 0xEA, 0x3E, 0xEA, 0x3E, 0xEA, 0x3E, 0xEA, 0x3E, 0xEA,
  0x3E, 0xEA, 0x3E, 0xEA, 0x3E, 0xEA, 0x3E, 0xEA, 0x3E, 0xEA, 0x3E, 0xEA,
  0x3E, 0xEA, 0x3E, 0xEA, 0x3E, 0xEA, 0x3E, 0xEA, 0x3E, 0xEA, 0xC2, 0x15,
  0xC2, 0x15, 0xC2, 0x15, 0xC2, 0x15, 0xC2, 0x15, 0xC2, 0x15, 0xC2, 0x15,
  0xC2, 0x15, 0xC2, 0x15, 0xC2, 0x15, 0xC2, 0x15, 0xC2, 0x15, 0xC2, 0x15,
  0xC2, 0x15, 0xC2, 0x15, 0xC2, 0x15, 0xC2, 0x15, 0xC2, 0x15, 0xC2, 0x15,
  0xC2, 0x15, 0xC2, 0x15, 0xC2, 0x15, 0xC2, 0x15, 0xC2, 0x15, 0xC2, 0x15,
  0xC2, 0x15, 0xC2, 0x15, 0xC2, 0x15, 0xC2, 0x15, 0xC2, 0x15, 0xC2, 0x15,
  0xC2, 0x15, 0xC2, 0x15, 0xC2, 0x15, 0xC2, 0x15, 0xC2, 0x15, 0xC2, 0x15,
  0xC2, 0x15, 0xC2, 0x15, 0xC2, 0x15, 0xC2, 0x15, 0xC2, 0x15, 0xC2, 0x15,
  0xC2, 0x15, 0xC2, 0x15, 0xC2, 0x15, 0xC2, 0x15, 0xC2, 0x15, 0xC2, 0x15,
  0xC2, 0x15, 0xC2, 0x15, 0xC2, 0x15, 0xC2, 0x15, 0xC2, 0x15, 0xC2, 0x15,
  0xC2, 0x15, 0xC2, 0x15, 0xC2, 0x15, 0xC2, 0x15, 0xC2, 0x15, 0xC2, 0x15,
  0xC2, 0x15, 0xC2, 0x15, 0xC2, 0x15, 0xC2, 0x15, 0xC2, 0x15, 0xC2, 0x15,
  0xC2, 0x15, 0xC2, 0x15, 0xC2, 0x15, 0xC2, 0x15, 0xC2, 0x15, 0xC2, 0x15,
  0xC2, 0x15, 0xC2, 0x15, 0xC2, 0x15, 0xC2, 0x15, 0xC2, 0x15, 0xC2, 0x15,
  0x3E, 0xEA, 0x3E, 0xEA, 0x3E, 0xEA, 0x3E, 0xEA, 0x3E, 0xEA, 0x3E, 0xEA,
  0x3E, 0xEA, 0x3E, 0xEA, 0x3E, 0xEA, 0x3E, 0xEA, 0x3E, 0xEA, 0x3E, 0xEA,
  0x3E, 0xEA, 0x3E, 0xEA, 0x3E, 0xEA, 0x3E, 0xEA, 0x3E, 0xEA, 0x3E, 0xEA,
  0x3E, 0xEA, 0x3E, 0xEA, 0x3E, 0xEA, 0x3E, 0xEA, 0x3E, 0xEA, 0x3E, 0xEA,
  0x3E, 0xEA, 0x3E, 0xEA, 0x3E, 0xEA, 0x3E, 0xEA, 0x3E, 0xEA, 0x3E, 0xEA,
  0x3E, 0xEA, 0x3E, 0xEA, 0x3E, 0xEA, 0x3E, 0xEA, 0x3E, 0xEA, 0x3E, 0xEA,
  0x3E, 0xEA, 0x3E, 0xEA, 0x3E, 0xEA, 0x3E, 0xEA, 0x3E, 0xEA, 0x3E, 0xEA,
  0x3E, 0xEA, 0x3E, 0xEA, 0x3E, 0xEA, 0x3E, 0xEA, 0x3E, 0xEA, 0x3E, 0xEA,
  0x3E, 0xEA, 0x3E, 0xEA, 0x3E, 0xEA, 0x3E, 0xEA, 0x3E, 0xEA, 0x3E, 0xEA,
  0x3E, 0xEA, 0x3E, 0xEA, 0x3E, 0xEA, 0x3E, 0xEA, 0x3E, 0xEA, 0x3E, 0xEA,
  0x3E, 0xEA, 0x3E, 0xEA, 0x3E, 0xEA, 0x3E, 0xEA, 0x3E, 0xEA, 0x3E, 0xEA,
  0x3E, 0xEA, 0x3E, 0xEA, 0x3E, 0xEA, 0x3E, 0xEA, 0x3E, 0xEA, 0x3E, 0xEA,
  0x3E, 0xEA, 0x3E, 0xEA, 0x3E, 0xEA, 0x3E, 0xEA, 0x3E, 0xEA, 0x3E, 0xEA,
  0xC2, 0x15, 0xC2, 0x15, 0xC2, 0x15, 0xC2, 0x15, 0xC2, 0x15, 0xC2, 0x15,
  0xC2, 0x15, 0xC2, 0x15, 0xC2, 0x15, 0xC2, 0x15, 0xC2, 0x15, 0xC2, 0x15,
  0xC2, 0x15, 0xC2, 0x15, 0xC2, 0x15, 0xC2, 0x15, 0xC2, 0x15, 0xC2, 0x15,
  0xC2, 0x15, 0xC2, 0x15, 0xC2, 0x15, 0xC2, 0x15, 0xC2, 0x15, 0xC2, 0x15,
  0xC2, 0x15, 0xC2, 0x15, 0xC2, 0x15, 0xC2, 0x15, 0xC2, 0x15, 0xC2, 0x15,
  0xC2, 0x15, 0xC2, 0x15, 0xC2, 0x15, 0xC2, 0x15, 0xC2, 0x15, 0xC2, 0x15,
  0xC2, 0x15, 0xC2, 0x15, 0xC2, 0x15, 0xC2, 0x15, 0xC2, 0x15, 0xC2, 0x15,
  0xC2, 0x15, 0xC2, 0x15, 0xC2, 0x15, 0xC2, 0x15, 0xC2, 0x15, 0xC2, 0x15,
  0xC2, 0x15, 0xC2, 0x15, 0xC2, 0x15, 0xC2, 0x15, 0xC2, 0x15, 0xC2, 0x15,
  0xC2, 0x15, 0xC2, 0x15, 0xC2, 0x15, 0xC2, 0x15, 0xC2, 0x15, 0xC2, 0x15,
  0xC2, 0x15, 0xC2, 0x15, 0xC2, 0x15, 0xC2, 0x15, 0xC2, 0x15, 0xC2, 0x15,
  0xC2, 0x15, 0xC2, 0x15, 0xC2, 0x15, 0xC2, 0x15, 0xC2, 0x15, 0xC2, 0x15,
  0xC2, 0x15, 0xC2, 0x15, 0xC2, 0x15, 0xC2, 0x15, 0xC2, 0x15, 0xC2, 0x15,
  0xC2, 0x15, 0x3E, 0xEA, 0x3E, 0xEA, 0x3E, 0xEA, 0x3E, 0xEA, 0x3E, 0xEA,
  0x3E, 0xEA, 0x3E, 0xEA, 0x3E, 0xEA, 0x3E, 0xEA, 0x3E, 0xEA, 0x3E, 0xEA,
  0x3E, 0xEA, 0x3E, 0xEA, 0x3E, 0xEA, 0x3E, 0xEA, 0x3E, 0xEA, 0x3E, 0xEA,
  0x3E, 0xEA, 0x3E, 0xEA, 0x3E, 0xEA, 0x3E, 0xEA, 0x3E, 0xEA, 0x3E, 0xEA,
  0x3E, 0xEA, 0x3E, 0xEA, 0x3E, 0xEA, 0x3E, 0xEA, 0x3E, 0xEA, 0x3E, 0xEA,
  0x3E, 0xEA, 0x3E, 0xEA, 0x3E, 0xEA, 0x3E, 0xEA, 0x3E, 0xEA, 0x3E, 0xEA,
  0x3E, 0xEA, 0x3E, 0xEA, 0x3E, 0xEA, 0x3E, 0xEA, 0x3E, 0xEA, 0x3E, 0xEA,
  0x3E, 0xEA, 0x3E, 0xEA, 0x3E, 0xEA, 0x3E, 0xEA, 0x3E, 0xEA, 0x3E, 0xEA,
  0x3E, 0xEA, 0x3E, 0xEA, 0x3E, 0xEA, 0x3E, 0xEA, 0x3E, 0xEA, 0x3E, 0xEA,
  0x3E, 0xEA, 0x3E, 0xEA, 0x3E, 0xEA, 0x3E, 0xEA, 0x3E, 0xEA, 0x3E, 0xEA,
  0x3E, 0xEA, 0x3E, 0xEA, 0x3E, 0xEA, 0x3E, 0xEA, 0x3E, 0xEA, 0x3E, 0xEA,
  0x3E, 0xEA, 0x3E, 0xEA, 0x3E, 0xEA, 0x3E, 0xEA, 0x3E, 0xEA, 0x3E, 0xEA,
  0x3E, 0xEA, 0x3E, 0xEA, 0x3E, 0xEA, 0x3E, 0xEA, 0x3E, 0xEA, 0x3E, 0xEA,
  0x3E, 0xEA, 0x3E, 0xEA, 0xC2, 0x15, 0xC2, 0x15, 0xC2, 0x15, 0xC2, 0x15,
  0xC2, 0x15, 0xC2, 0x15, 0xC2, 0x15, 0xC2, 0x15, 0xC2, 0x15, 0xC2, 0x15,
  0xC2, 0x15, 0xC2, 0x15, 0xC2, 0x15, 0xC2, 0x15, 0xC2, 0x15, 0xC2, 0x15,
  0xC2, 0x15, 0xC2, 0x15, 0xC2, 0x15, 0xC2, 0x15, 0xC2, 0x15, 0xC2, 0x15,
  0xC2, 0x15, 0xC2, 0x15, 0xC2, 0x15, 0xC2, 0x15, 0xC2, 0x15, 0xC2, 0x15,
  0xC2, 0x15, 0xC2, 0x15, 0xC2, 0x15, 0xC2, 0x15, 0xC2, 0x15, 0xC2, 0x15,
  0xC2, 0x15, 0xC2, 0x15, 0xC2, 0x15, 0xC2, 0x15, 0xC2, 0x15, 0xC2, 0x15,
  0xC2, 0x15, 0xC2, 0x15, 0xC2, 0x15, 0xC2, 0x15, 0xC2, 0x15, 0xC2, 0x15,
  0xC2, 0x15, 0xC2, 0x15, 0xC2, 0x15, 0xC2, 0x15, 0xC2, 0x15, 0xC2, 0x15,
  0xC2, 0x15, 0xC2, 0x15, 0xC2, 0x15, 0xC2, 0x15, 0xC2, 0x15, 0xC2, 0x15,
  0xC2, 0x15, 0xC2, 0x15, 0xC2, 0x15, 0xC2, 0x15, 0xC2, 0x15, 0xC2, 0x15,
  0xC2, 0x15, 0xC2, 0x15, 0xC2, 0x15, 0xC2, 0x15, 0xC2, 0x15, 0xC2, 0x15,
  0xC2, 0x15, 0xC2, 0x15, 0xC2, 0x15, 0xC2, 0x15, 0xC2, 0x15, 0xC2, 0x15,
  0xC2, 0x15, 0xC2, 0x15, 0xC2, 0x15, 0x3E, 0xEA, 0x3E, 0xEA, 0x3E, 0xEA,
  0x3E, 0xEA, 0x3E, 0xEA, 0x3E, 0xEA, 0x3E, 0xEA, 0x3E, 0xEA, 0x3E, 0xEA,
  0x3E, 0xEA, 0x3E, 0xEA, 0x3E, 0xEA, 0x3E, 0xEA, 0x3E, 0xEA, 0x3E, 0xEA,
  0x3E, 0xEA, 0x3E, 0xEA, 0x3E, 0xEA, 0x3E, 0xEA, 0x3E, 0xEA, 0x3E, 0xEA,
  0x3E, 0xEA, 0x3E, 0xEA, 0x3E, 0xEA, 0x3E, 0xEA, 0x3E, 0xEA, 0x3E, 0xEA,
  0x3E, 0xEA, 0x3E, 0xEA, 0x3E, 0xEA, 0x3E, 0xEA, 0x3E, 0xEA, 0x3E, 0xEA,
  0x3E, 0xEA, 0x3E, 0xEA, 0x3E, 0xEA, 0x3E, 0xEA, 0x3E, 0xEA, 0x3E, 0xEA,
  0x3E, 0xEA, 0x3E, 0xEA, 0x3E, 0xEA, 0x3E, 0xEA, 0x3E, 0xEA, 0x3E, 0xEA,
  0x3E, 0xEA, 0x3E, 0xEA, 0x3E, 0xEA, 0x3E, 0xEA, 0x3E, 0xEA, 0x3E, 0xEA,
  0x3E, 0xEA, 0x3E, 0xEA, 0x3E, 0xEA, 0x3E, 0xEA, 0x3E, 0xEA, 0x3E, 0xEA,
  0x3E, 0xEA, 0x3E, 0xEA, 0x3E, 0xEA, 0x3E, 0xEA, 0x3E, 0xEA, 0x3E, 0xEA,
  0x3E, 0xEA, 0x3E, 0xEA, 0x3E, 0xEA, 0x3E, 0xEA, 0x3E, 0xEA, 0x3E, 0xEA,
  0x3E, 0xEA, 0x3E, 0xEA, 0x3E, 0xEA, 0x3E, 0xEA, 0x3E, 0xEA, 0x3E, 0xEA,
  0x3E, 0xEA, 0x3E, 0xEA, 0x3E, 0xEA, 0xC2, 0x15, 0xC2, 0x15, 0xC2, 0x15,
  0xC2, 0x15, 0xC2, 0x15, 0xC2, 0x15, 0xC2, 0x15, 0xC2, 0x15, 0xC2, 0x15,
  0xC2, 0x15, 0xC2, 0x15, 0xC2, 0x15, 0xC2, 0x15, 0xC2, 0x15, 0xC2, 0x15,
  0xC2, 0x15, 0xC2, 0x15, 0xC2, 0x15, 0xC2, 0x15, 0xC2, 0x15, 0xC2, 0x15,
  0xC2, 0x15, 0xC2, 0x15, 0xC2, 0x15, 0xC2, 0x15, 0xC2, 0x15, 0xC2, 0x15,
  0xC2, 0x15, 0xC2, 0x15, 0xC2, 0x15, 0xC2, 0x15, 0xC2, 0x15, 0xC2, 0x15,
  0xC2, 0x15, 0xC2, 0x15, 0xC2, 0x15, 0xC2, 0x15, 0xC2, 0x15, 0xC2, 0x15,
  0xC2, 0x15, 0xC2, 0x15, 0xC2, 0x15, 0xC2, 0x15, 0xC2, 0x15, 0xC2, 0x15,
  0xC2, 0x15, 0xC2, 0x15, 0xC2, 0x15, 0xC2, 0x15, 0xC2, 0x15, 0xC2, 0x15,
  0xC2, 0x15, 0xC2, 0x15, 0xC2, 0x15, 0xC2, 0x15, 0xC2, 0x15, 0xC2, 0x15,
  0xC2, 0x15, 0xC2, 0x15, 0xC2, 0x15, 0xC2, 0x15, 0xC2, 0x15, 0xC2, 0x15,
  0xC2, 0x15, 0xC2, 0x15, 0xC2, 0x15, 0xC2, 0x15, 0xC2, 0x15, 0xC2, 0x15,
  0xC2, 0x15, 0xC2, 0x15, 0xC2, 0x15, 0xC2, 0x15, 0xC2, 0x15, 0xC2, 0x15,
  0xC2, 0x15, 0xC2, 0x15, 0xC2, 0x15, 0xC2, 0x15, 0x3E, 0xEA, 0x3E, 0xEA,
  0x3E, 0xEA, 0x3E, 0xEA, 0x3E, 0xEA, 0x3E, 0xEA, 0x3E, 0xEA, 0x3E, 0xEA,
  0x3E, 0xEA, 0x3E, 0xEA, 0x3E, 0xEA, 0x3E, 0xEA, 0x3E, 0xEA, 0x3E, 0xEA,
  0x3E, 0xEA, 0x3E, 0xEA, 0x3E, 0xEA, 0x3E, 0xEA, 0x3E, 0xEA, 0x3E, 0xEA,
  0x3E, 0xEA, 0x3E, 0xEA, 0x3E, 0xEA, 0x3E, 0xEA, 0x3E, 0xEA, 0x3E, 0xEA,
  0x3E, 0xEA, 0x3E, 0xEA, 0x3E, 0xEA, 0x3E, 0xEA, 0x3E, 0xEA, 0x3E, 0xEA,
  0x3E, 0xEA, 0x3E, 0xEA, 0x3E, 0xEA, 0x3E, 0xEA, 0x3E, 0xEA, 0x3E, 0xEA,
  0x3E, 0xEA, 0x3E, 0xEA, 0x3E, 0xEA, 0x3E, 0xEA, 0x3E, 0xEA, 0x3E, 0xEA,
  0x3E, 0xEA, 0x3E, 0xEA, 0x3E, 0xEA, 0x3E, 0xEA, 0x3E, 0xEA, 0x3E, 0xEA,
  0x3E, 0xEA, 0x3E, 0xEA, 0x3E, 0xEA, 0x3E, 0xEA, 0x3E, 0xEA, 0x3E, 0xEA,
  0x3E, 0xEA, 0x3E, 0xEA, 0x3E, 0xEA, 0x3E, 0xEA, 0x3E, 0xEA, 0x3E, 0xEA,
  0x3E, 0xEA, 0x3E, 0xEA, 0x3E, 0xEA, 0x3E, 0xEA, 0x3E, 0xEA, 0x3E, 0xEA,
  0x3E, 0xEA, 0x3E, 0xEA, 0x3E, 0xEA, 0x3E, 0xEA, 0x3E, 0xEA, 0x3E, 0xEA,
  0x3E, 0xEA, 0x3E, 0xEA, 0x3E, 0xEA, 0x3E, 0xEA, 0x3E, 0xEA, 0xC2, 0x15,
  0xC2, 0x15, 0xC2, 0x15, 0xC2, 0x15, 0xC2, 0x15, 0xC2, 0x15, 0xC2, 0x15,
  0xC2, 0x15, 0xC2, 0x15, 0xC2, 0x15, 0xC2, 0x15, 0xC2, 0x15, 0xC2, 0x15,
  0xC2, 0x15, 0xC2, 0x15, 0xC2, 0x15, 0xC2, 0x15, 0xC2, 0x15, 0xC2, 0x15,
  0xC2, 0x15, 0xC2, 0x15, 0xC2, 0x15, 0xC2, 0x15, 0xC2, 0x15, 0xC2, 0x15,
  0xC2, 0x15, 0xC2, 0x15, 0xC2, 0x15, 0xC2, 0x15, 0xC2, 0x15, 0xC2, 0x15,
  0xC2, 0x15, 0xC2, 0x15, 0xC2, 0x15, 0xC2, 0x15, 0xC2, 0x15, 0xC2, 0x15,
  0xC2, 0x15, 0xC2, 0x15, 0xC2, 0x15, 0xC2, 0x15, 0xC2, 0x15, 0xC2, 0x15,
  0xC2, 0x15, 0xC2, 0x15, 0xC2, 0x15, 0xC2, 0x15, 0xC2, 0x15, 0xC2, 0x15,
  0xC2, 0x15, 0xC2, 0x15, 0xC2, 0x15, 0xC2, 0x15, 0xC2, 0x15, 0xC2, 0x15,
  0xC2, 0x15, 0xC2, 0x15, 0xC2, 0x15, 0xC2, 0x15, 0xC2, 0x15, 0xC2, 0x15,
  0xC2, 0x15, 0xC2, 0x15, 0xC2, 0x15, 0xC2, 0x15, 0xC2, 0x15, 0xC2, 0x15,
  0xC2, 0x15, 0xC2, 0x15, 0xC2, 0x15, 0xC2, 0x15, 0xC2, 0x15, 0xC2, 0x15,
  0xC2, 0x15, 0xC2, 0x15, 0xC2, 0x15, 0xC2, 0x15, 0xC2, 0x15, 0xC2, 0x15,
  0x3E, 0xEA, 0x3E, 0xEA, 0x3E, 0xEA, 0x3E, 0xEA, 0x3E, 0xEA, 0x3E, 0xEA,
  0x3E, 0xEA, 0x3E, 0xEA, 0x3E, 0xEA, 0x3E, 0xEA, 0x3E, 0xEA, 0x3E, 0xEA,
  0x3E, 0xEA, 0x3E, 0xEA, 0x3E, 0xEA, 0x3E, 0xEA, 0x3E, 0xEA, 0x3E, 0xEA,
  0x3E, 0xEA, 0x3E, 0xEA, 0x3E, 0xEA, 0x3E, 0xEA, 0x3E, 0xEA, 0x3E, 0xEA,
  0x3E, 0xEA, 0x3E, 0xEA, 0x3E, 0xEA, 0x3E, 0xEA, 0x3E, 0xEA, 0x3E, 0xEA,
  0x3E, 0xEA, 0x3E, 0xEA, 0x3E, 0xEA, 0x3E, 0xEA, 0x3E, 0xEA, 0x3E, 0xEA,
  0x3E, 0xEA, 0x3E, 0xEA, 0x3E, 0xEA, 0x3E, 0xEA, 0x3E, 0xEA, 0x3E, 0xEA,
  0x3E, 0xEA, 0x3E, 0xEA, 0x3E, 0xEA, 0x3E, 0xEA, 0x3E, 0xEA, 0x3E, 0xEA,
  0x3E, 0xEA, 0x3E, 0xEA, 0x3E, 0xEA, 0x3E, 0xEA, 0x3E, 0xEA, 0x3E, 0xEA,
  0x3E, 0xEA, 0x3E, 0xEA, 0x3E, 0xEA, 0x3E, 0xEA, 0x3E, 0xEA, 0x3E, 0xEA,
  0x3E, 0xEA, 0x3E, 0xEA, 0x3E, 0xEA, 0x3E, 0xEA, 0x3E, 0xEA, 0x3E, 0xEA,
  0x3E, 0xEA, 0x3E, 0xEA, 0x3E, 0xEA, 0x3E, 0xEA, 0x3E, 0xEA, 0x3E, 0xEA,
  0x3E, 0xEA, 0x3E, 0xEA, 0x3E, 0xEA, 0x3E, 0xEA, 0x3E, 0xEA, 0x3E, 0xEA,
  0xC2, 0x15, 0xC2, 0x15, 0xC2, 0x15, 0xC2, 0x15, 0xC2, 0x15, 0xC2, 0x15,
  0xC2, 0x15, 0xC2, 0x15, 0xC2, 0x15, 0xC2, 0x15, 0xC2, 0x15, 0xC2, 0x15,
  0xC2, 0x15, 0xC2, 0x15, 0xC2, 0x15, 0xC2, 0x15, 0xC2, 0x15, 0xC2, 0x15,
  0xC2, 0x15, 0xC2, 0x15, 0xC2, 0x15, 0xC2, 0x15, 0xC2, 0x15, 0xC2, 0x15,
  0xC2, 0x15, 0xC2, 0x15, 0xC2, 0x15, 0xC2, 0x15, 0xC2, 0x15, 0xC2, 0x15,
  0xC2, 0x15, 0xC2, 0x15, 0xC2, 0x15, 0xC2, 0x15, 0xC2, 0x15, 0xC2, 0x15,
  0xC2, 0x15, 0xC2, 0x15, 0xC2, 0x15, 0xC2, 0x15, 0xC2, 0x15, 0xC2, 0x15,
  0xC2, 0x15, 0xC2, 0x15, 0xC2, 0x15, 0xC2, 0x15, 0xC2, 0x15, 0xC2, 0x15,
  0xC2, 0x15, 0xC2, 0x15, 0xC2, 0x15, 0xC2, 0x15, 0xC2, 0x15, 0xC2, 0x15,
  0xC2, 0x15, 0xC2, 0x15, 0xC2, 0x15, 0xC2, 0x15, 0xC2, 0x15, 0xC2, 0x15,
  0xC2, 0x15, 0xC2, 0x15, 0xC2, 0x15, 0xC2, 0x15, 0xC2, 0x15, 0xBF, 0x15,
  0xBC, 0x15, 0xB9, 0x15, 0xB6, 0x15, 0xB3, 0x15, 0xAF, 0x15, 0xAC, 0x15,
  0xA9, 0x15, 0xA6, 0x15, 0xA3, 0x15, 0xA0, 0x15, 0x9C, 0x15, 0x99, 0x15,
  0x96, 0x15, 0x6D, 0xEA, 0x70, 0xEA, 0x73, 0xEA, 0x76, 0xEA, 0x7A, 0xEA,
  0x7D, 0xEA, 0x80, 0xEA, 0x83, 0xEA, 0x86, 0xEA, 0x89, 0xEA, 0x8D, 0xEA,
  0x90, 0xEA, 0x93, 0xEA, 0x96, 0xEA, 0x99, 0xEA, 0x9C, 0xEA, 0xA0, 0xEA,
  0xA3, 0xEA, 0xA6, 0xEA, 0xA9, 0xEA, 0xAC, 0xEA, 0xAF, 0xEA, 0xB2, 0xEA,
  0xB6, 0xEA, 0xB9, 0xEA, 0xBC, 0xEA, 0xBF, 0xEA, 0xC2, 0xEA, 0xC5, 0xEA,
  0xC9, 0xEA, 0xCC, 0xEA, 0xCF, 0xEA, 0xD2, 0xEA, 0xD5, 0xEA, 0xD8, 0xEA,
  0xDC, 0xEA, 0xDF, 0xEA, 0xE2, 0xEA, 0xE5, 0xEA, 0xE8, 0xEA, 0xEB, 0xEA,
  0xEE, 0xEA, 0xF2, 0xEA, 0xF5, 0xEA, 0xF8, 0xEA, 0xFB, 0xEA, 0xFE, 0xEA,
  0x01, 0xEB, 0x05, 0xEB, 0x08, 0xEB, 0x0B, 0xEB, 0x0E, 0xEB, 0x11, 0xEB,
  0x14, 0xEB, 0x17, 0xEB, 0x1B, 0xEB, 0x1E, 0xEB, 0x21, 0xEB, 0x24, 0xEB,
  0x27, 0xEB, 0x2A, 0xEB, 0x2E, 0xEB, 0x31, 0xEB, 0x34, 0xEB, 0x37, 0xEB,
  0x3A, 0xEB, 0x3D, 0xEB, 0x41, 0xEB, 0x44, 0xEB, 0x47, 0xEB, 0x4A, 0xEB,
  0x4D, 0xEB, 0x50, 0xEB, 0x53, 0xEB, 0x57, 0xEB, 0x5A, 0xEB, 0x5D, 0xEB,
  0x60, 0xEB, 0x63, 0xEB, 0x9A, 0x14, 0x96, 0x14, 0x93, 0x14, 0x90, 0x14,
  0x8D, 0x14, 0x8A, 0x14, 0x87, 0x14, 0x83, 0x14, 0x80, 0x14, 0x7D, 0x14,
  0x7A, 0x14, 0x77, 0x14, 0x74, 0x14, 0x71, 0x14, 0x6D, 0x14, 0x6A, 0x14,
  0x67, 0x14, 0x64, 0x14, 0x61, 0x14, 0x5E, 0x14, 0x5A, 0x14, 0x57, 0x14,
  0x54, 0x14, 0x51, 0x14, 0x4E, 0x14, 0x4B, 0x14, 0x47, 0x14, 0x44, 0x14,
  0x41, 0x14, 0x3E, 0x14, 0x3B, 0x14, 0x38, 0x14, 0x35, 0x14, 0x31, 0x14,
  0x2E, 0x14, 0x2B, 0x14, 0x28, 0x14, 0x25, 0x14, 0x22, 0x14, 0x1E, 0x14,
  0x1B, 0x14, 0x18, 0x14, 0x15, 0x14, 0x12, 0x14, 0x0F, 0x14, 0x0B, 0x14,
  0x08, 0x14, 0x05, 0x14, 0x02, 0x14, 0xFF, 0x13, 0xFC, 0x13, 0xF9, 0x13,
  0xF5, 0x13, 0xF2, 0x13, 0xEF, 0x13, 0xEC, 0x13, 0xE9, 0x13, 0xE6, 0x13,
  0xE2, 0x13, 0xDF, 0x13, 0xDC, 0x13, 0xD9, 0x13, 0xD6, 0x13, 0xD3, 0x13,
  0xCF, 0x13, 0xCC, 0x13, 0xC9, 0x13, 0xC6, 0x13, 0xC3, 0x13, 0xC0, 0x13,
  0xBD, 0x13, 0xB9, 0x13, 0xB6, 0x13, 0xB3, 0x13, 0xB0, 0x13, 0xAD, 0x13,
  0xAA, 0x13, 0xA6, 0x13, 0xA3, 0x13, 0x60, 0xEC, 0x63, 0xEC, 0x66, 0xEC,
  0x69, 0xEC, 0x6D, 0xEC, 0x70, 0xEC, 0x73, 0xEC, 0x76, 0xEC, 0x79, 0xEC,
  0x7C, 0xEC, 0x7F, 0xEC, 0x83, 0xEC, 0x86, 0xEC, 0x89, 0xEC, 0x8C, 0xEC,
  0x8F, 0xEC, 0x92, 0xEC, 0x96, 0xEC, 0x99, 0xEC, 0x9C, 0xEC, 0x9F, 0xEC,
  0xA2, 0xEC, 0xA5, 0xEC, 0xA9, 0xEC, 0xAC, 0xEC, 0xAF, 0xEC, 0xB2, 0xEC,
  0xB5, 0xEC, 0xB8, 0xEC, 0xBB, 0xEC, 0xBF, 0xEC, 0xC2, 0xEC, 0xC5, 0xEC,
  0xC8, 0xEC, 0xCB, 0xEC, 0xCE, 0xEC, 0xD2, 0xEC, 0xD5, 0xEC, 0xD8, 0xEC,
  0xDB, 0xEC, 0xDE, 0xEC, 0xE1, 0xEC, 0xE5, 0xEC, 0xE8, 0xEC, 0xEB, 0xEC,
  0xEE, 0xEC, 0xF1, 0xEC, 0xF4, 0xEC, 0xF7, 0xEC, 0xFB, 0xEC, 0xFE, 0xEC,
  0x01, 0xED, 0x04, 0xED, 0x07, 0xED, 0x0A, 0xED, 0x0E, 0xED, 0x11, 0xED,
  0x14, 0xED, 0x17, 0xED, 0x1A, 0xED, 0x1D, 0xED, 0x21, 0xED, 0x24, 0xED,
  0x27, 0xED, 0x2A, 0xED, 0x2D, 0xED, 0x30, 0xED, 0x33, 0xED, 0x37, 0xED,
  0x3A, 0xED, 0x3D, 0xED, 0x40, 0xED, 0x43, 0xED, 0x46, 0xED, 0x4A, 0xED,
  0x4D, 0xED, 0x50, 0xED, 0x53, 0xED, 0xAA, 0x12, 0xA7, 0x12, 0xA3, 0x12,
  0xA0, 0x12, 0x9D, 0x12, 0x9A, 0x12, 0x97, 0x12, 0x94, 0x12, 0x91, 0x12,
  0x8D, 0x12, 0x8A, 0x12, 0x87, 0x12, 0x84, 0x12, 0x81, 0x12, 0x7E, 0x12,
  0x7A, 0x12, 0x77, 0x12, 0x74, 0x12, 0x71, 0x12, 0x6E, 0x12, 0x6B, 0x12,
  0x67, 0x12, 0x64, 0x12, 0x61, 0x12, 0x5E, 0x12, 0x5B, 0x12, 0x58, 0x12,
  0x55, 0x12, 0x51, 0x12, 0x4E, 0x12, 0x4B, 0x12, 0x48, 0x12, 0x45, 0x12,
  0x42, 0x12, 0x3E, 0x12, 0x3B, 0x12, 0x38, 0x12, 0x35, 0x12, 0x32, 0x12,
  0x2F, 0x12, 0x2B, 0x12, 0x28, 0x12, 0x25, 0x12, 0x22, 0x12, 0x1F, 0x12,
  0x1C, 0x12, 0x19, 0x12, 0x15, 0x12, 0x12, 0x12, 0x0F, 0x12, 0x0C, 0x12,
  0x09, 0x12, 0x06, 0x12, 0x02, 0x12, 0xFF, 0x11, 0xFC, 0x11, 0xF9, 0x11,
  0xF6, 0x11, 0xF3, 0x11, 0xEF, 0x11, 0xEC, 0x11, 0xE9, 0x11, 0xE6, 0x11,
  0xE3, 0x11, 0xE0, 0x11, 0xDD, 0x11, 0xD9, 0x11, 0xD6, 0x11, 0xD3, 0x11,
  0xD0, 0x11, 0xCD, 0x11, 0xCA, 0x11, 0xC6, 0x11, 0xC3, 0x11, 0xC0, 0x11,
  0xBD, 0x11, 0xBA, 0x11, 0xB7, 0x11, 0xB3, 0x11, 0x50, 0xEE, 0x53, 0xEE,
  0x56, 0xEE, 0x59, 0xEE, 0x5C, 0xEE, 0x5F, 0xEE, 0x63, 0xEE, 0x66, 0xEE,
  0x69, 0xEE, 0x6C, 0xEE, 0x6F, 0xEE, 0x72, 0xEE, 0x76, 0xEE, 0x79, 0xEE,
  0x7C, 0xEE, 0x7F, 0xEE, 0x82, 0xEE, 0x85, 0xEE, 0x89, 0xEE, 0x8C, 0xEE,
  0x8F, 0xEE, 0x92, 0xEE, 0x95, 0xEE, 0x98, 0xEE, 0x9B, 0xEE, 0x9F, 0xEE,
  0xA2, 0xEE, 0xA5, 0xEE, 0xA8, 0xEE, 0xAB, 0xEE, 0xAE, 0xEE, 0xB2, 0xEE,
  0xB5, 0xEE, 0xB8, 0xEE, 0xBB, 0xEE, 0xBE, 0xEE, 0xC1, 0xEE, 0xC5, 0xEE,
  0xC8, 0xEE, 0xCB, 0xEE, 0xCE, 0xEE, 0xD1, 0xEE, 0xD4, 0xEE, 0xD7, 0xEE,
  0xDB, 0xEE, 0xDE, 0xEE, 0xE1, 0xEE, 0xE4, 0xEE, 0xE7, 0xEE, 0xEA, 0xEE,
  0xEE, 0xEE, 0xF1, 0xEE, 0xF4, 0xEE, 0xF7, 0xEE, 0xFA, 0xEE, 0xFD, 0xEE,
  0x01, 0xEF, 0x04, 0xEF, 0x07, 0xEF, 0x0A, 0xEF, 0x0D, 0xEF, 0x10, 0xEF,
  0x13, 0xEF, 0x17, 0xEF, 0x1A, 0xEF, 0x1D, 0xEF, 0x20, 0xEF, 0x23, 0xEF,
  0x26, 0xEF, 0x2A, 0xEF, 0x2D, 0xEF, 0x30, 0xEF, 0x33, 0xEF, 0x36, 0xEF,
  0x39, 0xEF, 0x3D, 0xEF, 0x40, 0xEF, 0x43, 0xEF, 0x46, 0xEF, 0xB7, 0x10,
  0xB4, 0x10, 0xB1, 0x10, 0xAD, 0x10, 0xAA, 0x10, 0xA7, 0x10, 0xA4, 0x10,
  0xA1, 0x10, 0x9E, 0x10, 0x9A, 0x10, 0x97, 0x10, 0x94, 0x10, 0x91, 0x10,
  0x8E, 0x10, 0x8B, 0x10, 0x87, 0x10, 0x84, 0x10, 0x81, 0x10, 0x7E, 0x10,
  0x7B, 0x10, 0x78, 0x10, 0x75, 0x10, 0x71, 0x10, 0x6E, 0x10, 0x6B, 0x10,
  0x68, 0x10, 0x65, 0x10, 0x62, 0x10, 0x5E, 0x10, 0x5B, 0x10, 0x58, 0x10,
  0x55, 0x10, 0x52, 0x10, 0x4F, 0x10, 0x4B, 0x10, 0x48, 0x10, 0x45, 0x10,
  0x42, 0x10, 0x3F, 0x10, 0x3C, 0x10, 0x39, 0x10, 0x35, 0x10, 0x32, 0x10,
  0x2F, 0x10, 0x2C, 0x10, 0x29, 0x10, 0x26, 0x10, 0x22, 0x10, 0x1F, 0x10,
  0x1C, 0x10, 0x19, 0x10, 0x16, 0x10, 0x13, 0x10, 0x0F, 0x10, 0x0C, 0x10,
  0x09, 0x10, 0x06, 0x10, 0x03, 0x10, 0x00, 0x10, 0xFD, 0x0F, 0xF9, 0x0F,
  0xF6, 0x0F, 0xF3, 0x0F, 0xF0, 0x0F, 0xED, 0x0F, 0xEA, 0x0F, 0xE6, 0x0F,
  0xE3, 0x0F, 0xE0, 0x0F, 0xDD, 0x0F, 0xDA, 0x0F, 0xD7, 0x0F, 0xD3, 0x0F,
  0xD0, 0x0F, 0xCD, 0x0F, 0xCA, 0x0F, 0xC7, 0x0F, 0xC4, 0x0F, 0xC1, 0x0F,
  0x43, 0xF0, 0x46, 0xF0, 0x49, 0xF0, 0x4C, 0xF0, 0x4F, 0xF0, 0x52, 0xF0,
  0x56, 0xF0, 0x59, 0xF0, 0x5C, 0xF0, 0x5F, 0xF0, 0x62, 0xF0, 0x65, 0xF0,
  0x69, 0xF0, 0x6C, 0xF0, 0x6F, 0xF0, 0x72, 0xF0, 0x75, 0xF0, 0x78, 0xF0,
  0x7B, 0xF0, 0x7F, 0xF0, 0x82, 0xF0, 0x85, 0xF0, 0x88, 0xF0, 0x8B, 0xF0,
  0x8E, 0xF0, 0x92, 0xF0, 0x95, 0xF0, 0x98, 0xF0, 0x9B, 0xF0, 0x9E, 0xF0,
  0xA1, 0xF0, 0xA5, 0xF0, 0xA8, 0xF0, 0xAB, 0xF0, 0xAE, 0xF0, 0xB1, 0xF0,
  0xB4, 0xF0, 0xB7, 0xF0, 0xBB, 0xF0, 0xBE, 0xF0, 0xC1, 0xF0, 0xC4, 0xF0,
  0xC7, 0xF0, 0xCA, 0xF0, 0xCE, 0xF0, 0xD1, 0xF0, 0xD4, 0xF0, 0xD7, 0xF0,
  0xDA, 0xF0, 0xDD, 0xF0, 0xE1, 0xF0, 0xE4, 0xF0, 0xE7, 0xF0, 0xEA, 0xF0,
  0xED, 0xF0, 0xF0, 0xF0, 0xF3, 0xF0, 0xF7, 0xF0, 0xFA, 0xF0, 0xFD, 0xF0,
  0x00, 0xF1, 0x03, 0xF1, 0x06, 0xF1, 0x0A, 0xF1, 0x0D, 0xF1, 0x10, 0xF1,
  0x13, 0xF1, 0x16, 0xF1, 0x19, 0xF1, 0x1D, 0xF1, 0x20, 0xF1, 0x23, 0xF1,
  0x26, 0xF1, 0x29, 0xF1, 0x2C, 0xF1, 0x2F, 0xF1, 0x33, 0xF1, 0x36, 0xF1,
  0xC7, 0x0E, 0xC4, 0x0E, 0xC1, 0x0E, 0xBE, 0x0E, 0xBA, 0x0E, 0xB7, 0x0E,
  0xB4, 0x0E, 0xB1, 0x0E, 0xAE, 0x0E, 0xAB, 0x0E, 0xA7, 0x0E, 0xA4, 0x0E,
  0xA1, 0x0E, 0x9E, 0x0E, 0x9B, 0x0E, 0x98, 0x0E, 0x95, 0x0E, 0x91, 0x0E,
  0x8E, 0x0E, 0x8B, 0x0E, 0x88, 0x0E, 0x85, 0x0E, 0x82, 0x0E, 0x7E, 0x0E,
  0x7B, 0x0E, 0x78, 0x0E, 0x75, 0x0E, 0x72, 0x0E, 0x6F, 0x0E, 0x6B, 0x0E,
  0x68, 0x0E, 0x65, 0x0E, 0x62, 0x0E, 0x5F, 0x0E, 0x5C, 0x0E, 0x59, 0x0E,
  0x55, 0x0E, 0x52, 0x0E, 0x4F, 0x0E, 0x4C, 0x0E, 0x49, 0x0E, 0x46, 0x0E,
  0x42, 0x0E, 0x3F, 0x0E, 0x3C, 0x0E, 0x39, 0x0E, 0x36, 0x0E, 0x33, 0x0E,
  0x2F, 0x0E, 0x2C, 0x0E, 0x29, 0x0E, 0x26, 0x0E, 0x23, 0x0E, 0x20, 0x0E,
  0x1D, 0x0E, 0x19, 0x0E, 0x16, 0x0E, 0x13, 0x0E, 0x10, 0x0E, 0x0D, 0x0E,
  0x0A, 0x0E, 0x06, 0x0E, 0x03, 0x0E, 0x00, 0x0E, 0xFD, 0x0D, 0xFA, 0x0D,
  0xF7, 0x0D, 0xF3, 0x0D, 0xF0, 0x0D, 0xED, 0x0D, 0xEA, 0x0D, 0xE7, 0x0D,
  0xE4, 0x0D, 0xE1, 0x0D, 0xDD, 0x0D, 0xDA, 0x0D, 0xD7, 0x0D, 0xD4, 0x0D,
  0xD1, 0x0D, 0x32, 0xF2, 0x36, 0xF2, 0x39, 0xF2, 0x3C, 0xF2, 0x3F, 0xF2,
  0x42, 0xF2, 0x45, 0xF2, 0x49, 0xF2, 0x4C, 0xF2, 0x4F, 0xF2, 0x52, 0xF2,
  0x55, 0xF2, 0x58, 0xF2, 0x5B, 0xF2, 0x5F, 0xF2, 0x62, 0xF2, 0x65, 0xF2,
  0x68, 0xF2, 0x6B, 0xF2, 0x6E, 0xF2, 0x72, 0xF2, 0x75, 0xF2, 0x78, 0xF2,
  0x7B, 0xF2, 0x7E, 0xF2, 0x81, 0xF2, 0x85, 0xF2, 0x88, 0xF2, 0x8B, 0xF2,
  0x8E, 0xF2, 0x91, 0xF2, 0x94, 0xF2, 0x97, 0xF2, 0x9B, 0xF2, 0x9E, 0xF2,
  0xA1, 0xF2, 0xA4, 0xF2, 0xA7, 0xF2, 0xAA, 0xF2, 0xAE, 0xF2, 0xB1, 0xF2,
  0xB4, 0xF2, 0xB7, 0xF2, 0xBA, 0xF2, 0xBD, 0xF2, 0xC1, 0xF2, 0xC4, 0xF2,
  0xC7, 0xF2, 0xCA, 0xF2, 0xCD, 0xF2, 0xD0, 0xF2, 0xD3, 0xF2, 0xD7, 0xF2,
  0xDA, 0xF2, 0xDD, 0xF2, 0xE0, 0xF2, 0xE3, 0xF2, 0xE6, 0xF2, 0xEA, 0xF2,
  0xED, 0xF2, 0xF0, 0xF2, 0xF3, 0xF2, 0xF6, 0xF2, 0xF9, 0xF2, 0xFD, 0xF2,
  0x00, 0xF3, 0x03, 0xF3, 0x06, 0xF3, 0x09, 0xF3, 0x0C, 0xF3, 0x0F, 0xF3,
  0x13, 0xF3, 0x16, 0xF3, 0x19, 0xF3, 0x1C, 0xF3, 0x1F, 0xF3, 0x22, 0xF3,
  0x26, 0xF3, 0x29, 0xF3, 0xD4, 0x0C, 0xD1, 0x0C, 0xCE, 0x0C, 0xCB, 0x0C,
  0xC7, 0x0C, 0xC4, 0x0C, 0xC1, 0x0C, 0xBE, 0x0C, 0xBB, 0x0C, 0xB8, 0x0C,
  0xB5, 0x0C, 0xB1, 0x0C, 0xAE, 0x0C, 0xAB, 0x0C, 0xA8, 0x0C, 0xA5, 0x0C,
  0xA2, 0x0C, 0x9E, 0x0C, 0x9B, 0x0C, 0x98, 0x0C, 0x95, 0x0C, 0x92, 0x0C,
  0x8F, 0x0C, 0x8C, 0x0C, 0x88, 0x0C, 0x85, 0x0C, 0x82, 0x0C, 0x7F, 0x0C,
  0x7C, 0x0C, 0x79, 0x0C, 0x75, 0x0C, 0x72, 0x0C, 0x6F, 0x0C, 0x6C, 0x0C,
  0x69, 0x0C, 0x66, 0x0C, 0x62, 0x0C, 0x5F, 0x0C, 0x5C, 0x0C, 0x59, 0x0C,
  0x56, 0x0C, 0x53, 0x0C, 0x50, 0x0C, 0x4C, 0x0C, 0x49, 0x0C, 0x46, 0x0C,
  0x43, 0x0C, 0x40, 0x0C, 0x3D, 0x0C, 0x39, 0x0C, 0x36, 0x0C, 0x33, 0x0C,
  0x30, 0x0C, 0x2D, 0x0C, 0x2A, 0x0C, 0x26, 0x0C, 0x23, 0x0C, 0x20, 0x0C,
  0x1D, 0x0C, 0x1A, 0x0C, 0x17, 0x0C, 0x14, 0x0C, 0x10, 0x0C, 0x0D, 0x0C,
  0x0A, 0x0C, 0x07, 0x0C, 0x04, 0x0C, 0x01, 0x0C, 0xFD, 0x0B, 0xFA, 0x0B,
  0xF7, 0x0B, 0xF4, 0x0B, 0xF1, 0x0B, 0xEE, 0x0B, 0xEA, 0x0B, 0xE7, 0x0B,
  0xE4, 0x0B, 0xE1, 0x0B, 0xDE, 0x0B, 0x25, 0xF4, 0x28, 0xF4, 0x2C, 0xF4,
  0x2F, 0xF4, 0x32, 0xF4, 0x35, 0xF4, 0x38, 0xF4, 0x3B, 0xF4, 0x3F, 0xF4,
  0x42, 0xF4, 0x45, 0xF4, 0x48, 0xF4, 0x4B, 0xF4, 0x4E, 0xF4, 0x52, 0xF4,
  0x55, 0xF4, 0x58, 0xF4, 0x5B, 0xF4, 0x5E, 0xF4, 0x61, 0xF4, 0x64, 0xF4,
  0x68, 0xF4, 0x6B, 0xF4, 0x6E, 0xF4, 0x71, 0xF4, 0x74, 0xF4, 0x77, 0xF4,
  0x7B, 0xF4, 0x7E, 0xF4, 0x81, 0xF4, 0x84, 0xF4, 0x87, 0xF4, 0x8A, 0xF4,
  0x8E, 0xF4, 0x91, 0xF4, 0x94, 0xF4, 0x97, 0xF4, 0x9A, 0xF4, 0x9D, 0xF4,
  0xA0, 0xF4, 0xA4, 0xF4, 0xA7, 0xF4, 0xAA, 0xF4, 0xAD, 0xF4, 0xB0, 0xF4,
  0xB3, 0xF4, 0xB7, 0xF4, 0xBA, 0xF4, 0xBD, 0xF4, 0xC0, 0xF4, 0xC3, 0xF4,
  0xC6, 0xF4, 0xCA, 0xF4, 0xCD, 0xF4, 0xD0, 0xF4, 0xD3, 0xF4, 0xD6, 0xF4,
  0xD9, 0xF4, 0xDC, 0xF4, 0xE0, 0xF4, 0xE3, 0xF4, 0xE6, 0xF4, 0xE9, 0xF4,
  0xEC, 0xF4, 0xEF, 0xF4, 0xF3, 0xF4, 0xF6, 0xF4, 0xF9, 0xF4, 0xFC, 0xF4,
  0xFF, 0xF4, 0x02, 0xF5, 0x06, 0xF5, 0x09, 0xF5, 0x0C, 0xF5, 0x0F, 0xF5,
  0x12, 0xF5, 0x15, 0xF5, 0x18, 0xF5, 0xE4, 0x0A, 0xE1, 0x0A, 0xDE, 0x0A,
  0xDB, 0x0A, 0xD8, 0x0A, 0xD5, 0x0A, 0xD1, 0x0A, 0xCE, 0x0A, 0xCB, 0x0A,
  0xC8, 0x0A, 0xC5, 0x0A, 0xC2, 0x0A, 0xBE, 0x0A, 0xBB, 0x0A, 0xB8, 0x0A,
  0xB5, 0x0A, 0xB2, 0x0A, 0xAF, 0x0A, 0xAC, 0x0A, 0xA8, 0x0A, 0xA5, 0x0A,
  0xA2, 0x0A, 0x9F, 0x0A, 0x9C, 0x0A, 0x99, 0x0A, 0x95, 0x0A, 0x92, 0x0A,
  0x8F, 0x0A, 0x8C, 0x0A, 0x89, 0x0A, 0x86, 0x0A, 0x82, 0x0A, 0x7F, 0x0A,
  0x7C, 0x0A, 0x79, 0x0A, 0x76, 0x0A, 0x73, 0x0A, 0x70, 0x0A, 0x6C, 0x0A,
  0x69, 0x0A, 0x66, 0x0A, 0x63, 0x0A, 0x60, 0x0A, 0x5D, 0x0A, 0x59, 0x0A,
  0x56, 0x0A, 0x53, 0x0A, 0x50, 0x0A, 0x4D, 0x0A, 0x4A, 0x0A, 0x46, 0x0A,
  0x43, 0x0A, 0x40, 0x0A, 0x3D, 0x0A, 0x3A, 0x0A, 0x37, 0x0A, 0x34, 0x0A,
  0x30, 0x0A, 0x2D, 0x0A, 0x2A, 0x0A, 0x27, 0x0A, 0x24, 0x0A, 0x21, 0x0A,
  0x1D, 0x0A, 0x1A, 0x0A, 0x17, 0x0A, 0x14, 0x0A, 0x11, 0x0A, 0x0E, 0x0A,
  0x0A, 0x0A, 0x07, 0x0A, 0x04, 0x0A, 0x01, 0x0A, 0xFE, 0x09, 0xFB, 0x09,
  0xF8, 0x09, 0xF4, 0x09, 0xF1, 0x09, 0xEE, 0x09, 0x15, 0xF6, 0x18, 0xF6,
  0x1B, 0xF6, 0x1F, 0xF6, 0x22, 0xF6, 0x25, 0xF6, 0x28, 0xF6, 0x2B, 0xF6,
  0x2E, 0xF6, 0x32, 0xF6, 0x35, 0xF6, 0x38, 0xF6, 0x3B, 0xF6, 0x3E, 0xF6,
  0x41, 0xF6, 0x44, 0xF6, 0x48, 0xF6, 0x4B, 0xF6, 0x4E, 0xF6, 0x51, 0xF6,
  0x54, 0xF6, 0x57, 0xF6, 0x5B, 0xF6, 0x5E, 0xF6, 0x61, 0xF6, 0x64, 0xF6,
  0x67, 0xF6, 0x6A, 0xF6, 0x6E, 0xF6, 0x71, 0xF6, 0x74, 0xF6, 0x77, 0xF6,
  0x7A, 0xF6, 0x7D, 0xF6, 0x80, 0xF6, 0x84, 0xF6, 0x87, 0xF6, 0x8A, 0xF6,
  0x8D, 0xF6, 0x90, 0xF6, 0x93, 0xF6, 0x97, 0xF6, 0x9A, 0xF6, 0x9D, 0xF6,
  0xA0, 0xF6, 0xA3, 0xF6, 0xA6, 0xF6, 0xAA, 0xF6, 0xAD, 0xF6, 0xB0, 0xF6,
  0xB3, 0xF6, 0xB6, 0xF6, 0xB9, 0xF6, 0xBC, 0xF6, 0xC0, 0xF6, 0xC3, 0xF6,
  0xC6, 0xF6, 0xC9, 0xF6, 0xCC, 0xF6, 0xCF, 0xF6, 0xD3, 0xF6, 0xD6, 0xF6,
  0xD9, 0xF6, 0xDC, 0xF6, 0xDF, 0xF6, 0xE2, 0xF6, 0xE6, 0xF6, 0xE9, 0xF6,
  0xEC, 0xF6, 0xEF, 0xF6, 0xF2, 0xF6, 0xF5, 0xF6, 0xF8, 0xF6, 0xFC, 0xF6,
  0xFF, 0xF6, 0x02, 0xF7, 0x05, 0xF7, 0x08, 0xF7, 0x0B, 0xF7, 0xF1, 0x08,
  0xEE, 0x08, 0xEB, 0x08, 0xE8, 0x08, 0xE5, 0x08, 0xE2, 0x08, 0xDE, 0x08,
  0xDB, 0x08, 0xD8, 0x08, 0xD5, 0x08, 0xD2, 0x08, 0xCF, 0x08, 0xCC, 0x08,
  0xC8, 0x08, 0xC5, 0x08, 0xC2, 0x08, 0xBF, 0x08, 0xBC, 0x08, 0xB9, 0x08,
  0xB5, 0x08, 0xB2, 0x08, 0xAF, 0x08, 0xAC, 0x08, 0xA9, 0x08, 0xA6, 0x08,
  0xA2, 0x08, 0x9F, 0x08, 0x9C, 0x08, 0x99, 0x08, 0x96, 0x08, 0x93, 0x08,
  0x90, 0x08, 0x8C, 0x08, 0x89, 0x08, 0x86, 0x08, 0x83, 0x08, 0x80, 0x08,
  0x7D, 0x08, 0x79, 0x08, 0x76, 0x08, 0x73, 0x08, 0x70, 0x08, 0x6D, 0x08,
  0x6A, 0x08, 0x66, 0x08, 0x63, 0x08, 0x60, 0x08, 0x5D, 0x08, 0x5A, 0x08,
  0x57, 0x08, 0x54, 0x08, 0x50, 0x08, 0x4D, 0x08, 0x4A, 0x08, 0x47, 0x08,
  0x44, 0x08, 0x41, 0x08, 0x3D, 0x08, 0x3A, 0x08, 0x37, 0x08, 0x34, 0x08,
  0x31, 0x08, 0x2E, 0x08, 0x2A, 0x08, 0x27, 0x08, 0x24, 0x08, 0x21, 0x08,
  0x1E, 0x08, 0x1B, 0x08, 0x18, 0x08, 0x14, 0x08, 0x11, 0x08, 0x0E, 0x08,
  0x0B, 0x08, 0x08, 0x08, 0x05, 0x08, 0x01, 0x08, 0xFE, 0x07, 0xFB, 0x07,
  0x08, 0xF8, 0x0B, 0xF8, 0x0E, 0xF8, 0x12, 0xF8, 0x15, 0xF8, 0x18, 0xF8,
  0x1B, 0xF8, 0x1E, 0xF8, 0x21, 0xF8, 0x24, 0xF8, 0x28, 0xF8, 0x2B, 0xF8,
  0x2E, 0xF8, 0x31, 0xF8, 0x34, 0xF8, 0x37, 0xF8, 0x3B, 0xF8, 0x3E, 0xF8,
  0x41, 0xF8, 0x44, 0xF8, 0x47, 0xF8, 0x4A, 0xF8, 0x4E, 0xF8, 0x51, 0xF8,
  0x54, 0xF8, 0x57, 0xF8, 0x5A, 0xF8, 0x5D, 0xF8, 0x60, 0xF8, 0x64, 0xF8,
  0x67, 0xF8, 0x6A, 0xF8, 0x6D, 0xF8, 0x70, 0xF8, 0x73, 0xF8, 0x77, 0xF8,
  0x7A, 0xF8, 0x7D, 0xF8, 0x80, 0xF8, 0x83, 0xF8, 0x86, 0xF8, 0x8A, 0xF8,
  0x8D, 0xF8, 0x90, 0xF8, 0x93, 0xF8, 0x96, 0xF8, 0x99, 0xF8, 0x9C, 0xF8,
  0xA0, 0xF8, 0xA3, 0xF8, 0xA6, 0xF8, 0xA9, 0xF8, 0xAC, 0xF8, 0xAF, 0xF8,
  0xB3, 0xF8, 0xB6, 0xF8, 0xB9, 0xF8, 0xBC, 0xF8, 0xBF, 0xF8, 0xC2, 0xF8,
  0xC6, 0xF8, 0xC9, 0xF8, 0xCC, 0xF8, 0xCF, 0xF8, 0xD2, 0xF8, 0xD5, 0xF8,
  0xD8, 0xF8, 0xDC, 0xF8, 0xDF, 0xF8, 0xE2, 0xF8, 0xE5, 0xF8, 0xE8, 0xF8,
  0xEB, 0xF8, 0xEF, 0xF8, 0xF2, 0xF8, 0xF5, 0xF8, 0xF8, 0xF8, 0xFB, 0xF8,
  0x02, 0x07, 0xFE, 0x06, 0xFB, 0x06, 0xF8, 0x06, 0xF5, 0x06, 0xF2, 0x06,
  0xEF, 0x06, 0xEC, 0x06, 0xE8, 0x06, 0xE5, 0x06, 0xE2, 0x06, 0xDF, 0x06,
  0xDC, 0x06, 0xD9, 0x06, 0xD5, 0x06, 0xD2, 0x06, 0xCF, 0x06, 0xCC, 0x06,
  0xC9, 0x06, 0xC6, 0x06, 0xC2, 0x06, 0xBF, 0x06, 0xBC, 0x06, 0xB9, 0x06,
  0xB6, 0x06, 0xB3, 0x06, 0xB0, 0x06, 0xAC, 0x06, 0xA9, 0x06, 0xA6, 0x06,
  0xA3, 0x06, 0xA0, 0x06, 0x9D, 0x06, 0x99, 0x06, 0x96, 0x06, 0x93, 0x06,
  0x90, 0x06, 0x8D, 0x06, 0x8A, 0x06, 0x86, 0x06, 0x83, 0x06, 0x80, 0x06,
  0x7D, 0x06, 0x7A, 0x06, 0x77, 0x06, 0x74, 0x06, 0x70, 0x06, 0x6D, 0x06,
  0x6A, 0x06, 0x67, 0x06, 0x64, 0x06, 0x61, 0x06, 0x5D, 0x06, 0x5A, 0x06,
  0x57, 0x06, 0x54, 0x06, 0x51, 0x06, 0x4E, 0x06, 0x4A, 0x06, 0x47, 0x06,
  0x44, 0x06, 0x41, 0x06, 0x3E, 0x06, 0x3B, 0x06, 0x38, 0x06, 0x34, 0x06,
  0x31, 0x06, 0x2E, 0x06, 0x2B, 0x06, 0x28, 0x06, 0x25, 0x06, 0x21, 0x06,
  0x1E, 0x06, 0x1B, 0x06, 0x18, 0x06, 0x15, 0x06, 0x12, 0x06, 0x0E, 0x06,
  0x0B, 0x06, 0xF8, 0xF9, 0xFB, 0xF9, 0xFE, 0xF9, 0x01, 0xFA, 0x04, 0xFA,
  0x08, 0xFA, 0x0B, 0xFA, 0x0E, 0xFA, 0x11, 0xFA, 0x14, 0xFA, 0x17, 0xFA,
  0x1B, 0xFA, 0x1E, 0xFA, 0x21, 0xFA, 0x24, 0xFA, 0x27, 0xFA, 0x2A, 0xFA,
  0x2E, 0xFA, 0x31, 0xFA, 0x34, 0xFA, 0x37, 0xFA, 0x3A, 0xFA, 0x3D, 0xFA,
  0x40, 0xFA, 0x44, 0xFA, 0x47, 0xFA, 0x4A, 0xFA, 0x4D, 0xFA, 0x50, 0xFA,
  0x53, 0xFA, 0x57, 0xFA, 0x5A, 0xFA, 0x5D, 0xFA, 0x60, 0xFA, 0x63, 0xFA,
  0x66, 0xFA, 0x6A, 0xFA, 0x6D, 0xFA, 0x70, 0xFA, 0x73, 0xFA, 0x76, 0xFA,
  0x79, 0xFA, 0x7C, 0xFA, 0x80, 0xFA, 0x83, 0xFA, 0x86, 0xFA, 0x89, 0xFA,
  0x8C, 0xFA, 0x8F, 0xFA, 0x93, 0xFA, 0x96, 0xFA, 0x99, 0xFA, 0x9C, 0xFA,
  0x9F, 0xFA, 0xA2, 0xFA, 0xA6, 0xFA, 0xA9, 0xFA, 0xAC, 0xFA, 0xAF, 0xFA,
  0xB2, 0xFA, 0xB5, 0xFA, 0xB8, 0xFA, 0xBC, 0xFA, 0xBF, 0xFA, 0xC2, 0xFA,
  0xC5, 0xFA, 0xC8, 0xFA, 0xCB, 0xFA, 0xCF, 0xFA, 0xD2, 0xFA, 0xD5, 0xFA,
  0xD8, 0xFA, 0xDB, 0xFA, 0xDE, 0xFA, 0xE2, 0xFA, 0xE5, 0xFA, 0xE8, 0xFA,
  0xEB, 0xFA, 0xEE, 0xFA, 0x0F, 0x05, 0x0C, 0x05, 0x08, 0x05, 0x05, 0x05,
  0x02, 0x05, 0xFF, 0x04, 0xFC, 0x04, 0xF9, 0x04, 0xF5, 0x04, 0xF2, 0x04,
  0xEF, 0x04, 0xEC, 0x04, 0xE9, 0x04, 0xE6, 0x04, 0xE2, 0x04, 0xDF, 0x04,
  0xDC, 0x04, 0xD9, 0x04, 0xD6, 0x04, 0xD3, 0x04, 0xD0, 0x04, 0xCC, 0x04,
  0xC9, 0x04, 0xC6, 0x04, 0xC3, 0x04, 0xC0, 0x04, 0xBD, 0x04, 0xB9, 0x04,
  0xB6, 0x04, 0xB3, 0x04, 0xB0, 0x04, 0xAD, 0x04, 0xAA, 0x04, 0xA6, 0x04,
  0xA3, 0x04, 0xA0, 0x04, 0x9D, 0x04, 0x9A, 0x04, 0x97, 0x04, 0x94, 0x04,
  0x90, 0x04, 0x8D, 0x04, 0x8A, 0x04, 0x87, 0x04, 0x84, 0x04, 0x81, 0x04,
  0x7D, 0x04, 0x7A, 0x04, 0x77, 0x04, 0x74, 0x04, 0x71, 0x04, 0x6E, 0x04,
  0x6A, 0x04, 0x67, 0x04, 0x64, 0x04, 0x61, 0x04, 0x5E, 0x04, 0x5B, 0x04,
  0x58, 0x04, 0x54, 0x04, 0x51, 0x04, 0x4E, 0x04, 0x4B, 0x04, 0x48, 0x04,
  0x45, 0x04, 0x41, 0x04, 0x3E, 0x04, 0x3B, 0x04, 0x38, 0x04, 0x35, 0x04,
  0x32, 0x04, 0x2F, 0x04, 0x2B, 0x04, 0x28, 0x04, 0x25, 0x04, 0x22, 0x04,
  0x1F, 0x04, 0x1C, 0x04, 0x18, 0x04, 0xEB, 0xFB, 0xEE, 0xFB, 0xF1, 0xFB,
  0xF4, 0xFB, 0xF7, 0xFB, 0xFB, 0xFB, 0xFE, 0xFB, 0x01, 0xFC, 0x04, 0xFC,
  0x07, 0xFC, 0x0A, 0xFC, 0x0D, 0xFC, 0x11, 0xFC, 0x14, 0xFC, 0x17, 0xFC,
  0x1A, 0xFC, 0x1D, 0xFC, 0x20, 0xFC, 0x24, 0xFC, 0x27, 0xFC, 0x2A, 0xFC,
  0x2D, 0xFC, 0x30, 0xFC, 0x33, 0xFC, 0x37, 0xFC, 0x3A, 0xFC, 0x3D, 0xFC,
  0x40, 0xFC, 0x43, 0xFC, 0x46, 0xFC, 0x49, 0xFC, 0x4D, 0xFC, 0x50, 0xFC,
  0x53, 0xFC, 0x56, 0xFC, 0x59, 0xFC, 0x5C, 0xFC, 0x60, 0xFC, 0x63, 0xFC,
  0x66, 0xFC, 0x69, 0xFC, 0x6C, 0xFC, 0x6F, 0xFC, 0x73, 0xFC, 0x76, 0xFC,
  0x79, 0xFC, 0x7C, 0xFC, 0x7F, 0xFC, 0x82, 0xFC, 0x85, 0xFC, 0x89, 0xFC,
  0x8C, 0xFC, 0x8F, 0xFC, 0x92, 0xFC, 0x95, 0xFC, 0x98, 0xFC, 0x9C, 0xFC,
  0x9F, 0xFC, 0xA2, 0xFC, 0xA5, 0xFC, 0xA8, 0xFC, 0xAB, 0xFC, 0xAF, 0xFC,
  0xB2, 0xFC, 0xB5, 0xFC, 0xB8, 0xFC, 0xBB, 0xFC, 0xBE, 0xFC, 0xC1, 0xFC,
  0xC5, 0xFC, 0xC8, 0xFC, 0xCB, 0xFC, 0xCE, 0xFC, 0xD1, 0xFC, 0xD4, 0xFC,
  0xD8, 0xFC, 0xDB, 0xFC, 0xDE, 0xFC, 0x1F, 0x03, 0x1C, 0x03, 0x19, 0x03,
  0x15, 0x03, 0x12, 0x03, 0x0F, 0x03, 0x0C, 0x03, 0x09, 0x03, 0x06, 0x03,
  0x03, 0x03, 0xFF, 0x02, 0xFC, 0x02, 0xF9, 0x02, 0xF6, 0x02, 0xF3, 0x02,
  0xF0, 0x02, 0xEC, 0x02, 0xE9, 0x02, 0xE6, 0x02, 0xE3, 0x02, 0xE0, 0x02,
  0xDD, 0x02, 0xD9, 0x02, 0xD6, 0x02, 0xD3, 0x02, 0xD0, 0x02, 0xCD, 0x02,
  0xCA, 0x02, 0xC7, 0x02, 0xC3, 0x02, 0xC0, 0x02, 0xBD, 0x02, 0xBA, 0x02,
  0xB7, 0x02, 0xB4, 0x02, 0xB0, 0x02, 0xAD, 0x02, 0xAA, 0x02, 0xA7, 0x02,
  0xA4, 0x02, 0xA1, 0x02, 0x9D, 0x02, 0x9A, 0x02, 0x97, 0x02, 0x94, 0x02,
  0x91, 0x02, 0x8E, 0x02, 0x8B, 0x02, 0x87, 0x02, 0x84, 0x02, 0x81, 0x02,
  0x7E, 0x02, 0x7B, 0x02, 0x78, 0x02, 0x74, 0x02, 0x71, 0x02, 0x6E, 0x02,
  0x6B, 0x02, 0x68, 0x02, 0x65, 0x02, 0x61, 0x02, 0x5E, 0x02, 0x5B, 0x02,
  0x58, 0x02, 0x55, 0x02, 0x52, 0x02, 0x4F, 0x02, 0x4B, 0x02, 0x48, 0x02,
  0x45, 0x02, 0x42, 0x02, 0x3F, 0x02, 0x3C, 0x02, 0x38, 0x02, 0x35, 0x02,
  0x32, 0x02, 0x2F, 0x02, 0x2C, 0x02, 0x29, 0x02, 0xDB, 0xFD, 0xDE, 0xFD,
  0xE1, 0xFD, 0xE4, 0xFD, 0xE7, 0xFD, 0xEA, 0xFD, 0xED, 0xFD, 0xF1, 0xFD,
  0xF4, 0xFD, 0xF7, 0xFD, 0xFA, 0xFD, 0xFD, 0xFD, 0x00, 0xFE, 0x04, 0xFE,
  0x07, 0xFE, 0x0A, 0xFE, 0x0D, 0xFE, 0x10, 0xFE, 0x13, 0xFE, 0x17, 0xFE,
  0x1A, 0xFE, 0x1D, 0xFE, 0x20, 0xFE, 0x23, 0xFE, 0x26, 0xFE, 0x29, 0xFE,
  0x2D, 0xFE, 0x30, 0xFE, 0x33, 0xFE, 0x36, 0xFE, 0x39, 0xFE, 0x3C, 0xFE,
  0x40, 0xFE, 0x43, 0xFE, 0x46, 0xFE, 0x49, 0xFE, 0x4C, 0xFE, 0x4F, 0xFE,
  0x53, 0xFE, 0x56, 0xFE, 0x59, 0xFE, 0x5C, 0xFE, 0x5F, 0xFE, 0x62, 0xFE,
  0x65, 0xFE, 0x69, 0xFE, 0x6C, 0xFE, 0x6F, 0xFE, 0x72, 0xFE, 0x75, 0xFE,
  0x78, 0xFE, 0x7C, 0xFE, 0x7F, 0xFE, 0x82, 0xFE, 0x85, 0xFE, 0x88, 0xFE,
  0x8B, 0xFE, 0x8F, 0xFE, 0x92, 0xFE, 0x95, 0xFE, 0x98, 0xFE, 0x9B, 0xFE,
  0x9E, 0xFE, 0xA1, 0xFE, 0xA5, 0xFE, 0xA8, 0xFE, 0xAB, 0xFE, 0xAE, 0xFE,
  0xB1, 0xFE, 0xB4, 0xFE, 0xB8, 0xFE, 0xBB, 0xFE, 0xBE, 0xFE, 0xC1, 0xFE,
  0xC4, 0xFE, 0xC7, 0xFE, 0xCB, 0xFE, 0xCE, 0xFE, 0xD1, 0xFE, 0x2C, 0x01,
  0x29, 0x01, 0x26, 0x01, 0x23, 0x01, 0x1F, 0x01, 0x1C, 0x01, 0x19, 0x01,
  0x16, 0x01, 0x13, 0x01, 0x10, 0x01, 0x0C, 0x01, 0x09, 0x01, 0x06, 0x01,
  0x03, 0x01, 0x00, 0x01, 0xFD, 0x00, 0xF9, 0x00, 0xF6, 0x00, 0xF3, 0x00,
  0xF0, 0x00, 0xED, 0x00, 0xEA, 0x00, 0xE7, 0x00, 0xE3, 0x00, 0xE0, 0x00,
  0xDD, 0x00, 0xDA, 0x00, 0xD7, 0x00, 0xD4, 0x00, 0xD0, 0x00, 0xCD, 0x00,
  0xCA, 0x00, 0xC7, 0x00, 0xC4, 0x00, 0xC1, 0x00, 0xBD, 0x00, 0xBA, 0x00,
  0xB7, 0x00, 0xB4, 0x00, 0xB1, 0x00, 0xAE, 0x00, 0xAB, 0x00, 0xA7, 0x00,
  0xA4, 0x00, 0xA1, 0x00, 0x9E, 0x00, 0x9B, 0x00, 0x98, 0x00, 0x94, 0x00,
  0x91, 0x00, 0x8E, 0x00, 0x8B, 0x00, 0x88, 0x00, 0x85, 0x00, 0x81, 0x00,
  0x7E, 0x00, 0x7B, 0x00, 0x78, 0x00, 0x75, 0x00, 0x72, 0x00, 0x6F, 0x00,
  0x6B, 0x00, 0x68, 0x00, 0x65, 0x00, 0x62, 0x00, 0x5F, 0x00, 0x5C, 0x00,
  0x58, 0x00, 0x55, 0x00, 0x52, 0x00, 0x4F, 0x00, 0x4C, 0x00, 0x49, 0x00,
  0x45, 0x00, 0x42, 0x00, 0x3F, 0x00, 0x3C, 0x00, 0x39, 0x00, 0x36, 0x00,
  0xCD, 0xFF, 0xD1, 0xFF, 0xD4, 0xFF, 0xD7, 0xFF, 0xDA, 0xFF, 0xDD, 0xFF,
  0xE0, 0xFF, 0xE4, 0xFF, 0xE7, 0xFF, 0xEA, 0xFF, 0xED, 0xFF, 0xF0, 0xFF,
  0xF3, 0xFF, 0xF7, 0xFF, 0xFA, 0xFF, 0xFD, 0xFF, 0x00, 0x00, 0x00, 0x00,
  0x00, 0x00, 0x00, 0x00, 0x00, 0x00, 0x00, 0x00, 0x00, 0x00, 0x00, 0x00,
  0x00, 0x00, 0x00, 0x00, 0x00, 0x00, 0x00, 0x00, 0x00, 0x00, 0x00, 0x00,
  0x00, 0x00, 0x00, 0x00, 0x00, 0x00, 0x00, 0x00, 0x00, 0x00, 0x00, 0x00,
  0x00, 0x00, 0x00, 0x00, 0x00, 0x00, 0x00, 0x00, 0x00, 0x00, 0x00, 0x00,
  0x00, 0x00, 0x00, 0x00, 0x00, 0x00, 0x00, 0x00, 0x00, 0x00, 0x00, 0x00,
  0x00, 0x00, 0x00, 0x00, 0x00, 0x00, 0x00, 0x00, 0x00, 0x00, 0x00, 0x00,
  0x00, 0x00, 0x00, 0x00, 0x00, 0x00, 0x00, 0x00, 0x00, 0x00, 0x00, 0x00,
  0x00, 0x00, 0x00, 0x00, 0x00, 0x00, 0x00, 0x00, 0x00, 0x00, 0x00, 0x00,
  0x00, 0x00, 0x00, 0x00, 0x00, 0x00, 0x00, 0x00, 0x00, 0x00, 0x00, 0x00,
  0x00, 0x00, 0x00, 0x00, 0x00, 0x00, 0x00, 0x00, 0x00, 0x00, 0x00, 0x00,
  0x00, 0x00, 0x00, 0x00, 0x00, 0x00, 0x00, 0x00, 0x00, 0x00, 0x00, 0x00,
  0x00, 0x00, 0x00, 0x00, 0x00, 0x00, 0x00, 0x00, 0x00, 0x00, 0x00, 0x00,
  0x00, 0x00, 0x00, 0x00, 0x00, 0x00, 0x00, 0x00, 0x00, 0x00, 0x00, 0x00,
  0x00, 0x00, 0x00, 0x00, 0x00, 0x00, 0x00, 0x00, 0x00, 0x00, 0x00, 0x00,
  0x00, 0x00, 0x00, 0x00, 0x00, 0x00, 0x00, 0x00, 0x00, 0x00, 0x00, 0x00,
  0x00, 0x00, 0x00, 0x00, 0x00, 0x00, 0x00, 0x00, 0x00, 0x00, 0x00, 0x00,
  0x00, 0x00, 0x00, 0x00, 0x00, 0x00, 0x00, 0x00, 0x00, 0x00, 0x00, 0x00,
  0x00, 0x00, 0x00, 0x00, 0x00, 0x00, 0x00, 0x00, 0x00, 0x00, 0x00, 0x00,
  0x00, 0x00, 0x00, 0x00, 0x00, 0x00, 0x00, 0x00, 0x00, 0x00, 0x00, 0x00,
  0x00, 0x00, 0x00, 0x00, 0x00, 0x00, 0x00, 0x00, 0x00, 0x00, 0x00, 0x00,
  0x00, 0x00, 0x00, 0x00, 0x00, 0x00, 0x00, 0x00, 0x00, 0x00, 0x00, 0x00,
  0x00, 0x00, 0x00, 0x00, 0x00, 0x00, 0x00, 0x00, 0x00, 0x00, 0x00, 0x00,
  0x00, 0x00, 0x00, 0x00, 0x00, 0x00, 0x00, 0x00, 0x00, 0x00, 0x00, 0x00,
  0x00, 0x00, 0x00, 0x00, 0x00, 0x00, 0x00, 0x00, 0x00, 0x00, 0x00, 0x00,
  0x00, 0x00, 0x00, 0x00, 0x00, 0x00, 0x00, 0x00, 0x00, 0x00, 0x00, 0x00,
  0x00, 0x00, 0x00, 0x00, 0x00, 0x00, 0x00, 0x00, 0x00, 0x00, 0x00, 0x00,
  0x00, 0x00, 0x00, 0x00, 0x00, 0x00, 0x00, 0x00, 0x00, 0x00, 0x00, 0x00,
  0x00, 0x00, 0x00, 0x00, 0x00, 0x00, 0x00, 0x00, 0x00, 0x00, 0x00, 0x00,
  0x00, 0x00, 0x00, 0x00, 0x00, 0x00, 0x00, 0x00, 0x00, 0x00, 0x00, 0x00,
  0x00, 0x00, 0x00, 0x00, 0x00, 0x00, 0x00, 0x00, 0x00, 0x00, 0x00, 0x00,
  0x00, 0x00, 0x00, 0x00, 0x00, 0x00, 0x00, 0x00, 0x00, 0x00, 0x00, 0x00,
  0x00, 0x00, 0x00, 0x00, 0x00, 0x00, 0x00, 0x00, 0x00, 0x00, 0x00, 0x00,
  0x00, 0x00, 0x00, 0x00, 0x00, 0x00, 0x00, 0x00, 0x00, 0x00, 0x00, 0x00,
  0x00, 0x00, 0x00, 0x00, 0x00, 0x00, 0x00, 0x00, 0x00, 0x00, 0x00, 0x00,
  0x00, 0x00, 0x00, 0x00, 0x00, 0x00, 0x00, 0x00, 0x00, 0x00, 0x00, 0x00,
  0x00, 0x00, 0x00, 0x00, 0x00, 0x00, 0x00, 0x00, 0x00, 0x00, 0x00, 0x00,
  0x00, 0x00, 0x00, 0x00, 0x00, 0x00, 0x00, 0x00, 0x00, 0x00, 0x00, 0x00,
  0x00, 0x00, 0x00, 0x00, 0x00, 0x00, 0x00, 0x00, 0x00, 0x00, 0x00, 0x00,
  0x00, 0x00, 0x00, 0x00, 0x00, 0x00, 0x00, 0x00, 0x00, 0x00, 0x00, 0x00,
  0x00, 0x00, 0x00, 0x00, 0x00, 0x00, 0x00, 0x00, 0x00, 0x00, 0x00, 0x00,
  0x00, 0x00, 0x00, 0x00, 0x00, 0x00, 0x00, 0x00, 0x00, 0x00, 0x00, 0x00,
  0x00, 0x00, 0x00, 0x00, 0x00, 0x00, 0x00, 0x00, 0x00, 0x00, 0x00, 0x00,
  0x00, 0x00, 0x00, 0x00, 0x00, 0x00, 0x00, 0x00, 0x00, 0x00, 0x00, 0x00,
  0x00, 0x00, 0x00, 0x00, 0x00, 0x00, 0x00, 0x00, 0x00, 0x00, 0x00, 0x00,
  0x00, 0x00, 0x00, 0x00, 0x00, 0x00, 0x00, 0x00, 0x00, 0x00, 0x00, 0x00,
  0x00, 0x00, 0x00, 0x00, 0x00, 0x00, 0x00, 0x00, 0x00, 0x00, 0x00, 0x00,
  0x00, 0x00, 0x00, 0x00, 0x00, 0x00, 0x00, 0x00, 0x00, 0x00, 0x00, 0x00,
  0x00, 0x00, 0x00, 0x00, 0x00, 0x00, 0x00, 0x00, 0x00, 0x00, 0x00, 0x00,
  0x00, 0x00, 0x00, 0x00, 0x00, 0x00, 0x00, 0x00, 0x00, 0x00, 0x00, 0x00,
  0x00, 0x00, 0x00, 0x00, 0x00, 0x00, 0x00, 0x00, 0x00, 0x00, 0x00, 0x00,
  0x00, 0x00, 0x00, 0x00, 0x00, 0x00, 0x00, 0x00, 0x00, 0x00, 0x00, 0x00,
  0x00, 0x00, 0x00, 0x00, 0x00, 0x00, 0x00, 0x00, 0x00, 0x00, 0x00, 0x00,
  0x00, 0x00, 0x00, 0x00, 0x00, 0x00, 0x00, 0x00, 0x00, 0x00, 0x00, 0x00,
  0x00, 0x00, 0x00, 0x00, 0x00, 0x00, 0x00, 0x00, 0x00, 0x00, 0x00, 0x00,
  0x00, 0x00, 0x00, 0x00, 0x00, 0x00, 0x00, 0x00, 0x00, 0x00, 0x00, 0x00,
  0x00, 0x00, 0x00, 0x00, 0x00, 0x00, 0x00, 0x00, 0x00, 0x00, 0x00, 0x00,
  0x00, 0x00, 0x00, 0x00, 0x00, 0x00, 0x00, 0x00, 0x00, 0x00, 0x00, 0x00,
  0x00, 0x00, 0x00, 0x00, 0x00, 0x00, 0x00, 0x00, 0x00, 0x00, 0x00, 0x00,
  0x00, 0x00, 0x00, 0x00, 0x00, 0x00, 0x00, 0x00, 0x00, 0x00, 0x00, 0x00,
  0x00, 0x00, 0x00, 0x00, 0x00, 0x00, 0x00, 0x00, 0x00, 0x00, 0x00, 0x00,
  0x00, 0x00, 0x00, 0x00, 0x00, 0x00, 0x00, 0x00, 0x00, 0x00, 0x00, 0x00,
  0x00, 0x00, 0x00, 0x00, 0x00, 0x00, 0x00, 0x00, 0x00, 0x00, 0x00, 0x00,
  0x00, 0x00, 0x00, 0x00, 0x00, 0x00, 0x00, 0x00, 0x00, 0x00, 0x00, 0x00,
  0x00, 0x00, 0x00, 0x00, 0x00, 0x00, 0x00, 0x00, 0x00, 0x00, 0x00, 0x00,
  0x00, 0x00, 0x00, 0x00, 0x00, 0x00, 0x00, 0x00, 0x00, 0x00, 0x00, 0x00,
  0x00, 0x00, 0x00, 0x00, 0x00, 0x00, 0x00, 0x00, 0x00, 0x00, 0x00, 0x00,
  0x00, 0x00, 0x00, 0x00, 0x00, 0x00, 0x00, 0x00, 0x00, 0x00, 0x00, 0x00,
  0x00, 0x00, 0x00, 0x00, 0x00, 0x00, 0x00, 0x00, 0x00, 0x00, 0x00, 0x00,
  0x00, 0x00, 0x00, 0x00, 0x00, 0x00, 0x00, 0x00, 0x00, 0x00, 0x00, 0x00,
  0x00, 0x00, 0x00, 0x00, 0x00, 0x00, 0x00, 0x00, 0x00, 0x00, 0x00, 0x00,
  0x00, 0x00, 0x00, 0x00, 0x00, 0x00, 0x00, 0x00, 0x00, 0x00, 0x00, 0x00,
  0x00, 0x00, 0x00, 0x00, 0x00, 0x00, 0x00, 0x00, 0x00, 0x00, 0x00, 0x00,
  0x00, 0x00, 0x00, 0x00, 0x00, 0x00, 0x00, 0x00, 0x00, 0x00, 0x00, 0x00,
  0x00, 0x00, 0x00, 0x00, 0x00, 0x00, 0x00, 0x00, 0x00, 0x00, 0x00, 0x00,
  0x00, 0x00, 0x00, 0x00, 0x00, 0x00, 0x00, 0x00, 0x00, 0x00, 0x00, 0x00,
  0x00, 0x00, 0x00, 0x00, 0x00, 0x00, 0x00, 0x00, 0x00, 0x00, 0x00, 0x00,
  0x00, 0x00, 0x00, 0x00, 0x00, 0x00, 0x00, 0x00, 0x00, 0x00, 0x00, 0x00,
  0x00, 0x00, 0x00, 0x00, 0x00, 0x00, 0x00, 0x00, 0x00, 0x00, 0x00, 0x00,
  0x00, 0x00, 0x00, 0x00, 0x00, 0x00, 0x00, 0x00, 0x00, 0x00, 0x00, 0x00,
  0x00, 0x00, 0x00, 0x00, 0x00, 0x00, 0x00, 0x00, 0x00, 0x00, 0x00, 0x00,
  0x00, 0x00, 0x00, 0x00, 0x00, 0x00, 0x00, 0x00, 0x00, 0x00, 0x00, 0x00,
  0x00, 0x00, 0x00, 0x00, 0x00, 0x00, 0x00, 0x00, 0x00, 0x00, 0x00, 0x00,
  0x00, 0x00, 0x00, 0x00, 0x00, 0x00, 0x00, 0x00, 0x00, 0x00, 0x00, 0x00,
  0x00, 0x00, 0x00, 0x00, 0x00, 0x00, 0x00, 0x00, 0x00, 0x00, 0x00, 0x00,
  0x00, 0x00, 0x00, 0x00, 0x00, 0x00, 0x00, 0x00, 0x00, 0x00, 0x00, 0x00,
  0x00, 0x00, 0x00, 0x00, 0x00, 0x00, 0x00, 0x00, 0x00, 0x00, 0x00, 0x00,
  0x00, 0x00, 0x00, 0x00, 0x00, 0x00, 0x00, 0x00, 0x00, 0x00, 0x00, 0x00,
  0x00, 0x00, 0x00, 0x00, 0x00, 0x00, 0x00, 0x00, 0x00, 0x00, 0x00, 0x00,
  0x00, 0x00, 0x00, 0x00, 0x00, 0x00, 0x00, 0x00, 0x00, 0x00, 0x00, 0x00,
  0x00, 0x00, 0x00, 0x00, 0x00, 0x00, 0x00, 0x00, 0x00, 0x00, 0x00, 0x00,
  0x00, 0x00, 0x00, 0x00, 0x00, 0x00, 0x00, 0x00, 0x00, 0x00, 0x00, 0x00,
  0x00, 0x00, 0x00, 0x00, 0x00, 0x00, 0x00, 0x00, 0x00, 0x00, 0x00, 0x00,
  0x00, 0x00, 0x00, 0x00, 0x00, 0x00, 0x00, 0x00, 0x00, 0x00, 0x00, 0x00,
  0x00, 0x00, 0x00, 0x00, 0x00, 0x00, 0x00, 0x00, 0x00, 0x00, 0x00, 0x00,
  0x00, 0x00, 0x00, 0x00, 0x00, 0x00, 0x00, 0x00, 0x00, 0x00, 0x00, 0x00,
  0x00, 0x00, 0x00, 0x00, 0x00, 0x00, 0x00, 0x00, 0x00, 0x00, 0x00, 0x00,
  0x00, 0x00, 0x00, 0x00, 0x00, 0x00, 0x00, 0x00, 0x00, 0x00, 0x00, 0x00,
  0x00, 0x00, 0x00, 0x00, 0x00, 0x00, 0x00, 0x00, 0x00, 0x00, 0x00, 0x00,
  0x00, 0x00, 0x00, 0x00, 0x00, 0x00, 0x00, 0x00, 0x00, 0x00, 0x00, 0x00,
  0x00, 0x00, 0x00, 0x00, 0x00, 0x00, 0x00, 0x00, 0x00, 0x00, 0x00, 0x00,
  0x00, 0x00, 0x00, 0x00, 0x00, 0x00, 0x00, 0x00, 0x00, 0x00, 0x00, 0x00,
  0x00, 0x00, 0x00, 0x00, 0x00, 0x00, 0x00, 0x00, 0x00, 0x00, 0x00, 0x00,
  0x00, 0x00, 0x00, 0x00, 0x00, 0x00, 0x00, 0x00, 0x00, 0x00, 0x00, 0x00,
  0x00, 0x00, 0x00, 0x00, 0x00, 0x00, 0x00, 0x00, 0x00, 0x00, 0x00, 0x00,
  0x00, 0x00, 0x00, 0x00, 0x00, 0x00, 0x00, 0x00, 0x00, 0x00, 0x00, 0x00,
  0x00, 0x00, 0x00, 0x00, 0x00, 0x00, 0x00, 0x00, 0x00, 0x00, 0x00, 0x00,
  0x00, 0x00, 0x00, 0x00, 0x00, 0x00, 0x00, 0x00, 0x00, 0x00, 0x00, 0x00,
  0x00, 0x00, 0x00, 0x00, 0x00, 0x00, 0x00, 0x00, 0x00, 0x00, 0x00, 0x00,
  0x00, 0x00, 0x00, 0x00, 0x00, 0x00, 0x00, 0x00, 0x00, 0x00, 0x00, 0x00,
  0x00, 0x00, 0x00, 0x00, 0x00, 0x00, 0x00, 0x00, 0x00, 0x00, 0x00, 0x00,
  0x00, 0x00, 0x00, 0x00, 0x00, 0x00, 0x00, 0x00, 0x00, 0x00, 0x00, 0x00,
  0x00, 0x00, 0x00, 0x00, 0x00, 0x00, 0x00, 0x00, 0x00, 0x00, 0x00, 0x00,
  0x00, 0x00, 0x00, 0x00, 0x00, 0x00, 0x00, 0x00, 0x00, 0x00, 0x00, 0x00,
  0x00, 0x00, 0x00, 0x00, 0x00, 0x00, 0x00, 0x00, 0x00, 0x00, 0x00, 0x00,
  0x00, 0x00, 0x00, 0x00, 0x00, 0x00, 0x00, 0x00, 0x00, 0x00, 0x00, 0x00,
  0x00, 0x00, 0x00, 0x00, 0x00, 0x00, 0x00, 0x00, 0x00, 0x00, 0x00, 0x00,
  0x00, 0x00, 0x00, 0x00, 0x00, 0x00, 0x00, 0x00, 0x00, 0x00, 0x00, 0x00,
  0x00, 0x00, 0x00, 0x00, 0x00, 0x00, 0x00, 0x00, 0x00, 0x00, 0x00, 0x00,
  0x00, 0x00, 0x00, 0x00, 0x00, 0x00, 0x00, 0x00, 0x00, 0x00, 0x00, 0x00,
  0x00, 0x00, 0x00, 0x00, 0x00, 0x00, 0x00, 0x00, 0x00, 0x00, 0x00, 0x00,
  0x00, 0x00, 0x00, 0x00, 0x00, 0x00, 0x00, 0x00, 0x00, 0x00, 0x00, 0x00,
  0x00, 0x00, 0x00, 0x00, 0x00, 0x00, 0x00, 0x00, 0x00, 0x00, 0x00, 0x00,
  0x00, 0x00, 0x00, 0x00, 0x00, 0x00, 0x00, 0x00, 0x00, 0x00, 0x00, 0x00,
  0x00, 0x00, 0x00, 0x00, 0x00, 0x00, 0x00, 0x00, 0x00, 0x00, 0x00, 0x00,
  0x00, 0x00, 0x00, 0x00, 0x00, 0x00, 0x00, 0x00, 0x00, 0x00, 0x00, 0x00,
  0x00, 0x00, 0x00, 0x00, 0x00, 0x00, 0x00, 0x00, 0x00, 0x00, 0x00, 0x00,
  0x00, 0x00, 0x00, 0x00, 0x00, 0x00, 0x00, 0x00, 0x00, 0x00, 0x00, 0x00,
  0x00, 0x00, 0x00, 0x00, 0x00, 0x00, 0x00, 0x00, 0x00, 0x00, 0x00, 0x00,
  0x00, 0x00, 0x00, 0x00, 0x00, 0x00, 0x00, 0x00, 0x00, 0x00, 0x00, 0x00,
  0x00, 0x00, 0x00, 0x00, 0x00, 0x00, 0x00, 0x00, 0x00, 0x00, 0x00, 0x00,
  0x00, 0x00, 0x00, 0x00, 0x00, 0x00, 0x00, 0x00, 0x00, 0x00, 0x00, 0x00,
  0x00, 0x00, 0x00, 0x00, 0x00, 0x00, 0x00, 0x00, 0x00, 0x00, 0x00, 0x00,
  0x00, 0x00, 0x00, 0x00, 0x00, 0x00, 0x00, 0x00, 0x00, 0x00, 0x00, 0x00,
  0x00, 0x00, 0x00, 0x00, 0x00, 0x00, 0x00, 0x00, 0x00, 0x00, 0x00, 0x00,
  0x00, 0x00, 0x00, 0x00, 0x00, 0x00, 0x00, 0x00, 0x00, 0x00, 0x00, 0x00,
  0x00, 0x00, 0x00, 0x00, 0x00, 0x00, 0x00, 0x00, 0x00, 0x00, 0x00, 0x00,
  0x00, 0x00, 0x00, 0x00, 0x00, 0x00, 0x00, 0x00, 0x00, 0x00, 0x00, 0x00,
  0x00, 0x00, 0x00, 0x00, 0x00, 0x00, 0x00, 0x00, 0x00, 0x00, 0x00, 0x00,
  0x00, 0x00, 0x00, 0x00, 0x00, 0x00, 0x00, 0x00, 0x00, 0x00, 0x00, 0x00,
  0x00, 0x00, 0x00, 0x00, 0x00, 0x00, 0x00, 0x00, 0x00, 0x00, 0x00, 0x00,
  0x00, 0x00, 0x00, 0x00, 0x00, 0x00, 0x00, 0x00, 0x00, 0x00, 0x00, 0x00,
  0x00, 0x00, 0x00, 0x00, 0x00, 0x00, 0x00, 0x00, 0x00, 0x00, 0x00, 0x00,
  0x00, 0x00, 0x00, 0x00, 0x00, 0x00, 0x00, 0x00, 0x00, 0x00, 0x00, 0x00,
  0x00, 0x00, 0x00, 0x00, 0x00, 0x00, 0x00, 0x00, 0x00, 0x00, 0x00, 0x00,
  0x00, 0x00, 0x00, 0x00, 0x00, 0x00, 0x00, 0x00, 0x00, 0x00, 0x00, 0x00,
  0x00, 0x00, 0x00, 0x00, 0x00, 0x00, 0x00, 0x00, 0x00, 0x00, 0x00, 0x00,
  0x00, 0x00, 0x00, 0x00, 0x00, 0x00, 0x00, 0x00, 0x00, 0x00, 0x00, 0x00,
  0x00, 0x00, 0x00, 0x00, 0x00, 0x00, 0x00, 0x00, 0x00, 0x00, 0x00, 0x00,
  0x00, 0x00, 0x00, 0x00, 0x00, 0x00, 0x00, 0x00, 0x00, 0x00, 0x00, 0x00,
  0x00, 0x00, 0x00, 0x00, 0x00, 0x00, 0x00, 0x00, 0x00, 0x00, 0x00, 0x00,
  0x00, 0x00, 0x00, 0x00, 0x00, 0x00, 0x00, 0x00, 0x00, 0x00, 0x00, 0x00,
  0x00, 0x00, 0x00, 0x00, 0x00, 0x00, 0x00, 0x00, 0x00, 0x00, 0x00, 0x00,
  0x00, 0x00, 0x00, 0x00, 0x00, 0x00, 0x00, 0x00, 0x00, 0x00, 0x00, 0x00,
  0x00, 0x00, 0x00, 0x00, 0x00, 0x00, 0x00, 0x00, 0x00, 0x00, 0x00, 0x00,
  0x00, 0x00, 0x00, 0x00, 0x00, 0x00, 0x00, 0x00, 0x00, 0x00, 0x00, 0x00,
  0x00, 0x00, 0x00, 0x00, 0x00, 0x00, 0x00, 0x00, 0x00, 0x00, 0x00, 0x00,
  0x00, 0x00, 0x00, 0x00, 0x00, 0x00, 0x00, 0x00, 0x00, 0x00, 0x00, 0x00,
  0x00, 0x00, 0x00, 0x00, 0x00, 0x00, 0x00, 0x00, 0x00, 0x00, 0x00, 0x00,
  0x00, 0x00, 0x00, 0x00, 0x00, 0x00, 0x00, 0x00, 0x00, 0x00, 0x00, 0x00,
  0x00, 0x00, 0x00, 0x00, 0x00, 0x00, 0x00, 0x00, 0x00, 0x00, 0x00, 0x00,
  0x00, 0x00, 0x00, 0x00, 0x00, 0x00, 0x00, 0x00, 0x00, 0x00, 0x00, 0x00,
  0x00, 0x00, 0x00, 0x00, 0x00, 0x00, 0x00, 0x00, 0x00, 0x00, 0x00, 0x00,
  0x00, 0x00, 0x00, 0x00, 0x00, 0x00, 0x00, 0x00, 0x00, 0x00, 0x00, 0x00,
  0x00, 0x00, 0x00, 0x00, 0x00, 0x00, 0x00, 0x00, 0x00, 0x00, 0x00, 0x00,
  0x00, 0x00, 0x00, 0x00, 0x00, 0x00, 0x00, 0x00, 0x00, 0x00, 0x00, 0x00,
  0x00, 0x00, 0x00, 0x00, 0x00, 0x00, 0x00, 0x00, 0x00, 0x00, 0x00, 0x00,
  0x00, 0x00, 0x00, 0x00, 0x00, 0x00, 0x00, 0x00, 0x00, 0x00, 0x00, 0x00,
  0x00, 0x00, 0x00, 0x00, 0x00, 0x00, 0x00, 0x00, 0x00, 0x00, 0x00, 0x00,
  0x00, 0x00, 0x00, 0x00, 0x00, 0x00, 0x00, 0x00, 0x00, 0x00, 0x00, 0x00,
  0x00, 0x00, 0x00, 0x00, 0x00, 0x00, 0x00, 0x00, 0x00, 0x00, 0x00, 0x00,
  0x00, 0x00, 0x00, 0x00, 0x00, 0x00, 0x00, 0x00, 0x00, 0x00, 0x00, 0x00,
  0x00, 0x00, 0x00, 0x00, 0x00, 0x00, 0x00, 0x00, 0x00, 0x00, 0x00, 0x00,
  0x00, 0x00, 0x00, 0x00, 0x00, 0x00, 0x00, 0x00, 0x00, 0x00, 0x00, 0x00,
  0x00, 0x00, 0x00, 0x00, 0x00, 0x00, 0x00, 0x00, 0x00, 0x00, 0x00, 0x00,
  0x00, 0x00, 0x00, 0x00, 0x00, 0x00, 0x00, 0x00, 0x00, 0x00, 0x00, 0x00,
  0x00, 0x00, 0x00, 0x00, 0x00, 0x00, 0x00, 0x00, 0x00, 0x00, 0x00, 0x00,
  0x00, 0x00, 0x00, 0x00, 0x00, 0x00, 0x00, 0x00, 0x00, 0x00, 0x00, 0x00,
  0x00, 0x00, 0x00, 0x00, 0x00, 0x00, 0x00, 0x00, 0x00, 0x00, 0x00, 0x00,
  0x00, 0x00, 0x00, 0x00, 0x00, 0x00, 0x00, 0x00, 0x00, 0x00, 0x00, 0x00,
  0x00, 0x00, 0x00, 0x00, 0x00, 0x00, 0x00, 0x00, 0x00, 0x00, 0x00, 0x00,
  0x00, 0x00, 0x00, 0x00, 0x00, 0x00, 0x00, 0x00, 0x00, 0x00, 0x00, 0x00,
  0x00, 0x00, 0x00, 0x00, 0x00, 0x00, 0x00, 0x00, 0x00, 0x00
};

const size_t FAIL_BUZZER_WAV_SIZE = sizeof(FAIL_BUZZER_WAV);

