#pragma once

#include <Arduino.h>

// Generated from one-up.wav.
const uint8_t ONE_UP_WAV[] PROGMEM = {
  0x52, 0x49, 0x46, 0x46, 0x42, 0x43, 0x00, 0x00, 0x57, 0x41, 0x56, 0x45,
  0x66, 0x6D, 0x74, 0x20, 0x10, 0x00, 0x00, 0x00, 0x01, 0x00, 0x01, 0x00,
  0x22, 0x56, 0x00, 0x00, 0x44, 0xAC, 0x00, 0x00, 0x02, 0x00, 0x10, 0x00,
  0x64, 0x61, 0x74, 0x61, 0x1E, 0x43, 0x00, 0x00, 0x00, 0x00, 0x08, 0x00,
  0x11, 0x00, 0x19, 0x00, 0x21, 0x00, 0x29, 0x00, 0x32, 0x00, 0x3A, 0x00,
  0x42, 0x00, 0x4A, 0x00, 0x53, 0x00, 0x5B, 0x00, 0x63, 0x00, 0x6B, 0x00,
  0x74, 0x00, 0x7C, 0x00, 0x84, 0x00, 0x8C, 0x00, 0x95, 0x00, 0x9D, 0x00,
  0xA5, 0x00, 0x53, 0xFF, 0x4A, 0xFF, 0x42, 0xFF, 0x3A, 0xFF, 0x32, 0xFF,
  0x29, 0xFF, 0x21, 0xFF, 0x19, 0xFF, 0x11, 0xFF, 0x08, 0xFF, 0x00, 0xFF,
  0xF8, 0xFE, 0xF0, 0xFE, 0xE7, 0xFE, 0xDF, 0xFE, 0xD7, 0xFE, 0xCF, 0xFE,
  0xC6, 0xFE, 0xBE, 0xFE, 0xB6, 0xFE, 0xAE, 0xFE, 0x5B, 0x01, 0x63, 0x01,
  0x6B, 0x01, 0x74, 0x01, 0x7C, 0x01, 0x84, 0x01, 0x8C, 0x01, 0x95, 0x01,
  0x9D, 0x01, 0xA5, 0x01, 0xAD, 0x01, 0xB6, 0x01, 0xBE, 0x01, 0xC6, 0x01,
  0xCE, 0x01, 0xD7, 0x01, 0xDF, 0x01, 0xE7, 0x01, 0xEF, 0x01, 0xF8, 0x01,
  0x00, 0x02, 0xF8, 0xFD, 0xF0, 0xFD, 0xE7, 0xFD, 0xDF, 0xFD, 0xD7, 0xFD,
  0xCF, 0xFD, 0xC6, 0xFD, 0xBE, 0xFD, 0xB6, 0xFD, 0xAE, 0xFD, 0xA5, 0xFD,
  0x9D, 0xFD, 0x95, 0xFD, 0x8D, 0xFD, 0x84, 0xFD, 0x7C, 0xFD, 0x74, 0xFD,
  0x6C, 0xFD, 0x63, 0xFD, 0x5B, 0xFD, 0x53, 0xFD, 0xB5, 0x02, 0xBE, 0x02,
  0xC6, 0x02, 0xCE, 0x02, 0xD7, 0x02, 0xDF, 0x02, 0xE7, 0x02, 0xEF, 0x02,
  0xF8, 0x02, 0x00, 0x03, 0x08, 0x03, 0x10, 0x03, 0x19, 0x03, 0x21, 0x03,
  0x29, 0x03, 0x31, 0x03, 0x3A, 0x03, 0x42, 0x03, 0x4A, 0x03, 0x52, 0x03,
  0x5B, 0x03, 0x9D, 0xFC, 0x95, 0xFC, 0x8D, 0xFC, 0x84, 0xFC, 0x7C, 0xFC,
  0x74, 0xFC, 0x6C, 0xFC, 0x63, 0xFC, 0x5B, 0xFC, 0x53, 0xFC, 0x4B, 0xFC,
  0x42, 0xFC, 0x3A, 0xFC, 0x32, 0xFC, 0x2A, 0xFC, 0x21, 0xFC, 0x19, 0xFC,
  0x11, 0xFC, 0x09, 0xFC, 0x00, 0xFC, 0xF8, 0xFB, 0x10, 0x04, 0x18, 0x04,
  0x21, 0x04, 0x29, 0x04, 0x31, 0x04, 0x3A, 0x04, 0x42, 0x04, 0x4A, 0x04,
  0x52, 0x04, 0x5B, 0x04, 0x63, 0x04, 0x6B, 0x04, 0x73, 0x04, 0x7C, 0x04,
  0x84, 0x04, 0x8C, 0x04, 0x94, 0x04, 0x9D, 0x04, 0xA5, 0x04, 0xAD, 0x04,
  0xB5, 0x04, 0x42, 0xFB, 0x3A, 0xFB, 0x32, 0xFB, 0x2A, 0xFB, 0x21, 0xFB,
  0x19, 0xFB, 0x11, 0xFB, 0x09, 0xFB, 0x00, 0xFB, 0xF8, 0xFA, 0xF0, 0xFA,
  0xE8, 0xFA, 0xDF, 0xFA, 0xD7, 0xFA, 0xCF, 0xFA, 0xC7, 0xFA, 0xBE, 0xFA,
  0xB6, 0xFA, 0xAE, 0xFA, 0xA6, 0xFA, 0x9D, 0xFA, 0x6B, 0x05, 0x73, 0x05,
  0x7B, 0x05, 0x84, 0x05, 0x8C, 0x05, 0x94, 0x05, 0x9C, 0x05, 0xA5, 0x05,
  0xAD, 0x05, 0xB5, 0x05, 0xBE, 0x05, 0xC6, 0x05, 0xCE, 0x05, 0xD6, 0x05,
  0xDF, 0x05, 0xE7, 0x05, 0xEF, 0x05, 0xF7, 0x05, 0x00, 0x06, 0x08, 0x06,
  0x10, 0x06, 0xE8, 0xF9, 0xDF, 0xF9, 0xD7, 0xF9, 0xCF, 0xF9, 0xC7, 0xF9,
  0xBE, 0xF9, 0xB6, 0xF9, 0xAE, 0xF9, 0xA6, 0xF9, 0x9D, 0xF9, 0x95, 0xF9,
  0x8D, 0xF9, 0x85, 0xF9, 0x7C, 0xF9, 0x74, 0xF9, 0x6C, 0xF9, 0x64, 0xF9,
  0x5B, 0xF9, 0x53, 0xF9, 0x4B, 0xF9, 0x43, 0xF9, 0xC6, 0x06, 0xCE, 0x06,
  0xD6, 0x06, 0xDE, 0x06, 0xE7, 0x06, 0xEF, 0x06, 0xF7, 0x06, 0xFF, 0x06,
  0x08, 0x07, 0x10, 0x07, 0x18, 0x07, 0x21, 0x07, 0x29, 0x07, 0x31, 0x07,
  0x39, 0x07, 0x42, 0x07, 0x4A, 0x07, 0x52, 0x07, 0x5A, 0x07, 0x63, 0x07,
  0x6B, 0x07, 0x8D, 0xF8, 0x85, 0xF8, 0x7C, 0xF8, 0x74, 0xF8, 0x6C, 0xF8,
  0x64, 0xF8, 0x5B, 0xF8, 0x53, 0xF8, 0x4B, 0xF8, 0x43, 0xF8, 0x3A, 0xF8,
  0x32, 0xF8, 0x2A, 0xF8, 0x22, 0xF8, 0x19, 0xF8, 0x11, 0xF8, 0x09, 0xF8,
  0x01, 0xF8, 0xF8, 0xF7, 0xF0, 0xF7, 0xE8, 0xF7, 0x20, 0x08, 0x29, 0x08,
  0x31, 0x08, 0x39, 0x08, 0x41, 0x08, 0x4A, 0x08, 0x52, 0x08, 0x5A, 0x08,
  0x62, 0x08, 0x6B, 0x08, 0x73, 0x08, 0x7B, 0x08, 0x84, 0x08, 0x8C, 0x08,
  0x94, 0x08, 0x9C, 0x08, 0xA5, 0x08, 0xAD, 0x08, 0xB5, 0x08, 0xBD, 0x08,
  0xC6, 0x08, 0x32, 0xF7, 0x2A, 0xF7, 0x22, 0xF7, 0x19, 0xF7, 0x11, 0xF7,
  0x09, 0xF7, 0x01, 0xF7, 0xF8, 0xF6, 0xF0, 0xF6, 0xE8, 0xF6, 0xE0, 0xF6,
  0xD7, 0xF6, 0xCF, 0xF6, 0xC7, 0xF6, 0xBF, 0xF6, 0xB6, 0xF6, 0xAE, 0xF6,
  0xA6, 0xF6, 0x9E, 0xF6, 0x95, 0xF6, 0x8D, 0xF6, 0x7B, 0x09, 0x83, 0x09,
  0x8C, 0x09, 0x94, 0x09, 0x9C, 0x09, 0xA4, 0x09, 0xAD, 0x09, 0xB5, 0x09,
  0xBD, 0x09, 0xC5, 0x09, 0xCE, 0x09, 0xD6, 0x09, 0xDE, 0x09, 0xE7, 0x09,
  0xEF, 0x09, 0xF7, 0x09, 0xFF, 0x09, 0x08, 0x0A, 0x10, 0x0A, 0x18, 0x0A,
  0x20, 0x0A, 0x29, 0x0A, 0xCF, 0xF5, 0xC7, 0xF5, 0xBF, 0xF5, 0xB6, 0xF5,
  0xAE, 0xF5, 0xA6, 0xF5, 0x9E, 0xF5, 0x95, 0xF5, 0x8D, 0xF5, 0x85, 0xF5,
  0x7D, 0xF5, 0x74, 0xF5, 0x6C, 0xF5, 0x64, 0xF5, 0x5C, 0xF5, 0x53, 0xF5,
  0x4B, 0xF5, 0x43, 0xF5, 0x3B, 0xF5, 0x32, 0xF5, 0x2A, 0xF5, 0xDE, 0x0A,
  0xE6, 0x0A, 0xEF, 0x0A, 0xF7, 0x0A, 0xFF, 0x0A, 0x07, 0x0B, 0x10, 0x0B,
  0x18, 0x0B, 0x20, 0x0B, 0x28, 0x0B, 0x31, 0x0B, 0x39, 0x0B, 0x41, 0x0B,
  0x4A, 0x0B, 0x52, 0x0B, 0x5A, 0x0B, 0x62, 0x0B, 0x6B, 0x0B, 0x73, 0x0B,
  0x7B, 0x0B, 0x83, 0x0B, 0x74, 0xF4, 0x6C, 0xF4, 0x64, 0xF4, 0x5C, 0xF4,
  0x53, 0xF4, 0x4B, 0xF4, 0x43, 0xF4, 0x3B, 0xF4, 0x32, 0xF4, 0x2A, 0xF4,
  0x22, 0xF4, 0x1A, 0xF4, 0x11, 0xF4, 0x09, 0xF4, 0x01, 0xF4, 0xF9, 0xF3,
  0xF0, 0xF3, 0xE8, 0xF3, 0xE0, 0xF3, 0xD8, 0xF3, 0xCF, 0xF3, 0x39, 0x0C,
  0x41, 0x0C, 0x49, 0x0C, 0x52, 0x0C, 0x5A, 0x0C, 0x62, 0x0C, 0x6A, 0x0C,
  0x73, 0x0C, 0x7B, 0x0C, 0x83, 0x0C, 0x8B, 0x0C, 0x94, 0x0C, 0x9C, 0x0C,
  0xA4, 0x0C, 0xAD, 0x0C, 0xB5, 0x0C, 0xBD, 0x0C, 0xC5, 0x0C, 0xCD, 0x0C,
  0xCD, 0x0C, 0xCD, 0x0C, 0x33, 0xF3, 0x33, 0xF3, 0x33, 0xF3, 0x33, 0xF3,
  0x33, 0xF3, 0x33, 0xF3, 0x33, 0xF3, 0x33, 0xF3, 0x33, 0xF3, 0x33, 0xF3,
  0x33, 0xF3, 0x33, 0xF3, 0x33, 0xF3, 0x33, 0xF3, 0x33, 0xF3, 0x33, 0xF3,
  0x33, 0xF3, 0x33, 0xF3, 0x33, 0xF3, 0x33, 0xF3, 0x33, 0xF3, 0xCD, 0x0C,
  0xCD, 0x0C, 0xCD, 0x0C, 0xCD, 0x0C, 0xCD, 0x0C, 0xCD, 0x0C, 0xCD, 0x0C,
  0xCD, 0x0C, 0xCD, 0x0C, 0xCD, 0x0C, 0xCD, 0x0C, 0xCD, 0x0C, 0xCD, 0x0C,
  0xCD, 0x0C, 0xCD, 0x0C, 0xCD, 0x0C, 0xCD, 0x0C, 0xCD, 0x0C, 0xCD, 0x0C,
  0xCD, 0x0C, 0xCD, 0x0C, 0x33, 0xF3, 0x33, 0xF3, 0x33, 0xF3, 0x33, 0xF3,
  0x33, 0xF3, 0x33, 0xF3, 0x33, 0xF3, 0x33, 0xF3, 0x33, 0xF3, 0x33, 0xF3,
  0x33, 0xF3, 0x33, 0xF3, 0x33, 0xF3, 0x33, 0xF3, 0x33, 0xF3, 0x33, 0xF3,
  0x33, 0xF3, 0x33, 0xF3, 0x33, 0xF3, 0x33, 0xF3, 0x33, 0xF3, 0xCD, 0x0C,
  0xCD, 0x0C, 0xCD, 0x0C, 0xCD, 0x0C, 0xCD, 0x0C, 0xCD, 0x0C, 0xCD, 0x0C,
  0xCD, 0x0C, 0xCD, 0x0C, 0xCD, 0x0C, 0xCD, 0x0C, 0xCD, 0x0C, 0xCD, 0x0C,
  0xCD, 0x0C, 0xCD, 0x0C, 0xCD, 0x0C, 0xCD, 0x0C, 0xCD, 0x0C, 0xCD, 0x0C,
  0xCD, 0x0C, 0xCD, 0x0C, 0x33, 0xF3, 0x33, 0xF3, 0x33, 0xF3, 0x33, 0xF3,
  0x33, 0xF3, 0x33, 0xF3, 0x33, 0xF3, 0x33, 0xF3, 0x33, 0xF3, 0x33, 0xF3,
  0x33, 0xF3, 0x33, 0xF3, 0x33, 0xF3, 0x33, 0xF3, 0x33, 0xF3, 0x33, 0xF3,
  0x33, 0xF3, 0x33, 0xF3, 0x33, 0xF3, 0x33, 0xF3, 0x33, 0xF3, 0xCD, 0x0C,
  0xCD, 0x0C, 0xCD, 0x0C, 0xCD, 0x0C, 0xCD, 0x0C, 0xCD, 0x0C, 0xCD, 0x0C,
  0xCD, 0x0C, 0xCD, 0x0C, 0xCD, 0x0C, 0xCD, 0x0C, 0xCD, 0x0C, 0xCD, 0x0C,
  0xCD, 0x0C, 0xCD, 0x0C, 0xCD, 0x0C, 0xCD, 0x0C, 0xCD, 0x0C, 0xCD, 0x0C,
  0xCD, 0x0C, 0xCD, 0x0C, 0x33, 0xF3, 0x33, 0xF3, 0x33, 0xF3, 0x33, 0xF3,
  0x33, 0xF3, 0x33, 0xF3, 0x33, 0xF3, 0x33, 0xF3, 0x33, 0xF3, 0x33, 0xF3,
  0x33, 0xF3, 0x33, 0xF3, 0x33, 0xF3, 0x33, 0xF3, 0x33, 0xF3, 0x33, 0xF3,
  0x33, 0xF3, 0x33, 0xF3, 0x33, 0xF3, 0x33, 0xF3, 0x33, 0xF3, 0xCD, 0x0C,
  0xCD, 0x0C, 0xCD, 0x0C, 0xCD, 0x0C, 0xCD, 0x0C, 0xCD, 0x0C, 0xCD, 0x0C,
  0xCD, 0x0C, 0xCD, 0x0C, 0xCD, 0x0C, 0xCD, 0x0C, 0xCD, 0x0C, 0xCD, 0x0C,
  0xCD, 0x0C, 0xCD, 0x0C, 0xCD, 0x0C, 0xCD, 0x0C, 0xCD, 0x0C, 0xCD, 0x0C,
  0xCD, 0x0C, 0xCD, 0x0C, 0x33, 0xF3, 0x33, 0xF3, 0x33, 0xF3, 0x33, 0xF3,
  0x33, 0xF3, 0x33, 0xF3, 0x33, 0xF3, 0x33, 0xF3, 0x33, 0xF3, 0x33, 0xF3,
  0x33, 0xF3, 0x33, 0xF3, 0x33, 0xF3, 0x33, 0xF3, 0x33, 0xF3, 0x33, 0xF3,
  0x33, 0xF3, 0x33, 0xF3, 0x33, 0xF3, 0x33, 0xF3, 0x33, 0xF3, 0xCD, 0x0C,
  0xCD, 0x0C, 0xCD, 0x0C, 0xCD, 0x0C, 0xCD, 0x0C, 0xCD, 0x0C, 0xCD, 0x0C,
  0xCD, 0x0C, 0xCD, 0x0C, 0xCD, 0x0C, 0xCD, 0x0C, 0xCD, 0x0C, 0xCD, 0x0C,
  0xCD, 0x0C, 0xCD, 0x0C, 0xCD, 0x0C, 0xCD, 0x0C, 0xCD, 0x0C, 0xCD, 0x0C,
  0xCD, 0x0C, 0xCD, 0x0C, 0xCD, 0x0C, 0x33, 0xF3, 0x33, 0xF3, 0x33, 0xF3,
  0x33, 0xF3, 0x33, 0xF3, 0x33, 0xF3, 0x33, 0xF3, 0x33, 0xF3, 0x33, 0xF3,
  0x33, 0xF3, 0x33, 0xF3, 0x33, 0xF3, 0x33, 0xF3, 0x33, 0xF3, 0x33, 0xF3,
  0x33, 0xF3, 0x33, 0xF3, 0x33, 0xF3, 0x33, 0xF3, 0x33, 0xF3, 0x33, 0xF3,
  0xCD, 0x0C, 0xCD, 0x0C, 0xCD, 0x0C, 0xCD, 0x0C, 0xCD, 0x0C, 0xCD, 0x0C,
  0xCD, 0x0C, 0xCD, 0x0C, 0xCD, 0x0C, 0xCD, 0x0C, 0xCD, 0x0C, 0xCD, 0x0C,
  0xCD, 0x0C, 0xCD, 0x0C, 0xCD, 0x0C, 0xCD, 0x0C, 0xCD, 0x0C, 0xCD, 0x0C,
  0xCD, 0x0C, 0xCD, 0x0C, 0xCD, 0x0C, 0x33, 0xF3, 0x33, 0xF3, 0x33, 0xF3,
  0x33, 0xF3, 0x33, 0xF3, 0x33, 0xF3, 0x33, 0xF3, 0x33, 0xF3, 0x33, 0xF3,
  0x33, 0xF3, 0x33, 0xF3, 0x33, 0xF3, 0x33, 0xF3, 0x33, 0xF3, 0x33, 0xF3,
  0x33, 0xF3, 0x33, 0xF3, 0x33, 0xF3, 0x33, 0xF3, 0x33, 0xF3, 0x33, 0xF3,
  0xCD, 0x0C, 0xCD, 0x0C, 0xCD, 0x0C, 0xCD, 0x0C, 0xCD, 0x0C, 0xCD, 0x0C,
  0xCD, 0x0C, 0xCD, 0x0C, 0xCD, 0x0C, 0xCD, 0x0C, 0xCD, 0x0C, 0xCD, 0x0C,
  0xCD, 0x0C, 0xCD, 0x0C, 0xCD, 0x0C, 0xCD, 0x0C, 0xCD, 0x0C, 0xCD, 0x0C,
  0xCD, 0x0C, 0xCD, 0x0C, 0xCD, 0x0C, 0x33, 0xF3, 0x33, 0xF3, 0x33, 0xF3,
  0x33, 0xF3, 0x33, 0xF3, 0x33, 0xF3, 0x33, 0xF3, 0x33, 0xF3, 0x33, 0xF3,
  0x33, 0xF3, 0x33, 0xF3, 0x33, 0xF3, 0x33, 0xF3, 0x33, 0xF3, 0x33, 0xF3,
  0x33, 0xF3, 0x33, 0xF3, 0x33, 0xF3, 0x33, 0xF3, 0x33, 0xF3, 0x33, 0xF3,
  0xCD, 0x0C, 0xCD, 0x0C, 0xCD, 0x0C, 0xCD, 0x0C, 0xCD, 0x0C, 0xCD, 0x0C,
  0xCD, 0x0C, 0xCD, 0x0C, 0xCD, 0x0C, 0xCD, 0x0C, 0xCD, 0x0C, 0xCD, 0x0C,
  0xCD, 0x0C, 0xCD, 0x0C, 0xCD, 0x0C, 0xCD, 0x0C, 0xCD, 0x0C, 0xCD, 0x0C,
  0xCD, 0x0C, 0xCD, 0x0C, 0xCD, 0x0C, 0x33, 0xF3, 0x33, 0xF3, 0x33, 0xF3,
  0x33, 0xF3, 0x33, 0xF3, 0x33, 0xF3, 0x33, 0xF3, 0x33, 0xF3, 0x33, 0xF3,
  0x33, 0xF3, 0x33, 0xF3, 0x33, 0xF3, 0x33, 0xF3, 0x33, 0xF3, 0x33, 0xF3,
  0x33, 0xF3, 0x33, 0xF3, 0x33, 0xF3, 0x33, 0xF3, 0x33, 0xF3, 0x33, 0xF3,
  0xCD, 0x0C, 0xCD, 0x0C, 0xCD, 0x0C, 0xCD, 0x0C, 0xCD, 0x0C, 0xCD, 0x0C,
  0xCD, 0x0C, 0xCD, 0x0C, 0xCD, 0x0C, 0xCD, 0x0C, 0xCD, 0x0C, 0xCD, 0x0C,
  0xCD, 0x0C, 0xCD, 0x0C, 0xCD, 0x0C, 0xCD, 0x0C, 0xCD, 0x0C, 0xCD, 0x0C,
  0xCD, 0x0C, 0xCD, 0x0C, 0xCD, 0x0C, 0x33, 0xF3, 0x33, 0xF3, 0x33, 0xF3,
  0x33, 0xF3, 0x33, 0xF3, 0x33, 0xF3, 0x33, 0xF3, 0x33, 0xF3, 0x33, 0xF3,
  0x33, 0xF3, 0x33, 0xF3, 0x33, 0xF3, 0x33, 0xF3, 0x33, 0xF3, 0x33, 0xF3,
  0x33, 0xF3, 0x33, 0xF3, 0x33, 0xF3, 0x33, 0xF3, 0x33, 0xF3, 0x33, 0xF3,
  0xCD, 0x0C, 0xCD, 0x0C, 0xCD, 0x0C, 0xCD, 0x0C, 0xCD, 0x0C, 0xCD, 0x0C,
  0xCD, 0x0C, 0xCD, 0x0C, 0xCD, 0x0C, 0xCD, 0x0C, 0xCD, 0x0C, 0xCD, 0x0C,
  0xCD, 0x0C, 0xCD, 0x0C, 0xCD, 0x0C, 0xCD, 0x0C, 0xCD, 0x0C, 0xCD, 0x0C,
  0xCD, 0x0C, 0xCD, 0x0C, 0xCD, 0x0C, 0x33, 0xF3, 0x33, 0xF3, 0x33, 0xF3,
  0x33, 0xF3, 0x33, 0xF3, 0x33, 0xF3, 0x33, 0xF3, 0x33, 0xF3, 0x33, 0xF3,
  0x33, 0xF3, 0x33, 0xF3, 0x33, 0xF3, 0x33, 0xF3, 0x33, 0xF3, 0x33, 0xF3,
  0x33, 0xF3, 0x33, 0xF3, 0x33, 0xF3, 0x33, 0xF3, 0x33, 0xF3, 0x33, 0xF3,
  0xCD, 0x0C, 0xCD, 0x0C, 0xCD, 0x0C, 0xCD, 0x0C, 0xCD, 0x0C, 0xCD, 0x0C,
  0xCD, 0x0C, 0xCD, 0x0C, 0xCD, 0x0C, 0xCD, 0x0C, 0xCD, 0x0C, 0xCD, 0x0C,
  0xCD, 0x0C, 0xCD, 0x0C, 0xCD, 0x0C, 0xCD, 0x0C, 0xCD, 0x0C, 0xCD, 0x0C,
  0xCD, 0x0C, 0xCD, 0x0C, 0xCD, 0x0C, 0x33, 0xF3, 0x33, 0xF3, 0x33, 0xF3,
  0x33, 0xF3, 0x33, 0xF3, 0x33, 0xF3, 0x33, 0xF3, 0x33, 0xF3, 0x33, 0xF3,
  0x33, 0xF3, 0x33, 0xF3, 0x33, 0xF3, 0x33, 0xF3, 0x33, 0xF3, 0x33, 0xF3,
  0x33, 0xF3, 0x33, 0xF3, 0x33, 0xF3, 0x33, 0xF3, 0x33, 0xF3, 0x33, 0xF3,
  0xCD, 0x0C, 0xCD, 0x0C, 0xCD, 0x0C, 0xCD, 0x0C, 0xCD, 0x0C, 0xCD, 0x0C,
  0xCD, 0x0C, 0xCD, 0x0C, 0xCD, 0x0C, 0xCD, 0x0C, 0xCD, 0x0C, 0xCD, 0x0C,
  0xCD, 0x0C, 0xCD, 0x0C, 0xCD, 0x0C, 0xCD, 0x0C, 0xCD, 0x0C, 0xCD, 0x0C,
  0xCD, 0x0C, 0xCD, 0x0C, 0xCD, 0x0C, 0xCD, 0x0C, 0x33, 0xF3, 0x33, 0xF3,
  0x33, 0xF3, 0x33, 0xF3, 0x33, 0xF3, 0x33, 0xF3, 0x33, 0xF3, 0x33, 0xF3,
  0x33, 0xF3, 0x33, 0xF3, 0x33, 0xF3, 0x33, 0xF3, 0x33, 0xF3, 0x33, 0xF3,
  0x33, 0xF3, 0x33, 0xF3, 0x33, 0xF3, 0x33, 0xF3, 0x33, 0xF3, 0x33, 0xF3,
  0x33, 0xF3, 0xCD, 0x0C, 0xCD, 0x0C, 0xCD, 0x0C, 0xCD, 0x0C, 0xCD, 0x0C,
  0xCD, 0x0C, 0xCD, 0x0C, 0xCD, 0x0C, 0xCD, 0x0C, 0xCD, 0x0C, 0xCD, 0x0C,
  0xCD, 0x0C, 0xCD, 0x0C, 0xCD, 0x0C, 0xCD, 0x0C, 0xCD, 0x0C, 0xCD, 0x0C,
  0xCD, 0x0C, 0xCD, 0x0C, 0xCD, 0x0C, 0xCD, 0x0C, 0x33, 0xF3, 0x33, 0xF3,
  0x33, 0xF3, 0x33, 0xF3, 0x33, 0xF3, 0x33, 0xF3, 0x33, 0xF3, 0x33, 0xF3,
  0x33, 0xF3, 0x33, 0xF3, 0x33, 0xF3, 0x33, 0xF3, 0x33, 0xF3, 0x33, 0xF3,
  0x33, 0xF3, 0x33, 0xF3, 0x33, 0xF3, 0x33, 0xF3, 0x33, 0xF3, 0x33, 0xF3,
  0x33, 0xF3, 0xCD, 0x0C, 0xCD, 0x0C, 0xCD, 0x0C, 0xCD, 0x0C, 0xCD, 0x0C,
  0xCD, 0x0C, 0xCD, 0x0C, 0xCD, 0x0C, 0xCD, 0x0C, 0xCD, 0x0C, 0xCD, 0x0C,
  0xCD, 0x0C, 0xCD, 0x0C, 0xCD, 0x0C, 0xCD, 0x0C, 0xCD, 0x0C, 0xCD, 0x0C,
  0xCD, 0x0C, 0xCD, 0x0C, 0xCD, 0x0C, 0xCD, 0x0C, 0x33, 0xF3, 0x33, 0xF3,
  0x33, 0xF3, 0x33, 0xF3, 0x33, 0xF3, 0x33, 0xF3, 0x33, 0xF3, 0x33, 0xF3,
  0x33, 0xF3, 0x33, 0xF3, 0x33, 0xF3, 0x33, 0xF3, 0x33, 0xF3, 0x33, 0xF3,
  0x33, 0xF3, 0x33, 0xF3, 0x33, 0xF3, 0x33, 0xF3, 0x33, 0xF3, 0x33, 0xF3,
  0x33, 0xF3, 0xCD, 0x0C, 0xCD, 0x0C, 0xCD, 0x0C, 0xCD, 0x0C, 0xCD, 0x0C,
  0xCD, 0x0C, 0xCD, 0x0C, 0xCD, 0x0C, 0xCD, 0x0C, 0xCD, 0x0C, 0xCD, 0x0C,
  0xCD, 0x0C, 0xCD, 0x0C, 0xCD, 0x0C, 0xCD, 0x0C, 0xCD, 0x0C, 0xCD, 0x0C,
  0xCD, 0x0C, 0xCD, 0x0C, 0xCD, 0x0C, 0xCD, 0x0C, 0x33, 0xF3, 0x33, 0xF3,
  0x33, 0xF3, 0x33, 0xF3, 0x33, 0xF3, 0x33, 0xF3, 0x33, 0xF3, 0x33, 0xF3,
  0x33, 0xF3, 0x33, 0xF3, 0x33, 0xF3, 0x33, 0xF3, 0x33, 0xF3, 0x33, 0xF3,
  0x33, 0xF3, 0x33, 0xF3, 0x33, 0xF3, 0x33, 0xF3, 0x33, 0xF3, 0x33, 0xF3,
  0x33, 0xF3, 0xCD, 0x0C, 0xCD, 0x0C, 0xCD, 0x0C, 0xCD, 0x0C, 0xCD, 0x0C,
  0xCD, 0x0C, 0xCD, 0x0C, 0xCD, 0x0C, 0xCD, 0x0C, 0xCD, 0x0C, 0xCD, 0x0C,
  0xCD, 0x0C, 0xCD, 0x0C, 0xCD, 0x0C, 0xCD, 0x0C, 0xCD, 0x0C, 0xCD, 0x0C,
  0xCD, 0x0C, 0xCD, 0x0C, 0xCD, 0x0C, 0xCD, 0x0C, 0x33, 0xF3, 0x33, 0xF3,
  0x33, 0xF3, 0x33, 0xF3, 0x33, 0xF3, 0x33, 0xF3, 0x33, 0xF3, 0x33, 0xF3,
  0x33, 0xF3, 0x33, 0xF3, 0x33, 0xF3, 0x33, 0xF3, 0x33, 0xF3, 0x33, 0xF3,
  0x33, 0xF3, 0x33, 0xF3, 0x33, 0xF3, 0x33, 0xF3, 0x33, 0xF3, 0x33, 0xF3,
  0x33, 0xF3, 0xCD, 0x0C, 0xCD, 0x0C, 0xCD, 0x0C, 0xCD, 0x0C, 0xCD, 0x0C,
  0xCD, 0x0C, 0xCD, 0x0C, 0xCD, 0x0C, 0xCD, 0x0C, 0xCD, 0x0C, 0xCD, 0x0C,
  0xCD, 0x0C, 0xCD, 0x0C, 0xCD, 0x0C, 0xCD, 0x0C, 0xCD, 0x0C, 0xCD, 0x0C,
  0xCD, 0x0C, 0xCD, 0x0C, 0xCD, 0x0C, 0xCD, 0x0C, 0x33, 0xF3, 0x33, 0xF3,
  0x33, 0xF3, 0x33, 0xF3, 0x33, 0xF3, 0x33, 0xF3, 0x33, 0xF3, 0x33, 0xF3,
  0x33, 0xF3, 0x33, 0xF3, 0x33, 0xF3, 0x33, 0xF3, 0x33, 0xF3, 0x33, 0xF3,
  0x33, 0xF3, 0x33, 0xF3, 0x33, 0xF3, 0x33, 0xF3, 0x33, 0xF3, 0x33, 0xF3,
  0x33, 0xF3, 0xCD, 0x0C, 0xCD, 0x0C, 0xCD, 0x0C, 0xCD, 0x0C, 0xCD, 0x0C,
  0xCD, 0x0C, 0xCD, 0x0C, 0xCD, 0x0C, 0xCD, 0x0C, 0xCD, 0x0C, 0xCD, 0x0C,
  0xCD, 0x0C, 0xCD, 0x0C, 0xCD, 0x0C, 0xCD, 0x0C, 0xCD, 0x0C, 0xCD, 0x0C,
  0xCD, 0x0C, 0xCD, 0x0C, 0xCD, 0x0C, 0xCD, 0x0C, 0x33, 0xF3, 0x33, 0xF3,
  0x33, 0xF3, 0x33, 0xF3, 0x33, 0xF3, 0x33, 0xF3, 0x33, 0xF3, 0x33, 0xF3,
  0x33, 0xF3, 0x33, 0xF3, 0x33, 0xF3, 0x33, 0xF3, 0x33, 0xF3, 0x33, 0xF3,
  0x33, 0xF3, 0x33, 0xF3, 0x33, 0xF3, 0x33, 0xF3, 0x33, 0xF3, 0x33, 0xF3,
  0x33, 0xF3, 0xCD, 0x0C, 0xCD, 0x0C, 0xCD, 0x0C, 0xCD, 0x0C, 0xCD, 0x0C,
  0xCD, 0x0C, 0xCD, 0x0C, 0xCD, 0x0C, 0xCD, 0x0C, 0xCD, 0x0C, 0xCD, 0x0C,
  0xCD, 0x0C, 0xCD, 0x0C, 0xCD, 0x0C, 0xCD, 0x0C, 0xCD, 0x0C, 0xCD, 0x0C,
  0xCD, 0x0C, 0xCD, 0x0C, 0xCD, 0x0C, 0xCD, 0x0C, 0xCD, 0x0C, 0x33, 0xF3,
  0x33, 0xF3, 0x33, 0xF3, 0x33, 0xF3, 0x33, 0xF3, 0x33, 0xF3, 0x33, 0xF3,
  0x33, 0xF3, 0x33, 0xF3, 0x33, 0xF3, 0x33, 0xF3, 0x33, 0xF3, 0x34, 0xF3,
  0x37, 0xF3, 0x3B, 0xF3, 0x3E, 0xF3, 0x41, 0xF3, 0x45, 0xF3, 0x48, 0xF3,
  0x4B, 0xF3, 0x4F, 0xF3, 0xAE, 0x0C, 0xAB, 0x0C, 0xA8, 0x0C, 0xA4, 0x0C,
  0xA1, 0x0C, 0x9E, 0x0C, 0x9A, 0x0C, 0x97, 0x0C, 0x94, 0x0C, 0x90, 0x0C,
  0x8D, 0x0C, 0x8A, 0x0C, 0x87, 0x0C, 0x83, 0x0C, 0x80, 0x0C, 0x7D, 0x0C,
  0x79, 0x0C, 0x76, 0x0C, 0x73, 0x0C, 0x6F, 0x0C, 0x6C, 0x0C, 0x97, 0xF3,
  0x9A, 0xF3, 0x9E, 0xF3, 0xA1, 0xF3, 0xA4, 0xF3, 0xA8, 0xF3, 0xAB, 0xF3,
  0xAE, 0xF3, 0xB2, 0xF3, 0xB5, 0xF3, 0xB8, 0xF3, 0xBC, 0xF3, 0xBF, 0xF3,
  0xC2, 0xF3, 0xC5, 0xF3, 0xC9, 0xF3, 0xCC, 0xF3, 0xCF, 0xF3, 0xD3, 0xF3,
  0xD6, 0xF3, 0xD9, 0xF3, 0x23, 0x0C, 0x20, 0x0C, 0x1D, 0x0C, 0x1A, 0x0C,
  0x16, 0x0C, 0x13, 0x0C, 0x10, 0x0C, 0x0C, 0x0C, 0x09, 0x0C, 0x06, 0x0C,
  0x02, 0x0C, 0xFF, 0x0B, 0xFC, 0x0B, 0xF9, 0x0B, 0xF5, 0x0B, 0xF2, 0x0B,
  0xEF, 0x0B, 0xEB, 0x0B, 0xE8, 0x0B, 0xE5, 0x0B, 0xE1, 0x0B, 0x22, 0xF4,
  0x25, 0xF4, 0x28, 0xF4, 0x2C, 0xF4, 0x2F, 0xF4, 0x32, 0xF4, 0x36, 0xF4,
  0x39, 0xF4, 0x3C, 0xF4, 0x40, 0xF4, 0x43, 0xF4, 0x46, 0xF4, 0x4A, 0xF4,
  0x4D, 0xF4, 0x50, 0xF4, 0x53, 0xF4, 0x57, 0xF4, 0x5A, 0xF4, 0x5D, 0xF4,
  0x61, 0xF4, 0x64, 0xF4, 0x99, 0x0B, 0x95, 0x0B, 0x92, 0x0B, 0x8F, 0x0B,
  0x8C, 0x0B, 0x88, 0x0B, 0x85, 0x0B, 0x82, 0x0B, 0x7E, 0x0B, 0x7B, 0x0B,
  0x78, 0x0B, 0x74, 0x0B, 0x71, 0x0B, 0x6E, 0x0B, 0x6B, 0x0B, 0x67, 0x0B,
  0x64, 0x0B, 0x61, 0x0B, 0x5D, 0x0B, 0x5A, 0x0B, 0x57, 0x0B, 0xAD, 0xF4,
  0xB0, 0xF4, 0xB3, 0xF4, 0xB6, 0xF4, 0xBA, 0xF4, 0xBD, 0xF4, 0xC0, 0xF4,
  0xC4, 0xF4, 0xC7, 0xF4, 0xCA, 0xF4, 0xCE, 0xF4, 0xD1, 0xF4, 0xD4, 0xF4,
  0xD8, 0xF4, 0xDB, 0xF4, 0xDE, 0xF4, 0xE1, 0xF4, 0xE5, 0xF4, 0xE8, 0xF4,
  0xEB, 0xF4, 0xEF, 0xF4, 0x0E, 0x0B, 0x0B, 0x0B, 0x07, 0x0B, 0x04, 0x0B,
  0x01, 0x0B, 0xFE, 0x0A, 0xFA, 0x0A, 0xF7, 0x0A, 0xF4, 0x0A, 0xF0, 0x0A,
  0xED, 0x0A, 0xEA, 0x0A, 0xE6, 0x0A, 0xE3, 0x0A, 0xE0, 0x0A, 0xDD, 0x0A,
  0xD9, 0x0A, 0xD6, 0x0A, 0xD3, 0x0A, 0xCF, 0x0A, 0xCC, 0x0A, 0x37, 0xF5,
  0x3B, 0xF5, 0x3E, 0xF5, 0x41, 0xF5, 0x44, 0xF5, 0x48, 0xF5, 0x4B, 0xF5,
  0x4E, 0xF5, 0x52, 0xF5, 0x55, 0xF5, 0x58, 0xF5, 0x5C, 0xF5, 0x5F, 0xF5,
  0x62, 0xF5, 0x66, 0xF5, 0x69, 0xF5, 0x6C, 0xF5, 0x6F, 0xF5, 0x73, 0xF5,
  0x76, 0xF5, 0x79, 0xF5, 0x83, 0x0A, 0x80, 0x0A, 0x7D, 0x0A, 0x79, 0x0A,
  0x76, 0x0A, 0x73, 0x0A, 0x70, 0x0A, 0x6C, 0x0A, 0x69, 0x0A, 0x66, 0x0A,
  0x62, 0x0A, 0x5F, 0x0A, 0x5C, 0x0A, 0x58, 0x0A, 0x55, 0x0A, 0x52, 0x0A,
  0x4F, 0x0A, 0x4B, 0x0A, 0x48, 0x0A, 0x45, 0x0A, 0x41, 0x0A, 0xC2, 0xF5,
  0xC5, 0xF5, 0xC9, 0xF5, 0xCC, 0xF5, 0xCF, 0xF5, 0xD2, 0xF5, 0xD6, 0xF5,
  0xD9, 0xF5, 0xDC, 0xF5, 0xE0, 0xF5, 0xE3, 0xF5, 0xE6, 0xF5, 0xEA, 0xF5,
  0xED, 0xF5, 0xF0, 0xF5, 0xF4, 0xF5, 0xF7, 0xF5, 0xFA, 0xF5, 0xFD, 0xF5,
  0x01, 0xF6, 0x04, 0xF6, 0xF9, 0x09, 0xF5, 0x09, 0xF2, 0x09, 0xEF, 0x09,
  0xEB, 0x09, 0xE8, 0x09, 0xE5, 0x09, 0xE2, 0x09, 0xDE, 0x09, 0xDB, 0x09,
  0xD8, 0x09, 0xD4, 0x09, 0xD1, 0x09, 0xCE, 0x09, 0xCA, 0x09, 0xC7, 0x09,
  0xC4, 0x09, 0xC1, 0x09, 0xBD, 0x09, 0xBA, 0x09, 0xB7, 0x09, 0x4D, 0xF6,
  0x50, 0xF6, 0x53, 0xF6, 0x57, 0xF6, 0x5A, 0xF6, 0x5D, 0xF6, 0x60, 0xF6,
  0x64, 0xF6, 0x67, 0xF6, 0x6A, 0xF6, 0x6E, 0xF6, 0x71, 0xF6, 0x74, 0xF6,
  0x78, 0xF6, 0x7B, 0xF6, 0x7E, 0xF6, 0x82, 0xF6, 0x85, 0xF6, 0x88, 0xF6,
  0x8B, 0xF6, 0x8F, 0xF6, 0x6E, 0x09, 0x6B, 0x09, 0x67, 0x09, 0x64, 0x09,
  0x61, 0x09, 0x5D, 0x09, 0x5A, 0x09, 0x57, 0x09, 0x54, 0x09, 0x50, 0x09,
  0x4D, 0x09, 0x4A, 0x09, 0x46, 0x09, 0x43, 0x09, 0x40, 0x09, 0x3C, 0x09,
  0x39, 0x09, 0x36, 0x09, 0x33, 0x09, 0x2F, 0x09, 0x2C, 0x09, 0xD7, 0xF6,
  0xDB, 0xF6, 0xDE, 0xF6, 0xE1, 0xF6, 0xE5, 0xF6, 0xE8, 0xF6, 0xEB, 0xF6,
  0xEE, 0xF6, 0xF2, 0xF6, 0xF5, 0xF6, 0xF8, 0xF6, 0xFC, 0xF6, 0xFF, 0xF6,
  0x02, 0xF7, 0x06, 0xF7, 0x09, 0xF7, 0x0C, 0xF7, 0x10, 0xF7, 0x13, 0xF7,
  0x16, 0xF7, 0x19, 0xF7, 0x1D, 0xF7, 0xE0, 0x08, 0xDD, 0x08, 0xD9, 0x08,
  0xD6, 0x08, 0xD3, 0x08, 0xCF, 0x08, 0xCC, 0x08, 0xC9, 0x08, 0xC6, 0x08,
  0xC2, 0x08, 0xBF, 0x08, 0xBC, 0x08, 0xB8, 0x08, 0xB5, 0x08, 0xB2, 0x08,
  0xAE, 0x08, 0xAB, 0x08, 0xA8, 0x08, 0xA5, 0x08, 0xA1, 0x08, 0x9E, 0x08,
  0x65, 0xF7, 0x69, 0xF7, 0x6C, 0xF7, 0x6F, 0xF7, 0x73, 0xF7, 0x76, 0xF7,
  0x79, 0xF7, 0x7C, 0xF7, 0x80, 0xF7, 0x83, 0xF7, 0x86, 0xF7, 0x8A, 0xF7,
  0x8D, 0xF7, 0x90, 0xF7, 0x94, 0xF7, 0x97, 0xF7, 0x9A, 0xF7, 0x9E, 0xF7,
  0xA1, 0xF7, 0xA4, 0xF7, 0xA7, 0xF7, 0x55, 0x08, 0x52, 0x08, 0x4F, 0x08,
  0x4B, 0x08, 0x48, 0x08, 0x45, 0x08, 0x41, 0x08, 0x3E, 0x08, 0x3B, 0x08,
  0x38, 0x08, 0x34, 0x08, 0x31, 0x08, 0x2E, 0x08, 0x2A, 0x08, 0x27, 0x08,
  0x24, 0x08, 0x20, 0x08, 0x1D, 0x08, 0x1A, 0x08, 0x17, 0x08, 0x13, 0x08,
  0xF0, 0xF7, 0xF3, 0xF7, 0xF7, 0xF7, 0xFA, 0xF7, 0xFD, 0xF7, 0x01, 0xF8,
  0x04, 0xF8, 0x07, 0xF8, 0x0A, 0xF8, 0x0E, 0xF8, 0x11, 0xF8, 0x14, 0xF8,
  0x18, 0xF8, 0x1B, 0xF8, 0x1E, 0xF8, 0x22, 0xF8, 0x25, 0xF8, 0x28, 0xF8,
  0x2C, 0xF8, 0x2F, 0xF8, 0x32, 0xF8, 0xCB, 0x07, 0xC7, 0x07, 0xC4, 0x07,
  0xC1, 0x07, 0xBD, 0x07, 0xBA, 0x07, 0xB7, 0x07, 0xB3, 0x07, 0xB0, 0x07,
  0xAD, 0x07, 0xAA, 0x07, 0xA6, 0x07, 0xA3, 0x07, 0xA0, 0x07, 0x9C, 0x07,
  0x99, 0x07, 0x96, 0x07, 0x92, 0x07, 0x8F, 0x07, 0x8C, 0x07, 0x89, 0x07,
  0x7B, 0xF8, 0x7E, 0xF8, 0x81, 0xF8, 0x85, 0xF8, 0x88, 0xF8, 0x8B, 0xF8,
  0x8F, 0xF8, 0x92, 0xF8, 0x95, 0xF8, 0x98, 0xF8, 0x9C, 0xF8, 0x9F, 0xF8,
  0xA2, 0xF8, 0xA6, 0xF8, 0xA9, 0xF8, 0xAC, 0xF8, 0xB0, 0xF8, 0xB3, 0xF8,
  0xB6, 0xF8, 0xBA, 0xF8, 0xBD, 0xF8, 0x40, 0x07, 0x3D, 0x07, 0x39, 0x07,
  0x36, 0x07, 0x33, 0x07, 0x2F, 0x07, 0x2C, 0x07, 0x29, 0x07, 0x25, 0x07,
  0x22, 0x07, 0x1F, 0x07, 0x1C, 0x07, 0x18, 0x07, 0x15, 0x07, 0x12, 0x07,
  0x0E, 0x07, 0x0B, 0x07, 0x08, 0x07, 0x04, 0x07, 0x01, 0x07, 0xFE, 0x06,
  0x05, 0xF9, 0x09, 0xF9, 0x0C, 0xF9, 0x0F, 0xF9, 0x13, 0xF9, 0x16, 0xF9,
  0x19, 0xF9, 0x1D, 0xF9, 0x20, 0xF9, 0x23, 0xF9, 0x26, 0xF9, 0x2A, 0xF9,
  0x2D, 0xF9, 0x30, 0xF9, 0x34, 0xF9, 0x37, 0xF9, 0x3A, 0xF9, 0x3E, 0xF9,
  0x41, 0xF9, 0x44, 0xF9, 0x48, 0xF9, 0xB5, 0x06, 0xB2, 0x06, 0xAF, 0x06,
  0xAB, 0x06, 0xA8, 0x06, 0xA5, 0x06, 0xA1, 0x06, 0x9E, 0x06, 0x9B, 0x06,
  0x97, 0x06, 0x94, 0x06, 0x91, 0x06, 0x8E, 0x06, 0x8A, 0x06, 0x87, 0x06,
  0x84, 0x06, 0x80, 0x06, 0x7D, 0x06, 0x7A, 0x06, 0x76, 0x06, 0x73, 0x06,
  0x90, 0xF9, 0x93, 0xF9, 0x97, 0xF9, 0x9A, 0xF9, 0x9D, 0xF9, 0xA1, 0xF9,
  0xA4, 0xF9, 0xA7, 0xF9, 0xAB, 0xF9, 0xAE, 0xF9, 0xB1, 0xF9, 0xB4, 0xF9,
  0xB8, 0xF9, 0xBB, 0xF9, 0xBE, 0xF9, 0xC2, 0xF9, 0xC5, 0xF9, 0xC8, 0xF9,
  0xCC, 0xF9, 0xCF, 0xF9, 0xD2, 0xF9, 0x2A, 0x06, 0x27, 0x06, 0x24, 0x06,
  0x21, 0x06, 0x1D, 0x06, 0x1A, 0x06, 0x17, 0x06, 0x13, 0x06, 0x10, 0x06,
  0x0D, 0x06, 0x09, 0x06, 0x06, 0x06, 0x03, 0x06, 0x00, 0x06, 0xFC, 0x05,
  0xF9, 0x05, 0xF6, 0x05, 0xF2, 0x05, 0xEF, 0x05, 0xEC, 0x05, 0xE8, 0x05,
  0x1B, 0xFA, 0x1E, 0xFA, 0x21, 0xFA, 0x25, 0xFA, 0x28, 0xFA, 0x2B, 0xFA,
  0x2F, 0xFA, 0x32, 0xFA, 0x35, 0xFA, 0x39, 0xFA, 0x3C, 0xFA, 0x3F, 0xFA,
  0x42, 0xFA, 0x46, 0xFA, 0x49, 0xFA, 0x4C, 0xFA, 0x50, 0xFA, 0x5B, 0xFA,
  0x67, 0xFA, 0x72, 0xFA, 0x7E, 0xFA, 0xC9, 0x05, 0xCE, 0x05, 0xD3, 0x05,
  0xD8, 0x05, 0xDD, 0x05, 0xE2, 0x05, 0xE7, 0x05, 0xEC, 0x05, 0xF1, 0x05,
  0xF6, 0x05, 0xFB, 0x05, 0xF7, 0x04, 0xEC, 0x04, 0xE0, 0x04, 0xD5, 0x04,
  0xC9, 0x04, 0xBE, 0x04, 0xB2, 0x04, 0xA6, 0x04, 0x9B, 0x04, 0x8F, 0x04,
  0xCF, 0xF9, 0xCA, 0xF9, 0xC5, 0xF9, 0xC0, 0xF9, 0xBB, 0xF9, 0xB6, 0xF9,
  0xB1, 0xF9, 0xCD, 0xFB, 0xD9, 0xFB, 0xE4, 0xFB, 0xF0, 0xFB, 0xFB, 0xFB,
  0x07, 0xFC, 0x12, 0xFC, 0x1E, 0xFC, 0x2A, 0xFC, 0x35, 0xFC, 0x41, 0xFC,
  0x4C, 0xFC, 0x58, 0xFC, 0x63, 0xFC, 0x6F, 0xFC, 0x9E, 0x06, 0xA3, 0x06,
  0x6E, 0x03, 0x63, 0x03, 0x57, 0x03, 0x4C, 0x03, 0x40, 0x03, 0x35, 0x03,
  0x29, 0x03, 0x1E, 0x03, 0x12, 0x03, 0x06, 0x03, 0xFB, 0x02, 0xEF, 0x02,
  0xE4, 0x02, 0xD8, 0x02, 0xCD, 0x02, 0xC1, 0x02, 0xF7, 0x06, 0xFC, 0x06,
  0x01, 0x07, 0x6D, 0xFD, 0x79, 0xFD, 0x84, 0xFD, 0x90, 0xFD, 0x9B, 0xFD,
  0xA7, 0xFD, 0xB3, 0xFD, 0xBE, 0xFD, 0xCA, 0xFD, 0xD5, 0xFD, 0xE1, 0xFD,
  0xEC, 0xFD, 0xF8, 0xFD, 0x03, 0xFE, 0xB5, 0xF8, 0xB0, 0xF8, 0xAB, 0xF8,
  0xA6, 0xF8, 0xA1, 0xF8, 0x9C, 0xF8, 0x97, 0xF8, 0xA0, 0x01, 0x95, 0x01,
  0x89, 0x01, 0x7D, 0x01, 0x72, 0x01, 0x66, 0x01, 0x5B, 0x01, 0x4F, 0x01,
  0x44, 0x01, 0x38, 0x01, 0xA0, 0x07, 0xA5, 0x07, 0xAA, 0x07, 0xAF, 0x07,
  0xB3, 0x07, 0xB8, 0x07, 0xBD, 0x07, 0xC2, 0x07, 0xC7, 0x07, 0xCC, 0x07,
  0xD1, 0x07, 0x53, 0xFF, 0x5E, 0xFF, 0x6A, 0xFF, 0x75, 0xFF, 0x81, 0xFF,
  0x8C, 0xFF, 0x0C, 0xF8, 0x07, 0xF8, 0x02, 0xF8, 0xFD, 0xF7, 0xF8, 0xF7,
  0xF3, 0xF7, 0xEE, 0xF7, 0xE9, 0xF7, 0xE5, 0xF7, 0xE0, 0xF7, 0xDB, 0xF7,
  0xD6, 0xF7, 0xD1, 0xF7, 0xCC, 0xF7, 0xC7, 0xF7, 0xBB, 0xFF, 0x43, 0x08,
  0x48, 0x08, 0x4D, 0x08, 0x52, 0x08, 0x57, 0x08, 0x5C, 0x08, 0x61, 0x08,
  0x66, 0x08, 0x6B, 0x08, 0x70, 0x08, 0x75, 0x08, 0x7A, 0x08, 0x7F, 0x08,
  0x84, 0x08, 0x88, 0x08, 0x8D, 0x08, 0x92, 0x08, 0xEB, 0xFE, 0xDF, 0xFE,
  0xD3, 0xFE, 0x5A, 0xF7, 0x55, 0xF7, 0x50, 0xF7, 0x4B, 0xF7, 0x46, 0xF7,
  0x41, 0xF7, 0x3C, 0xF7, 0x37, 0xF7, 0x32, 0xF7, 0x2D, 0xF7, 0x28, 0xF7,
  0x23, 0xF7, 0x1E, 0xF7, 0x19, 0xF7, 0xDA, 0x01, 0xE5, 0x01, 0xF1, 0x01,
  0xFD, 0x01, 0x08, 0x02, 0x14, 0x02, 0x1F, 0x02, 0x0E, 0x09, 0x13, 0x09,
  0x18, 0x09, 0x1D, 0x09, 0x22, 0x09, 0x27, 0x09, 0x2C, 0x09, 0x31, 0x09,
  0x36, 0x09, 0x6D, 0xFD, 0x62, 0xFD, 0x56, 0xFD, 0x4B, 0xFD, 0x3F, 0xFD,
  0x33, 0xFD, 0x28, 0xFD, 0x1C, 0xFD, 0x11, 0xFD, 0x05, 0xFD, 0xFA, 0xFC,
  0xEE, 0xFC, 0x8A, 0xF6, 0x85, 0xF6, 0x80, 0xF6, 0x7B, 0xF6, 0x76, 0xF6,
  0x57, 0x03, 0x63, 0x03, 0x6E, 0x03, 0x7A, 0x03, 0x86, 0x03, 0x91, 0x03,
  0x9D, 0x03, 0xA8, 0x03, 0xB4, 0x03, 0xBF, 0x03, 0xCB, 0x03, 0xD6, 0x03,
  0xE2, 0x03, 0xEE, 0x03, 0xF9, 0x03, 0x05, 0x04, 0xDE, 0x09, 0xE4, 0xFB,
  0xD9, 0xFB, 0xCD, 0xFB, 0xC2, 0xFB, 0xB6, 0xFB, 0xAA, 0xFB, 0x9F, 0xFB,
  0x93, 0xFB, 0x88, 0xFB, 0x7C, 0xFB, 0x71, 0xFB, 0x65, 0xFB, 0x5A, 0xFB,
  0x4E, 0xFB, 0x42, 0xFB, 0x37, 0xFB, 0x2B, 0xFB, 0x37, 0x0A, 0x3C, 0x0A,
  0x41, 0x0A, 0x03, 0x05, 0x0E, 0x05, 0x1A, 0x05, 0x26, 0x05, 0x31, 0x05,
  0x3D, 0x05, 0x48, 0x05, 0x54, 0x05, 0x5F, 0x05, 0x6B, 0x05, 0x77, 0x05,
  0x82, 0x05, 0x8E, 0x05, 0x79, 0xF5, 0x74, 0xF5, 0x6F, 0xF5, 0x6A, 0xF5,
  0x66, 0xF5, 0x61, 0xF5, 0x5C, 0xF5, 0x57, 0xF5, 0x0A, 0xFA, 0xFF, 0xF9,
  0xF3, 0xF9, 0xE8, 0xF9, 0xDC, 0xF9, 0xD1, 0xF9, 0xC5, 0xF9, 0xB9, 0xF9,
  0xAE, 0xF9, 0xDB, 0x0A, 0xE0, 0x0A, 0xE5, 0x0A, 0xEA, 0x0A, 0xEF, 0x0A,
  0xF4, 0x0A, 0xF9, 0x0A, 0xFE, 0x0A, 0x03, 0x0B, 0x07, 0x0B, 0x0C, 0x0B,
  0x11, 0x0B, 0xE8, 0x06, 0xF4, 0x06, 0xFF, 0x06, 0x0B, 0x07, 0x17, 0x07,
  0xD1, 0xF4, 0xCC, 0xF4, 0xC7, 0xF4, 0xC2, 0xF4, 0xBD, 0xF4, 0xB8, 0xF4,
  0xB3, 0xF4, 0xAE, 0xF4, 0xA9, 0xF4, 0xA4, 0xF4, 0x9F, 0xF4, 0x9A, 0xF4,
  0x95, 0xF4, 0x91, 0xF4, 0x8C, 0xF4, 0x87, 0xF4, 0x25, 0xF8, 0x83, 0x0B,
  0x88, 0x0B, 0x8D, 0x0B, 0x92, 0x0B, 0x97, 0x0B, 0x9C, 0x0B, 0xA1, 0x0B,
  0xA6, 0x0B, 0xAB, 0x0B, 0xB0, 0x0B, 0xB5, 0x0B, 0xBA, 0x0B, 0xBF, 0x0B,
  0xC4, 0x0B, 0xC9, 0x0B, 0xCE, 0x0B, 0x60, 0xF7, 0x55, 0xF7, 0x49, 0xF7,
  0x3E, 0xF7, 0x1A, 0xF4, 0x15, 0xF4, 0x10, 0xF4, 0x0B, 0xF4, 0x06, 0xF4,
  0x01, 0xF4, 0xFC, 0xF3, 0xF7, 0xF3, 0xF2, 0xF3, 0xED, 0xF3, 0xE8, 0xF3,
  0xE3, 0xF3, 0xDE, 0xF3, 0x64, 0x09, 0x70, 0x09, 0x7B, 0x09, 0x87, 0x09,
  0x92, 0x09, 0x9E, 0x09, 0xA9, 0x09, 0xB5, 0x09, 0xC1, 0x09, 0x53, 0x0C,
  0x58, 0x0C, 0x5D, 0x0C, 0x62, 0x0C, 0x67, 0x0C, 0x6C, 0x0C, 0x71, 0x0C,
  0x76, 0x0C, 0xD7, 0xF5, 0xCC, 0xF5, 0xC0, 0xF5, 0xB5, 0xF5, 0xA9, 0xF5,
  0x9E, 0xF5, 0x92, 0xF5, 0x87, 0xF5, 0x7B, 0xF5, 0x6F, 0xF5, 0x64, 0xF5,
  0x58, 0xF5, 0x4D, 0xF5, 0x45, 0xF3, 0x40, 0xF3, 0x3B, 0xF3, 0xE1, 0x0A,
  0xED, 0x0A, 0xF9, 0x0A, 0x04, 0x0B, 0x10, 0x0B, 0x1B, 0x0B, 0x27, 0x0B,
  0x32, 0x0B, 0x3E, 0x0B, 0x4A, 0x0B, 0x55, 0x0B, 0x61, 0x0B, 0x6C, 0x0B,
  0x78, 0x0B, 0x83, 0x0B, 0x8F, 0x0B, 0x9A, 0x0B, 0xE2, 0xF2, 0x4E, 0xF4,
  0x43, 0xF4, 0x37, 0xF4, 0x2C, 0xF4, 0x20, 0xF4, 0x15, 0xF4, 0x09, 0xF4,
  0xFE, 0xF3, 0xF2, 0xF3, 0xE6, 0xF3, 0xDB, 0xF3, 0xCF, 0xF3, 0xC5, 0xF3,
  0xC1, 0xF3, 0xBE, 0xF3, 0xBB, 0xF3, 0x51, 0x0D, 0x4D, 0x0D, 0x4A, 0x0D,
  0x47, 0x0D, 0x44, 0x0D, 0x59, 0x0C, 0x5C, 0x0C, 0x60, 0x0C, 0x63, 0x0C,
  0x66, 0x0C, 0x6A, 0x0C, 0x6D, 0x0C, 0x70, 0x0C, 0x74, 0x0C, 0x77, 0x0C,
  0x7A, 0x0C, 0x7D, 0x0C, 0xE7, 0xF2, 0xEB, 0xF2, 0xEE, 0xF2, 0xF1, 0xF2,
  0xF5, 0xF2, 0xF8, 0xF2, 0xFB, 0xF2, 0xFE, 0xF2, 0x02, 0xF3, 0x62, 0xF3,
  0x5E, 0xF3, 0x5B, 0xF3, 0x58, 0xF3, 0x54, 0xF3, 0x51, 0xF3, 0x4E, 0xF3,
  0xE4, 0x0C, 0xE1, 0x0C, 0xDD, 0x0C, 0xDA, 0x0C, 0xD7, 0x0C, 0xD3, 0x0C,
  0xD0, 0x0C, 0xCD, 0x0C, 0xCD, 0x0C, 0xCD, 0x0C, 0xCD, 0x0C, 0xCD, 0x0C,
  0xCD, 0x0C, 0xCD, 0x0C, 0xCD, 0x0C, 0xCD, 0x0C, 0xCD, 0x0C, 0x33, 0xF3,
  0x33, 0xF3, 0x33, 0xF3, 0x33, 0xF3, 0x33, 0xF3, 0x33, 0xF3, 0x33, 0xF3,
  0x33, 0xF3, 0x33, 0xF3, 0x33, 0xF3, 0x33, 0xF3, 0x33, 0xF3, 0x33, 0xF3,
  0x33, 0xF3, 0x33, 0xF3, 0x33, 0xF3, 0x33, 0xF3, 0xCD, 0x0C, 0xCD, 0x0C,
  0xCD, 0x0C, 0xCD, 0x0C, 0xCD, 0x0C, 0xCD, 0x0C, 0xCD, 0x0C, 0xCD, 0x0C,
  0xCD, 0x0C, 0xCD, 0x0C, 0xCD, 0x0C, 0xCD, 0x0C, 0xCD, 0x0C, 0xCD, 0x0C,
  0xCD, 0x0C, 0xCD, 0x0C, 0x33, 0xF3, 0x33, 0xF3, 0x33, 0xF3, 0x33, 0xF3,
  0x33, 0xF3, 0x33, 0xF3, 0x33, 0xF3, 0x33, 0xF3, 0x33, 0xF3, 0x33, 0xF3,
  0x33, 0xF3, 0x33, 0xF3, 0x33, 0xF3, 0x33, 0xF3, 0x33, 0xF3, 0x33, 0xF3,
  0x33, 0xF3, 0xCD, 0x0C, 0xCD, 0x0C, 0xCD, 0x0C, 0xCD, 0x0C, 0xCD, 0x0C,
  0xCD, 0x0C, 0xCD, 0x0C, 0xCD, 0x0C, 0xCD, 0x0C, 0xCD, 0x0C, 0xCD, 0x0C,
  0xCD, 0x0C, 0xCD, 0x0C, 0xCD, 0x0C, 0xCD, 0x0C, 0xCD, 0x0C, 0xCD, 0x0C,
  0x33, 0xF3, 0x33, 0xF3, 0x33, 0xF3, 0x33, 0xF3, 0x33, 0xF3, 0x33, 0xF3,
  0x33, 0xF3, 0x33, 0xF3, 0x33, 0xF3, 0x33, 0xF3, 0x33, 0xF3, 0x33, 0xF3,
  0x33, 0xF3, 0x33, 0xF3, 0x33, 0xF3, 0x33, 0xF3, 0x33, 0xF3, 0xCD, 0x0C,
  0xCD, 0x0C, 0xCD, 0x0C, 0xCD, 0x0C, 0xCD, 0x0C, 0xCD, 0x0C, 0xCD, 0x0C,
  0xCD, 0x0C, 0xCD, 0x0C, 0xCD, 0x0C, 0xCD, 0x0C, 0xCD, 0x0C, 0xCD, 0x0C,
  0xCD, 0x0C, 0xCD, 0x0C, 0xCD, 0x0C, 0x33, 0xF3, 0x33, 0xF3, 0x33, 0xF3,
  0x33, 0xF3, 0x33, 0xF3, 0x33, 0xF3, 0x33, 0xF3, 0x33, 0xF3, 0x33, 0xF3,
  0x33, 0xF3, 0x33, 0xF3, 0x33, 0xF3, 0x33, 0xF3, 0x33, 0xF3, 0x33, 0xF3,
  0x33, 0xF3, 0x33, 0xF3, 0xCD, 0x0C, 0xCD, 0x0C, 0xCD, 0x0C, 0xCD, 0x0C,
  0xCD, 0x0C, 0xCD, 0x0C, 0xCD, 0x0C, 0xCD, 0x0C, 0xCD, 0x0C, 0xCD, 0x0C,
  0xCD, 0x0C, 0xCD, 0x0C, 0xCD, 0x0C, 0xCD, 0x0C, 0xCD, 0x0C, 0xCD, 0x0C,
  0xCD, 0x0C, 0x33, 0xF3, 0x33, 0xF3, 0x33, 0xF3, 0x33, 0xF3, 0x33, 0xF3,
  0x33, 0xF3, 0x33, 0xF3, 0x33, 0xF3, 0x33, 0xF3, 0x33, 0xF3, 0x33, 0xF3,
  0x33, 0xF3, 0x33, 0xF3, 0x33, 0xF3, 0x33, 0xF3, 0x33, 0xF3, 0x33, 0xF3,
  0xCD, 0x0C, 0xCD, 0x0C, 0xCD, 0x0C, 0xCD, 0x0C, 0xCD, 0x0C, 0xCD, 0x0C,
  0xCD, 0x0C, 0xCD, 0x0C, 0xCD, 0x0C, 0xCD, 0x0C, 0xCD, 0x0C, 0xCD, 0x0C,
  0xCD, 0x0C, 0xCD, 0x0C, 0xCD, 0x0C, 0xCD, 0x0C, 0x33, 0xF3, 0x33, 0xF3,
  0x33, 0xF3, 0x33, 0xF3, 0x33, 0xF3, 0x33, 0xF3, 0x33, 0xF3, 0x33, 0xF3,
  0x33, 0xF3, 0x33, 0xF3, 0x33, 0xF3, 0x33, 0xF3, 0x33, 0xF3, 0x33, 0xF3,
  0x33, 0xF3, 0x33, 0xF3, 0x33, 0xF3, 0xCD, 0x0C, 0xCD, 0x0C, 0xCD, 0x0C,
  0xCD, 0x0C, 0xCD, 0x0C, 0xCD, 0x0C, 0xCD, 0x0C, 0xCD, 0x0C, 0xCD, 0x0C,
  0xCD, 0x0C, 0xCD, 0x0C, 0xCD, 0x0C, 0xCD, 0x0C, 0xCD, 0x0C, 0xCD, 0x0C,
  0xCD, 0x0C, 0xCD, 0x0C, 0x33, 0xF3, 0x33, 0xF3, 0x33, 0xF3, 0x33, 0xF3,
  0x33, 0xF3, 0x33, 0xF3, 0x33, 0xF3, 0x33, 0xF3, 0x33, 0xF3, 0x33, 0xF3,
  0x33, 0xF3, 0x33, 0xF3, 0x33, 0xF3, 0x33, 0xF3, 0x33, 0xF3, 0x33, 0xF3,
  0xCD, 0x0C, 0xCD, 0x0C, 0xCD, 0x0C, 0xCD, 0x0C, 0xCD, 0x0C, 0xCD, 0x0C,
  0xCD, 0x0C, 0xCD, 0x0C, 0xCD, 0x0C, 0xCD, 0x0C, 0xCD, 0x0C, 0xCD, 0x0C,
  0xCD, 0x0C, 0xCD, 0x0C, 0xCD, 0x0C, 0xCD, 0x0C, 0xCD, 0x0C, 0x33, 0xF3,
  0x33, 0xF3, 0x33, 0xF3, 0x33, 0xF3, 0x33, 0xF3, 0x33, 0xF3, 0x33, 0xF3,
  0x33, 0xF3, 0x33, 0xF3, 0x33, 0xF3, 0x33, 0xF3, 0x33, 0xF3, 0x33, 0xF3,
  0x33, 0xF3, 0x33, 0xF3, 0x33, 0xF3, 0x33, 0xF3, 0xCD, 0x0C, 0xCD, 0x0C,
  0xCD, 0x0C, 0xCD, 0x0C, 0xCD, 0x0C, 0xCD, 0x0C, 0xCD, 0x0C, 0xCD, 0x0C,
  0xCD, 0x0C, 0xCD, 0x0C, 0xCD, 0x0C, 0xCD, 0x0C, 0xCD, 0x0C, 0xCD, 0x0C,
  0xCD, 0x0C, 0xCD, 0x0C, 0xCD, 0x0C, 0x33, 0xF3, 0x33, 0xF3, 0x33, 0xF3,
  0x33, 0xF3, 0x33, 0xF3, 0x33, 0xF3, 0x33, 0xF3, 0x33, 0xF3, 0x33, 0xF3,
  0x33, 0xF3, 0x33, 0xF3, 0x33, 0xF3, 0x33, 0xF3, 0x33, 0xF3, 0x33, 0xF3,
  0x33, 0xF3, 0xCD, 0x0C, 0xCD, 0x0C, 0xCD, 0x0C, 0xCD, 0x0C, 0xCD, 0x0C,
  0xCD, 0x0C, 0xCD, 0x0C, 0xCD, 0x0C, 0xCD, 0x0C, 0xCD, 0x0C, 0xCD, 0x0C,
  0xCD, 0x0C, 0xCD, 0x0C, 0xCD, 0x0C, 0xCD, 0x0C, 0xCD, 0x0C, 0xCD, 0x0C,
  0x33, 0xF3, 0x33, 0xF3, 0x33, 0xF3, 0x33, 0xF3, 0x33, 0xF3, 0x33, 0xF3,
  0x33, 0xF3, 0x33, 0xF3, 0x33, 0xF3, 0x33, 0xF3, 0x33, 0xF3, 0x33, 0xF3,
  0x33, 0xF3, 0x33, 0xF3, 0x33, 0xF3, 0x33, 0xF3, 0x33, 0xF3, 0xCD, 0x0C,
  0xCD, 0x0C, 0xCD, 0x0C, 0xCD, 0x0C, 0xCD, 0x0C, 0xCD, 0x0C, 0xCD, 0x0C,
  0xCD, 0x0C, 0xCD, 0x0C, 0xCD, 0x0C, 0xCD, 0x0C, 0xCD, 0x0C, 0xCD, 0x0C,
  0xCD, 0x0C, 0xCD, 0x0C, 0xCD, 0x0C, 0xCD, 0x0C, 0x33, 0xF3, 0x33, 0xF3,
  0x33, 0xF3, 0x33, 0xF3, 0x33, 0xF3, 0x33, 0xF3, 0x33, 0xF3, 0x33, 0xF3,
  0x33, 0xF3, 0x33, 0xF3, 0x33, 0xF3, 0x33, 0xF3, 0x33, 0xF3, 0x33, 0xF3,
  0x33, 0xF3, 0x33, 0xF3, 0xCD, 0x0C, 0xCD, 0x0C, 0xCD, 0x0C, 0xCD, 0x0C,
  0xCD, 0x0C, 0xCD, 0x0C, 0xCD, 0x0C, 0xCD, 0x0C, 0xCD, 0x0C, 0xCD, 0x0C,
  0xCD, 0x0C, 0xCD, 0x0C, 0xCD, 0x0C, 0xCD, 0x0C, 0xCD, 0x0C, 0xCD, 0x0C,
  0xCD, 0x0C, 0x33, 0xF3, 0x33, 0xF3, 0x33, 0xF3, 0x33, 0xF3, 0x33, 0xF3,
  0x33, 0xF3, 0x33, 0xF3, 0x33, 0xF3, 0x33, 0xF3, 0x33, 0xF3, 0x33, 0xF3,
  0x33, 0xF3, 0x33, 0xF3, 0x33, 0xF3, 0x33, 0xF3, 0x33, 0xF3, 0x33, 0xF3,
  0xCD, 0x0C, 0xCD, 0x0C, 0xCD, 0x0C, 0xCD, 0x0C, 0xCD, 0x0C, 0xCD, 0x0C,
  0xCD, 0x0C, 0xCD, 0x0C, 0xCD, 0x0C, 0xCD, 0x0C, 0xCD, 0x0C, 0xCD, 0x0C,
  0xCD, 0x0C, 0xCD, 0x0C, 0xCD, 0x0C, 0xCD, 0x0C, 0x33, 0xF3, 0x33, 0xF3,
  0x33, 0xF3, 0x33, 0xF3, 0x33, 0xF3, 0x33, 0xF3, 0x33, 0xF3, 0x33, 0xF3,
  0x33, 0xF3, 0x33, 0xF3, 0x33, 0xF3, 0x33, 0xF3, 0x33, 0xF3, 0x33, 0xF3,
  0x33, 0xF3, 0x33, 0xF3, 0x33, 0xF3, 0xCD, 0x0C, 0xCD, 0x0C, 0xCD, 0x0C,
  0xCD, 0x0C, 0xCD, 0x0C, 0xCD, 0x0C, 0xCD, 0x0C, 0xCD, 0x0C, 0xCD, 0x0C,
  0xCD, 0x0C, 0xCD, 0x0C, 0xCD, 0x0C, 0xCD, 0x0C, 0xCD, 0x0C, 0xCD, 0x0C,
  0xCD, 0x0C, 0xCD, 0x0C, 0x33, 0xF3, 0x33, 0xF3, 0x33, 0xF3, 0x33, 0xF3,
  0x33, 0xF3, 0x33, 0xF3, 0x33, 0xF3, 0x33, 0xF3, 0x33, 0xF3, 0x33, 0xF3,
  0x33, 0xF3, 0x33, 0xF3, 0x33, 0xF3, 0x33, 0xF3, 0x33, 0xF3, 0x33, 0xF3,
  0x33, 0xF3, 0xCD, 0x0C, 0xCD, 0x0C, 0xCD, 0x0C, 0xCD, 0x0C, 0xCD, 0x0C,
  0xCD, 0x0C, 0xCD, 0x0C, 0xCD, 0x0C, 0xCD, 0x0C, 0xCD, 0x0C, 0xCD, 0x0C,
  0xCD, 0x0C, 0xCD, 0x0C, 0xCD, 0x0C, 0xCD, 0x0C, 0xCD, 0x0C, 0x33, 0xF3,
  0x33, 0xF3, 0x33, 0xF3, 0x33, 0xF3, 0x33, 0xF3, 0x33, 0xF3, 0x33, 0xF3,
  0x33, 0xF3, 0x33, 0xF3, 0x33, 0xF3, 0x33, 0xF3, 0x33, 0xF3, 0x33, 0xF3,
  0x33, 0xF3, 0x33, 0xF3, 0x33, 0xF3, 0x33, 0xF3, 0xCD, 0x0C, 0xCD, 0x0C,
  0xCD, 0x0C, 0xCD, 0x0C, 0xCD, 0x0C, 0xCD, 0x0C, 0xCD, 0x0C, 0xCD, 0x0C,
  0xCD, 0x0C, 0xCD, 0x0C, 0xCD, 0x0C, 0xCD, 0x0C, 0xCD, 0x0C, 0xCD, 0x0C,
  0xCD, 0x0C, 0xCD, 0x0C, 0xCD, 0x0C, 0x33, 0xF3, 0x33, 0xF3, 0x33, 0xF3,
  0x33, 0xF3, 0x33, 0xF3, 0x33, 0xF3, 0x33, 0xF3, 0x33, 0xF3, 0x33, 0xF3,
  0x33, 0xF3, 0x33, 0xF3, 0x33, 0xF3, 0x33, 0xF3, 0x33, 0xF3, 0x33, 0xF3,
  0x33, 0xF3, 0xCD, 0x0C, 0xCD, 0x0C, 0xCD, 0x0C, 0xCD, 0x0C, 0xCD, 0x0C,
  0xCD, 0x0C, 0xCD, 0x0C, 0xCD, 0x0C, 0xCD, 0x0C, 0xCD, 0x0C, 0xCD, 0x0C,
  0xCD, 0x0C, 0xCD, 0x0C, 0xCD, 0x0C, 0xCD, 0x0C, 0xCD, 0x0C, 0xCD, 0x0C,
  0x33, 0xF3, 0x33, 0xF3, 0x33, 0xF3, 0x33, 0xF3, 0x33, 0xF3, 0x33, 0xF3,
  0x33, 0xF3, 0x33, 0xF3, 0x33, 0xF3, 0x33, 0xF3, 0x33, 0xF3, 0x33, 0xF3,
  0x33, 0xF3, 0x33, 0xF3, 0x33, 0xF3, 0x33, 0xF3, 0x33, 0xF3, 0xCD, 0x0C,
  0xCD, 0x0C, 0xCD, 0x0C, 0xCD, 0x0C, 0xCD, 0x0C, 0xCD, 0x0C, 0xCD, 0x0C,
  0xCD, 0x0C, 0xCD, 0x0C, 0xCD, 0x0C, 0xCD, 0x0C, 0xCD, 0x0C, 0xCD, 0x0C,
  0xCD, 0x0C, 0xCD, 0x0C, 0xCD, 0x0C, 0xCD, 0x0C, 0x33, 0xF3, 0x33, 0xF3,
  0x33, 0xF3, 0x33, 0xF3, 0x33, 0xF3, 0x33, 0xF3, 0x33, 0xF3, 0x33, 0xF3,
  0x33, 0xF3, 0x33, 0xF3, 0x33, 0xF3, 0x33, 0xF3, 0x33, 0xF3, 0x33, 0xF3,
  0x33, 0xF3, 0x33, 0xF3, 0xCD, 0x0C, 0xCD, 0x0C, 0xCD, 0x0C, 0xCD, 0x0C,
  0xCD, 0x0C, 0xCD, 0x0C, 0xCD, 0x0C, 0xCD, 0x0C, 0xCD, 0x0C, 0xCD, 0x0C,
  0xCD, 0x0C, 0xCD, 0x0C, 0xCD, 0x0C, 0xCD, 0x0C, 0xCD, 0x0C, 0xCD, 0x0C,
  0xCD, 0x0C, 0x33, 0xF3, 0x33, 0xF3, 0x33, 0xF3, 0x33, 0xF3, 0x33, 0xF3,
  0x33, 0xF3, 0x33, 0xF3, 0x33, 0xF3, 0x33, 0xF3, 0x33, 0xF3, 0x33, 0xF3,
  0x33, 0xF3, 0x33, 0xF3, 0x33, 0xF3, 0x33, 0xF3, 0x33, 0xF3, 0x33, 0xF3,
  0xCD, 0x0C, 0xCD, 0x0C, 0xCD, 0x0C, 0xCD, 0x0C, 0xCD, 0x0C, 0xCD, 0x0C,
  0xCD, 0x0C, 0xCD, 0x0C, 0xCD, 0x0C, 0xCD, 0x0C, 0xCD, 0x0C, 0xCD, 0x0C,
  0xCD, 0x0C, 0xCD, 0x0C, 0xCD, 0x0C, 0xCD, 0x0C, 0xCD, 0x0C, 0x33, 0xF3,
  0x33, 0xF3, 0x33, 0xF3, 0x33, 0xF3, 0x33, 0xF3, 0x33, 0xF3, 0x33, 0xF3,
  0x33, 0xF3, 0x33, 0xF3, 0x33, 0xF3, 0x33, 0xF3, 0x33, 0xF3, 0x33, 0xF3,
  0x33, 0xF3, 0x33, 0xF3, 0x33, 0xF3, 0xCD, 0x0C, 0xCD, 0x0C, 0xCD, 0x0C,
  0xCD, 0x0C, 0xCD, 0x0C, 0xCD, 0x0C, 0xCD, 0x0C, 0xCD, 0x0C, 0xCD, 0x0C,
  0xCD, 0x0C, 0xCD, 0x0C, 0xCD, 0x0C, 0xCD, 0x0C, 0xCD, 0x0C, 0xCD, 0x0C,
  0xCD, 0x0C, 0xCD, 0x0C, 0x33, 0xF3, 0x33, 0xF3, 0x33, 0xF3, 0x33, 0xF3,
  0x33, 0xF3, 0x33, 0xF3, 0x33, 0xF3, 0x33, 0xF3, 0x33, 0xF3, 0x33, 0xF3,
  0x33, 0xF3, 0x33, 0xF3, 0x33, 0xF3, 0x33, 0xF3, 0x33, 0xF3, 0x33, 0xF3,
  0x33, 0xF3, 0xCD, 0x0C, 0xCD, 0x0C, 0xCD, 0x0C, 0xCD, 0x0C, 0xCD, 0x0C,
  0xCD, 0x0C, 0xCD, 0x0C, 0xCD, 0x0C, 0xCD, 0x0C, 0xCD, 0x0C, 0xCD, 0x0C,
  0xCD, 0x0C, 0xCD, 0x0C, 0xCD, 0x0C, 0xCD, 0x0C, 0xCD, 0x0C, 0x33, 0xF3,
  0x33, 0xF3, 0x33, 0xF3, 0x33, 0xF3, 0x33, 0xF3, 0x33, 0xF3, 0x33, 0xF3,
  0x33, 0xF3, 0x33, 0xF3, 0x33, 0xF3, 0x33, 0xF3, 0x33, 0xF3, 0x33, 0xF3,
  0x33, 0xF3, 0x33, 0xF3, 0x33, 0xF3, 0x33, 0xF3, 0xCD, 0x0C, 0xCD, 0x0C,
  0xCD, 0x0C, 0xCD, 0x0C, 0xCD, 0x0C, 0xCD, 0x0C, 0xCD, 0x0C, 0xCD, 0x0C,
  0xCD, 0x0C, 0xCD, 0x0C, 0xCD, 0x0C, 0xCD, 0x0C, 0xCD, 0x0C, 0xCD, 0x0C,
  0xCD, 0x0C, 0xCD, 0x0C, 0xCD, 0x0C, 0x33, 0xF3, 0x33, 0xF3, 0x33, 0xF3,
  0x33, 0xF3, 0x33, 0xF3, 0x33, 0xF3, 0x33, 0xF3, 0x33, 0xF3, 0x33, 0xF3,
  0x33, 0xF3, 0x33, 0xF3, 0x33, 0xF3, 0x33, 0xF3, 0x33, 0xF3, 0x33, 0xF3,
  0x33, 0xF3, 0x33, 0xF3, 0xCD, 0x0C, 0xCD, 0x0C, 0xCD, 0x0C, 0xCD, 0x0C,
  0xCD, 0x0C, 0xCD, 0x0C, 0xCD, 0x0C, 0xCD, 0x0C, 0xCD, 0x0C, 0xCC, 0x0C,
  0xC9, 0x0C, 0xC5, 0x0C, 0xC2, 0x0C, 0xBF, 0x0C, 0xBB, 0x0C, 0xB8, 0x0C,
  0x4B, 0xF3, 0x4F, 0xF3, 0x52, 0xF3, 0x55, 0xF3, 0x58, 0xF3, 0x5C, 0xF3,
  0x5F, 0xF3, 0x62, 0xF3, 0x66, 0xF3, 0x69, 0xF3, 0x6C, 0xF3, 0x70, 0xF3,
  0x73, 0xF3, 0x76, 0xF3, 0x79, 0xF3, 0x7D, 0xF3, 0x80, 0xF3, 0x7D, 0x0C,
  0x79, 0x0C, 0x76, 0x0C, 0x73, 0x0C, 0x6F, 0x0C, 0x6C, 0x0C, 0x69, 0x0C,
  0x66, 0x0C, 0x62, 0x0C, 0x5F, 0x0C, 0x5C, 0x0C, 0x58, 0x0C, 0x55, 0x0C,
  0x52, 0x0C, 0x4E, 0x0C, 0x4B, 0x0C, 0x48, 0x0C, 0xBC, 0xF3, 0xBF, 0xF3,
  0xC2, 0xF3, 0xC5, 0xF3, 0xC9, 0xF3, 0xCC, 0xF3, 0xCF, 0xF3, 0xD3, 0xF3,
  0xD6, 0xF3, 0xD9, 0xF3, 0xDD, 0xF3, 0xE0, 0xF3, 0xE3, 0xF3, 0xE6, 0xF3,
  0xEA, 0xF3, 0xED, 0xF3, 0x10, 0x0C, 0x0C, 0x0C, 0x09, 0x0C, 0x06, 0x0C,
  0x02, 0x0C, 0xFF, 0x0B, 0xFC, 0x0B, 0xF9, 0x0B, 0xF5, 0x0B, 0xF2, 0x0B,
  0xEF, 0x0B, 0xEB, 0x0B, 0xE8, 0x0B, 0xE5, 0x0B, 0xE1, 0x0B, 0xDE, 0x0B,
  0xDB, 0x0B, 0x28, 0xF4, 0x2C, 0xF4, 0x2F, 0xF4, 0x32, 0xF4, 0x36, 0xF4,
  0x39, 0xF4, 0x3C, 0xF4, 0x40, 0xF4, 0x43, 0xF4, 0x46, 0xF4, 0x4A, 0xF4,
  0x4D, 0xF4, 0x50, 0xF4, 0x53, 0xF4, 0x57, 0xF4, 0x5A, 0xF4, 0x5D, 0xF4,
  0x9F, 0x0B, 0x9C, 0x0B, 0x99, 0x0B, 0x95, 0x0B, 0x92, 0x0B, 0x8F, 0x0B,
  0x8C, 0x0B, 0x88, 0x0B, 0x85, 0x0B, 0x82, 0x0B, 0x7E, 0x0B, 0x7B, 0x0B,
  0x78, 0x0B, 0x74, 0x0B, 0x71, 0x0B, 0x6E, 0x0B, 0x6B, 0x0B, 0x99, 0xF4,
  0x9C, 0xF4, 0x9F, 0xF4, 0xA3, 0xF4, 0xA6, 0xF4, 0xA9, 0xF4, 0xAD, 0xF4,
  0xB0, 0xF4, 0xB3, 0xF4, 0xB6, 0xF4, 0xBA, 0xF4, 0xBD, 0xF4, 0xC0, 0xF4,
  0xC4, 0xF4, 0xC7, 0xF4, 0xCA, 0xF4, 0x32, 0x0B, 0x2F, 0x0B, 0x2C, 0x0B,
  0x28, 0x0B, 0x25, 0x0B, 0x22, 0x0B, 0x1F, 0x0B, 0x1B, 0x0B, 0x18, 0x0B,
  0x15, 0x0B, 0x11, 0x0B, 0x0E, 0x0B, 0x0B, 0x0B, 0x07, 0x0B, 0x04, 0x0B,
  0x01, 0x0B, 0xFE, 0x0A, 0x06, 0xF5, 0x09, 0xF5, 0x0C, 0xF5, 0x10, 0xF5,
  0x13, 0xF5, 0x16, 0xF5, 0x1A, 0xF5, 0x1D, 0xF5, 0x20, 0xF5, 0x23, 0xF5,
  0x27, 0xF5, 0x2A, 0xF5, 0x2D, 0xF5, 0x31, 0xF5, 0x34, 0xF5, 0x37, 0xF5,
  0x3B, 0xF5, 0xC2, 0x0A, 0xBF, 0x0A, 0xBC, 0x0A, 0xB8, 0x0A, 0xB5, 0x0A,
  0xB2, 0x0A, 0xAE, 0x0A, 0xAB, 0x0A, 0xA8, 0x0A, 0xA4, 0x0A, 0xA1, 0x0A,
  0x9E, 0x0A, 0x9A, 0x0A, 0x97, 0x0A, 0x94, 0x0A, 0x91, 0x0A, 0x8D, 0x0A,
  0x76, 0xF5, 0x79, 0xF5, 0x7D, 0xF5, 0x80, 0xF5, 0x83, 0xF5, 0x87, 0xF5,
  0x8A, 0xF5, 0x8D, 0xF5, 0x90, 0xF5, 0x94, 0xF5, 0x97, 0xF5, 0x9A, 0xF5,
  0x9E, 0xF5, 0xA1, 0xF5, 0xA4, 0xF5, 0xA8, 0xF5, 0x55, 0x0A, 0x52, 0x0A,
  0x4F, 0x0A, 0x4B, 0x0A, 0x48, 0x0A, 0x45, 0x0A, 0x41, 0x0A, 0x3E, 0x0A,
  0x3B, 0x0A, 0x37, 0x0A, 0x34, 0x0A, 0x31, 0x0A, 0x2E, 0x0A, 0x2A, 0x0A,
  0x27, 0x0A, 0x24, 0x0A, 0x20, 0x0A, 0xE3, 0xF5, 0xE6, 0xF5, 0xEA, 0xF5,
  0xED, 0xF5, 0xF0, 0xF5, 0xF4, 0xF5, 0xF7, 0xF5, 0xFA, 0xF5, 0xFD, 0xF5,
  0x01, 0xF6, 0x04, 0xF6, 0x07, 0xF6, 0x0B, 0xF6, 0x0E, 0xF6, 0x11, 0xF6,
  0x15, 0xF6, 0x18, 0xF6, 0xE5, 0x09, 0xE2, 0x09, 0xDE, 0x09, 0xDB, 0x09,
  0xD8, 0x09, 0xD4, 0x09, 0xD1, 0x09, 0xCE, 0x09, 0xCA, 0x09, 0xC7, 0x09,
  0xC4, 0x09, 0xC1, 0x09, 0xBD, 0x09, 0xBA, 0x09, 0xB7, 0x09, 0xB3, 0x09,
  0x50, 0xF6, 0x53, 0xF6, 0x57, 0xF6, 0x5A, 0xF6, 0x5D, 0xF6, 0x60, 0xF6,
  0x64, 0xF6, 0x67, 0xF6, 0x6A, 0xF6, 0x6E, 0xF6, 0x71, 0xF6, 0x74, 0xF6,
  0x78, 0xF6, 0x7B, 0xF6, 0x7E, 0xF6, 0x82, 0xF6, 0x85, 0xF6, 0x78, 0x09,
  0x75, 0x09, 0x71, 0x09, 0x6E, 0x09, 0x6B, 0x09, 0x67, 0x09, 0x64, 0x09,
  0x61, 0x09, 0x5D, 0x09, 0x5A, 0x09, 0x57, 0x09, 0x54, 0x09, 0x50, 0x09,
  0x4D, 0x09, 0x4A, 0x09, 0x46, 0x09, 0x43, 0x09, 0xC0, 0xF6, 0xC4, 0xF6,
  0xC7, 0xF6, 0xCA, 0xF6, 0xCD, 0xF6, 0xD1, 0xF6, 0xD4, 0xF6, 0xD7, 0xF6,
  0xDB, 0xF6, 0xDE, 0xF6, 0xE1, 0xF6, 0xE5, 0xF6, 0xE8, 0xF6, 0xEB, 0xF6,
  0xEE, 0xF6, 0xF2, 0xF6, 0xF5, 0xF6, 0x08, 0x09, 0x04, 0x09, 0x01, 0x09,
  0xFE, 0x08, 0xFA, 0x08, 0xF7, 0x08, 0xF4, 0x08, 0xF0, 0x08, 0xED, 0x08,
  0xEA, 0x08, 0xE7, 0x08, 0xE3, 0x08, 0xE0, 0x08, 0xDD, 0x08, 0xD9, 0x08,
  0xD6, 0x08, 0x2D, 0xF7, 0x31, 0xF7, 0x34, 0xF7, 0x37, 0xF7, 0x3A, 0xF7,
  0x3E, 0xF7, 0x41, 0xF7, 0x44, 0xF7, 0x48, 0xF7, 0x4B, 0xF7, 0x4E, 0xF7,
  0x52, 0xF7, 0x55, 0xF7, 0x58, 0xF7, 0x5B, 0xF7, 0x5F, 0xF7, 0x62, 0xF7,
  0x9B, 0x08, 0x97, 0x08, 0x94, 0x08, 0x91, 0x08, 0x8D, 0x08, 0x8A, 0x08,
  0x87, 0x08, 0x84, 0x08, 0x80, 0x08, 0x7D, 0x08, 0x7A, 0x08, 0x76, 0x08,
  0x73, 0x08, 0x70, 0x08, 0x6C, 0x08, 0x69, 0x08, 0x66, 0x08, 0x9E, 0xF7,
  0xA1, 0xF7, 0xA4, 0xF7, 0xA7, 0xF7, 0xAB, 0xF7, 0xAE, 0xF7, 0xB1, 0xF7,
  0xB5, 0xF7, 0xB8, 0xF7, 0xBB, 0xF7, 0xBF, 0xF7, 0xC2, 0xF7, 0xC5, 0xF7,
  0xC8, 0xF7, 0xCC, 0xF7, 0xCF, 0xF7, 0xD2, 0xF7, 0x2A, 0x08, 0x27, 0x08,
  0x24, 0x08, 0x20, 0x08, 0x1D, 0x08, 0x1A, 0x08, 0x17, 0x08, 0x13, 0x08,
  0x10, 0x08, 0x0D, 0x08, 0x09, 0x08, 0x06, 0x08, 0x03, 0x08, 0xFF, 0x07,
  0xFC, 0x07, 0xF9, 0x07, 0x0A, 0xF8, 0x0E, 0xF8, 0x11, 0xF8, 0x14, 0xF8,
  0x18, 0xF8, 0x1B, 0xF8, 0x1E, 0xF8, 0x22, 0xF8, 0x25, 0xF8, 0x28, 0xF8,
  0x2C, 0xF8, 0x2F, 0xF8, 0x32, 0xF8, 0x35, 0xF8, 0x39, 0xF8, 0x3C, 0xF8,
  0x3F, 0xF8, 0xBD, 0x07, 0xBA, 0x07, 0xB7, 0x07, 0xB3, 0x07, 0xB0, 0x07,
  0xAD, 0x07, 0xAA, 0x07, 0xA6, 0x07, 0xA3, 0x07, 0xA0, 0x07, 0x9C, 0x07,
  0x99, 0x07, 0x96, 0x07, 0x92, 0x07, 0x8F, 0x07, 0x8C, 0x07, 0x89, 0x07,
  0x7B, 0xF8, 0x7E, 0xF8, 0x81, 0xF8, 0x85, 0xF8, 0x88, 0xF8, 0x8B, 0xF8,
  0x8F, 0xF8, 0x92, 0xF8, 0x95, 0xF8, 0x98, 0xF8, 0x9C, 0xF8, 0x9F, 0xF8,
  0xA2, 0xF8, 0xA6, 0xF8, 0xA9, 0xF8, 0xAC, 0xF8, 0x50, 0x07, 0x4D, 0x07,
  0x4A, 0x07, 0x46, 0x07, 0x43, 0x07, 0x40, 0x07, 0x3D, 0x07, 0x39, 0x07,
  0x36, 0x07, 0x33, 0x07, 0x2F, 0x07, 0x2C, 0x07, 0x29, 0x07, 0x25, 0x07,
  0x22, 0x07, 0x1F, 0x07, 0x1C, 0x07, 0xE8, 0xF8, 0xEB, 0xF8, 0xEE, 0xF8,
  0xF2, 0xF8, 0xF5, 0xF8, 0xF8, 0xF8, 0xFC, 0xF8, 0xFF, 0xF8, 0x02, 0xF9,
  0x05, 0xF9, 0x09, 0xF9, 0x0C, 0xF9, 0x0F, 0xF9, 0x13, 0xF9, 0x16, 0xF9,
  0x19, 0xF9, 0x1D, 0xF9, 0xE0, 0x06, 0xDD, 0x06, 0xDA, 0x06, 0xD6, 0x06,
  0xD3, 0x06, 0xD0, 0x06, 0xCC, 0x06, 0xC9, 0x06, 0xC6, 0x06, 0xC2, 0x06,
  0xBF, 0x06, 0xBC, 0x06, 0xB8, 0x06, 0xB5, 0x06, 0xB2, 0x06, 0xAF, 0x06,
  0xAB, 0x06, 0x58, 0xF9, 0x5B, 0xF9, 0x5F, 0xF9, 0x62, 0xF9, 0x65, 0xF9,
  0x69, 0xF9, 0x6C, 0xF9, 0x6F, 0xF9, 0x72, 0xF9, 0x76, 0xF9, 0x79, 0xF9,
  0x7C, 0xF9, 0x80, 0xF9, 0x83, 0xF9, 0x86, 0xF9, 0x8A, 0xF9, 0x73, 0x06,
  0x70, 0x06, 0x6D, 0x06, 0x69, 0x06, 0x66, 0x06, 0x63, 0x06, 0x5F, 0x06,
  0x5C, 0x06, 0x59, 0x06, 0x55, 0x06, 0x52, 0x06, 0x4F, 0x06, 0x4C, 0x06,
  0x48, 0x06, 0x45, 0x06, 0x42, 0x06, 0x3E, 0x06, 0xC5, 0xF9, 0xC8, 0xF9,
  0xCC, 0xF9, 0xCF, 0xF9, 0xD2, 0xF9, 0xD6, 0xF9, 0xD9, 0xF9, 0xDC, 0xF9,
  0xDF, 0xF9, 0xE3, 0xF9, 0xE6, 0xF9, 0xE9, 0xF9, 0xED, 0xF9, 0xF0, 0xF9,
  0xF3, 0xF9, 0xF7, 0xF9, 0xFA, 0xF9, 0x03, 0x06, 0x00, 0x06, 0xFC, 0x05,
  0xF9, 0x05, 0xF6, 0x05, 0xF2, 0x05, 0xEF, 0x05, 0xEC, 0x05, 0xE8, 0x05,
  0xE5, 0x05, 0xE2, 0x05, 0xDF, 0x05, 0xDB, 0x05, 0xD8, 0x05, 0xD5, 0x05,
  0xD1, 0x05, 0x32, 0xFA, 0x35, 0xFA, 0x39, 0xFA, 0x3C, 0xFA, 0x3F, 0xFA,
  0x42, 0xFA, 0x46, 0xFA, 0x49, 0xFA, 0x4C, 0xFA, 0x50, 0xFA, 0x5B, 0xFA,
  0x67, 0xFA, 0x72, 0xFA, 0x7E, 0xFA, 0x89, 0xFA, 0x95, 0xFA, 0xA1, 0xFA,
  0xD8, 0x05, 0xDD, 0x05, 0xE2, 0x05, 0xE7, 0x05, 0xEC, 0x05, 0xF1, 0x05,
  0x0E, 0x05, 0x03, 0x05, 0xF7, 0x04, 0xEC, 0x04, 0xE0, 0x04, 0xD5, 0x04,
  0xC9, 0x04, 0xBE, 0x04, 0xB2, 0x04, 0xA6, 0x04, 0x9B, 0x04, 0xD4, 0xF9,
  0xCF, 0xF9, 0xCA, 0xF9, 0x93, 0xFB, 0x9F, 0xFB, 0xAA, 0xFB, 0xB6, 0xFB,
  0xC2, 0xFB, 0xCD, 0xFB, 0xD9, 0xFB, 0xE4, 0xFB, 0xF0, 0xFB, 0xFB, 0xFB,
  0x07, 0xFC, 0x12, 0xFC, 0x1E, 0xFC, 0x2A, 0xFC, 0xCB, 0x03, 0xBF, 0x03,
  0xB4, 0x03, 0xA8, 0x03, 0x9D, 0x03, 0x91, 0x03, 0x86, 0x03, 0x7A, 0x03,
  0x6E, 0x03, 0x63, 0x03, 0x57, 0x03, 0x4C, 0x03, 0x40, 0x03, 0x35, 0x03,
  0xC6, 0x06, 0xCB, 0x06, 0xEE, 0xFC, 0xFA, 0xFC, 0x05, 0xFD, 0x11, 0xFD,
  0x1C, 0xFD, 0x28, 0xFD, 0x33, 0xFD, 0x3F, 0xFD, 0x4B, 0xFD, 0x56, 0xFD,
  0x62, 0xFD, 0x6D, 0xFD, 0xF5, 0xF8, 0xF0, 0xF8, 0xEB, 0xF8, 0xE6, 0xF8,
  0xE1, 0xF8, 0x4D, 0x02, 0x42, 0x02, 0x36, 0x02, 0x2B, 0x02, 0x1F, 0x02,
  0x14, 0x02, 0x08, 0x02, 0xFD, 0x01, 0xF1, 0x01, 0x50, 0x07, 0x55, 0x07,
  0x5A, 0x07, 0x5F, 0x07, 0x64, 0x07, 0x69, 0x07, 0x6E, 0x07, 0x73, 0x07,
  0x77, 0xFE, 0x83, 0xFE, 0x8E, 0xFE, 0x9A, 0xFE, 0xA5, 0xFE, 0xB1, 0xFE,
  0x6A, 0xF8, 0x65, 0xF8, 0x60, 0xF8, 0x5B, 0xF8, 0x56, 0xF8, 0x51, 0xF8,
  0x4D, 0xF8, 0x48, 0xF8, 0x43, 0xF8, 0x3E, 0xF8, 0x39, 0xF8, 0xC4, 0x00,
  0xB9, 0x00, 0xAD, 0x00, 0xDB, 0x07, 0xE0, 0x07, 0xE5, 0x07, 0xEA, 0x07,
  0xEF, 0x07, 0xF4, 0x07, 0xF9, 0x07, 0xFE, 0x07, 0x03, 0x08, 0x08, 0x08,
  0x0D, 0x08, 0x12, 0x08, 0x17, 0x08, 0xF4, 0xFF, 0xE0, 0xF7, 0xDB, 0xF7,
  0xD6, 0xF7, 0xD1, 0xF7, 0xCC, 0xF7, 0xC7, 0xF7, 0xC2, 0xF7, 0xBD, 0xF7,
  0xB8, 0xF7, 0xB3, 0xF7, 0xAE, 0xF7, 0xA9, 0xF7, 0xA4, 0xF7, 0x9F, 0xF7,
  0xA2, 0x00, 0xAD, 0x00, 0x70, 0x08, 0x75, 0x08, 0x7A, 0x08, 0x7F, 0x08,
  0x84, 0x08, 0x88, 0x08, 0x8D, 0x08, 0x92, 0x08, 0x97, 0x08, 0x9C, 0x08,
  0xA1, 0x08, 0xA6, 0x08, 0xBC, 0xFE, 0xB1, 0xFE, 0xA5, 0xFE, 0x9A, 0xFE,
  0x8E, 0xFE, 0x3C, 0xF7, 0x37, 0xF7, 0x32, 0xF7, 0x2D, 0xF7, 0x28, 0xF7,
  0x23, 0xF7, 0x1E, 0xF7, 0x19, 0xF7, 0x14, 0xF7, 0xE5, 0x01, 0xF1, 0x01,
  0xFD, 0x01, 0x08, 0x02, 0x14, 0x02, 0x1F, 0x02, 0x2B, 0x02, 0x13, 0x09,
  0x18, 0x09, 0x1D, 0x09, 0x22, 0x09, 0x27, 0x09, 0x2C, 0x09, 0x31, 0x09,
  0x79, 0xFD, 0x6D, 0xFD, 0x62, 0xFD, 0x56, 0xFD, 0x4B, 0xFD, 0x3F, 0xFD,
  0x33, 0xFD, 0x28, 0xFD, 0x1C, 0xFD, 0x11, 0xFD, 0x99, 0xF6, 0x94, 0xF6,
  0x8F, 0xF6, 0x8A, 0xF6, 0x29, 0x03, 0x35, 0x03, 0x40, 0x03, 0x4C, 0x03,
  0x57, 0x03, 0x63, 0x03, 0x6E, 0x03, 0x7A, 0x03, 0x86, 0x03, 0x91, 0x03,
  0x9D, 0x03, 0xA8, 0x03, 0xB4, 0x03, 0xBC, 0x09, 0x35, 0xFC, 0x2A, 0xFC,
  0x1E, 0xFC, 0x12, 0xFC, 0x07, 0xFC, 0xFB, 0xFB, 0xF0, 0xFB, 0xE4, 0xFB,
  0xD9, 0xFB, 0xCD, 0xFB, 0xC2, 0xFB, 0xB6, 0xFB, 0xAA, 0xFB, 0x9F, 0xFB,
  0x93, 0xFB, 0x0B, 0x0A, 0x84, 0x04, 0x8F, 0x04, 0x9B, 0x04, 0xA6, 0x04,
  0xB2, 0x04, 0xBE, 0x04, 0xC9, 0x04, 0xD5, 0x04, 0xE0, 0x04, 0xEC, 0x04,
  0xF7, 0x04, 0x03, 0x05, 0x0E, 0x05, 0xB0, 0xF5, 0xAB, 0xF5, 0xA6, 0xF5,
  0xC3, 0xFA, 0xB8, 0xFA, 0xAC, 0xFA, 0xA1, 0xFA, 0x95, 0xFA, 0x89, 0xFA,
  0x7E, 0xFA, 0x72, 0xFA, 0x67, 0xFA, 0x5B, 0xFA, 0x50, 0xFA, 0x96, 0x0A,
  0x9A, 0x0A, 0x9F, 0x0A, 0xA4, 0x0A, 0xA9, 0x0A, 0xAE, 0x0A, 0x01, 0x06,
  0x0D, 0x06, 0x18, 0x06, 0x24, 0x06, 0x2F, 0x06, 0x3B, 0x06, 0x47, 0x06,
  0x52, 0x06, 0x25, 0xF5, 0x20, 0xF5, 0x1B, 0xF5, 0x16, 0xF5, 0x11, 0xF5,
  0x0C, 0xF5, 0x07, 0xF5, 0x02, 0xF5, 0xFD, 0xF4, 0x3A, 0xF9, 0x2F, 0xF9,
  0x23, 0xF9, 0x18, 0xF9, 0x0C, 0xF9, 0x20, 0x0B, 0x25, 0x0B, 0x2A, 0x0B,
  0x2F, 0x0B, 0x34, 0x0B, 0x39, 0x0B, 0x3E, 0x0B, 0x43, 0x0B, 0x48, 0x0B,
  0x4D, 0x0B, 0x52, 0x0B, 0x7F, 0x07, 0x8A, 0x07, 0x96, 0x07, 0x9A, 0xF4,
  0x95, 0xF4, 0x91, 0xF4, 0x8C, 0xF4, 0x87, 0xF4, 0x82, 0xF4, 0x7D, 0xF4,
  0x78, 0xF4, 0x73, 0xF4, 0x6E, 0xF4, 0x69, 0xF4, 0x64, 0xF4, 0x5F, 0xF4,
  0x5A, 0xF4, 0xAB, 0x0B, 0xB0, 0x0B, 0xB5, 0x0B, 0xBA, 0x0B, 0xBF, 0x0B,
  0xC4, 0x0B, 0xC9, 0x0B, 0xCE, 0x0B, 0xD3, 0x0B, 0xD8, 0x0B, 0xDC, 0x0B,
  0xE1, 0x0B, 0xE6, 0x0B, 0xEB, 0x0B, 0x1B, 0xF7, 0x10, 0xF7, 0x04, 0xF7,
  0x01, 0xF4, 0xFC, 0xF3, 0xF7, 0xF3, 0xF2, 0xF3, 0xED, 0xF3, 0xE8, 0xF3,
  0xE3, 0xF3, 0xDE, 0xF3, 0xD9, 0xF3, 0xD4, 0xF3, 0xCF, 0xF3, 0x87, 0x09,
  0x92, 0x09, 0x9E, 0x09, 0xA9, 0x09, 0xB5, 0x09, 0xC1, 0x09, 0x53, 0x0C,
  0x58, 0x0C, 0x5D, 0x0C, 0x62, 0x0C, 0x67, 0x0C, 0x6C, 0x0C, 0x71, 0x0C,
  0x76, 0x0C, 0xD7, 0xF5, 0xCC, 0xF5, 0xC0, 0xF5, 0xB5, 0xF5, 0xA9, 0xF5,
  0x9E, 0xF5, 0x92, 0xF5, 0x87, 0xF5, 0x5D, 0xF3, 0x58, 0xF3, 0x53, 0xF3,
  0x4F, 0xF3, 0x4A, 0xF3, 0x45, 0xF3, 0xCA, 0x0A, 0xD6, 0x0A, 0xE1, 0x0A,
  0xED, 0x0A, 0xF9, 0x0A, 0x04, 0x0B, 0x10, 0x0B, 0x1B, 0x0B, 0x27, 0x0B,
  0x32, 0x0B, 0x3E, 0x0B, 0xF7, 0x0C, 0xFC, 0x0C, 0x01, 0x0D, 0x94, 0xF4,
  0x88, 0xF4, 0x7D, 0xF4, 0x71, 0xF4, 0x66, 0xF4, 0x5A, 0xF4, 0x4E, 0xF4,
  0x43, 0xF4, 0x37, 0xF4, 0x2C, 0xF4, 0x20, 0xF4, 0x15, 0xF4, 0x09, 0xF4,
  0xFE, 0xF3, 0x0E, 0x0C, 0x1A, 0x0C, 0x25, 0x0C, 0x31, 0x0C, 0x3B, 0x0C,
  0x3F, 0x0C, 0x42, 0x0C, 0x45, 0x0C, 0x49, 0x0C, 0x4C, 0x0C, 0x4F, 0x0C,
  0x53, 0x0C, 0x56, 0x0C, 0x59, 0x0C, 0xC3, 0xF2, 0xC6, 0xF2, 0xCA, 0xF2,
  0x9A, 0xF3, 0x96, 0xF3, 0x93, 0xF3, 0x90, 0xF3, 0x8C, 0xF3, 0x89, 0xF3,
  0x86, 0xF3, 0x83, 0xF3, 0x7F, 0xF3, 0x7C, 0xF3, 0x79, 0xF3, 0x0F, 0x0D,
  0x0B, 0x0D, 0x08, 0x0D, 0x05, 0x0D, 0x02, 0x0D, 0x9B, 0x0C, 0x9E, 0x0C,
  0xA2, 0x0C, 0xA5, 0x0C, 0xA8, 0x0C, 0xAC, 0x0C, 0xAF, 0x0C, 0xB2, 0x0C,
  0xB6, 0x0C, 0x1F, 0xF3, 0x23, 0xF3, 0x26, 0xF3, 0x29, 0xF3, 0x2D, 0xF3,
  0x30, 0xF3, 0x33, 0xF3, 0x33, 0xF3, 0x33, 0xF3, 0x33, 0xF3, 0x33, 0xF3,
  0x33, 0xF3, 0x33, 0xF3, 0x33, 0xF3, 0x33, 0xF3, 0xCD, 0x0C, 0xCD, 0x0C,
  0xCD, 0x0C, 0xCD, 0x0C, 0xCD, 0x0C, 0xCD, 0x0C, 0xCD, 0x0C, 0xCD, 0x0C,
  0xCD, 0x0C, 0xCD, 0x0C, 0xCD, 0x0C, 0xCD, 0x0C, 0xCD, 0x0C, 0xCD, 0x0C,
  0x33, 0xF3, 0x33, 0xF3, 0x33, 0xF3, 0x33, 0xF3, 0x33, 0xF3, 0x33, 0xF3,
  0x33, 0xF3, 0x33, 0xF3, 0x33, 0xF3, 0x33, 0xF3, 0x33, 0xF3, 0x33, 0xF3,
  0x33, 0xF3, 0x33, 0xF3, 0xCD, 0x0C, 0xCD, 0x0C, 0xCD, 0x0C, 0xCD, 0x0C,
  0xCD, 0x0C, 0xCD, 0x0C, 0xCD, 0x0C, 0xCD, 0x0C, 0xCD, 0x0C, 0xCD, 0x0C,
  0xCD, 0x0C, 0xCD, 0x0C, 0xCD, 0x0C, 0xCD, 0x0C, 0x33, 0xF3, 0x33, 0xF3,
  0x33, 0xF3, 0x33, 0xF3, 0x33, 0xF3, 0x33, 0xF3, 0x33, 0xF3, 0x33, 0xF3,
  0x33, 0xF3, 0x33, 0xF3, 0x33, 0xF3, 0x33, 0xF3, 0x33, 0xF3, 0x33, 0xF3,
  0xCD, 0x0C, 0xCD, 0x0C, 0xCD, 0x0C, 0xCD, 0x0C, 0xCD, 0x0C, 0xCD, 0x0C,
  0xCD, 0x0C, 0xCD, 0x0C, 0xCD, 0x0C, 0xCD, 0x0C, 0xCD, 0x0C, 0xCD, 0x0C,
  0xCD, 0x0C, 0xCD, 0x0C, 0x33, 0xF3, 0x33, 0xF3, 0x33, 0xF3, 0x33, 0xF3,
  0x33, 0xF3, 0x33, 0xF3, 0x33, 0xF3, 0x33, 0xF3, 0x33, 0xF3, 0x33, 0xF3,
  0x33, 0xF3, 0x33, 0xF3, 0x33, 0xF3, 0x33, 0xF3, 0xCD, 0x0C, 0xCD, 0x0C,
  0xCD, 0x0C, 0xCD, 0x0C, 0xCD, 0x0C, 0xCD, 0x0C, 0xCD, 0x0C, 0xCD, 0x0C,
  0xCD, 0x0C, 0xCD, 0x0C, 0xCD, 0x0C, 0xCD, 0x0C, 0xCD, 0x0C, 0xCD, 0x0C,
  0x33, 0xF3, 0x33, 0xF3, 0x33, 0xF3, 0x33, 0xF3, 0x33, 0xF3, 0x33, 0xF3,
  0x33, 0xF3, 0x33, 0xF3, 0x33, 0xF3, 0x33, 0xF3, 0x33, 0xF3, 0x33, 0xF3,
  0x33, 0xF3, 0x33, 0xF3, 0xCD, 0x0C, 0xCD, 0x0C, 0xCD, 0x0C, 0xCD, 0x0C,
  0xCD, 0x0C, 0xCD, 0x0C, 0xCD, 0x0C, 0xCD, 0x0C, 0xCD, 0x0C, 0xCD, 0x0C,
  0xCD, 0x0C, 0xCD, 0x0C, 0xCD, 0x0C, 0xCD, 0x0C, 0x33, 0xF3, 0x33, 0xF3,
  0x33, 0xF3, 0x33, 0xF3, 0x33, 0xF3, 0x33, 0xF3, 0x33, 0xF3, 0x33, 0xF3,
  0x33, 0xF3, 0x33, 0xF3, 0x33, 0xF3, 0x33, 0xF3, 0x33, 0xF3, 0x33, 0xF3,
  0xCD, 0x0C, 0xCD, 0x0C, 0xCD, 0x0C, 0xCD, 0x0C, 0xCD, 0x0C, 0xCD, 0x0C,
  0xCD, 0x0C, 0xCD, 0x0C, 0xCD, 0x0C, 0xCD, 0x0C, 0xCD, 0x0C, 0xCD, 0x0C,
  0xCD, 0x0C, 0xCD, 0x0C, 0x33, 0xF3, 0x33, 0xF3, 0x33, 0xF3, 0x33, 0xF3,
  0x33, 0xF3, 0x33, 0xF3, 0x33, 0xF3, 0x33, 0xF3, 0x33, 0xF3, 0x33, 0xF3,
  0x33, 0xF3, 0x33, 0xF3, 0x33, 0xF3, 0x33, 0xF3, 0xCD, 0x0C, 0xCD, 0x0C,
  0xCD, 0x0C, 0xCD, 0x0C, 0xCD, 0x0C, 0xCD, 0x0C, 0xCD, 0x0C, 0xCD, 0x0C,
  0xCD, 0x0C, 0xCD, 0x0C, 0xCD, 0x0C, 0xCD, 0x0C, 0xCD, 0x0C, 0xCD, 0x0C,
  0x33, 0xF3, 0x33, 0xF3, 0x33, 0xF3, 0x33, 0xF3, 0x33, 0xF3, 0x33, 0xF3,
  0x33, 0xF3, 0x33, 0xF3, 0x33, 0xF3, 0x33, 0xF3, 0x33, 0xF3, 0x33, 0xF3,
  0x33, 0xF3, 0x33, 0xF3, 0xCD, 0x0C, 0xCD, 0x0C, 0xCD, 0x0C, 0xCD, 0x0C,
  0xCD, 0x0C, 0xCD, 0x0C, 0xCD, 0x0C, 0xCD, 0x0C, 0xCD, 0x0C, 0xCD, 0x0C,
  0xCD, 0x0C, 0xCD, 0x0C, 0xCD, 0x0C, 0xCD, 0x0C, 0x33, 0xF3, 0x33, 0xF3,
  0x33, 0xF3, 0x33, 0xF3, 0x33, 0xF3, 0x33, 0xF3, 0x33, 0xF3, 0x33, 0xF3,
  0x33, 0xF3, 0x33, 0xF3, 0x33, 0xF3, 0x33, 0xF3, 0x33, 0xF3, 0x33, 0xF3,
  0x33, 0xF3, 0xCD, 0x0C, 0xCD, 0x0C, 0xCD, 0x0C, 0xCD, 0x0C, 0xCD, 0x0C,
  0xCD, 0x0C, 0xCD, 0x0C, 0xCD, 0x0C, 0xCD, 0x0C, 0xCD, 0x0C, 0xCD, 0x0C,
  0xCD, 0x0C, 0xCD, 0x0C, 0xCD, 0x0C, 0x33, 0xF3, 0x33, 0xF3, 0x33, 0xF3,
  0x33, 0xF3, 0x33, 0xF3, 0x33, 0xF3, 0x33, 0xF3, 0x33, 0xF3, 0x33, 0xF3,
  0x33, 0xF3, 0x33, 0xF3, 0x33, 0xF3, 0x33, 0xF3, 0x33, 0xF3, 0xCD, 0x0C,
  0xCD, 0x0C, 0xCD, 0x0C, 0xCD, 0x0C, 0xCD, 0x0C, 0xCD, 0x0C, 0xCD, 0x0C,
  0xCD, 0x0C, 0xCD, 0x0C, 0xCD, 0x0C, 0xCD, 0x0C, 0xCD, 0x0C, 0xCD, 0x0C,
  0xCD, 0x0C, 0x33, 0xF3, 0x33, 0xF3, 0x33, 0xF3, 0x33, 0xF3, 0x33, 0xF3,
  0x33, 0xF3, 0x33, 0xF3, 0x33, 0xF3, 0x33, 0xF3, 0x33, 0xF3, 0x33, 0xF3,
  0x33, 0xF3, 0x33, 0xF3, 0x33, 0xF3, 0xCD, 0x0C, 0xCD, 0x0C, 0xCD, 0x0C,
  0xCD, 0x0C, 0xCD, 0x0C, 0xCD, 0x0C, 0xCD, 0x0C, 0xCD, 0x0C, 0xCD, 0x0C,
  0xCD, 0x0C, 0xCD, 0x0C, 0xCD, 0x0C, 0xCD, 0x0C, 0xCD, 0x0C, 0x33, 0xF3,
  0x33, 0xF3, 0x33, 0xF3, 0x33, 0xF3, 0x33, 0xF3, 0x33, 0xF3, 0x33, 0xF3,
  0x33, 0xF3, 0x33, 0xF3, 0x33, 0xF3, 0x33, 0xF3, 0x33, 0xF3, 0x33, 0xF3,
  0x33, 0xF3, 0xCD, 0x0C, 0xCD, 0x0C, 0xCD, 0x0C, 0xCD, 0x0C, 0xCD, 0x0C,
  0xCD, 0x0C, 0xCD, 0x0C, 0xCD, 0x0C, 0xCD, 0x0C, 0xCD, 0x0C, 0xCD, 0x0C,
  0xCD, 0x0C, 0xCD, 0x0C, 0xCD, 0x0C, 0x33, 0xF3, 0x33, 0xF3, 0x33, 0xF3,
  0x33, 0xF3, 0x33, 0xF3, 0x33, 0xF3, 0x33, 0xF3, 0x33, 0xF3, 0x33, 0xF3,
  0x33, 0xF3, 0x33, 0xF3, 0x33, 0xF3, 0x33, 0xF3, 0x33, 0xF3, 0xCD, 0x0C,
  0xCD, 0x0C, 0xCD, 0x0C, 0xCD, 0x0C, 0xCD, 0x0C, 0xCD, 0x0C, 0xCD, 0x0C,
  0xCD, 0x0C, 0xCD, 0x0C, 0xCD, 0x0C, 0xCD, 0x0C, 0xCD, 0x0C, 0xCD, 0x0C,
  0xCD, 0x0C, 0x33, 0xF3, 0x33, 0xF3, 0x33, 0xF3, 0x33, 0xF3, 0x33, 0xF3,
  0x33, 0xF3, 0x33, 0xF3, 0x33, 0xF3, 0x33, 0xF3, 0x33, 0xF3, 0x33, 0xF3,
  0x33, 0xF3, 0x33, 0xF3, 0x33, 0xF3, 0xCD, 0x0C, 0xCD, 0x0C, 0xCD, 0x0C,
  0xCD, 0x0C, 0xCD, 0x0C, 0xCD, 0x0C, 0xCD, 0x0C, 0xCD, 0x0C, 0xCD, 0x0C,
  0xCD, 0x0C, 0xCD, 0x0C, 0xCD, 0x0C, 0xCD, 0x0C, 0xCD, 0x0C, 0x33, 0xF3,
  0x33, 0xF3, 0x33, 0xF3, 0x33, 0xF3, 0x33, 0xF3, 0x33, 0xF3, 0x33, 0xF3,
  0x33, 0xF3, 0x33, 0xF3, 0x33, 0xF3, 0x33, 0xF3, 0x33, 0xF3, 0x33, 0xF3,
  0x33, 0xF3, 0xCD, 0x0C, 0xCD, 0x0C, 0xCD, 0x0C, 0xCD, 0x0C, 0xCD, 0x0C,
  0xCD, 0x0C, 0xCD, 0x0C, 0xCD, 0x0C, 0xCD, 0x0C, 0xCD, 0x0C, 0xCD, 0x0C,
  0xCD, 0x0C, 0xCD, 0x0C, 0xCD, 0x0C, 0x33, 0xF3, 0x33, 0xF3, 0x33, 0xF3,
  0x33, 0xF3, 0x33, 0xF3, 0x33, 0xF3, 0x33, 0xF3, 0x33, 0xF3, 0x33, 0xF3,
  0x33, 0xF3, 0x33, 0xF3, 0x33, 0xF3, 0x33, 0xF3, 0x33, 0xF3, 0xCD, 0x0C,
  0xCD, 0x0C, 0xCD, 0x0C, 0xCD, 0x0C, 0xCD, 0x0C, 0xCD, 0x0C, 0xCD, 0x0C,
  0xCD, 0x0C, 0xCD, 0x0C, 0xCD, 0x0C, 0xCD, 0x0C, 0xCD, 0x0C, 0xCD, 0x0C,
  0xCD, 0x0C, 0x33, 0xF3, 0x33, 0xF3, 0x33, 0xF3, 0x33, 0xF3, 0x33, 0xF3,
  0x33, 0xF3, 0x33, 0xF3, 0x33, 0xF3, 0x33, 0xF3, 0x33, 0xF3, 0x33, 0xF3,
  0x33, 0xF3, 0x33, 0xF3, 0x33, 0xF3, 0x33, 0xF3, 0xCD, 0x0C, 0xCD, 0x0C,
  0xCD, 0x0C, 0xCD, 0x0C, 0xCD, 0x0C, 0xCD, 0x0C, 0xCD, 0x0C, 0xCD, 0x0C,
  0xCD, 0x0C, 0xCD, 0x0C, 0xCD, 0x0C, 0xCD, 0x0C, 0xCD, 0x0C, 0xCD, 0x0C,
  0x33, 0xF3, 0x33, 0xF3, 0x33, 0xF3, 0x33, 0xF3, 0x33, 0xF3, 0x33, 0xF3,
  0x33, 0xF3, 0x33, 0xF3, 0x33, 0xF3, 0x33, 0xF3, 0x33, 0xF3, 0x33, 0xF3,
  0x33, 0xF3, 0x33, 0xF3, 0xCD, 0x0C, 0xCD, 0x0C, 0xCD, 0x0C, 0xCD, 0x0C,
  0xCD, 0x0C, 0xCD, 0x0C, 0xCD, 0x0C, 0xCD, 0x0C, 0xCD, 0x0C, 0xCD, 0x0C,
  0xCD, 0x0C, 0xCD, 0x0C, 0xCD, 0x0C, 0xCD, 0x0C, 0x33, 0xF3, 0x33, 0xF3,
  0x33, 0xF3, 0x33, 0xF3, 0x33, 0xF3, 0x33, 0xF3, 0x33, 0xF3, 0x33, 0xF3,
  0x33, 0xF3, 0x33, 0xF3, 0x33, 0xF3, 0x33, 0xF3, 0x33, 0xF3, 0x33, 0xF3,
  0xCD, 0x0C, 0xCD, 0x0C, 0xCD, 0x0C, 0xCD, 0x0C, 0xCD, 0x0C, 0xCD, 0x0C,
  0xCD, 0x0C, 0xCD, 0x0C, 0xCD, 0x0C, 0xCD, 0x0C, 0xCD, 0x0C, 0xCD, 0x0C,
  0xCD, 0x0C, 0xCD, 0x0C, 0x33, 0xF3, 0x33, 0xF3, 0x33, 0xF3, 0x33, 0xF3,
  0x33, 0xF3, 0x33, 0xF3, 0x33, 0xF3, 0x33, 0xF3, 0x33, 0xF3, 0x33, 0xF3,
  0x33, 0xF3, 0x33, 0xF3, 0x33, 0xF3, 0x33, 0xF3, 0xCD, 0x0C, 0xCD, 0x0C,
  0xCD, 0x0C, 0xCD, 0x0C, 0xCD, 0x0C, 0xCD, 0x0C, 0xCD, 0x0C, 0xCD, 0x0C,
  0xCD, 0x0C, 0xCD, 0x0C, 0xCD, 0x0C, 0xCD, 0x0C, 0xCD, 0x0C, 0xCD, 0x0C,
  0x33, 0xF3, 0x33, 0xF3, 0x33, 0xF3, 0x33, 0xF3, 0x33, 0xF3, 0x33, 0xF3,
  0x33, 0xF3, 0x33, 0xF3, 0x33, 0xF3, 0x33, 0xF3, 0x33, 0xF3, 0x33, 0xF3,
  0x33, 0xF3, 0x33, 0xF3, 0xCD, 0x0C, 0xCD, 0x0C, 0xCD, 0x0C, 0xCD, 0x0C,
  0xCD, 0x0C, 0xCD, 0x0C, 0xCD, 0x0C, 0xCD, 0x0C, 0xCD, 0x0C, 0xCD, 0x0C,
  0xCD, 0x0C, 0xCD, 0x0C, 0xCD, 0x0C, 0xCD, 0x0C, 0x33, 0xF3, 0x33, 0xF3,
  0x33, 0xF3, 0x33, 0xF3, 0x33, 0xF3, 0x33, 0xF3, 0x33, 0xF3, 0x33, 0xF3,
  0x33, 0xF3, 0x33, 0xF3, 0x33, 0xF3, 0x33, 0xF3, 0x33, 0xF3, 0x33, 0xF3,
  0xCD, 0x0C, 0xCD, 0x0C, 0xCD, 0x0C, 0xCD, 0x0C, 0xCD, 0x0C, 0xCD, 0x0C,
  0xCD, 0x0C, 0xCD, 0x0C, 0xCD, 0x0C, 0xCD, 0x0C, 0xCD, 0x0C, 0xCD, 0x0C,
  0xCD, 0x0C, 0xCD, 0x0C, 0x33, 0xF3, 0x33, 0xF3, 0x33, 0xF3, 0x33, 0xF3,
  0x33, 0xF3, 0x33, 0xF3, 0x33, 0xF3, 0x33, 0xF3, 0x33, 0xF3, 0x33, 0xF3,
  0x33, 0xF3, 0x33, 0xF3, 0x33, 0xF3, 0x33, 0xF3, 0xCD, 0x0C, 0xCD, 0x0C,
  0xCD, 0x0C, 0xCD, 0x0C, 0xCD, 0x0C, 0xCD, 0x0C, 0xCD, 0x0C, 0xCD, 0x0C,
  0xCD, 0x0C, 0xCD, 0x0C, 0xCD, 0x0C, 0xCD, 0x0C, 0xCD, 0x0C, 0xCD, 0x0C,
  0x33, 0xF3, 0x33, 0xF3, 0x33, 0xF3, 0x33, 0xF3, 0x33, 0xF3, 0x33, 0xF3,
  0x33, 0xF3, 0x33, 0xF3, 0x33, 0xF3, 0x33, 0xF3, 0x33, 0xF3, 0x33, 0xF3,
  0x33, 0xF3, 0x33, 0xF3, 0xCD, 0x0C, 0xCD, 0x0C, 0xCD, 0x0C, 0xCD, 0x0C,
  0xCD, 0x0C, 0xCD, 0x0C, 0xCD, 0x0C, 0xCD, 0x0C, 0xCD, 0x0C, 0xCD, 0x0C,
  0xCD, 0x0C, 0xCD, 0x0C, 0xCD, 0x0C, 0xCD, 0x0C, 0x33, 0xF3, 0x33, 0xF3,
  0x33, 0xF3, 0x33, 0xF3, 0x33, 0xF3, 0x33, 0xF3, 0x33, 0xF3, 0x33, 0xF3,
  0x33, 0xF3, 0x33, 0xF3, 0x33, 0xF3, 0x33, 0xF3, 0x33, 0xF3, 0x33, 0xF3,
  0x33, 0xF3, 0xCD, 0x0C, 0xCD, 0x0C, 0xCD, 0x0C, 0xCD, 0x0C, 0xCD, 0x0C,
  0xCD, 0x0C, 0xCD, 0x0C, 0xCD, 0x0C, 0xCD, 0x0C, 0xCD, 0x0C, 0xCD, 0x0C,
  0xCD, 0x0C, 0xCD, 0x0C, 0xCD, 0x0C, 0x33, 0xF3, 0x33, 0xF3, 0x33, 0xF3,
  0x33, 0xF3, 0x33, 0xF3, 0x33, 0xF3, 0x33, 0xF3, 0x33, 0xF3, 0x33, 0xF3,
  0x33, 0xF3, 0x33, 0xF3, 0x33, 0xF3, 0x33, 0xF3, 0x33, 0xF3, 0xCD, 0x0C,
  0xCD, 0x0C, 0xCD, 0x0C, 0xCD, 0x0C, 0xCD, 0x0C, 0xCD, 0x0C, 0xCD, 0x0C,
  0xCD, 0x0C, 0xCD, 0x0C, 0xCD, 0x0C, 0xCD, 0x0C, 0xCD, 0x0C, 0xCD, 0x0C,
  0xCD, 0x0C, 0x33, 0xF3, 0x33, 0xF3, 0x33, 0xF3, 0x33, 0xF3, 0x33, 0xF3,
  0x33, 0xF3, 0x33, 0xF3, 0x33, 0xF3, 0x33, 0xF3, 0x33, 0xF3, 0x33, 0xF3,
  0x33, 0xF3, 0x33, 0xF3, 0x33, 0xF3, 0xCD, 0x0C, 0xCD, 0x0C, 0xCD, 0x0C,
  0xCD, 0x0C, 0xCD, 0x0C, 0xCD, 0x0C, 0xCD, 0x0C, 0xCD, 0x0C, 0xCD, 0x0C,
  0xCD, 0x0C, 0xCD, 0x0C, 0xCD, 0x0C, 0xCD, 0x0C, 0xCD, 0x0C, 0x33, 0xF3,
  0x33, 0xF3, 0x33, 0xF3, 0x33, 0xF3, 0x33, 0xF3, 0x33, 0xF3, 0x33, 0xF3,
  0x33, 0xF3, 0x33, 0xF3, 0x33, 0xF3, 0x33, 0xF3, 0x33, 0xF3, 0x33, 0xF3,
  0x33, 0xF3, 0xCD, 0x0C, 0xCD, 0x0C, 0xCD, 0x0C, 0xCD, 0x0C, 0xCC, 0x0C,
  0xC9, 0x0C, 0xC5, 0x0C, 0xC2, 0x0C, 0xBF, 0x0C, 0xBB, 0x0C, 0xB8, 0x0C,
  0xB5, 0x0C, 0xB1, 0x0C, 0xAE, 0x0C, 0x55, 0xF3, 0x58, 0xF3, 0x5C, 0xF3,
  0x5F, 0xF3, 0x62, 0xF3, 0x66, 0xF3, 0x69, 0xF3, 0x6C, 0xF3, 0x70, 0xF3,
  0x73, 0xF3, 0x76, 0xF3, 0x79, 0xF3, 0x7D, 0xF3, 0x80, 0xF3, 0x7D, 0x0C,
  0x79, 0x0C, 0x76, 0x0C, 0x73, 0x0C, 0x6F, 0x0C, 0x6C, 0x0C, 0x69, 0x0C,
  0x66, 0x0C, 0x62, 0x0C, 0x5F, 0x0C, 0x5C, 0x0C, 0x58, 0x0C, 0x55, 0x0C,
  0x52, 0x0C, 0xB2, 0xF3, 0xB5, 0xF3, 0xB8, 0xF3, 0xBC, 0xF3, 0xBF, 0xF3,
  0xC2, 0xF3, 0xC5, 0xF3, 0xC9, 0xF3, 0xCC, 0xF3, 0xCF, 0xF3, 0xD3, 0xF3,
  0xD6, 0xF3, 0xD9, 0xF3, 0xDD, 0xF3, 0x20, 0x0C, 0x1D, 0x0C, 0x1A, 0x0C,
  0x16, 0x0C, 0x13, 0x0C, 0x10, 0x0C, 0x0C, 0x0C, 0x09, 0x0C, 0x06, 0x0C,
  0x02, 0x0C, 0xFF, 0x0B, 0xFC, 0x0B, 0xF9, 0x0B, 0xF5, 0x0B, 0x0E, 0xF4,
  0x11, 0xF4, 0x15, 0xF4, 0x18, 0xF4, 0x1B, 0xF4, 0x1F, 0xF4, 0x22, 0xF4,
  0x25, 0xF4, 0x28, 0xF4, 0x2C, 0xF4, 0x2F, 0xF4, 0x32, 0xF4, 0x36, 0xF4,
  0x39, 0xF4, 0xC4, 0x0B, 0xC0, 0x0B, 0xBD, 0x0B, 0xBA, 0x0B, 0xB6, 0x0B,
  0xB3, 0x0B, 0xB0, 0x0B, 0xAD, 0x0B, 0xA9, 0x0B, 0xA6, 0x0B, 0xA3, 0x0B,
  0x9F, 0x0B, 0x9C, 0x0B, 0x99, 0x0B, 0x6B, 0xF4, 0x6E, 0xF4, 0x71, 0xF4,
  0x74, 0xF4, 0x78, 0xF4, 0x7B, 0xF4, 0x7E, 0xF4, 0x82, 0xF4, 0x85, 0xF4,
  0x88, 0xF4, 0x8C, 0xF4, 0x8F, 0xF4, 0x92, 0xF4, 0x95, 0xF4, 0x67, 0x0B,
  0x64, 0x0B, 0x61, 0x0B, 0x5D, 0x0B, 0x5A, 0x0B, 0x57, 0x0B, 0x53, 0x0B,
  0x50, 0x0B, 0x4D, 0x0B, 0x4A, 0x0B, 0x46, 0x0B, 0x43, 0x0B, 0x40, 0x0B,
  0x3C, 0x0B, 0xC7, 0xF4, 0xCA, 0xF4, 0xCE, 0xF4, 0xD1, 0xF4, 0xD4, 0xF4,
  0xD8, 0xF4, 0xDB, 0xF4, 0xDE, 0xF4, 0xE1, 0xF4, 0xE5, 0xF4, 0xE8, 0xF4,
  0xEB, 0xF4, 0xEF, 0xF4, 0xF2, 0xF4, 0xF5, 0xF4, 0x07, 0x0B, 0x04, 0x0B,
  0x01, 0x0B, 0xFE, 0x0A, 0xFA, 0x0A, 0xF7, 0x0A, 0xF4, 0x0A, 0xF0, 0x0A,
  0xED, 0x0A, 0xEA, 0x0A, 0xE6, 0x0A, 0xE3, 0x0A, 0xE0, 0x0A, 0xDD, 0x0A,
  0x27, 0xF5, 0x2A, 0xF5, 0x2D, 0xF5, 0x31, 0xF5, 0x34, 0xF5, 0x37, 0xF5,
  0x3B, 0xF5, 0x3E, 0xF5, 0x41, 0xF5, 0x44, 0xF5, 0x48, 0xF5, 0x4B, 0xF5,
  0x4E, 0xF5, 0x52, 0xF5, 0xAB, 0x0A, 0xA8, 0x0A, 0xA4, 0x0A, 0xA1, 0x0A,
  0x9E, 0x0A, 0x9A, 0x0A, 0x97, 0x0A, 0x94, 0x0A, 0x91, 0x0A, 0x8D, 0x0A,
  0x8A, 0x0A, 0x87, 0x0A, 0x83, 0x0A, 0x80, 0x0A, 0x83, 0xF5, 0x87, 0xF5,
  0x8A, 0xF5, 0x8D, 0xF5, 0x90, 0xF5, 0x94, 0xF5, 0x97, 0xF5, 0x9A, 0xF5,
  0x9E, 0xF5, 0xA1, 0xF5, 0xA4, 0xF5, 0xA8, 0xF5, 0xAB, 0xF5, 0xAE, 0xF5,
  0x4F, 0x0A, 0x4B, 0x0A, 0x48, 0x0A, 0x45, 0x0A, 0x41, 0x0A, 0x3E, 0x0A,
  0x3B, 0x0A, 0x37, 0x0A, 0x34, 0x0A, 0x31, 0x0A, 0x2E, 0x0A, 0x2A, 0x0A,
  0x27, 0x0A, 0x24, 0x0A, 0xE0, 0xF5, 0xE3, 0xF5, 0xE6, 0xF5, 0xEA, 0xF5,
  0xED, 0xF5, 0xF0, 0xF5, 0xF4, 0xF5, 0xF7, 0xF5, 0xFA, 0xF5, 0xFD, 0xF5,
  0x01, 0xF6, 0x04, 0xF6, 0x07, 0xF6, 0x0B, 0xF6, 0xF2, 0x09, 0xEF, 0x09,
  0xEB, 0x09, 0xE8, 0x09, 0xE5, 0x09, 0xE2, 0x09, 0xDE, 0x09, 0xDB, 0x09,
  0xD8, 0x09, 0xD4, 0x09, 0xD1, 0x09, 0xCE, 0x09, 0xCA, 0x09, 0xC7, 0x09,
  0x3C, 0xF6, 0x3F, 0xF6, 0x43, 0xF6, 0x46, 0xF6, 0x49, 0xF6, 0x4D, 0xF6,
  0x50, 0xF6, 0x53, 0xF6, 0x57, 0xF6, 0x5A, 0xF6, 0x5D, 0xF6, 0x60, 0xF6,
  0x64, 0xF6, 0x67, 0xF6, 0x96, 0x09, 0x92, 0x09, 0x8F, 0x09, 0x8C, 0x09,
  0x88, 0x09, 0x85, 0x09, 0x82, 0x09, 0x7E, 0x09, 0x7B, 0x09, 0x78, 0x09,
  0x75, 0x09, 0x71, 0x09, 0x6E, 0x09, 0x6B, 0x09, 0x99, 0xF6, 0x9C, 0xF6,
  0x9F, 0xF6, 0xA3, 0xF6, 0xA6, 0xF6, 0xA9, 0xF6, 0xAC, 0xF6, 0xB0, 0xF6,
  0xB3, 0xF6, 0xB6, 0xF6, 0xBA, 0xF6, 0xBD, 0xF6, 0xC0, 0xF6, 0xC4, 0xF6,
  0x39, 0x09, 0x36, 0x09, 0x33, 0x09, 0x2F, 0x09, 0x2C, 0x09, 0x29, 0x09,
  0x25, 0x09, 0x22, 0x09, 0x1F, 0x09, 0x1B, 0x09, 0x18, 0x09, 0x15, 0x09,
  0x12, 0x09, 0x0E, 0x09, 0xF5, 0xF6, 0xF8, 0xF6, 0xFC, 0xF6, 0xFF, 0xF6,
  0x02, 0xF7, 0x06, 0xF7, 0x09, 0xF7, 0x0C, 0xF7, 0x10, 0xF7, 0x13, 0xF7,
  0x16, 0xF7, 0x19, 0xF7, 0x1D, 0xF7, 0x20, 0xF7, 0xDD, 0x08, 0xD9, 0x08,
  0xD6, 0x08, 0xD3, 0x08, 0xCF, 0x08, 0xCC, 0x08, 0xC9, 0x08, 0xC6, 0x08,
  0xC2, 0x08, 0xBF, 0x08, 0xBC, 0x08, 0xB8, 0x08, 0xB5, 0x08, 0xB2, 0x08,
  0x52, 0xF7, 0x55, 0xF7, 0x58, 0xF7, 0x5B, 0xF7, 0x5F, 0xF7, 0x62, 0xF7,
  0x65, 0xF7, 0x69, 0xF7, 0x6C, 0xF7, 0x6F, 0xF7, 0x73, 0xF7, 0x76, 0xF7,
  0x79, 0xF7, 0x7C, 0xF7, 0x80, 0x08, 0x7D, 0x08, 0x7A, 0x08, 0x76, 0x08,
  0x73, 0x08, 0x70, 0x08, 0x6C, 0x08, 0x69, 0x08, 0x66, 0x08, 0x62, 0x08,
  0x5F, 0x08, 0x5C, 0x08, 0x59, 0x08, 0x55, 0x08, 0xAE, 0xF7, 0xB1, 0xF7,
  0xB5, 0xF7, 0xB8, 0xF7, 0xBB, 0xF7, 0xBF, 0xF7, 0xC2, 0xF7, 0xC5, 0xF7,
  0xC8, 0xF7, 0xCC, 0xF7, 0xCF, 0xF7, 0xD2, 0xF7, 0xD6, 0xF7, 0xD9, 0xF7,
  0xDC, 0xF7, 0x20, 0x08, 0x1D, 0x08, 0x1A, 0x08, 0x17, 0x08, 0x13, 0x08,
  0x10, 0x08, 0x0D, 0x08, 0x09, 0x08, 0x06, 0x08, 0x03, 0x08, 0xFF, 0x07,
  0xFC, 0x07, 0xF9, 0x07, 0xF6, 0x07, 0x0E, 0xF8, 0x11, 0xF8, 0x14, 0xF8,
  0x18, 0xF8, 0x1B, 0xF8, 0x1E, 0xF8, 0x22, 0xF8, 0x25, 0xF8, 0x28, 0xF8,
  0x2C, 0xF8, 0x2F, 0xF8, 0x32, 0xF8, 0x35, 0xF8, 0x39, 0xF8, 0xC4, 0x07,
  0xC1, 0x07, 0xBD, 0x07, 0xBA, 0x07, 0xB7, 0x07, 0xB3, 0x07, 0xB0, 0x07,
  0xAD, 0x07, 0xAA, 0x07, 0xA6, 0x07, 0xA3, 0x07, 0xA0, 0x07, 0x9C, 0x07,
  0x99, 0x07, 0x6A, 0xF8, 0x6E, 0xF8, 0x71, 0xF8, 0x74, 0xF8, 0x77, 0xF8,
  0x7B, 0xF8, 0x7E, 0xF8, 0x81, 0xF8, 0x85, 0xF8, 0x88, 0xF8, 0x8B, 0xF8,
  0x8F, 0xF8, 0x92, 0xF8, 0x95, 0xF8, 0x68, 0x07, 0x64, 0x07, 0x61, 0x07,
  0x5E, 0x07, 0x5A, 0x07, 0x57, 0x07, 0x54, 0x07, 0x50, 0x07, 0x4D, 0x07,
  0x4A, 0x07, 0x46, 0x07, 0x43, 0x07, 0x40, 0x07, 0x3D, 0x07, 0xC7, 0xF8,
  0xCA, 0xF8, 0xCD, 0xF8, 0xD1, 0xF8, 0xD4, 0xF8, 0xD7, 0xF8, 0xDB, 0xF8,
  0xDE, 0xF8, 0xE1, 0xF8, 0xE4, 0xF8, 0xE8, 0xF8, 0xEB, 0xF8, 0xEE, 0xF8,
  0xF2, 0xF8, 0x0B, 0x07, 0x08, 0x07, 0x04, 0x07, 0x01, 0x07, 0xFE, 0x06,
  0xFB, 0x06, 0xF7, 0x06, 0xF4, 0x06, 0xF1, 0x06, 0xED, 0x06, 0xEA, 0x06,
  0xE7, 0x06, 0xE3, 0x06, 0xE0, 0x06, 0x23, 0xF9, 0x26, 0xF9, 0x2A, 0xF9,
  0x2D, 0xF9, 0x30, 0xF9, 0x34, 0xF9, 0x37, 0xF9, 0x3A, 0xF9, 0x3E, 0xF9,
  0x41, 0xF9, 0x44, 0xF9, 0x48, 0xF9, 0x4B, 0xF9, 0x4E, 0xF9, 0xAF, 0x06,
  0xAB, 0x06, 0xA8, 0x06, 0xA5, 0x06, 0xA1, 0x06, 0x9E, 0x06, 0x9B, 0x06,
  0x97, 0x06, 0x94, 0x06, 0x91, 0x06, 0x8E, 0x06, 0x8A, 0x06, 0x87, 0x06,
  0x84, 0x06, 0x80, 0xF9, 0x83, 0xF9, 0x86, 0xF9, 0x8A, 0xF9, 0x8D, 0xF9,
  0x90, 0xF9, 0x93, 0xF9, 0x97, 0xF9, 0x9A, 0xF9, 0x9D, 0xF9, 0xA1, 0xF9,
  0xA4, 0xF9, 0xA7, 0xF9, 0xAB, 0xF9, 0x52, 0x06, 0x4F, 0x06, 0x4C, 0x06,
  0x48, 0x06, 0x45, 0x06, 0x42, 0x06, 0x3E, 0x06, 0x3B, 0x06, 0x38, 0x06,
  0x34, 0x06, 0x31, 0x06, 0x2E, 0x06, 0x2A, 0x06, 0x27, 0x06, 0xDC, 0xF9,
  0xDF, 0xF9, 0xE3, 0xF9, 0xE6, 0xF9, 0xE9, 0xF9, 0xED, 0xF9, 0xF0, 0xF9,
  0xF3, 0xF9, 0xF7, 0xF9, 0xFA, 0xF9, 0xFD, 0xF9, 0x00, 0xFA, 0x04, 0xFA,
  0x07, 0xFA, 0xF6, 0x05, 0xF2, 0x05, 0xEF, 0x05, 0xEC, 0x05, 0xE8, 0x05,
  0xE5, 0x05, 0xE2, 0x05, 0xDF, 0x05, 0xDB, 0x05, 0xD8, 0x05, 0xD5, 0x05,
  0xD1, 0x05, 0xCE, 0x05, 0xCB, 0x05, 0x39, 0xFA, 0x3C, 0xFA, 0x3F, 0xFA,
  0x42, 0xFA, 0x46, 0xFA, 0x49, 0xFA, 0x4C, 0xFA, 0x50, 0xFA, 0x5B, 0xFA,
  0x67, 0xFA, 0x72, 0xFA, 0x7E, 0xFA, 0x89, 0xFA, 0x95, 0xFA, 0xD3, 0x05,
  0xD8, 0x05, 0xDD, 0x05, 0x3D, 0x05, 0x31, 0x05, 0x26, 0x05, 0x1A, 0x05,
  0x0E, 0x05, 0x03, 0x05, 0xF7, 0x04, 0xEC, 0x04, 0xE0, 0x04, 0xD5, 0x04,
  0xC9, 0x04, 0x42, 0xFB, 0x4E, 0xFB, 0x5A, 0xFB, 0x65, 0xFB, 0x71, 0xFB,
  0x7C, 0xFB, 0x88, 0xFB, 0x93, 0xFB, 0x9F, 0xFB, 0xAA, 0xFB, 0xB6, 0xF9,
  0xB1, 0xF9, 0xAC, 0xF9, 0xA7, 0xF9, 0xA2, 0xF9, 0x10, 0x04, 0x05, 0x04,
  0xF9, 0x03, 0xEE, 0x03, 0xE2, 0x03, 0xD6, 0x03, 0x80, 0x06, 0x85, 0x06,
  0x8A, 0x06, 0x8F, 0x06, 0x94, 0x06, 0x99, 0x06, 0x9E, 0x06, 0xA3, 0x06,
  0x92, 0xFC, 0x9D, 0xFC, 0x4E, 0xF9, 0x49, 0xF9, 0x44, 0xF9, 0x3F, 0xF9,
  0x3A, 0xF9, 0x35, 0xF9, 0x30, 0xF9, 0x2B, 0xF9, 0x26, 0xF9, 0x22, 0xF9,
  0x1D, 0xF9, 0x28, 0xFD, 0xED, 0x06, 0xF2, 0x06, 0xF7, 0x06, 0xFC, 0x06,
  0x01, 0x07, 0x06, 0x07, 0x0B, 0x07, 0x10, 0x07, 0x15, 0x07, 0x65, 0x02,
  0x59, 0x02, 0x4D, 0x02, 0x42, 0x02, 0x36, 0x02, 0xCD, 0xF8, 0xC8, 0xF8,
  0xC3, 0xF8, 0xBE, 0xF8, 0xBA, 0xF8, 0xB5, 0xF8, 0x1B, 0xFE, 0x26, 0xFE,
  0x32, 0xFE, 0x3D, 0xFE, 0x49, 0xFE, 0x54, 0xFE, 0x60, 0xFE, 0x6B, 0xFE,
  0x78, 0x07, 0x7D, 0x07, 0x72, 0x01, 0x66, 0x01, 0x5B, 0x01, 0x4F, 0x01,
  0x44, 0x01, 0x38, 0x01, 0x2D, 0x01, 0x21, 0x01, 0x15, 0x01, 0x0A, 0x01,
  0xFE, 0x00, 0xB8, 0x07, 0x19, 0xFF, 0x24, 0xFF, 0x30, 0xFF, 0x3C, 0xFF,
  0x47, 0xFF, 0x53, 0xFF, 0x5E, 0xFF, 0x6A, 0xFF, 0x75, 0xFF, 0x16, 0xF8,
  0x11, 0xF8, 0x0C, 0xF8, 0x07, 0xF8, 0x02, 0xF8, 0x45, 0x00, 0x3A, 0x00,
  0x2E, 0x00, 0x23, 0x00, 0x17, 0x00, 0x0C, 0x00, 0x20, 0x08, 0x25, 0x08,
  0x2A, 0x08, 0x2F, 0x08, 0x34, 0x08, 0x39, 0x08, 0x3E, 0x08, 0x43, 0x08,
  0x5C, 0x00, 0x68, 0x00, 0xAE, 0xF7, 0xA9, 0xF7, 0xA4, 0xF7, 0x9F, 0xF7,
  0x9A, 0xF7, 0x95, 0xF7, 0x90, 0xF7, 0x8B, 0xF7, 0x86, 0xF7, 0x81, 0xF7,
  0x7C, 0xF7, 0xF3, 0x00, 0x8D, 0x08, 0x92, 0x08, 0x97, 0x08, 0x9C, 0x08,
  0xA1, 0x08, 0xA6, 0x08, 0xAB, 0x08, 0xB0, 0x08, 0xB5, 0x08, 0xBA, 0x08,
  0x8E, 0xFE, 0x83, 0xFE, 0x77, 0xFE, 0x6B, 0xFE, 0x2D, 0xF7, 0x28, 0xF7,
  0x23, 0xF7, 0x1E, 0xF7, 0x19, 0xF7, 0x14, 0xF7, 0xE5, 0x01, 0xF1, 0x01,
  0xFD, 0x01, 0x08, 0x02, 0x14, 0x02, 0x1F, 0x02, 0x2B, 0x02, 0x36, 0x02,
  0x18, 0x09, 0x1D, 0x09, 0x22, 0x09, 0x9B, 0xFD, 0x90, 0xFD, 0x84, 0xFD,
  0x79, 0xFD, 0x6D, 0xFD, 0x62, 0xFD, 0x56, 0xFD, 0x4B, 0xFD, 0x3F, 0xFD,
  0x33, 0xFD, 0x59, 0x09, 0xE4, 0x02, 0xEF, 0x02, 0xFB, 0x02, 0x06, 0x03,
  0x12, 0x03, 0x1E, 0x03, 0x29, 0x03, 0x35, 0x03, 0x40, 0x03, 0x4C, 0x03,
  0x71, 0xF6, 0x6C, 0xF6, 0x67, 0xF6, 0x62, 0xF6, 0x7A, 0xFC, 0x6F, 0xFC,
  0x63, 0xFC, 0x58, 0xFC, 0x4C, 0xFC, 0x41, 0xFC, 0xC1, 0x09, 0xC5, 0x09,
  0xCA, 0x09, 0xCF, 0x09, 0xD4, 0x09, 0xD9, 0x09, 0xDE, 0x09, 0xE3, 0x09,
  0x27, 0x04, 0x33, 0x04, 0x3E, 0x04, 0x09, 0xF6, 0x04, 0xF6, 0xFF, 0xF5,
  0xFA, 0xF5, 0xF5, 0xF5, 0xF0, 0xF5, 0xEB, 0xF5, 0xE6, 0xF5, 0xE1, 0xF5,
  0xDC, 0xF5, 0xBE, 0x04, 0x2E, 0x0A, 0x32, 0x0A, 0x37, 0x0A, 0x3C, 0x0A,
  0x41, 0x0A, 0x46, 0x0A, 0x4B, 0x0A, 0x50, 0x0A, 0x55, 0x0A, 0x5A, 0x0A,
  0xC3, 0xFA, 0xB8, 0xFA, 0xAC, 0xFA, 0xA1, 0xFA, 0x8D, 0xF5, 0x88, 0xF5,
  0x83, 0xF5, 0x7E, 0xF5, 0x79, 0xF5, 0x74, 0xF5, 0xB0, 0x05, 0xBC, 0x05,
  0xC7, 0x05, 0xD3, 0x05, 0xDF, 0x05, 0xEA, 0x05, 0xF6, 0x05, 0x01, 0x06,
  0x0D, 0x06, 0xBD, 0x0A, 0xC2, 0x0A, 0xD1, 0xF9, 0xC5, 0xF9, 0xB9, 0xF9,
  0xAE, 0xF9, 0xA2, 0xF9, 0x97, 0xF9, 0x8B, 0xF9, 0x80, 0xF9, 0x74, 0xF9,
  0x69, 0xF9, 0xF9, 0x0A, 0xFE, 0x0A, 0xBA, 0x06, 0xC6, 0x06, 0xD1, 0x06,
  0xDD, 0x06, 0xE8, 0x06, 0xF4, 0x06, 0xFF, 0x06, 0x0B, 0x07, 0x17, 0x07,
  0xD1, 0xF4, 0xCC, 0xF4, 0xC7, 0xF4, 0xC2, 0xF4, 0xBD, 0xF4, 0xA4, 0xF8,
  0x98, 0xF8, 0x8D, 0xF8, 0x81, 0xF8, 0x76, 0xF8, 0x61, 0x0B, 0x66, 0x0B,
  0x6B, 0x0B, 0x6F, 0x0B, 0x74, 0x0B, 0x79, 0x0B, 0x7E, 0x0B, 0x83, 0x0B,
  0x88, 0x0B, 0xFE, 0x07, 0x09, 0x08, 0x69, 0xF4, 0x64, 0xF4, 0x5F, 0xF4,
  0x5A, 0xF4, 0x55, 0xF4, 0x50, 0xF4, 0x4B, 0xF4, 0x46, 0xF4, 0x41, 0xF4,
  0x3C, 0xF4, 0x37, 0xF4, 0x94, 0x08, 0xD3, 0x0B, 0xD8, 0x0B, 0xDC, 0x0B,
  0xE1, 0x0B, 0xE6, 0x0B, 0xEB, 0x0B, 0xF0, 0x0B, 0xF5, 0x0B, 0xFA, 0x0B,
  0xF8, 0xF6, 0xED, 0xF6, 0xE1, 0xF6, 0xD6, 0xF6, 0xCA, 0xF6, 0xE8, 0xF3,
  0xE3, 0xF3, 0xDE, 0xF3, 0xD9, 0xF3, 0xD4, 0xF3, 0xCF, 0xF3, 0x87, 0x09,
  0x92, 0x09, 0x9E, 0x09, 0xA9, 0x09, 0xB5, 0x09, 0xC1, 0x09, 0xCC, 0x09,
  0xD8, 0x09, 0x5D, 0x0C, 0x62, 0x0C, 0x06, 0xF6, 0xFA, 0xF5, 0xEF, 0xF5,
  0xE3, 0xF5, 0xD7, 0xF5, 0xCC, 0xF5, 0xC0, 0xF5, 0xB5, 0xF5, 0xA9, 0xF5,
  0x9E, 0xF5, 0x92, 0xF5, 0x9E, 0x0C, 0x85, 0x0A, 0x91, 0x0A, 0x9C, 0x0A,
  0xA8, 0x0A, 0xB3, 0x0A, 0xBF, 0x0A, 0xCA, 0x0A, 0xD6, 0x0A, 0xE1, 0x0A,
  0x31, 0xF3, 0x2C, 0xF3, 0x27, 0xF3, 0x22, 0xF3, 0x1D, 0xF3, 0xD9, 0xF4,
  0xCE, 0xF4, 0xC2, 0xF4, 0xB6, 0xF4, 0xAB, 0xF4, 0x9F, 0xF4, 0x06, 0x0D,
  0x0B, 0x0D, 0x10, 0x0D, 0x15, 0x0D, 0x19, 0x0D, 0x1E, 0x0D, 0x23, 0x0D,
  0x28, 0x0D, 0xC9, 0x0B, 0xD4, 0x0B, 0xC9, 0xF2, 0xC4, 0xF2, 0xBF, 0xF2,
  0xBA, 0xF2, 0xB5, 0xF2, 0xB0, 0xF2, 0xAB, 0xF2, 0xA6, 0xF2, 0xA2, 0xF2,
  0xA5, 0xF2, 0xA9, 0xF2, 0x45, 0x0C, 0x51, 0x0D, 0x4D, 0x0D, 0x4A, 0x0D,
  0x47, 0x0D, 0x44, 0x0D, 0x40, 0x0D, 0x3D, 0x0D, 0x3A, 0x0D, 0x36, 0x0D,
  0x9A, 0xF3, 0x96, 0xF3, 0x93, 0xF3, 0x90, 0xF3, 0x8C, 0xF3, 0xDD, 0xF2,
  0xE1, 0xF2, 0xE4, 0xF2, 0xE7, 0xF2, 0xEB, 0xF2, 0xEE, 0xF2, 0x8B, 0x0C,
  0x8E, 0x0C, 0x91, 0x0C, 0x95, 0x0C, 0x98, 0x0C, 0x9B, 0x0C, 0x9E, 0x0C,
  0xA2, 0x0C, 0xF4, 0x0C, 0xF1, 0x0C, 0x54, 0xF3, 0x51, 0xF3, 0x4E, 0xF3,
  0x4A, 0xF3, 0x47, 0xF3, 0x44, 0xF3, 0x41, 0xF3, 0x3D, 0xF3, 0x3A, 0xF3,
  0x37, 0xF3, 0x33, 0xF3, 0xCD, 0x0C, 0xCD, 0x0C, 0xCD, 0x0C, 0xCD, 0x0C,
  0xCD, 0x0C, 0xCD, 0x0C, 0xCD, 0x0C, 0xCD, 0x0C, 0xCD, 0x0C, 0xCD, 0x0C,
  0xCD, 0x0C, 0x33, 0xF3, 0x33, 0xF3, 0x33, 0xF3, 0x33, 0xF3, 0x33, 0xF3,
  0x33, 0xF3, 0x33, 0xF3, 0x33, 0xF3, 0x33, 0xF3, 0x33, 0xF3, 0xCD, 0x0C,
  0xCD, 0x0C, 0xCD, 0x0C, 0xCD, 0x0C, 0xCD, 0x0C, 0xCD, 0x0C, 0xCD, 0x0C,
  0xCD, 0x0C, 0xCD, 0x0C, 0xCD, 0x0C, 0xCD, 0x0C, 0x33, 0xF3, 0x33, 0xF3,
  0x33, 0xF3, 0x33, 0xF3, 0x33, 0xF3, 0x33, 0xF3, 0x33, 0xF3, 0x33, 0xF3,
  0x33, 0xF3, 0x33, 0xF3, 0xCD, 0x0C, 0xCD, 0x0C, 0xCD, 0x0C, 0xCD, 0x0C,
  0xCD, 0x0C, 0xCD, 0x0C, 0xCD, 0x0C, 0xCD, 0x0C, 0xCD, 0x0C, 0xCD, 0x0C,
  0xCD, 0x0C, 0x33, 0xF3, 0x33, 0xF3, 0x33, 0xF3, 0x33, 0xF3, 0x33, 0xF3,
  0x33, 0xF3, 0x33, 0xF3, 0x33, 0xF3, 0x33, 0xF3, 0x33, 0xF3, 0xCD, 0x0C,
  0xCD, 0x0C, 0xCD, 0x0C, 0xCD, 0x0C, 0xCD, 0x0C, 0xCD, 0x0C, 0xCD, 0x0C,
  0xCD, 0x0C, 0xCD, 0x0C, 0xCD, 0x0C, 0xCD, 0x0C, 0x33, 0xF3, 0x33, 0xF3,
  0x33, 0xF3, 0x33, 0xF3, 0x33, 0xF3, 0x33, 0xF3, 0x33, 0xF3, 0x33, 0xF3,
  0x33, 0xF3, 0x33, 0xF3, 0xCD, 0x0C, 0xCD, 0x0C, 0xCD, 0x0C, 0xCD, 0x0C,
  0xCD, 0x0C, 0xCD, 0x0C, 0xCD, 0x0C, 0xCD, 0x0C, 0xCD, 0x0C, 0xCD, 0x0C,
  0xCD, 0x0C, 0x33, 0xF3, 0x33, 0xF3, 0x33, 0xF3, 0x33, 0xF3, 0x33, 0xF3,
  0x33, 0xF3, 0x33, 0xF3, 0x33, 0xF3, 0x33, 0xF3, 0x33, 0xF3, 0xCD, 0x0C,
  0xCD, 0x0C, 0xCD, 0x0C, 0xCD, 0x0C, 0xCD, 0x0C, 0xCD, 0x0C, 0xCD, 0x0C,
  0xCD, 0x0C, 0xCD, 0x0C, 0xCD, 0x0C, 0xCD, 0x0C, 0x33, 0xF3, 0x33, 0xF3,
  0x33, 0xF3, 0x33, 0xF3, 0x33, 0xF3, 0x33, 0xF3, 0x33, 0xF3, 0x33, 0xF3,
  0x33, 0xF3, 0x33, 0xF3, 0xCD, 0x0C, 0xCD, 0x0C, 0xCD, 0x0C, 0xCD, 0x0C,
  0xCD, 0x0C, 0xCD, 0x0C, 0xCD, 0x0C, 0xCD, 0x0C, 0xCD, 0x0C, 0xCD, 0x0C,
  0xCD, 0x0C, 0x33, 0xF3, 0x33, 0xF3, 0x33, 0xF3, 0x33, 0xF3, 0x33, 0xF3,
  0x33, 0xF3, 0x33, 0xF3, 0x33, 0xF3, 0x33, 0xF3, 0x33, 0xF3, 0xCD, 0x0C,
  0xCD, 0x0C, 0xCD, 0x0C, 0xCD, 0x0C, 0xCD, 0x0C, 0xCD, 0x0C, 0xCD, 0x0C,
  0xCD, 0x0C, 0xCD, 0x0C, 0xCD, 0x0C, 0xCD, 0x0C, 0x33, 0xF3, 0x33, 0xF3,
  0x33, 0xF3, 0x33, 0xF3, 0x33, 0xF3, 0x33, 0xF3, 0x33, 0xF3, 0x33, 0xF3,
  0x33, 0xF3, 0x33, 0xF3, 0x33, 0xF3, 0xCD, 0x0C, 0xCD, 0x0C, 0xCD, 0x0C,
  0xCD, 0x0C, 0xCD, 0x0C, 0xCD, 0x0C, 0xCD, 0x0C, 0xCD, 0x0C, 0xCD, 0x0C,
  0xCD, 0x0C, 0x33, 0xF3, 0x33, 0xF3, 0x33, 0xF3, 0x33, 0xF3, 0x33, 0xF3,
  0x33, 0xF3, 0x33, 0xF3, 0x33, 0xF3, 0x33, 0xF3, 0x33, 0xF3, 0x33, 0xF3,
  0xCD, 0x0C, 0xCD, 0x0C, 0xCD, 0x0C, 0xCD, 0x0C, 0xCD, 0x0C, 0xCD, 0x0C,
  0xCD, 0x0C, 0xCD, 0x0C, 0xCD, 0x0C, 0xCD, 0x0C, 0x33, 0xF3, 0x33, 0xF3,
  0x33, 0xF3, 0x33, 0xF3, 0x33, 0xF3, 0x33, 0xF3, 0x33, 0xF3, 0x33, 0xF3,
  0x33, 0xF3, 0x33, 0xF3, 0x33, 0xF3, 0xCD, 0x0C, 0xCD, 0x0C, 0xCD, 0x0C,
  0xCD, 0x0C, 0xCD, 0x0C, 0xCD, 0x0C, 0xCD, 0x0C, 0xCD, 0x0C, 0xCD, 0x0C,
  0xCD, 0x0C, 0x33, 0xF3, 0x33, 0xF3, 0x33, 0xF3, 0x33, 0xF3, 0x33, 0xF3,
  0x33, 0xF3, 0x33, 0xF3, 0x33, 0xF3, 0x33, 0xF3, 0x33, 0xF3, 0x33, 0xF3,
  0xCD, 0x0C, 0xCD, 0x0C, 0xCD, 0x0C, 0xCD, 0x0C, 0xCD, 0x0C, 0xCD, 0x0C,
  0xCD, 0x0C, 0xCD, 0x0C, 0xCD, 0x0C, 0xCD, 0x0C, 0x33, 0xF3, 0x33, 0xF3,
  0x33, 0xF3, 0x33, 0xF3, 0x33, 0xF3, 0x33, 0xF3, 0x33, 0xF3, 0x33, 0xF3,
  0x33, 0xF3, 0x33, 0xF3, 0x33, 0xF3, 0xCD, 0x0C, 0xCD, 0x0C, 0xCD, 0x0C,
  0xCD, 0x0C, 0xCD, 0x0C, 0xCD, 0x0C, 0xCD, 0x0C, 0xCD, 0x0C, 0xCD, 0x0C,
  0xCD, 0x0C, 0x33, 0xF3, 0x33, 0xF3, 0x33, 0xF3, 0x33, 0xF3, 0x33, 0xF3,
  0x33, 0xF3, 0x33, 0xF3, 0x33, 0xF3, 0x33, 0xF3, 0x33, 0xF3, 0x33, 0xF3,
  0xCD, 0x0C, 0xCD, 0x0C, 0xCD, 0x0C, 0xCD, 0x0C, 0xCD, 0x0C, 0xCD, 0x0C,
  0xCD, 0x0C, 0xCD, 0x0C, 0xCD, 0x0C, 0xCD, 0x0C, 0x33, 0xF3, 0x33, 0xF3,
  0x33, 0xF3, 0x33, 0xF3, 0x33, 0xF3, 0x33, 0xF3, 0x33, 0xF3, 0x33, 0xF3,
  0x33, 0xF3, 0x33, 0xF3, 0x33, 0xF3, 0xCD, 0x0C, 0xCD, 0x0C, 0xCD, 0x0C,
  0xCD, 0x0C, 0xCD, 0x0C, 0xCD, 0x0C, 0xCD, 0x0C, 0xCD, 0x0C, 0xCD, 0x0C,
  0xCD, 0x0C, 0x33, 0xF3, 0x33, 0xF3, 0x33, 0xF3, 0x33, 0xF3, 0x33, 0xF3,
  0x33, 0xF3, 0x33, 0xF3, 0x33, 0xF3, 0x33, 0xF3, 0x33, 0xF3, 0x33, 0xF3,
  0xCD, 0x0C, 0xCD, 0x0C, 0xCD, 0x0C, 0xCD, 0x0C, 0xCD, 0x0C, 0xCD, 0x0C,
  0xCD, 0x0C, 0xCD, 0x0C, 0xCD, 0x0C, 0xCD, 0x0C, 0xCD, 0x0C, 0x33, 0xF3,
  0x33, 0xF3, 0x33, 0xF3, 0x33, 0xF3, 0x33, 0xF3, 0x33, 0xF3, 0x33, 0xF3,
  0x33, 0xF3, 0x33, 0xF3, 0x33, 0xF3, 0xCD, 0x0C, 0xCD, 0x0C, 0xCD, 0x0C,
  0xCD, 0x0C, 0xCD, 0x0C, 0xCD, 0x0C, 0xCD, 0x0C, 0xCD, 0x0C, 0xCD, 0x0C,
  0xCD, 0x0C, 0xCD, 0x0C, 0x33, 0xF3, 0x33, 0xF3, 0x33, 0xF3, 0x33, 0xF3,
  0x33, 0xF3, 0x33, 0xF3, 0x33, 0xF3, 0x33, 0xF3, 0x33, 0xF3, 0x33, 0xF3,
  0xCD, 0x0C, 0xCD, 0x0C, 0xCD, 0x0C, 0xCD, 0x0C, 0xCD, 0x0C, 0xCD, 0x0C,
  0xCD, 0x0C, 0xCD, 0x0C, 0xCD, 0x0C, 0xCD, 0x0C, 0xCD, 0x0C, 0x33, 0xF3,
  0x33, 0xF3, 0x33, 0xF3, 0x33, 0xF3, 0x33, 0xF3, 0x33, 0xF3, 0x33, 0xF3,
  0x33, 0xF3, 0x33, 0xF3, 0x33, 0xF3, 0xCD, 0x0C, 0xCD, 0x0C, 0xCD, 0x0C,
  0xCD, 0x0C, 0xCD, 0x0C, 0xCD, 0x0C, 0xCD, 0x0C, 0xCD, 0x0C, 0xCD, 0x0C,
  0xCD, 0x0C, 0xCD, 0x0C, 0x33, 0xF3, 0x33, 0xF3, 0x33, 0xF3, 0x33, 0xF3,
  0x33, 0xF3, 0x33, 0xF3, 0x33, 0xF3, 0x33, 0xF3, 0x33, 0xF3, 0x33, 0xF3,
  0xCD, 0x0C, 0xCD, 0x0C, 0xCD, 0x0C, 0xCD, 0x0C, 0xCD, 0x0C, 0xCD, 0x0C,
  0xCD, 0x0C, 0xCD, 0x0C, 0xCD, 0x0C, 0xCD, 0x0C, 0xCD, 0x0C, 0x33, 0xF3,
  0x33, 0xF3, 0x33, 0xF3, 0x33, 0xF3, 0x33, 0xF3, 0x33, 0xF3, 0x33, 0xF3,
  0x33, 0xF3, 0x33, 0xF3, 0x33, 0xF3, 0xCD, 0x0C, 0xCD, 0x0C, 0xCD, 0x0C,
  0xCD, 0x0C, 0xCD, 0x0C, 0xCD, 0x0C, 0xCD, 0x0C, 0xCD, 0x0C, 0xCD, 0x0C,
  0xCD, 0x0C, 0xCD, 0x0C, 0x33, 0xF3, 0x33, 0xF3, 0x33, 0xF3, 0x33, 0xF3,
  0x33, 0xF3, 0x33, 0xF3, 0x33, 0xF3, 0x33, 0xF3, 0x33, 0xF3, 0x33, 0xF3,
  0xCD, 0x0C, 0xCD, 0x0C, 0xCD, 0x0C, 0xCD, 0x0C, 0xCD, 0x0C, 0xCD, 0x0C,
  0xCD, 0x0C, 0xCD, 0x0C, 0xCD, 0x0C, 0xCD, 0x0C, 0xCD, 0x0C, 0x33, 0xF3,
  0x33, 0xF3, 0x33, 0xF3, 0x33, 0xF3, 0x33, 0xF3, 0x33, 0xF3, 0x33, 0xF3,
  0x33, 0xF3, 0x33, 0xF3, 0x33, 0xF3, 0x33, 0xF3, 0xCD, 0x0C, 0xCD, 0x0C,
  0xCD, 0x0C, 0xCD, 0x0C, 0xCD, 0x0C, 0xCD, 0x0C, 0xCD, 0x0C, 0xCD, 0x0C,
  0xCD, 0x0C, 0xCD, 0x0C, 0x33, 0xF3, 0x33, 0xF3, 0x33, 0xF3, 0x33, 0xF3,
  0x33, 0xF3, 0x33, 0xF3, 0x33, 0xF3, 0x33, 0xF3, 0x33, 0xF3, 0x33, 0xF3,
  0x33, 0xF3, 0xCD, 0x0C, 0xCD, 0x0C, 0xCD, 0x0C, 0xCD, 0x0C, 0xCD, 0x0C,
  0xCD, 0x0C, 0xCD, 0x0C, 0xCD, 0x0C, 0xCD, 0x0C, 0xCD, 0x0C, 0x33, 0xF3,
  0x33, 0xF3, 0x33, 0xF3, 0x33, 0xF3, 0x33, 0xF3, 0x33, 0xF3, 0x33, 0xF3,
  0x33, 0xF3, 0x33, 0xF3, 0x33, 0xF3, 0x33, 0xF3, 0xCD, 0x0C, 0xCD, 0x0C,
  0xCD, 0x0C, 0xCD, 0x0C, 0xCD, 0x0C, 0xCD, 0x0C, 0xCD, 0x0C, 0xCD, 0x0C,
  0xCD, 0x0C, 0xCD, 0x0C, 0x33, 0xF3, 0x33, 0xF3, 0x33, 0xF3, 0x33, 0xF3,
  0x33, 0xF3, 0x33, 0xF3, 0x33, 0xF3, 0x33, 0xF3, 0x33, 0xF3, 0x33, 0xF3,
  0x33, 0xF3, 0xCD, 0x0C, 0xCD, 0x0C, 0xCD, 0x0C, 0xCD, 0x0C, 0xCD, 0x0C,
  0xCD, 0x0C, 0xCD, 0x0C, 0xCD, 0x0C, 0xCD, 0x0C, 0xCD, 0x0C, 0x33, 0xF3,
  0x33, 0xF3, 0x33, 0xF3, 0x33, 0xF3, 0x33, 0xF3, 0x33, 0xF3, 0x33, 0xF3,
  0x33, 0xF3, 0x33, 0xF3, 0x33, 0xF3, 0x33, 0xF3, 0xCD, 0x0C, 0xCD, 0x0C,
  0xCD, 0x0C, 0xCD, 0x0C, 0xCD, 0x0C, 0xCD, 0x0C, 0xCD, 0x0C, 0xCD, 0x0C,
  0xCD, 0x0C, 0xCD, 0x0C, 0x33, 0xF3, 0x33, 0xF3, 0x33, 0xF3, 0x33, 0xF3,
  0x33, 0xF3, 0x33, 0xF3, 0x33, 0xF3, 0x33, 0xF3, 0x33, 0xF3, 0x33, 0xF3,
  0x33, 0xF3, 0xCD, 0x0C, 0xCD, 0x0C, 0xCD, 0x0C, 0xCD, 0x0C, 0xCD, 0x0C,
  0xCD, 0x0C, 0xCD, 0x0C, 0xCD, 0x0C, 0xCD, 0x0C, 0xCD, 0x0C, 0x33, 0xF3,
  0x33, 0xF3, 0x33, 0xF3, 0x33, 0xF3, 0x33, 0xF3, 0x33, 0xF3, 0x33, 0xF3,
  0x33, 0xF3, 0x33, 0xF3, 0x33, 0xF3, 0x33, 0xF3, 0xCD, 0x0C, 0xCD, 0x0C,
  0xCD, 0x0C, 0xCD, 0x0C, 0xCD, 0x0C, 0xCD, 0x0C, 0xCD, 0x0C, 0xCD, 0x0C,
  0xCD, 0x0C, 0xCD, 0x0C, 0x33, 0xF3, 0x33, 0xF3, 0x33, 0xF3, 0x33, 0xF3,
  0x33, 0xF3, 0x33, 0xF3, 0x33, 0xF3, 0x33, 0xF3, 0x33, 0xF3, 0x33, 0xF3,
  0x33, 0xF3, 0xCD, 0x0C, 0xCD, 0x0C, 0xCD, 0x0C, 0xCD, 0x0C, 0xCD, 0x0C,
  0xCD, 0x0C, 0xCD, 0x0C, 0xCD, 0x0C, 0xCD, 0x0C, 0xCD, 0x0C, 0xCD, 0x0C,
  0x33, 0xF3, 0x33, 0xF3, 0x33, 0xF3, 0x33, 0xF3, 0x33, 0xF3, 0x33, 0xF3,
  0x33, 0xF3, 0x33, 0xF3, 0x33, 0xF3, 0x33, 0xF3, 0xCD, 0x0C, 0xCD, 0x0C,
  0xCD, 0x0C, 0xCD, 0x0C, 0xCD, 0x0C, 0xCD, 0x0C, 0xCD, 0x0C, 0xCD, 0x0C,
  0xCD, 0x0C, 0xCD, 0x0C, 0xCD, 0x0C, 0x33, 0xF3, 0x33, 0xF3, 0x33, 0xF3,
  0x33, 0xF3, 0x33, 0xF3, 0x33, 0xF3, 0x33, 0xF3, 0x33, 0xF3, 0x33, 0xF3,
  0x33, 0xF3, 0xCD, 0x0C, 0xCD, 0x0C, 0xCD, 0x0C, 0xCD, 0x0C, 0xCD, 0x0C,
  0xCD, 0x0C, 0xCD, 0x0C, 0xCD, 0x0C, 0xCD, 0x0C, 0xCD, 0x0C, 0xCD, 0x0C,
  0x33, 0xF3, 0x33, 0xF3, 0x33, 0xF3, 0x33, 0xF3, 0x33, 0xF3, 0x33, 0xF3,
  0x33, 0xF3, 0x33, 0xF3, 0x33, 0xF3, 0x33, 0xF3, 0xCD, 0x0C, 0xCD, 0x0C,
  0xCD, 0x0C, 0xCD, 0x0C, 0xCD, 0x0C, 0xCD, 0x0C, 0xCD, 0x0C, 0xCD, 0x0C,
  0xCD, 0x0C, 0xCD, 0x0C, 0xCD, 0x0C, 0x33, 0xF3, 0x33, 0xF3, 0x33, 0xF3,
  0x33, 0xF3, 0x33, 0xF3, 0x33, 0xF3, 0x33, 0xF3, 0x33, 0xF3, 0x33, 0xF3,
  0x33, 0xF3, 0xCD, 0x0C, 0xCD, 0x0C, 0xCD, 0x0C, 0xCD, 0x0C, 0xCD, 0x0C,
  0xCD, 0x0C, 0xCD, 0x0C, 0xCD, 0x0C, 0xCD, 0x0C, 0xCD, 0x0C, 0xCD, 0x0C,
  0x33, 0xF3, 0x33, 0xF3, 0x33, 0xF3, 0x33, 0xF3, 0x33, 0xF3, 0x33, 0xF3,
  0x33, 0xF3, 0x33, 0xF3, 0x33, 0xF3, 0x33, 0xF3, 0xCD, 0x0C, 0xCD, 0x0C,
  0xCD, 0x0C, 0xCD, 0x0C, 0xCD, 0x0C, 0xCD, 0x0C, 0xCD, 0x0C, 0xCD, 0x0C,
  0xCD, 0x0C, 0xCD, 0x0C, 0xCD, 0x0C, 0x33, 0xF3, 0x33, 0xF3, 0x33, 0xF3,
  0x33, 0xF3, 0x33, 0xF3, 0x33, 0xF3, 0x33, 0xF3, 0x33, 0xF3, 0x33, 0xF3,
  0x33, 0xF3, 0xCD, 0x0C, 0xCD, 0x0C, 0xCD, 0x0C, 0xCD, 0x0C, 0xCD, 0x0C,
  0xCD, 0x0C, 0xCD, 0x0C, 0xCD, 0x0C, 0xCD, 0x0C, 0xCD, 0x0C, 0xCD, 0x0C,
  0x33, 0xF3, 0x33, 0xF3, 0x33, 0xF3, 0x33, 0xF3, 0x33, 0xF3, 0x33, 0xF3,
  0x33, 0xF3, 0x33, 0xF3, 0x33, 0xF3, 0x33, 0xF3, 0x33, 0xF3, 0xCD, 0x0C,
  0xCD, 0x0C, 0xCD, 0x0C, 0xCD, 0x0C, 0xCD, 0x0C, 0xCD, 0x0C, 0xCD, 0x0C,
  0xCD, 0x0C, 0xCD, 0x0C, 0xCD, 0x0C, 0x33, 0xF3, 0x33, 0xF3, 0x34, 0xF3,
  0x37, 0xF3, 0x3B, 0xF3, 0x3E, 0xF3, 0x41, 0xF3, 0x45, 0xF3, 0x48, 0xF3,
  0x4B, 0xF3, 0x4F, 0xF3, 0xAE, 0x0C, 0xAB, 0x0C, 0xA8, 0x0C, 0xA4, 0x0C,
  0xA1, 0x0C, 0x9E, 0x0C, 0x9A, 0x0C, 0x97, 0x0C, 0x94, 0x0C, 0x90, 0x0C,
  0x73, 0xF3, 0x76, 0xF3, 0x79, 0xF3, 0x7D, 0xF3, 0x80, 0xF3, 0x83, 0xF3,
  0x87, 0xF3, 0x8A, 0xF3, 0x8D, 0xF3, 0x91, 0xF3, 0x94, 0xF3, 0x69, 0x0C,
  0x66, 0x0C, 0x62, 0x0C, 0x5F, 0x0C, 0x5C, 0x0C, 0x58, 0x0C, 0x55, 0x0C,
  0x52, 0x0C, 0x4E, 0x0C, 0x4B, 0x0C, 0xB8, 0xF3, 0xBC, 0xF3, 0xBF, 0xF3,
  0xC2, 0xF3, 0xC5, 0xF3, 0xC9, 0xF3, 0xCC, 0xF3, 0xCF, 0xF3, 0xD3, 0xF3,
  0xD6, 0xF3, 0xD9, 0xF3, 0x23, 0x0C, 0x20, 0x0C, 0x1D, 0x0C, 0x1A, 0x0C,
  0x16, 0x0C, 0x13, 0x0C, 0x10, 0x0C, 0x0C, 0x0C, 0x09, 0x0C, 0x06, 0x0C,
  0xFE, 0xF3, 0x01, 0xF4, 0x04, 0xF4, 0x07, 0xF4, 0x0B, 0xF4, 0x0E, 0xF4,
  0x11, 0xF4, 0x15, 0xF4, 0x18, 0xF4, 0x1B, 0xF4, 0x1F, 0xF4, 0xDE, 0x0B,
  0xDB, 0x0B, 0xD8, 0x0B, 0xD4, 0x0B, 0xD1, 0x0B, 0xCE, 0x0B, 0xCA, 0x0B,
  0xC7, 0x0B, 0xC4, 0x0B, 0xC0, 0x0B, 0x43, 0xF4, 0x46, 0xF4, 0x4A, 0xF4,
  0x4D, 0xF4, 0x50, 0xF4, 0x53, 0xF4, 0x57, 0xF4, 0x5A, 0xF4, 0x5D, 0xF4,
  0x61, 0xF4, 0x64, 0xF4, 0x99, 0x0B, 0x95, 0x0B, 0x92, 0x0B, 0x8F, 0x0B,
  0x8C, 0x0B, 0x88, 0x0B, 0x85, 0x0B, 0x82, 0x0B, 0x7E, 0x0B, 0x7B, 0x0B,
  0x88, 0xF4, 0x8C, 0xF4, 0x8F, 0xF4, 0x92, 0xF4, 0x95, 0xF4, 0x99, 0xF4,
  0x9C, 0xF4, 0x9F, 0xF4, 0xA3, 0xF4, 0xA6, 0xF4, 0xA9, 0xF4, 0x53, 0x0B,
  0x50, 0x0B, 0x4D, 0x0B, 0x4A, 0x0B, 0x46, 0x0B, 0x43, 0x0B, 0x40, 0x0B,
  0x3C, 0x0B, 0x39, 0x0B, 0x36, 0x0B, 0xCE, 0xF4, 0xD1, 0xF4, 0xD4, 0xF4,
  0xD8, 0xF4, 0xDB, 0xF4, 0xDE, 0xF4, 0xE1, 0xF4, 0xE5, 0xF4, 0xE8, 0xF4,
  0xEB, 0xF4, 0xEF, 0xF4, 0x0E, 0x0B, 0x0B, 0x0B, 0x07, 0x0B, 0x04, 0x0B,
  0x01, 0x0B, 0xFE, 0x0A, 0xFA, 0x0A, 0xF7, 0x0A, 0xF4, 0x0A, 0xF0, 0x0A,
  0xED, 0x0A, 0x16, 0xF5, 0x1A, 0xF5, 0x1D, 0xF5, 0x20, 0xF5, 0x23, 0xF5,
  0x27, 0xF5, 0x2A, 0xF5, 0x2D, 0xF5, 0x31, 0xF5, 0x34, 0xF5, 0xC9, 0x0A,
  0xC5, 0x0A, 0xC2, 0x0A, 0xBF, 0x0A, 0xBC, 0x0A, 0xB8, 0x0A, 0xB5, 0x0A,
  0xB2, 0x0A, 0xAE, 0x0A, 0xAB, 0x0A, 0xA8, 0x0A, 0x5C, 0xF5, 0x5F, 0xF5,
  0x62, 0xF5, 0x66, 0xF5, 0x69, 0xF5, 0x6C, 0xF5, 0x6F, 0xF5, 0x73, 0xF5,
  0x76, 0xF5, 0x79, 0xF5, 0x83, 0x0A, 0x80, 0x0A, 0x7D, 0x0A, 0x79, 0x0A,
  0x76, 0x0A, 0x73, 0x0A, 0x70, 0x0A, 0x6C, 0x0A, 0x69, 0x0A, 0x66, 0x0A,
  0x62, 0x0A, 0xA1, 0xF5, 0xA4, 0xF5, 0xA8, 0xF5, 0xAB, 0xF5, 0xAE, 0xF5,
  0xB1, 0xF5, 0xB5, 0xF5, 0xB8, 0xF5, 0xBB, 0xF5, 0xBF, 0xF5, 0x3E, 0x0A,
  0x3B, 0x0A, 0x37, 0x0A, 0x34, 0x0A, 0x31, 0x0A, 0x2E, 0x0A, 0x2A, 0x0A,
  0x27, 0x0A, 0x24, 0x0A, 0x20, 0x0A, 0x1D, 0x0A, 0xE6, 0xF5, 0xEA, 0xF5,
  0xED, 0xF5, 0xF0, 0xF5, 0xF4, 0xF5, 0xF7, 0xF5, 0xFA, 0xF5, 0xFD, 0xF5,
  0x01, 0xF6, 0x04, 0xF6, 0xF9, 0x09, 0xF5, 0x09, 0xF2, 0x09, 0xEF, 0x09,
  0xEB, 0x09, 0xE8, 0x09, 0xE5, 0x09, 0xE2, 0x09, 0xDE, 0x09, 0xDB, 0x09,
  0xD8, 0x09, 0x2C, 0xF6, 0x2F, 0xF6, 0x32, 0xF6, 0x36, 0xF6, 0x39, 0xF6,
  0x3C, 0xF6, 0x3F, 0xF6, 0x43, 0xF6, 0x46, 0xF6, 0x49, 0xF6, 0xB3, 0x09,
  0xB0, 0x09, 0xAD, 0x09, 0xA9, 0x09, 0xA6, 0x09, 0xA3, 0x09, 0xA0, 0x09,
  0x9C, 0x09, 0x99, 0x09, 0x96, 0x09, 0x92, 0x09, 0x71, 0xF6, 0x74, 0xF6,
  0x78, 0xF6, 0x7B, 0xF6, 0x7E, 0xF6, 0x82, 0xF6, 0x85, 0xF6, 0x88, 0xF6,
  0x8B, 0xF6, 0x8F, 0xF6, 0x6E, 0x09, 0x6B, 0x09, 0x67, 0x09, 0x64, 0x09,
  0x61, 0x09, 0x5D, 0x09, 0x5A, 0x09, 0x57, 0x09, 0x54, 0x09, 0x50, 0x09,
  0x4D, 0x09, 0xB6, 0xF6, 0xBA, 0xF6, 0xBD, 0xF6, 0xC0, 0xF6, 0xC4, 0xF6,
  0xC7, 0xF6, 0xCA, 0xF6, 0xCD, 0xF6, 0xD1, 0xF6, 0xD4, 0xF6, 0x29, 0x09,
  0x25, 0x09, 0x22, 0x09, 0x1F, 0x09, 0x1B, 0x09, 0x18, 0x09, 0x15, 0x09,
  0x12, 0x09, 0x0E, 0x09, 0x0B, 0x09, 0x08, 0x09, 0xFC, 0xF6, 0xFF, 0xF6,
  0x02, 0xF7, 0x06, 0xF7, 0x09, 0xF7, 0x0C, 0xF7, 0x10, 0xF7, 0x13, 0xF7,
  0x16, 0xF7, 0x19, 0xF7, 0x1D, 0xF7, 0xE0, 0x08, 0xDD, 0x08, 0xD9, 0x08,
  0xD6, 0x08, 0xD3, 0x08, 0xCF, 0x08, 0xCC, 0x08, 0xC9, 0x08, 0xC6, 0x08,
  0xC2, 0x08, 0x41, 0xF7, 0x44, 0xF7, 0x48, 0xF7, 0x4B, 0xF7, 0x4E, 0xF7,
  0x52, 0xF7, 0x55, 0xF7, 0x58, 0xF7, 0x5B, 0xF7, 0x5F, 0xF7, 0x62, 0xF7,
  0x9B, 0x08, 0x97, 0x08, 0x94, 0x08, 0x91, 0x08, 0x8D, 0x08, 0x8A, 0x08,
  0x87, 0x08, 0x84, 0x08, 0x80, 0x08, 0x7D, 0x08, 0x86, 0xF7, 0x8A, 0xF7,
  0x8D, 0xF7, 0x90, 0xF7, 0x94, 0xF7, 0x97, 0xF7, 0x9A, 0xF7, 0x9E, 0xF7,
  0xA1, 0xF7, 0xA4, 0xF7, 0xA7, 0xF7, 0x55, 0x08, 0x52, 0x08, 0x4F, 0x08,
  0x4B, 0x08, 0x48, 0x08, 0x45, 0x08, 0x41, 0x08, 0x3E, 0x08, 0x3B, 0x08,
  0x38, 0x08, 0xCC, 0xF7, 0xCF, 0xF7, 0xD2, 0xF7, 0xD6, 0xF7, 0xD9, 0xF7,
  0xDC, 0xF7, 0xE0, 0xF7, 0xE3, 0xF7, 0xE6, 0xF7, 0xE9, 0xF7, 0xED, 0xF7,
  0x10, 0x08, 0x0D, 0x08, 0x09, 0x08, 0x06, 0x08, 0x03, 0x08, 0xFF, 0x07,
  0xFC, 0x07, 0xF9, 0x07, 0xF6, 0x07, 0xF2, 0x07, 0x11, 0xF8, 0x14, 0xF8,
  0x18, 0xF8, 0x1B, 0xF8, 0x1E, 0xF8, 0x22, 0xF8, 0x25, 0xF8, 0x28, 0xF8,
  0x2C, 0xF8, 0x2F, 0xF8, 0x32, 0xF8, 0xCB, 0x07, 0xC7, 0x07, 0xC4, 0x07,
  0xC1, 0x07, 0xBD, 0x07, 0xBA, 0x07, 0xB7, 0x07, 0xB3, 0x07, 0xB0, 0x07,
  0xAD, 0x07, 0x56, 0xF8, 0x5A, 0xF8, 0x5D, 0xF8, 0x60, 0xF8, 0x64, 0xF8,
  0x67, 0xF8, 0x6A, 0xF8, 0x6E, 0xF8, 0x71, 0xF8, 0x74, 0xF8, 0x77, 0xF8,
  0x85, 0x07, 0x82, 0x07, 0x7F, 0x07, 0x7B, 0x07, 0x78, 0x07, 0x75, 0x07,
  0x71, 0x07, 0x6E, 0x07, 0x6B, 0x07, 0x68, 0x07, 0x9C, 0xF8, 0x9F, 0xF8,
  0xA2, 0xF8, 0xA6, 0xF8, 0xA9, 0xF8, 0xAC, 0xF8, 0xB0, 0xF8, 0xB3, 0xF8,
  0xB6, 0xF8, 0xBA, 0xF8, 0xBD, 0xF8, 0x40, 0x07, 0x3D, 0x07, 0x39, 0x07,
  0x36, 0x07, 0x33, 0x07, 0x2F, 0x07, 0x2C, 0x07, 0x29, 0x07, 0x25, 0x07,
  0x22, 0x07, 0x1F, 0x07, 0xE4, 0xF8, 0xE8, 0xF8, 0xEB, 0xF8, 0xEE, 0xF8,
  0xF2, 0xF8, 0xF5, 0xF8, 0xF8, 0xF8, 0xFC, 0xF8, 0xFF, 0xF8, 0x02, 0xF9,
  0xFB, 0x06, 0xF7, 0x06, 0xF4, 0x06, 0xF1, 0x06, 0xED, 0x06, 0xEA, 0x06,
  0xE7, 0x06, 0xE3, 0x06, 0xE0, 0x06, 0xDD, 0x06, 0xDA, 0x06, 0x2A, 0xF9,
  0x2D, 0xF9, 0x30, 0xF9, 0x34, 0xF9, 0x37, 0xF9, 0x3A, 0xF9, 0x3E, 0xF9,
  0x41, 0xF9, 0x44, 0xF9, 0x48, 0xF9, 0xB5, 0x06, 0xB2, 0x06, 0xAF, 0x06,
  0xAB, 0x06, 0xA8, 0x06, 0xA5, 0x06, 0xA1, 0x06, 0x9E, 0x06, 0x9B, 0x06,
  0x97, 0x06, 0x94, 0x06, 0x6F, 0xF9, 0x72, 0xF9, 0x76, 0xF9, 0x79, 0xF9,
  0x7C, 0xF9, 0x80, 0xF9, 0x83, 0xF9, 0x86, 0xF9, 0x8A, 0xF9, 0x8D, 0xF9,
  0x70, 0x06, 0x6D, 0x06, 0x69, 0x06, 0x66, 0x06, 0x63, 0x06, 0x5F, 0x06,
  0x5C, 0x06, 0x59, 0x06, 0x55, 0x06, 0x52, 0x06, 0x4F, 0x06, 0xB4, 0xF9,
  0xB8, 0xF9, 0xBB, 0xF9, 0xBE, 0xF9, 0xC2, 0xF9, 0xC5, 0xF9, 0xC8, 0xF9,
  0xCC, 0xF9, 0xCF, 0xF9, 0xD2, 0xF9, 0x2A, 0x06, 0x27, 0x06, 0x24, 0x06,
  0x21, 0x06, 0x1D, 0x06, 0x1A, 0x06, 0x17, 0x06, 0x13, 0x06, 0x10, 0x06,
  0x0D, 0x06, 0x09, 0x06, 0xFA, 0xF9, 0xFD, 0xF9, 0x00, 0xFA, 0x04, 0xFA,
  0x07, 0xFA, 0x0A, 0xFA, 0x0E, 0xFA, 0x11, 0xFA, 0x14, 0xFA, 0x18, 0xFA,
  0xE5, 0x05, 0xE2, 0x05, 0xDF, 0x05, 0xDB, 0x05, 0xD8, 0x05, 0xD5, 0x05,
  0xD1, 0x05, 0xCE, 0x05, 0xCB, 0x05, 0xC7, 0x05, 0xC4, 0x05, 0x3F, 0xFA,
  0x42, 0xFA, 0x46, 0xFA, 0x49, 0xFA, 0x4C, 0xFA, 0x50, 0xFA, 0x53, 0xFA,
  0x56, 0xFA, 0x5A, 0xFA, 0x5D, 0xFA, 0xA0, 0x05, 0x9C, 0x05, 0x99, 0x05,
  0x96, 0x05, 0x93, 0x05, 0x8F, 0x05, 0x8C, 0x05, 0x89, 0x05, 0x85, 0x05,
  0x82, 0x05, 0x7F, 0x05, 0x85, 0xFA, 0x88, 0xFA, 0x8B, 0xFA, 0x8E, 0xFA,
  0x92, 0xFA, 0x95, 0xFA, 0x98, 0xFA, 0x9C, 0xFA, 0x9F, 0xFA, 0xA2, 0xFA,
  0x5A, 0x05, 0x57, 0x05, 0x54, 0x05, 0x51, 0x05, 0x4D, 0x05, 0x4A, 0x05,
  0x47, 0x05, 0x43, 0x05, 0x40, 0x05, 0x3D, 0x05, 0x39, 0x05, 0xCA, 0xFA,
  0xCD, 0xFA, 0xD0, 0xFA, 0xD4, 0xFA, 0xD7, 0xFA, 0xDA, 0xFA, 0xDE, 0xFA,
  0xE1, 0xFA, 0xE4, 0xFA, 0xE8, 0xFA, 0xEB, 0xFA, 0x12, 0x05, 0x0E, 0x05,
  0x0B, 0x05, 0x08, 0x05, 0x05, 0x05, 0x01, 0x05, 0xFE, 0x04, 0xFB, 0x04,
  0xF7, 0x04, 0xF4, 0x04, 0x0F, 0xFB, 0x13, 0xFB, 0x16, 0xFB, 0x19, 0xFB,
  0x1C, 0xFB, 0x20, 0xFB, 0x23, 0xFB, 0x26, 0xFB, 0x2A, 0xFB, 0x2D, 0xFB,
  0x30, 0xFB, 0xCC, 0x04, 0xC9, 0x04, 0xC6, 0x04, 0xC3, 0x04, 0xBF, 0x04,
  0xBC, 0x04, 0xB9, 0x04, 0xB5, 0x04, 0xB2, 0x04, 0xAF, 0x04, 0x55, 0xFB,
  0x58, 0xFB, 0x5B, 0xFB, 0x5E, 0xFB, 0x62, 0xFB, 0x65, 0xFB, 0x68, 0xFB,
  0x6C, 0xFB, 0x6F, 0xFB, 0x72, 0xFB, 0x76, 0xFB, 0x87, 0x04, 0x84, 0x04,
  0x81, 0x04, 0x7D, 0x04, 0x7A, 0x04, 0x77, 0x04, 0x73, 0x04, 0x70, 0x04,
  0x6D, 0x04, 0x69, 0x04, 0x9A, 0xFB, 0x9D, 0xFB, 0xA1, 0xFB, 0xA4, 0xFB,
  0xA7, 0xFB, 0xAA, 0xFB, 0xAE, 0xFB, 0xB1, 0xFB, 0xB4, 0xFB, 0xB8, 0xFB,
  0xBB, 0xFB, 0x42, 0x04, 0x3E, 0x04, 0x3B, 0x04, 0x38, 0x04, 0x35, 0x04,
  0x31, 0x04, 0x2E, 0x04, 0x2B, 0x04, 0x27, 0x04, 0x24, 0x04, 0xDF, 0xFB,
  0xE3, 0xFB, 0xE6, 0xFB, 0xE9, 0xFB, 0xEC, 0xFB, 0xF0, 0xFB, 0xF3, 0xFB,
  0xF6, 0xFB, 0xFA, 0xFB, 0xFD, 0xFB, 0x00, 0xFC, 0xFC, 0x03, 0xF9, 0x03,
  0xF6, 0x03, 0xF3, 0x03, 0xEF, 0x03, 0xEC, 0x03, 0xE9, 0x03, 0xE5, 0x03,
  0xE2, 0x03, 0xDF, 0x03, 0x25, 0xFC, 0x28, 0xFC, 0x2B, 0xFC, 0x2F, 0xFC,
  0x32, 0xFC, 0x35, 0xFC, 0x38, 0xFC, 0x3C, 0xFC, 0x3F, 0xFC, 0x42, 0xFC,
  0x46, 0xFC, 0xB7, 0x03, 0xB4, 0x03, 0xB0, 0x03, 0xAD, 0x03, 0xAA, 0x03,
  0xA7, 0x03, 0xA3, 0x03, 0xA0, 0x03, 0x9D, 0x03, 0x99, 0x03, 0x6A, 0xFC,
  0x6D, 0xFC, 0x71, 0xFC, 0x74, 0xFC, 0x77, 0xFC, 0x7A, 0xFC, 0x7E, 0xFC,
  0x81, 0xFC, 0x84, 0xFC, 0x88, 0xFC, 0x8B, 0xFC, 0x72, 0x03, 0x6E, 0x03,
  0x6B, 0x03, 0x68, 0x03, 0x65, 0x03, 0x61, 0x03, 0x5E, 0x03, 0x5B, 0x03,
  0x57, 0x03, 0x54, 0x03, 0xAF, 0xFC, 0xB3, 0xFC, 0xB6, 0xFC, 0xB9, 0xFC,
  0xBD, 0xFC, 0xC0, 0xFC, 0xC3, 0xFC, 0xC6, 0xFC, 0xCA, 0xFC, 0xCD, 0xFC,
  0xD0, 0xFC, 0x2C, 0x03, 0x29, 0x03, 0x26, 0x03, 0x22, 0x03, 0x1F, 0x03,
  0x1C, 0x03, 0x19, 0x03, 0x15, 0x03, 0x12, 0x03, 0x0F, 0x03, 0x0B, 0x03,
  0xF8, 0xFC, 0xFB, 0xFC, 0xFF, 0xFC, 0x02, 0xFD, 0x05, 0xFD, 0x08, 0xFD,
  0x0C, 0xFD, 0x0F, 0xFD, 0x12, 0xFD, 0x16, 0xFD, 0xE7, 0x02, 0xE4, 0x02,
  0xE0, 0x02, 0xDD, 0x02, 0xDA, 0x02, 0xD7, 0x02, 0xD3, 0x02, 0xD0, 0x02,
  0xCD, 0x02, 0xC9, 0x02, 0xC6, 0x02, 0x3D, 0xFD, 0x41, 0xFD, 0x44, 0xFD,
  0x47, 0xFD, 0x4B, 0xFD, 0x4E, 0xFD, 0x51, 0xFD, 0x54, 0xFD, 0x58, 0xFD,
  0x5B, 0xFD, 0xA2, 0x02, 0x9E, 0x02, 0x9B, 0x02, 0x98, 0x02, 0x94, 0x02,
  0x91, 0x02, 0x8E, 0x02, 0x8B, 0x02, 0x87, 0x02, 0x84, 0x02, 0x81, 0x02,
  0x83, 0xFD, 0x86, 0xFD, 0x89, 0xFD, 0x8D, 0xFD, 0x90, 0xFD, 0x93, 0xFD,
  0x96, 0xFD, 0x9A, 0xFD, 0x9D, 0xFD, 0xA0, 0xFD, 0x5C, 0x02, 0x59, 0x02,
  0x56, 0x02, 0x52, 0x02, 0x4F, 0x02, 0x4C, 0x02, 0x49, 0x02, 0x45, 0x02,
  0x42, 0x02, 0x3F, 0x02, 0x3B, 0x02, 0xC8, 0xFD, 0xCB, 0xFD, 0xCF, 0xFD,
  0xD2, 0xFD, 0xD5, 0xFD, 0xD9, 0xFD, 0xDC, 0xFD, 0xDF, 0xFD, 0xE2, 0xFD,
  0xE6, 0xFD, 0x17, 0x02, 0x14, 0x02, 0x10, 0x02, 0x0D, 0x02, 0x0A, 0x02,
  0x06, 0x02, 0x03, 0x02, 0x00, 0x02, 0xFD, 0x01, 0xF9, 0x01, 0xF6, 0x01,
  0x0D, 0xFE, 0x11, 0xFE, 0x14, 0xFE, 0x17, 0xFE, 0x1B, 0xFE, 0x1E, 0xFE,
  0x21, 0xFE, 0x24, 0xFE, 0x28, 0xFE, 0x2B, 0xFE, 0xD2, 0x01, 0xCE, 0x01,
  0xCB, 0x01, 0xC8, 0x01, 0xC4, 0x01, 0xC1, 0x01, 0xBE, 0x01, 0xBB, 0x01,
  0xB7, 0x01, 0xB4, 0x01, 0xB1, 0x01, 0x53, 0xFE, 0x56, 0xFE, 0x59, 0xFE,
  0x5D, 0xFE, 0x60, 0xFE, 0x63, 0xFE, 0x67, 0xFE, 0x6A, 0xFE, 0x6D, 0xFE,
  0x70, 0xFE, 0x8C, 0x01, 0x89, 0x01, 0x86, 0x01, 0x82, 0x01, 0x7F, 0x01,
  0x7C, 0x01, 0x78, 0x01, 0x75, 0x01, 0x72, 0x01, 0x6F, 0x01, 0x6B, 0x01,
  0x98, 0xFE, 0x9B, 0xFE, 0x9F, 0xFE, 0xA2, 0xFE, 0xA5, 0xFE, 0xA9, 0xFE,
  0xAC, 0xFE, 0xAF, 0xFE, 0xB2, 0xFE, 0xB6, 0xFE, 0xB9, 0xFE, 0x44, 0x01,
  0x40, 0x01, 0x3D, 0x01, 0x3A, 0x01, 0x36, 0x01, 0x33, 0x01, 0x30, 0x01,
  0x2D, 0x01, 0x29, 0x01, 0x26, 0x01, 0xDD, 0xFE, 0xE1, 0xFE, 0xE4, 0xFE,
  0xE7, 0xFE, 0xEB, 0xFE, 0xEE, 0xFE, 0xF1, 0xFE, 0xF5, 0xFE, 0xF8, 0xFE,
  0xFB, 0xFE, 0xFE, 0xFE, 0xFE, 0x00, 0xFB, 0x00, 0xF8, 0x00, 0xF4, 0x00,
  0xF1, 0x00, 0xEE, 0x00, 0xEA, 0x00, 0xE7, 0x00, 0xE4, 0x00, 0xE1, 0x00,
  0x23, 0xFF, 0x26, 0xFF, 0x29, 0xFF, 0x2D, 0xFF, 0x30, 0xFF, 0x33, 0xFF,
  0x37, 0xFF, 0x3A, 0xFF, 0x3D, 0xFF, 0x40, 0xFF, 0x44, 0xFF, 0xB9, 0x00,
  0xB6, 0x00, 0xB2, 0x00, 0xAF, 0x00, 0xAC, 0x00, 0xA8, 0x00, 0xA5, 0x00,
  0xA2, 0x00, 0x9F, 0x00, 0x9B, 0x00, 0x68, 0xFF, 0x6B, 0xFF, 0x6F, 0xFF,
  0x72, 0xFF, 0x75, 0xFF, 0x79, 0xFF, 0x7C, 0xFF, 0x7F, 0xFF, 0x83, 0xFF,
  0x86, 0xFF, 0x89, 0xFF, 0x74, 0x00, 0x70, 0x00, 0x6D, 0x00, 0x6A, 0x00,
  0x66, 0x00, 0x63, 0x00, 0x60, 0x00, 0x5C, 0x00, 0x59, 0x00, 0x56, 0x00,
  0xAD, 0xFF, 0xB1, 0xFF, 0xB4, 0xFF, 0xB7, 0xFF, 0xBB, 0xFF, 0xBE, 0xFF,
  0xC1, 0xFF, 0xC5, 0xFF, 0xC8, 0xFF, 0xCB, 0xFF, 0xCE, 0xFF, 0x2E, 0x00,
  0x2B, 0x00, 0x28, 0x00, 0x24, 0x00, 0x21, 0x00, 0x1E, 0x00, 0x1A, 0x00,
  0x17, 0x00, 0x14, 0x00, 0x11, 0x00, 0xF3, 0xFF, 0xF6, 0xFF, 0xF9, 0xFF,
  0xFD, 0xFF, 0x00, 0x00, 0x00, 0x00, 0x00, 0x00, 0x00, 0x00, 0x00, 0x00,
  0x00, 0x00, 0x00, 0x00, 0x00, 0x00, 0x00, 0x00, 0x00, 0x00, 0x00, 0x00,
  0x00, 0x00, 0x00, 0x00, 0x00, 0x00, 0x00, 0x00, 0x00, 0x00, 0x00, 0x00,
  0x00, 0x00, 0x00, 0x00, 0x00, 0x00, 0x00, 0x00, 0x00, 0x00, 0x00, 0x00,
  0x00, 0x00, 0x00, 0x00, 0x00, 0x00, 0x00, 0x00, 0x00, 0x00, 0x00, 0x00,
  0x00, 0x00, 0x00, 0x00, 0x00, 0x00, 0x00, 0x00, 0x00, 0x00, 0x00, 0x00,
  0x00, 0x00, 0x00, 0x00, 0x00, 0x00, 0x00, 0x00, 0x00, 0x00, 0x00, 0x00,
  0x00, 0x00, 0x00, 0x00, 0x00, 0x00, 0x00, 0x00, 0x00, 0x00, 0x00, 0x00,
  0x00, 0x00, 0x00, 0x00, 0x00, 0x00, 0x00, 0x00, 0x00, 0x00, 0x00, 0x00,
  0x00, 0x00, 0x00, 0x00, 0x00, 0x00, 0x00, 0x00, 0x00, 0x00, 0x00, 0x00,
  0x00, 0x00, 0x00, 0x00, 0x00, 0x00, 0x00, 0x00, 0x00, 0x00, 0x00, 0x00,
  0x00, 0x00, 0x00, 0x00, 0x00, 0x00, 0x00, 0x00, 0x00, 0x00, 0x00, 0x00,
  0x00, 0x00, 0x00, 0x00, 0x00, 0x00, 0x00, 0x00, 0x00, 0x00, 0x00, 0x00,
  0x00, 0x00, 0x00, 0x00, 0x00, 0x00, 0x00, 0x00, 0x00, 0x00, 0x00, 0x00,
  0x00, 0x00, 0x00, 0x00, 0x00, 0x00, 0x00, 0x00, 0x00, 0x00, 0x00, 0x00,
  0x00, 0x00, 0x00, 0x00, 0x00, 0x00, 0x00, 0x00, 0x00, 0x00, 0x00, 0x00,
  0x00, 0x00, 0x00, 0x00, 0x00, 0x00, 0x00, 0x00, 0x00, 0x00, 0x00, 0x00,
  0x00, 0x00, 0x00, 0x00, 0x00, 0x00, 0x00, 0x00, 0x00, 0x00, 0x00, 0x00,
  0x00, 0x00, 0x00, 0x00, 0x00, 0x00, 0x00, 0x00, 0x00, 0x00, 0x00, 0x00,
  0x00, 0x00, 0x00, 0x00, 0x00, 0x00, 0x00, 0x00, 0x00, 0x00, 0x00, 0x00,
  0x00, 0x00, 0x00, 0x00, 0x00, 0x00, 0x00, 0x00, 0x00, 0x00, 0x00, 0x00,
  0x00, 0x00, 0x00, 0x00, 0x00, 0x00, 0x00, 0x00, 0x00, 0x00, 0x00, 0x00,
  0x00, 0x00, 0x00, 0x00, 0x00, 0x00, 0x00, 0x00, 0x00, 0x00, 0x00, 0x00,
  0x00, 0x00, 0x00, 0x00, 0x00, 0x00, 0x00, 0x00, 0x00, 0x00, 0x00, 0x00,
  0x00, 0x00, 0x00, 0x00, 0x00, 0x00, 0x00, 0x00, 0x00, 0x00, 0x00, 0x00,
  0x00, 0x00, 0x00, 0x00, 0x00, 0x00, 0x00, 0x00, 0x00, 0x00, 0x00, 0x00,
  0x00, 0x00, 0x00, 0x00, 0x00, 0x00, 0x00, 0x00, 0x00, 0x00, 0x00, 0x00,
  0x00, 0x00, 0x00, 0x00, 0x00, 0x00, 0x00, 0x00, 0x00, 0x00, 0x00, 0x00,
  0x00, 0x00, 0x00, 0x00, 0x00, 0x00, 0x00, 0x00, 0x00, 0x00, 0x00, 0x00,
  0x00, 0x00, 0x00, 0x00, 0x00, 0x00, 0x00, 0x00, 0x00, 0x00, 0x00, 0x00,
  0x00, 0x00, 0x00, 0x00, 0x00, 0x00, 0x00, 0x00, 0x00, 0x00, 0x00, 0x00,
  0x00, 0x00, 0x00, 0x00, 0x00, 0x00, 0x00, 0x00, 0x00, 0x00, 0x00, 0x00,
  0x00, 0x00, 0x00, 0x00, 0x00, 0x00, 0x00, 0x00, 0x00, 0x00, 0x00, 0x00,
  0x00, 0x00, 0x00, 0x00, 0x00, 0x00, 0x00, 0x00, 0x00, 0x00, 0x00, 0x00,
  0x00, 0x00, 0x00, 0x00, 0x00, 0x00, 0x00, 0x00, 0x00, 0x00, 0x00, 0x00,
  0x00, 0x00, 0x00, 0x00, 0x00, 0x00, 0x00, 0x00, 0x00, 0x00, 0x00, 0x00,
  0x00, 0x00, 0x00, 0x00, 0x00, 0x00, 0x00, 0x00, 0x00, 0x00, 0x00, 0x00,
  0x00, 0x00, 0x00, 0x00, 0x00, 0x00, 0x00, 0x00, 0x00, 0x00, 0x00, 0x00,
  0x00, 0x00, 0x00, 0x00, 0x00, 0x00, 0x00, 0x00, 0x00, 0x00, 0x00, 0x00,
  0x00, 0x00, 0x00, 0x00, 0x00, 0x00, 0x00, 0x00, 0x00, 0x00, 0x00, 0x00,
  0x00, 0x00, 0x00, 0x00, 0x00, 0x00, 0x00, 0x00, 0x00, 0x00, 0x00, 0x00,
  0x00, 0x00, 0x00, 0x00, 0x00, 0x00, 0x00, 0x00, 0x00, 0x00, 0x00, 0x00,
  0x00, 0x00, 0x00, 0x00, 0x00, 0x00, 0x00, 0x00, 0x00, 0x00, 0x00, 0x00,
  0x00, 0x00, 0x00, 0x00, 0x00, 0x00, 0x00, 0x00, 0x00, 0x00, 0x00, 0x00,
  0x00, 0x00, 0x00, 0x00, 0x00, 0x00, 0x00, 0x00, 0x00, 0x00, 0x00, 0x00,
  0x00, 0x00, 0x00, 0x00, 0x00, 0x00, 0x00, 0x00, 0x00, 0x00, 0x00, 0x00,
  0x00, 0x00, 0x00, 0x00, 0x00, 0x00, 0x00, 0x00, 0x00, 0x00, 0x00, 0x00,
  0x00, 0x00, 0x00, 0x00, 0x00, 0x00, 0x00, 0x00, 0x00, 0x00, 0x00, 0x00,
  0x00, 0x00, 0x00, 0x00, 0x00, 0x00, 0x00, 0x00, 0x00, 0x00, 0x00, 0x00,
  0x00, 0x00, 0x00, 0x00, 0x00, 0x00, 0x00, 0x00, 0x00, 0x00, 0x00, 0x00,
  0x00, 0x00, 0x00, 0x00, 0x00, 0x00, 0x00, 0x00, 0x00, 0x00, 0x00, 0x00,
  0x00, 0x00, 0x00, 0x00, 0x00, 0x00, 0x00, 0x00, 0x00, 0x00, 0x00, 0x00,
  0x00, 0x00, 0x00, 0x00, 0x00, 0x00, 0x00, 0x00, 0x00, 0x00, 0x00, 0x00,
  0x00, 0x00, 0x00, 0x00, 0x00, 0x00, 0x00, 0x00, 0x00, 0x00, 0x00, 0x00,
  0x00, 0x00, 0x00, 0x00, 0x00, 0x00, 0x00, 0x00, 0x00, 0x00, 0x00, 0x00,
  0x00, 0x00, 0x00, 0x00, 0x00, 0x00, 0x00, 0x00, 0x00, 0x00, 0x00, 0x00,
  0x00, 0x00, 0x00, 0x00, 0x00, 0x00, 0x00, 0x00, 0x00, 0x00, 0x00, 0x00,
  0x00, 0x00, 0x00, 0x00, 0x00, 0x00, 0x00, 0x00, 0x00, 0x00, 0x00, 0x00,
  0x00, 0x00, 0x00, 0x00, 0x00, 0x00, 0x00, 0x00, 0x00, 0x00, 0x00, 0x00,
  0x00, 0x00, 0x00, 0x00, 0x00, 0x00, 0x00, 0x00, 0x00, 0x00, 0x00, 0x00,
  0x00, 0x00, 0x00, 0x00, 0x00, 0x00, 0x00, 0x00, 0x00, 0x00, 0x00, 0x00,
  0x00, 0x00, 0x00, 0x00, 0x00, 0x00, 0x00, 0x00, 0x00, 0x00, 0x00, 0x00,
  0x00, 0x00, 0x00, 0x00, 0x00, 0x00, 0x00, 0x00, 0x00, 0x00, 0x00, 0x00,
  0x00, 0x00, 0x00, 0x00, 0x00, 0x00, 0x00, 0x00, 0x00, 0x00, 0x00, 0x00,
  0x00, 0x00, 0x00, 0x00, 0x00, 0x00, 0x00, 0x00, 0x00, 0x00, 0x00, 0x00,
  0x00, 0x00, 0x00, 0x00, 0x00, 0x00, 0x00, 0x00, 0x00, 0x00, 0x00, 0x00,
  0x00, 0x00, 0x00, 0x00, 0x00, 0x00, 0x00, 0x00, 0x00, 0x00, 0x00, 0x00,
  0x00, 0x00, 0x00, 0x00, 0x00, 0x00, 0x00, 0x00, 0x00, 0x00, 0x00, 0x00,
  0x00, 0x00, 0x00, 0x00, 0x00, 0x00, 0x00, 0x00, 0x00, 0x00, 0x00, 0x00,
  0x00, 0x00, 0x00, 0x00, 0x00, 0x00, 0x00, 0x00, 0x00, 0x00, 0x00, 0x00,
  0x00, 0x00, 0x00, 0x00, 0x00, 0x00, 0x00, 0x00, 0x00, 0x00, 0x00, 0x00,
  0x00, 0x00, 0x00, 0x00, 0x00, 0x00, 0x00, 0x00, 0x00, 0x00, 0x00, 0x00,
  0x00, 0x00, 0x00, 0x00, 0x00, 0x00, 0x00, 0x00, 0x00, 0x00, 0x00, 0x00,
  0x00, 0x00, 0x00, 0x00, 0x00, 0x00, 0x00, 0x00, 0x00, 0x00, 0x00, 0x00,
  0x00, 0x00, 0x00, 0x00, 0x00, 0x00, 0x00, 0x00, 0x00, 0x00, 0x00, 0x00,
  0x00, 0x00, 0x00, 0x00, 0x00, 0x00, 0x00, 0x00, 0x00, 0x00, 0x00, 0x00,
  0x00, 0x00, 0x00, 0x00, 0x00, 0x00, 0x00, 0x00, 0x00, 0x00, 0x00, 0x00,
  0x00, 0x00, 0x00, 0x00, 0x00, 0x00, 0x00, 0x00, 0x00, 0x00, 0x00, 0x00,
  0x00, 0x00, 0x00, 0x00, 0x00, 0x00, 0x00, 0x00, 0x00, 0x00, 0x00, 0x00,
  0x00, 0x00, 0x00, 0x00, 0x00, 0x00, 0x00, 0x00, 0x00, 0x00, 0x00, 0x00,
  0x00, 0x00, 0x00, 0x00, 0x00, 0x00, 0x00, 0x00, 0x00, 0x00, 0x00, 0x00,
  0x00, 0x00, 0x00, 0x00, 0x00, 0x00, 0x00, 0x00, 0x00, 0x00, 0x00, 0x00,
  0x00, 0x00, 0x00, 0x00, 0x00, 0x00, 0x00, 0x00, 0x00, 0x00, 0x00, 0x00,
  0x00, 0x00, 0x00, 0x00, 0x00, 0x00, 0x00, 0x00, 0x00, 0x00, 0x00, 0x00,
  0x00, 0x00, 0x00, 0x00, 0x00, 0x00, 0x00, 0x00, 0x00, 0x00, 0x00, 0x00,
  0x00, 0x00, 0x00, 0x00, 0x00, 0x00, 0x00, 0x00, 0x00, 0x00, 0x00, 0x00,
  0x00, 0x00, 0x00, 0x00, 0x00, 0x00, 0x00, 0x00, 0x00, 0x00, 0x00, 0x00,
  0x00, 0x00, 0x00, 0x00, 0x00, 0x00, 0x00, 0x00, 0x00, 0x00, 0x00, 0x00,
  0x00, 0x00, 0x00, 0x00, 0x00, 0x00, 0x00, 0x00, 0x00, 0x00, 0x00, 0x00,
  0x00, 0x00, 0x00, 0x00, 0x00, 0x00, 0x00, 0x00, 0x00, 0x00, 0x00, 0x00,
  0x00, 0x00, 0x00, 0x00, 0x00, 0x00, 0x00, 0x00, 0x00, 0x00, 0x00, 0x00,
  0x00, 0x00, 0x00, 0x00, 0x00, 0x00, 0x00, 0x00, 0x00, 0x00, 0x00, 0x00,
  0x00, 0x00, 0x00, 0x00, 0x00, 0x00, 0x00, 0x00, 0x00, 0x00, 0x00, 0x00,
  0x00, 0x00, 0x00, 0x00, 0x00, 0x00, 0x00, 0x00, 0x00, 0x00, 0x00, 0x00,
  0x00, 0x00, 0x00, 0x00, 0x00, 0x00, 0x00, 0x00, 0x00, 0x00, 0x00, 0x00,
  0x00, 0x00, 0x00, 0x00, 0x00, 0x00, 0x00, 0x00, 0x00, 0x00, 0x00, 0x00,
  0x00, 0x00, 0x00, 0x00, 0x00, 0x00, 0x00, 0x00, 0x00, 0x00, 0x00, 0x00,
  0x00, 0x00, 0x00, 0x00, 0x00, 0x00, 0x00, 0x00, 0x00, 0x00, 0x00, 0x00,
  0x00, 0x00, 0x00, 0x00, 0x00, 0x00, 0x00, 0x00, 0x00, 0x00, 0x00, 0x00,
  0x00, 0x00, 0x00, 0x00, 0x00, 0x00, 0x00, 0x00, 0x00, 0x00, 0x00, 0x00,
  0x00, 0x00, 0x00, 0x00, 0x00, 0x00, 0x00, 0x00, 0x00, 0x00, 0x00, 0x00,
  0x00, 0x00, 0x00, 0x00, 0x00, 0x00, 0x00, 0x00, 0x00, 0x00, 0x00, 0x00,
  0x00, 0x00, 0x00, 0x00, 0x00, 0x00, 0x00, 0x00, 0x00, 0x00, 0x00, 0x00,
  0x00, 0x00, 0x00, 0x00, 0x00, 0x00, 0x00, 0x00, 0x00, 0x00, 0x00, 0x00,
  0x00, 0x00, 0x00, 0x00, 0x00, 0x00, 0x00, 0x00, 0x00, 0x00, 0x00, 0x00,
  0x00, 0x00, 0x00, 0x00, 0x00, 0x00, 0x00, 0x00, 0x00, 0x00, 0x00, 0x00,
  0x00, 0x00, 0x00, 0x00, 0x00, 0x00, 0x00, 0x00, 0x00, 0x00, 0x00, 0x00,
  0x00, 0x00, 0x00, 0x00, 0x00, 0x00, 0x00, 0x00, 0x00, 0x00, 0x00, 0x00,
  0x00, 0x00, 0x00, 0x00, 0x00, 0x00, 0x00, 0x00, 0x00, 0x00, 0x00, 0x00,
  0x00, 0x00, 0x00, 0x00, 0x00, 0x00, 0x00, 0x00, 0x00, 0x00, 0x00, 0x00,
  0x00, 0x00, 0x00, 0x00, 0x00, 0x00, 0x00, 0x00, 0x00, 0x00, 0x00, 0x00,
  0x00, 0x00, 0x00, 0x00, 0x00, 0x00, 0x00, 0x00, 0x00, 0x00, 0x00, 0x00,
  0x00, 0x00, 0x00, 0x00, 0x00, 0x00, 0x00, 0x00, 0x00, 0x00, 0x00, 0x00,
  0x00, 0x00, 0x00, 0x00, 0x00, 0x00, 0x00, 0x00, 0x00, 0x00, 0x00, 0x00,
  0x00, 0x00, 0x00, 0x00, 0x00, 0x00, 0x00, 0x00, 0x00, 0x00, 0x00, 0x00,
  0x00, 0x00, 0x00, 0x00, 0x00, 0x00, 0x00, 0x00, 0x00, 0x00, 0x00, 0x00,
  0x00, 0x00, 0x00, 0x00, 0x00, 0x00, 0x00, 0x00, 0x00, 0x00, 0x00, 0x00,
  0x00, 0x00, 0x00, 0x00, 0x00, 0x00, 0x00, 0x00, 0x00, 0x00, 0x00, 0x00,
  0x00, 0x00, 0x00, 0x00, 0x00, 0x00, 0x00, 0x00, 0x00, 0x00, 0x00, 0x00,
  0x00, 0x00, 0x00, 0x00, 0x00, 0x00, 0x00, 0x00, 0x00, 0x00, 0x00, 0x00,
  0x00, 0x00, 0x00, 0x00, 0x00, 0x00, 0x00, 0x00, 0x00, 0x00, 0x00, 0x00,
  0x00, 0x00, 0x00, 0x00, 0x00, 0x00, 0x00, 0x00, 0x00, 0x00, 0x00, 0x00,
  0x00, 0x00, 0x00, 0x00, 0x00, 0x00, 0x00, 0x00, 0x00, 0x00, 0x00, 0x00,
  0x00, 0x00, 0x00, 0x00, 0x00, 0x00, 0x00, 0x00, 0x00, 0x00, 0x00, 0x00,
  0x00, 0x00, 0x00, 0x00, 0x00, 0x00, 0x00, 0x00, 0x00, 0x00, 0x00, 0x00,
  0x00, 0x00, 0x00, 0x00, 0x00, 0x00, 0x00, 0x00, 0x00, 0x00, 0x00, 0x00,
  0x00, 0x00, 0x00, 0x00, 0x00, 0x00, 0x00, 0x00, 0x00, 0x00, 0x00, 0x00,
  0x00, 0x00, 0x00, 0x00, 0x00, 0x00, 0x00, 0x00, 0x00, 0x00, 0x00, 0x00,
  0x00, 0x00, 0x00, 0x00, 0x00, 0x00, 0x00, 0x00, 0x00, 0x00, 0x00, 0x00,
  0x00, 0x00, 0x00, 0x00, 0x00, 0x00, 0x00, 0x00, 0x00, 0x00, 0x00, 0x00,
  0x00, 0x00, 0x00, 0x00, 0x00, 0x00, 0x00, 0x00, 0x00, 0x00, 0x00, 0x00,
  0x00, 0x00, 0x00, 0x00, 0x00, 0x00, 0x00, 0x00, 0x00, 0x00, 0x00, 0x00,
  0x00, 0x00, 0x00, 0x00, 0x00, 0x00, 0x00, 0x00, 0x00, 0x00, 0x00, 0x00,
  0x00, 0x00, 0x00, 0x00, 0x00, 0x00, 0x00, 0x00, 0x00, 0x00, 0x00, 0x00,
  0x00, 0x00, 0x00, 0x00, 0x00, 0x00, 0x00, 0x00, 0x00, 0x00, 0x00, 0x00,
  0x00, 0x00, 0x00, 0x00, 0x00, 0x00, 0x00, 0x00, 0x00, 0x00, 0x00, 0x00,
  0x00, 0x00, 0x00, 0x00, 0x00, 0x00, 0x00, 0x00, 0x00, 0x00, 0x00, 0x00,
  0x00, 0x00, 0x00, 0x00, 0x00, 0x00, 0x00, 0x00, 0x00, 0x00, 0x00, 0x00,
  0x00, 0x00, 0x00, 0x00, 0x00, 0x00, 0x00, 0x00, 0x00, 0x00, 0x00, 0x00,
  0x00, 0x00, 0x00, 0x00, 0x00, 0x00, 0x00, 0x00, 0x00, 0x00, 0x00, 0x00,
  0x00, 0x00, 0x00, 0x00, 0x00, 0x00, 0x00, 0x00, 0x00, 0x00, 0x00, 0x00,
  0x00, 0x00, 0x00, 0x00, 0x00, 0x00, 0x00, 0x00, 0x00, 0x00, 0x00, 0x00,
  0x00, 0x00, 0x00, 0x00, 0x00, 0x00, 0x00, 0x00, 0x00, 0x00, 0x00, 0x00,
  0x00, 0x00, 0x00, 0x00, 0x00, 0x00, 0x00, 0x00, 0x00, 0x00, 0x00, 0x00,
  0x00, 0x00, 0x00, 0x00, 0x00, 0x00, 0x00, 0x00, 0x00, 0x00, 0x00, 0x00,
  0x00, 0x00, 0x00, 0x00, 0x00, 0x00, 0x00, 0x00, 0x00, 0x00, 0x00, 0x00,
  0x00, 0x00, 0x00, 0x00, 0x00, 0x00, 0x00, 0x00, 0x00, 0x00, 0x00, 0x00,
  0x00, 0x00, 0x00, 0x00, 0x00, 0x00, 0x00, 0x00, 0x00, 0x00, 0x00, 0x00,
  0x00, 0x00, 0x00, 0x00, 0x00, 0x00, 0x00, 0x00, 0x00, 0x00, 0x00, 0x00,
  0x00, 0x00, 0x00, 0x00, 0x00, 0x00, 0x00, 0x00, 0x00, 0x00, 0x00, 0x00,
  0x00, 0x00, 0x00, 0x00, 0x00, 0x00, 0x00, 0x00, 0x00, 0x00, 0x00, 0x00,
  0x00, 0x00, 0x00, 0x00, 0x00, 0x00, 0x00, 0x00, 0x00, 0x00, 0x00, 0x00,
  0x00, 0x00, 0x00, 0x00, 0x00, 0x00, 0x00, 0x00, 0x00, 0x00, 0x00, 0x00,
  0x00, 0x00, 0x00, 0x00, 0x00, 0x00, 0x00, 0x00, 0x00, 0x00, 0x00, 0x00,
  0x00, 0x00, 0x00, 0x00, 0x00, 0x00, 0x00, 0x00, 0x00, 0x00, 0x00, 0x00,
  0x00, 0x00, 0x00, 0x00, 0x00, 0x00, 0x00, 0x00, 0x00, 0x00, 0x00, 0x00,
  0x00, 0x00, 0x00, 0x00, 0x00, 0x00, 0x00, 0x00, 0x00, 0x00, 0x00, 0x00,
  0x00, 0x00, 0x00, 0x00, 0x00, 0x00, 0x00, 0x00, 0x00, 0x00, 0x00, 0x00,
  0x00, 0x00, 0x00, 0x00, 0x00, 0x00, 0x00, 0x00, 0x00, 0x00, 0x00, 0x00,
  0x00, 0x00, 0x00, 0x00, 0x00, 0x00, 0x00, 0x00, 0x00, 0x00, 0x00, 0x00,
  0x00, 0x00, 0x00, 0x00, 0x00, 0x00, 0x00, 0x00, 0x00, 0x00, 0x00, 0x00,
  0x00, 0x00, 0x00, 0x00, 0x00, 0x00, 0x00, 0x00, 0x00, 0x00, 0x00, 0x00,
  0x00, 0x00, 0x00, 0x00, 0x00, 0x00, 0x00, 0x00, 0x00, 0x00, 0x00, 0x00,
  0x00, 0x00, 0x00, 0x00, 0x00, 0x00, 0x00, 0x00, 0x00, 0x00, 0x00, 0x00,
  0x00, 0x00, 0x00, 0x00, 0x00, 0x00, 0x00, 0x00, 0x00, 0x00, 0x00, 0x00,
  0x00, 0x00, 0x00, 0x00, 0x00, 0x00, 0x00, 0x00, 0x00, 0x00, 0x00, 0x00,
  0x00, 0x00, 0x00, 0x00, 0x00, 0x00, 0x00, 0x00, 0x00, 0x00, 0x00, 0x00,
  0x00, 0x00, 0x00, 0x00, 0x00, 0x00, 0x00, 0x00, 0x00, 0x00, 0x00, 0x00,
  0x00, 0x00, 0x00, 0x00, 0x00, 0x00, 0x00, 0x00, 0x00, 0x00, 0x00, 0x00,
  0x00, 0x00, 0x00, 0x00, 0x00, 0x00, 0x00, 0x00, 0x00, 0x00, 0x00, 0x00,
  0x00, 0x00, 0x00, 0x00, 0x00, 0x00, 0x00, 0x00, 0x00, 0x00, 0x00, 0x00,
  0x00, 0x00, 0x00, 0x00, 0x00, 0x00, 0x00, 0x00, 0x00, 0x00, 0x00, 0x00,
  0x00, 0x00, 0x00, 0x00, 0x00, 0x00, 0x00, 0x00, 0x00, 0x00, 0x00, 0x00,
  0x00, 0x00, 0x00, 0x00, 0x00, 0x00, 0x00, 0x00, 0x00, 0x00, 0x00, 0x00,
  0x00, 0x00, 0x00, 0x00, 0x00, 0x00, 0x00, 0x00, 0x00, 0x00, 0x00, 0x00,
  0x00, 0x00, 0x00, 0x00, 0x00, 0x00, 0x00, 0x00, 0x00, 0x00, 0x00, 0x00,
  0x00, 0x00, 0x00, 0x00, 0x00, 0x00, 0x00, 0x00, 0x00, 0x00, 0x00, 0x00,
  0x00, 0x00, 0x00, 0x00, 0x00, 0x00, 0x00, 0x00, 0x00, 0x00, 0x00, 0x00,
  0x00, 0x00, 0x00, 0x00, 0x00, 0x00, 0x00, 0x00, 0x00, 0x00, 0x00, 0x00,
  0x00, 0x00, 0x00, 0x00, 0x00, 0x00, 0x00, 0x00, 0x00, 0x00, 0x00, 0x00,
  0x00, 0x00, 0x00, 0x00, 0x00, 0x00, 0x00, 0x00, 0x00, 0x00, 0x00, 0x00,
  0x00, 0x00, 0x00, 0x00, 0x00, 0x00, 0x00, 0x00, 0x00, 0x00, 0x00, 0x00,
  0x00, 0x00, 0x00, 0x00, 0x00, 0x00
};

const size_t ONE_UP_WAV_SIZE = sizeof(ONE_UP_WAV);

